Type,Name,Number Build,SKU,Description,Short Description,Description Status,Categories,Tags,Brands,Vendor,Images,Image Info,Attribute 1 name,Attribute 1 value(s),Attribute 1 visible,Attribute 1 global,Attribute 2 name,Attribute 2 value(s),Attribute 2 visible,Attribute 2 global,meta_sds_map,meta_tds_map,SDS From Manufacturer,SDS Other,TDS From Manufacturer,TDS Other,meta_huey_image_sha256,meta_huey_row_sha256
simple,Paint Colour Samples,1,BM-000000001,,"Benjamin Moore Paint Colour Samples let you try real paint on your walls so you can see undertones, lighting effects and coverage in your own space before choosing a full-size can. Confirm preparation, compatibility, application, coverage and recoat requirements in the current label or technical data sheet.",Previously Described,Paints > Interior,"paint sample, colour sample, liquid paint sample, interior paint sample",Benjamin Moore,MOO01,https://raw.githubusercontent.com/kinggoff/NewSteelesImages/main/review-images/legacy-bm-000000001-coloursample_coloursamples_benjaminmoore.png?raw=true,Image already existed,Finishes,,1,1,,,,,"Colour Sample=https://raw.githubusercontent.com/kinggoff/NewSteelesImages/main/PDFs/SDS/benjamin-moore-K2001X_SDS_EN.pdf?raw=true, https://raw.githubusercontent.com/kinggoff/NewSteelesImages/main/PDFs/SDS/benjamin-moore-K2003X_SDS_EN.pdf?raw=true, https://raw.githubusercontent.com/kinggoff/NewSteelesImages/main/PDFs/SDS/benjamin-moore-K2002X_SDS_EN.pdf?raw=true, https://raw.githubusercontent.com/kinggoff/NewSteelesImages/main/PDFs/SDS/benjamin-moore-K2004X_SDS_EN.pdf?raw=true",,"Colour Sample=https://raw.githubusercontent.com/kinggoff/NewSteelesImages/main/PDFs/SDS/benjamin-moore-K2001X_SDS_EN.pdf?raw=true, https://raw.githubusercontent.com/kinggoff/NewSteelesImages/main/PDFs/SDS/benjamin-moore-K2003X_SDS_EN.pdf?raw=true, https://raw.githubusercontent.com/kinggoff/NewSteelesImages/main/PDFs/SDS/benjamin-moore-K2002X_SDS_EN.pdf?raw=true, https://raw.githubusercontent.com/kinggoff/NewSteelesImages/main/PDFs/SDS/benjamin-moore-K2004X_SDS_EN.pdf?raw=true",,,,695a85afb076dc788cbcf4a37eba74cabce135346ff4a410dee3bdf9e69604e7,5564579760102391bd1259e1006817fa130be2ea92564e8ed51fea7f9a0db0dd
simple,Woodluxe Exterior Stain Sample,2,BM-000000002,,"Benjamin Moore Woodluxe Exterior Stain Samples make it easy to preview colour and opacity on decks, siding and outdoor wood so you can choose the right Woodluxe finish with confidence. Confirm preparation, compatibility, application, coverage and recoat requirements in the current label or technical data sheet.",Previously Described,Paints > Stains & Varnishes,"stain sample, wood stain sample, exterior stain sample, liquid stain sample",Benjamin Moore,MOO01,https://raw.githubusercontent.com/kinggoff/NewSteelesImages/main/review-images/legacy-bm-000000002-woodluxestainsample_coloursamples_benjaminmoore.png?raw=true,Image already existed,Finishes,,1,1,,,,,"Translucent=https://raw.githubusercontent.com/kinggoff/NewSteelesImages/main/PDFs/SDS/benjamin-moore-K69140_SDS_EN.pdf?raw=true, https://raw.githubusercontent.com/kinggoff/NewSteelesImages/main/PDFs/SDS/benjamin-moore-K69165_SDS_EN.pdf?raw=true, https://raw.githubusercontent.com/kinggoff/NewSteelesImages/main/PDFs/SDS/benjamin-moore-K69160_SDS_EN.pdf?raw=true, https://raw.githubusercontent.com/kinggoff/NewSteelesImages/main/PDFs/SDS/benjamin-moore-K69110_SDS_EN.pdf?raw=true, https://raw.githubusercontent.com/kinggoff/NewSteelesImages/main/PDFs/SDS/benjamin-moore-K69120_SDS_EN.pdf?raw=true, https://raw.githubusercontent.com/kinggoff/NewSteelesImages/main/PDFs/SDS/benjamin-moore-K69130_SDS_EN.pdf?raw=true, https://raw.githubusercontent.com/kinggoff/NewSteelesImages/main/PDFs/SDS/benjamin-moore-K69178_SDS_EN.pdf?raw=true|Semi-Transparent=https://raw.githubusercontent.com/kinggoff/NewSteelesImages/main/PDFs/SDS/benjamin-moore-K69206_SDS_EN.pdf?raw=true|Semi-Solid=https://raw.githubusercontent.com/kinggoff/NewSteelesImages/main/PDFs/SDS/benjamin-moore-K69301_SDS_EN.pdf?raw=true, https://raw.githubusercontent.com/kinggoff/NewSteelesImages/main/PDFs/SDS/benjamin-moore-K69306_SDS_EN.pdf?raw=true|Solid=https://raw.githubusercontent.com/kinggoff/NewSteelesImages/main/PDFs/SDS/benjamin-moore-K6941X_SDS_EN.pdf?raw=true, https://raw.githubusercontent.com/kinggoff/NewSteelesImages/main/PDFs/SDS/benjamin-moore-K6942X_SDS_EN.pdf?raw=true, https://raw.githubusercontent.com/kinggoff/NewSteelesImages/main/PDFs/SDS/benjamin-moore-K6943X_SDS_EN.pdf?raw=true, https://raw.githubusercontent.com/kinggoff/NewSteelesImages/main/PDFs/SDS/benjamin-moore-K6944X_SDS_EN.pdf?raw=true, https://raw.githubusercontent.com/kinggoff/NewSteelesImages/main/PDFs/SDS/benjamin-moore-K69401_SDS_EN.pdf?raw=true",Translucent=https://raw.githubusercontent.com/kinggoff/NewSteelesImages/main/PDFs/TDS/benjamin-moore-K691_TDS_CE.pdf?raw=true|Semi-Transparent=https://raw.githubusercontent.com/kinggoff/NewSteelesImages/main/PDFs/TDS/benjamin-moore-K692_TDS_CE.pdf?raw=true|Semi-Solid=https://raw.githubusercontent.com/kinggoff/NewSteelesImages/main/PDFs/TDS/benjamin-moore-K693_TDS_CE.pdf?raw=true|Solid=https://raw.githubusercontent.com/kinggoff/NewSteelesImages/main/PDFs/TDS/benjamin-moore-K694_TDS_CE.pdf?raw=true,"Translucent=https://raw.githubusercontent.com/kinggoff/NewSteelesImages/main/PDFs/SDS/benjamin-moore-K69140_SDS_EN.pdf?raw=true, https://raw.githubusercontent.com/kinggoff/NewSteelesImages/main/PDFs/SDS/benjamin-moore-K69165_SDS_EN.pdf?raw=true, https://raw.githubusercontent.com/kinggoff/NewSteelesImages/main/PDFs/SDS/benjamin-moore-K69160_SDS_EN.pdf?raw=true, https://raw.githubusercontent.com/kinggoff/NewSteelesImages/main/PDFs/SDS/benjamin-moore-K69110_SDS_EN.pdf?raw=true, https://raw.githubusercontent.com/kinggoff/NewSteelesImages/main/PDFs/SDS/benjamin-moore-K69120_SDS_EN.pdf?raw=true, https://raw.githubusercontent.com/kinggoff/NewSteelesImages/main/PDFs/SDS/benjamin-moore-K69130_SDS_EN.pdf?raw=true, https://raw.githubusercontent.com/kinggoff/NewSteelesImages/main/PDFs/SDS/benjamin-moore-K69178_SDS_EN.pdf?raw=true|Semi-Transparent=https://raw.githubusercontent.com/kinggoff/NewSteelesImages/main/PDFs/SDS/benjamin-moore-K69206_SDS_EN.pdf?raw=true|Semi-Solid=https://raw.githubusercontent.com/kinggoff/NewSteelesImages/main/PDFs/SDS/benjamin-moore-K69301_SDS_EN.pdf?raw=true, https://raw.githubusercontent.com/kinggoff/NewSteelesImages/main/PDFs/SDS/benjamin-moore-K69306_SDS_EN.pdf?raw=true|Solid=https://raw.githubusercontent.com/kinggoff/NewSteelesImages/main/PDFs/SDS/benjamin-moore-K6941X_SDS_EN.pdf?raw=true, https://raw.githubusercontent.com/kinggoff/NewSteelesImages/main/PDFs/SDS/benjamin-moore-K6942X_SDS_EN.pdf?raw=true, https://raw.githubusercontent.com/kinggoff/NewSteelesImages/main/PDFs/SDS/benjamin-moore-K6943X_SDS_EN.pdf?raw=true, https://raw.githubusercontent.com/kinggoff/NewSteelesImages/main/PDFs/SDS/benjamin-moore-K6944X_SDS_EN.pdf?raw=true, https://raw.githubusercontent.com/kinggoff/NewSteelesImages/main/PDFs/SDS/benjamin-moore-K69401_SDS_EN.pdf?raw=true",,Translucent=https://raw.githubusercontent.com/kinggoff/NewSteelesImages/main/PDFs/TDS/benjamin-moore-K691_TDS_CE.pdf?raw=true|Semi-Transparent=https://raw.githubusercontent.com/kinggoff/NewSteelesImages/main/PDFs/TDS/benjamin-moore-K692_TDS_CE.pdf?raw=true|Semi-Solid=https://raw.githubusercontent.com/kinggoff/NewSteelesImages/main/PDFs/TDS/benjamin-moore-K693_TDS_CE.pdf?raw=true|Solid=https://raw.githubusercontent.com/kinggoff/NewSteelesImages/main/PDFs/TDS/benjamin-moore-K694_TDS_CE.pdf?raw=true,,180870d01f67ebf0452379724f14a74714af5f3375e8092120a8ade1398332d8,33fc3c74fe9355d90c95a2c4aefa227e4d19f7ceae51b95a030f1ed6cd435404
simple,Peel and Stick Paint Sample,3,BM-000000003,,"Benjamin Moore Peel & Stick Paint Samples are repositionable decals coated with real paint, letting you move colours around the room, compare options and test in different lighting without opening a can or using a brush. Review the listed format and current manufacturer instructions to confirm compatibility, safe use, cleaning and storage for the intended job.",Previously Described,Painting Tools & Accessories > Tools,"paint sample, colour sample, peel and stick sample, repositionable paint sample",Benjamin Moore,MOO01,https://raw.githubusercontent.com/kinggoff/NewSteelesImages/main/review-images/legacy-bm-000000003-peelandstickpaintsample_painttoolsaccessories_benjaminmoore.png?raw=true,Image already existed,Finishes,,1,1,,,,,,,,,,,1b72ba97d43c37105c611f2b033dad206bfa670c0d2ec21edb2795084cb89b3d,6b2e1244e0d0327fe485eaad59025c074b7d9d9c36a389bdd5c57cf516d87578
simple,Aura Interior Paint,4,BM-000000004,,"Aura Interior is Benjamin Moore's ultra-premium paint, using Colour Lock technology for rich, long-lasting colour and stunning beauty that lasts. The master lists Matte, Satin, Eggshell, or Semi Gloss finish options. Confirm preparation, compatibility, application, coverage and recoat requirements in the current label or technical data sheet.",Previously Described,Paints > Interior,"interior paint, architectural paint, wall paint, interior coating",Benjamin Moore,MOO01,https://raw.githubusercontent.com/kinggoff/NewSteelesImages/main/review-images/legacy-bm-000000004-aurainterior_interiorpaints_benjaminmoore.png?raw=true,Image already existed,Finishes,Matte | Satin | Eggshell | Semi Gloss,1,1,,,,,"Eggshell=https://raw.githubusercontent.com/kinggoff/NewSteelesImages/main/PDFs/SDS/benjamin-moore-F5241X_SDS_EN.pdf?raw=true, https://raw.githubusercontent.com/kinggoff/NewSteelesImages/main/PDFs/SDS/benjamin-moore-F5242X_SDS_EN.pdf?raw=true, https://raw.githubusercontent.com/kinggoff/NewSteelesImages/main/PDFs/SDS/benjamin-moore-F5243X_SDS_EN.pdf?raw=true, https://raw.githubusercontent.com/kinggoff/NewSteelesImages/main/PDFs/SDS/benjamin-moore-F5244X_SDS_EN.pdf?raw=true|Matte=https://raw.githubusercontent.com/kinggoff/NewSteelesImages/main/PDFs/SDS/benjamin-moore-F5221X_SDS_EN.pdf?raw=true, https://raw.githubusercontent.com/kinggoff/NewSteelesImages/main/PDFs/SDS/benjamin-moore-F5222X_SDS_EN.pdf?raw=true, https://raw.githubusercontent.com/kinggoff/NewSteelesImages/main/PDFs/SDS/benjamin-moore-F5223X_SDS_EN.pdf?raw=true, https://raw.githubusercontent.com/kinggoff/NewSteelesImages/main/PDFs/SDS/benjamin-moore-F5224X_SDS_EN.pdf?raw=true|Satin=https://raw.githubusercontent.com/kinggoff/NewSteelesImages/main/PDFs/SDS/benjamin-moore-F5261X_SDS_EN.pdf?raw=true, https://raw.githubusercontent.com/kinggoff/NewSteelesImages/main/PDFs/SDS/benjamin-moore-F5262X_SDS_EN.pdf?raw=true, https://raw.githubusercontent.com/kinggoff/NewSteelesImages/main/PDFs/SDS/benjamin-moore-F5263X_SDS_EN.pdf?raw=true, https://raw.githubusercontent.com/kinggoff/NewSteelesImages/main/PDFs/SDS/benjamin-moore-F5264X_SDS_EN.pdf?raw=true|Semi Gloss=https://raw.githubusercontent.com/kinggoff/NewSteelesImages/main/PDFs/SDS/benjamin-moore-F5281X_SDS_EN.pdf?raw=true, https://raw.githubusercontent.com/kinggoff/NewSteelesImages/main/PDFs/SDS/benjamin-moore-F5282X_SDS_EN.pdf?raw=true, https://raw.githubusercontent.com/kinggoff/NewSteelesImages/main/PDFs/SDS/benjamin-moore-F5283X_SDS_EN.pdf?raw=true, https://raw.githubusercontent.com/kinggoff/NewSteelesImages/main/PDFs/SDS/benjamin-moore-F5284X_SDS_EN.pdf?raw=true",Eggshell=https://raw.githubusercontent.com/kinggoff/NewSteelesImages/main/PDFs/TDS/benjamin-moore-F524_TDS_CE_OKF.pdf?raw=true|Matte=https://raw.githubusercontent.com/kinggoff/NewSteelesImages/main/PDFs/TDS/benjamin-moore-F522_TDS_CE_OKF.pdf?raw=true|Satin=https://raw.githubusercontent.com/kinggoff/NewSteelesImages/main/PDFs/TDS/benjamin-moore-F526_TDS_CE_OKF.pdf?raw=true|Semi Gloss=https://raw.githubusercontent.com/kinggoff/NewSteelesImages/main/PDFs/TDS/benjamin-moore-F528_TDS_CE_OKF.pdf?raw=true,"Eggshell=https://raw.githubusercontent.com/kinggoff/NewSteelesImages/main/PDFs/SDS/benjamin-moore-F5241X_SDS_EN.pdf?raw=true, https://raw.githubusercontent.com/kinggoff/NewSteelesImages/main/PDFs/SDS/benjamin-moore-F5242X_SDS_EN.pdf?raw=true, https://raw.githubusercontent.com/kinggoff/NewSteelesImages/main/PDFs/SDS/benjamin-moore-F5243X_SDS_EN.pdf?raw=true, https://raw.githubusercontent.com/kinggoff/NewSteelesImages/main/PDFs/SDS/benjamin-moore-F5244X_SDS_EN.pdf?raw=true|Matte=https://raw.githubusercontent.com/kinggoff/NewSteelesImages/main/PDFs/SDS/benjamin-moore-F5221X_SDS_EN.pdf?raw=true, https://raw.githubusercontent.com/kinggoff/NewSteelesImages/main/PDFs/SDS/benjamin-moore-F5222X_SDS_EN.pdf?raw=true, https://raw.githubusercontent.com/kinggoff/NewSteelesImages/main/PDFs/SDS/benjamin-moore-F5223X_SDS_EN.pdf?raw=true, https://raw.githubusercontent.com/kinggoff/NewSteelesImages/main/PDFs/SDS/benjamin-moore-F5224X_SDS_EN.pdf?raw=true|Satin=https://raw.githubusercontent.com/kinggoff/NewSteelesImages/main/PDFs/SDS/benjamin-moore-F5261X_SDS_EN.pdf?raw=true, https://raw.githubusercontent.com/kinggoff/NewSteelesImages/main/PDFs/SDS/benjamin-moore-F5262X_SDS_EN.pdf?raw=true, https://raw.githubusercontent.com/kinggoff/NewSteelesImages/main/PDFs/SDS/benjamin-moore-F5263X_SDS_EN.pdf?raw=true, https://raw.githubusercontent.com/kinggoff/NewSteelesImages/main/PDFs/SDS/benjamin-moore-F5264X_SDS_EN.pdf?raw=true|Semi Gloss=https://raw.githubusercontent.com/kinggoff/NewSteelesImages/main/PDFs/SDS/benjamin-moore-F5281X_SDS_EN.pdf?raw=true, https://raw.githubusercontent.com/kinggoff/NewSteelesImages/main/PDFs/SDS/benjamin-moore-F5282X_SDS_EN.pdf?raw=true, https://raw.githubusercontent.com/kinggoff/NewSteelesImages/main/PDFs/SDS/benjamin-moore-F5283X_SDS_EN.pdf?raw=true, https://raw.githubusercontent.com/kinggoff/NewSteelesImages/main/PDFs/SDS/benjamin-moore-F5284X_SDS_EN.pdf?raw=true",,Eggshell=https://raw.githubusercontent.com/kinggoff/NewSteelesImages/main/PDFs/TDS/benjamin-moore-F524_TDS_CE_OKF.pdf?raw=true|Matte=https://raw.githubusercontent.com/kinggoff/NewSteelesImages/main/PDFs/TDS/benjamin-moore-F522_TDS_CE_OKF.pdf?raw=true|Satin=https://raw.githubusercontent.com/kinggoff/NewSteelesImages/main/PDFs/TDS/benjamin-moore-F526_TDS_CE_OKF.pdf?raw=true|Semi Gloss=https://raw.githubusercontent.com/kinggoff/NewSteelesImages/main/PDFs/TDS/benjamin-moore-F528_TDS_CE_OKF.pdf?raw=true,,26ce876ca0ad2554489ca522bdab88be8e2155e08aa69f864cb7e77417890fc6,ca535ee7ba1a3850be7ad07372fdfd420e401da1474e827d61661b625c765ace
simple,Aura Bath & Spa Interior Paint,5,BM-000000005,,"Benjamin Moore Aura Bath & Spa is a luxe matte bathroom paint engineered for high-humidity spaces, offering rich colour, exceptional hide, and a mildew-resistant finish that stands up to steam and frequent cleaning. The master lists Matte finish options. Confirm preparation, compatibility, application, coverage and recoat requirements in the current label or technical data sheet.",Previously Described,Paints > Interior,"interior paint, architectural paint, wall paint, interior coating, bathroom paint, moisture-resistant interior paint",Benjamin Moore,MOO01,https://raw.githubusercontent.com/kinggoff/NewSteelesImages/main/review-images/legacy-bm-000000005-aurabath_interiorpaints_benjaminmoore.png?raw=true,Image already existed,Finishes,Matte,1,1,,,,,"Matte=https://raw.githubusercontent.com/kinggoff/NewSteelesImages/main/PDFs/SDS/benjamin-moore-K5321X_SDS_EN.pdf?raw=true, https://raw.githubusercontent.com/kinggoff/NewSteelesImages/main/PDFs/SDS/benjamin-moore-K5322X_SDS_EN.pdf?raw=true, https://raw.githubusercontent.com/kinggoff/NewSteelesImages/main/PDFs/SDS/benjamin-moore-K5323X_SDS_EN.pdf?raw=true, https://raw.githubusercontent.com/kinggoff/NewSteelesImages/main/PDFs/SDS/benjamin-moore-K5324X_SDS_EN.pdf?raw=true",Matte=https://raw.githubusercontent.com/kinggoff/NewSteelesImages/main/PDFs/TDS/benjamin-moore-K532_TDS_CE.pdf?raw=true,"Matte=https://raw.githubusercontent.com/kinggoff/NewSteelesImages/main/PDFs/SDS/benjamin-moore-K5321X_SDS_EN.pdf?raw=true, https://raw.githubusercontent.com/kinggoff/NewSteelesImages/main/PDFs/SDS/benjamin-moore-K5322X_SDS_EN.pdf?raw=true, https://raw.githubusercontent.com/kinggoff/NewSteelesImages/main/PDFs/SDS/benjamin-moore-K5323X_SDS_EN.pdf?raw=true, https://raw.githubusercontent.com/kinggoff/NewSteelesImages/main/PDFs/SDS/benjamin-moore-K5324X_SDS_EN.pdf?raw=true",,Matte=https://raw.githubusercontent.com/kinggoff/NewSteelesImages/main/PDFs/TDS/benjamin-moore-K532_TDS_CE.pdf?raw=true,,8c6e6841c481ca63c3f68e13fca9dee43439825a3c156cc96624943e8aad8fa4,c5cf3366fb63d96f0892498a5d0cd9b9928a388bfac76fed062c228b60ef7ac8
simple,Regal Select Interior Paint,6,BM-000000006,,"Benjamin Moore Regal Select Interior is a premium paint-and-primer-in-one, known for its easy application, excellent hide, and stain-release technology that makes walls washable and ideal for busy rooms. Confirm preparation, compatibility, application, coverage and recoat requirements in the current label or technical data sheet.",Previously Described,Paints > Interior,"interior paint, architectural paint, wall paint, interior coating",Benjamin Moore,MOO01,https://raw.githubusercontent.com/kinggoff/NewSteelesImages/main/review-images/legacy-bm-000000006-regalselectinterior_interiorpaints_benjaminmoore.png?raw=true,Image already existed,Finishes,Matte | Eggshell | Semi Gloss | Pearl,1,1,,,,,"Eggshell=https://raw.githubusercontent.com/kinggoff/NewSteelesImages/main/PDFs/SDS/benjamin-moore-F5491X_SDS_EN.pdf?raw=true, https://raw.githubusercontent.com/kinggoff/NewSteelesImages/main/PDFs/SDS/benjamin-moore-F5492X_SDS_EN.pdf?raw=true, https://raw.githubusercontent.com/kinggoff/NewSteelesImages/main/PDFs/SDS/benjamin-moore-F5493X_SDS_EN.pdf?raw=true, https://raw.githubusercontent.com/kinggoff/NewSteelesImages/main/PDFs/SDS/benjamin-moore-F5494X_SDS_EN.pdf?raw=true, https://raw.githubusercontent.com/kinggoff/NewSteelesImages/main/PDFs/SDS/benjamin-moore-F54901_SDS_EN.pdf?raw=true|Satin Pearl=https://raw.githubusercontent.com/kinggoff/NewSteelesImages/main/PDFs/SDS/benjamin-moore-F5501X_SDS_EN.pdf?raw=true, https://raw.githubusercontent.com/kinggoff/NewSteelesImages/main/PDFs/SDS/benjamin-moore-F5502X_SDS_EN.pdf?raw=true, https://raw.githubusercontent.com/kinggoff/NewSteelesImages/main/PDFs/SDS/benjamin-moore-F5503X_SDS_EN.pdf?raw=true, https://raw.githubusercontent.com/kinggoff/NewSteelesImages/main/PDFs/SDS/benjamin-moore-F5504X_SDS_EN.pdf?raw=true, https://raw.githubusercontent.com/kinggoff/NewSteelesImages/main/PDFs/SDS/benjamin-moore-F55001_SDS_EN.pdf?raw=true|Semi Gloss=https://raw.githubusercontent.com/kinggoff/NewSteelesImages/main/PDFs/SDS/benjamin-moore-Y5511X_SDS_EN.pdf?raw=true, https://raw.githubusercontent.com/kinggoff/NewSteelesImages/main/PDFs/SDS/benjamin-moore-Y5512X_SDS_EN.pdf?raw=true, https://raw.githubusercontent.com/kinggoff/NewSteelesImages/main/PDFs/SDS/benjamin-moore-Y5513X_SDS_EN.pdf?raw=true, https://raw.githubusercontent.com/kinggoff/NewSteelesImages/main/PDFs/SDS/benjamin-moore-Y5514X_SDS_EN.pdf?raw=true, https://raw.githubusercontent.com/kinggoff/NewSteelesImages/main/PDFs/SDS/benjamin-moore-Y55101_SDS_EN.pdf?raw=true|Ulti Matte=https://raw.githubusercontent.com/kinggoff/NewSteelesImages/main/PDFs/SDS/benjamin-moore-K55201_SDS_EN.pdf?raw=true, https://raw.githubusercontent.com/kinggoff/NewSteelesImages/main/PDFs/SDS/benjamin-moore-K5521X_SDS_EN.pdf?raw=true, https://raw.githubusercontent.com/kinggoff/NewSteelesImages/main/PDFs/SDS/benjamin-moore-K5522X_SDS_EN.pdf?raw=true, https://raw.githubusercontent.com/kinggoff/NewSteelesImages/main/PDFs/SDS/benjamin-moore-K5523X_SDS_EN.pdf?raw=true, https://raw.githubusercontent.com/kinggoff/NewSteelesImages/main/PDFs/SDS/benjamin-moore-K5524X_SDS_EN.pdf?raw=true",Eggshell=https://raw.githubusercontent.com/kinggoff/NewSteelesImages/main/PDFs/TDS/benjamin-moore-F549_TDS_CE.pdf?raw=true|Satin Pearl=https://raw.githubusercontent.com/kinggoff/NewSteelesImages/main/PDFs/TDS/benjamin-moore-F550_TDS_CE.pdf?raw=true|Semi Gloss=https://raw.githubusercontent.com/kinggoff/NewSteelesImages/main/PDFs/TDS/benjamin-moore-F551_TDS_CE.pdf?raw=true|Ulti Matte=https://raw.githubusercontent.com/kinggoff/NewSteelesImages/main/PDFs/TDS/benjamin-moore-K552_TDS_CE.pdf?raw=true,"Eggshell=https://raw.githubusercontent.com/kinggoff/NewSteelesImages/main/PDFs/SDS/benjamin-moore-F5491X_SDS_EN.pdf?raw=true, https://raw.githubusercontent.com/kinggoff/NewSteelesImages/main/PDFs/SDS/benjamin-moore-F5492X_SDS_EN.pdf?raw=true, https://raw.githubusercontent.com/kinggoff/NewSteelesImages/main/PDFs/SDS/benjamin-moore-F5493X_SDS_EN.pdf?raw=true, https://raw.githubusercontent.com/kinggoff/NewSteelesImages/main/PDFs/SDS/benjamin-moore-F5494X_SDS_EN.pdf?raw=true, https://raw.githubusercontent.com/kinggoff/NewSteelesImages/main/PDFs/SDS/benjamin-moore-F54901_SDS_EN.pdf?raw=true|Satin Pearl=https://raw.githubusercontent.com/kinggoff/NewSteelesImages/main/PDFs/SDS/benjamin-moore-F5501X_SDS_EN.pdf?raw=true, https://raw.githubusercontent.com/kinggoff/NewSteelesImages/main/PDFs/SDS/benjamin-moore-F5502X_SDS_EN.pdf?raw=true, https://raw.githubusercontent.com/kinggoff/NewSteelesImages/main/PDFs/SDS/benjamin-moore-F5503X_SDS_EN.pdf?raw=true, https://raw.githubusercontent.com/kinggoff/NewSteelesImages/main/PDFs/SDS/benjamin-moore-F5504X_SDS_EN.pdf?raw=true, https://raw.githubusercontent.com/kinggoff/NewSteelesImages/main/PDFs/SDS/benjamin-moore-F55001_SDS_EN.pdf?raw=true|Semi Gloss=https://raw.githubusercontent.com/kinggoff/NewSteelesImages/main/PDFs/SDS/benjamin-moore-Y5511X_SDS_EN.pdf?raw=true, https://raw.githubusercontent.com/kinggoff/NewSteelesImages/main/PDFs/SDS/benjamin-moore-Y5512X_SDS_EN.pdf?raw=true, https://raw.githubusercontent.com/kinggoff/NewSteelesImages/main/PDFs/SDS/benjamin-moore-Y5513X_SDS_EN.pdf?raw=true, https://raw.githubusercontent.com/kinggoff/NewSteelesImages/main/PDFs/SDS/benjamin-moore-Y5514X_SDS_EN.pdf?raw=true, https://raw.githubusercontent.com/kinggoff/NewSteelesImages/main/PDFs/SDS/benjamin-moore-Y55101_SDS_EN.pdf?raw=true|Ulti Matte=https://raw.githubusercontent.com/kinggoff/NewSteelesImages/main/PDFs/SDS/benjamin-moore-K55201_SDS_EN.pdf?raw=true, https://raw.githubusercontent.com/kinggoff/NewSteelesImages/main/PDFs/SDS/benjamin-moore-K5521X_SDS_EN.pdf?raw=true, https://raw.githubusercontent.com/kinggoff/NewSteelesImages/main/PDFs/SDS/benjamin-moore-K5522X_SDS_EN.pdf?raw=true, https://raw.githubusercontent.com/kinggoff/NewSteelesImages/main/PDFs/SDS/benjamin-moore-K5523X_SDS_EN.pdf?raw=true, https://raw.githubusercontent.com/kinggoff/NewSteelesImages/main/PDFs/SDS/benjamin-moore-K5524X_SDS_EN.pdf?raw=true",,Eggshell=https://raw.githubusercontent.com/kinggoff/NewSteelesImages/main/PDFs/TDS/benjamin-moore-F549_TDS_CE.pdf?raw=true|Satin Pearl=https://raw.githubusercontent.com/kinggoff/NewSteelesImages/main/PDFs/TDS/benjamin-moore-F550_TDS_CE.pdf?raw=true|Semi Gloss=https://raw.githubusercontent.com/kinggoff/NewSteelesImages/main/PDFs/TDS/benjamin-moore-F551_TDS_CE.pdf?raw=true|Ulti Matte=https://raw.githubusercontent.com/kinggoff/NewSteelesImages/main/PDFs/TDS/benjamin-moore-K552_TDS_CE.pdf?raw=true,,2ad22cffe0e35a3c25137ce4b0fcac1d821e4bd2c27d4388b90c3f759dab2f02,0ace4532963d5f989efb80c732f3b4240b1be478cda4f138c3c3280f95119e60
simple,Ben Interior Paint,7,BM-000000007,,"Ben Interior offers Benjamin Moore quality at a value price, with an easy-rolling, low-odour, zero-VOC paint and primer that delivers smooth, scuff-resistant finishes. The master lists Matte, Eggshell, Semi Gloss, or Pearl finish options. Confirm preparation, compatibility, application, coverage and recoat requirements in the current label or technical data sheet.",Previously Described,Paints > Interior,"interior paint, architectural paint, wall paint, interior coating",Benjamin Moore,MOO01,https://raw.githubusercontent.com/kinggoff/NewSteelesImages/main/review-images/legacy-bm-000000007-beninterior_interiorpaints_benjaminmoore.png?raw=true,Image already existed,Finishes,Matte | Eggshell | Semi Gloss | Pearl,1,1,,,,,"Eggshell=https://raw.githubusercontent.com/kinggoff/NewSteelesImages/main/PDFs/SDS/benjamin-moore-F6261X_SDS_EN.pdf?raw=true, https://raw.githubusercontent.com/kinggoff/NewSteelesImages/main/PDFs/SDS/benjamin-moore-F6262X_SDS_EN.pdf?raw=true, https://raw.githubusercontent.com/kinggoff/NewSteelesImages/main/PDFs/SDS/benjamin-moore-F6263X_SDS_EN.pdf?raw=true, https://raw.githubusercontent.com/kinggoff/NewSteelesImages/main/PDFs/SDS/benjamin-moore-F6264X_SDS_EN.pdf?raw=true, https://raw.githubusercontent.com/kinggoff/NewSteelesImages/main/PDFs/SDS/benjamin-moore-F62601_SDS_EN.pdf?raw=true|Matte=https://raw.githubusercontent.com/kinggoff/NewSteelesImages/main/PDFs/SDS/benjamin-moore-F6241X_SDS_EN.pdf?raw=true, https://raw.githubusercontent.com/kinggoff/NewSteelesImages/main/PDFs/SDS/benjamin-moore-F6242X_SDS_EN.pdf?raw=true, https://raw.githubusercontent.com/kinggoff/NewSteelesImages/main/PDFs/SDS/benjamin-moore-F6243X_SDS_EN.pdf?raw=true, https://raw.githubusercontent.com/kinggoff/NewSteelesImages/main/PDFs/SDS/benjamin-moore-F6244X_SDS_EN.pdf?raw=true, https://raw.githubusercontent.com/kinggoff/NewSteelesImages/main/PDFs/SDS/benjamin-moore-F62401_SDS_EN.pdf?raw=true|Satin Pearl=https://raw.githubusercontent.com/kinggoff/NewSteelesImages/main/PDFs/SDS/benjamin-moore-F6281X_SDS_EN.pdf?raw=true, https://raw.githubusercontent.com/kinggoff/NewSteelesImages/main/PDFs/SDS/benjamin-moore-F6282X_SDS_EN.pdf?raw=true, https://raw.githubusercontent.com/kinggoff/NewSteelesImages/main/PDFs/SDS/benjamin-moore-F6283X_SDS_EN.pdf?raw=true, https://raw.githubusercontent.com/kinggoff/NewSteelesImages/main/PDFs/SDS/benjamin-moore-F6284X_SDS_EN.pdf?raw=true, https://raw.githubusercontent.com/kinggoff/NewSteelesImages/main/PDFs/SDS/benjamin-moore-F62801_SDS_EN.pdf?raw=true|Semi Gloss=https://raw.githubusercontent.com/kinggoff/NewSteelesImages/main/PDFs/SDS/benjamin-moore-F6271X_SDS_EN.pdf?raw=true, https://raw.githubusercontent.com/kinggoff/NewSteelesImages/main/PDFs/SDS/benjamin-moore-F6272X_SDS_EN.pdf?raw=true, https://raw.githubusercontent.com/kinggoff/NewSteelesImages/main/PDFs/SDS/benjamin-moore-F6273X_SDS_EN.pdf?raw=true, https://raw.githubusercontent.com/kinggoff/NewSteelesImages/main/PDFs/SDS/benjamin-moore-F6274X_SDS_EN.pdf?raw=true, https://raw.githubusercontent.com/kinggoff/NewSteelesImages/main/PDFs/SDS/benjamin-moore-F62701_SDS_EN.pdf?raw=true",Eggshell=https://raw.githubusercontent.com/kinggoff/NewSteelesImages/main/PDFs/TDS/benjamin-moore-F626_TDS_CE.pdf?raw=true|Matte=https://raw.githubusercontent.com/kinggoff/NewSteelesImages/main/PDFs/TDS/benjamin-moore-F624_TDS_CE.pdf?raw=true|Satin Pearl=https://raw.githubusercontent.com/kinggoff/NewSteelesImages/main/PDFs/TDS/benjamin-moore-F628_TDS_CE.pdf?raw=true|Semi Gloss=https://raw.githubusercontent.com/kinggoff/NewSteelesImages/main/PDFs/TDS/benjamin-moore-F627_TDS_CE.pdf?raw=true,"Eggshell=https://raw.githubusercontent.com/kinggoff/NewSteelesImages/main/PDFs/SDS/benjamin-moore-F6261X_SDS_EN.pdf?raw=true, https://raw.githubusercontent.com/kinggoff/NewSteelesImages/main/PDFs/SDS/benjamin-moore-F6262X_SDS_EN.pdf?raw=true, https://raw.githubusercontent.com/kinggoff/NewSteelesImages/main/PDFs/SDS/benjamin-moore-F6263X_SDS_EN.pdf?raw=true, https://raw.githubusercontent.com/kinggoff/NewSteelesImages/main/PDFs/SDS/benjamin-moore-F6264X_SDS_EN.pdf?raw=true, https://raw.githubusercontent.com/kinggoff/NewSteelesImages/main/PDFs/SDS/benjamin-moore-F62601_SDS_EN.pdf?raw=true|Matte=https://raw.githubusercontent.com/kinggoff/NewSteelesImages/main/PDFs/SDS/benjamin-moore-F6241X_SDS_EN.pdf?raw=true, https://raw.githubusercontent.com/kinggoff/NewSteelesImages/main/PDFs/SDS/benjamin-moore-F6242X_SDS_EN.pdf?raw=true, https://raw.githubusercontent.com/kinggoff/NewSteelesImages/main/PDFs/SDS/benjamin-moore-F6243X_SDS_EN.pdf?raw=true, https://raw.githubusercontent.com/kinggoff/NewSteelesImages/main/PDFs/SDS/benjamin-moore-F6244X_SDS_EN.pdf?raw=true, https://raw.githubusercontent.com/kinggoff/NewSteelesImages/main/PDFs/SDS/benjamin-moore-F62401_SDS_EN.pdf?raw=true|Satin Pearl=https://raw.githubusercontent.com/kinggoff/NewSteelesImages/main/PDFs/SDS/benjamin-moore-F6281X_SDS_EN.pdf?raw=true, https://raw.githubusercontent.com/kinggoff/NewSteelesImages/main/PDFs/SDS/benjamin-moore-F6282X_SDS_EN.pdf?raw=true, https://raw.githubusercontent.com/kinggoff/NewSteelesImages/main/PDFs/SDS/benjamin-moore-F6283X_SDS_EN.pdf?raw=true, https://raw.githubusercontent.com/kinggoff/NewSteelesImages/main/PDFs/SDS/benjamin-moore-F6284X_SDS_EN.pdf?raw=true, https://raw.githubusercontent.com/kinggoff/NewSteelesImages/main/PDFs/SDS/benjamin-moore-F62801_SDS_EN.pdf?raw=true|Semi Gloss=https://raw.githubusercontent.com/kinggoff/NewSteelesImages/main/PDFs/SDS/benjamin-moore-F6271X_SDS_EN.pdf?raw=true, https://raw.githubusercontent.com/kinggoff/NewSteelesImages/main/PDFs/SDS/benjamin-moore-F6272X_SDS_EN.pdf?raw=true, https://raw.githubusercontent.com/kinggoff/NewSteelesImages/main/PDFs/SDS/benjamin-moore-F6273X_SDS_EN.pdf?raw=true, https://raw.githubusercontent.com/kinggoff/NewSteelesImages/main/PDFs/SDS/benjamin-moore-F6274X_SDS_EN.pdf?raw=true, https://raw.githubusercontent.com/kinggoff/NewSteelesImages/main/PDFs/SDS/benjamin-moore-F62701_SDS_EN.pdf?raw=true",,Eggshell=https://raw.githubusercontent.com/kinggoff/NewSteelesImages/main/PDFs/TDS/benjamin-moore-F626_TDS_CE.pdf?raw=true|Matte=https://raw.githubusercontent.com/kinggoff/NewSteelesImages/main/PDFs/TDS/benjamin-moore-F624_TDS_CE.pdf?raw=true|Satin Pearl=https://raw.githubusercontent.com/kinggoff/NewSteelesImages/main/PDFs/TDS/benjamin-moore-F628_TDS_CE.pdf?raw=true|Semi Gloss=https://raw.githubusercontent.com/kinggoff/NewSteelesImages/main/PDFs/TDS/benjamin-moore-F627_TDS_CE.pdf?raw=true,,9dd73692037f5e6f095d244f791952d7bf53e51d30b474484cff1fb391debfe0,924e0262b939a86711c9cdae4ba70424a13113450e87edde7716626e5ae0a11a
simple,Kitchen & Bath Interior Paint,8,BM-000000008,,"Benjamin Moore Kitchen & Bath is a premium acrylic paint and primer formulated for humid kitchens and baths, providing durable, mildew-resistant protection with excellent colour retention and easy washability. The master lists Pearl finish options. Confirm preparation, compatibility, application, coverage and recoat requirements in the current label or technical data sheet.",Previously Described,Paints > Interior,"interior paint, architectural paint, wall paint, interior coating, bathroom paint, moisture-resistant interior paint",Benjamin Moore,MOO01,https://raw.githubusercontent.com/kinggoff/NewSteelesImages/main/review-images/legacy-bm-000000008-kitchenbath_interiorpaints_benjaminmoore.png?raw=true,Image already existed,Finishes,Pearl,1,1,,,,,"Pearl=https://raw.githubusercontent.com/kinggoff/NewSteelesImages/main/PDFs/SDS/benjamin-moore-F32201_MSDS_EN.pdf?raw=true, https://raw.githubusercontent.com/kinggoff/NewSteelesImages/main/PDFs/SDS/benjamin-moore-F3221B_MSDS_EN.pdf?raw=true, https://raw.githubusercontent.com/kinggoff/NewSteelesImages/main/PDFs/SDS/benjamin-moore-F3222B_MSDS_EN.pdf?raw=true, https://raw.githubusercontent.com/kinggoff/NewSteelesImages/main/PDFs/SDS/benjamin-moore-F3223B_MSDS_EN.pdf?raw=true, https://raw.githubusercontent.com/kinggoff/NewSteelesImages/main/PDFs/SDS/benjamin-moore-F3224B_MSDS_EN.pdf?raw=true",Pearl=https://raw.githubusercontent.com/kinggoff/NewSteelesImages/main/PDFs/TDS/benjamin-moore-Y322_TDS_CE.pdf?raw=true,"Pearl=https://raw.githubusercontent.com/kinggoff/NewSteelesImages/main/PDFs/SDS/benjamin-moore-F32201_MSDS_EN.pdf?raw=true, https://raw.githubusercontent.com/kinggoff/NewSteelesImages/main/PDFs/SDS/benjamin-moore-F3221B_MSDS_EN.pdf?raw=true, https://raw.githubusercontent.com/kinggoff/NewSteelesImages/main/PDFs/SDS/benjamin-moore-F3222B_MSDS_EN.pdf?raw=true, https://raw.githubusercontent.com/kinggoff/NewSteelesImages/main/PDFs/SDS/benjamin-moore-F3223B_MSDS_EN.pdf?raw=true, https://raw.githubusercontent.com/kinggoff/NewSteelesImages/main/PDFs/SDS/benjamin-moore-F3224B_MSDS_EN.pdf?raw=true",,Pearl=https://raw.githubusercontent.com/kinggoff/NewSteelesImages/main/PDFs/TDS/benjamin-moore-Y322_TDS_CE.pdf?raw=true,,cdb0ae8dd2611f52a145a13eb3cc8bf340c448088b0416f26d08d2048a498934,0638ebc159771cf7ee80b1942cbe9b133b9fde120843011787be020d39dd99ec
simple,Waterborne Ceiling Paint,9,BM-000000009,,"Benjamin Moore waterborne Ceiling is a zero-VOC, ultra-flat acrylic ceiling paint designed to conceal surface imperfections, minimize spatter, and provide a beautiful, uniform finish in any colour. The master lists Ultra Flat finish options. Confirm preparation, compatibility, application, coverage and recoat requirements in the current label or technical data sheet.",Previously Described,Paints > Interior,"ceiling paint, interior paint, flat paint, architectural coating",Benjamin Moore,MOO01,https://raw.githubusercontent.com/kinggoff/NewSteelesImages/main/review-images/legacy-bm-000000009-waterborneceilingpaint_interiorpaints_benjaminmoore.png?raw=true,Image already existed,Finishes,Ultra Flat,1,1,,,,,"Ultra Flat=https://raw.githubusercontent.com/kinggoff/NewSteelesImages/main/PDFs/SDS/benjamin-moore-F50809_SDS_EN.pdf?raw=true, https://raw.githubusercontent.com/kinggoff/NewSteelesImages/main/PDFs/SDS/benjamin-moore-F5081X_SDS_EN.pdf?raw=true, https://raw.githubusercontent.com/kinggoff/NewSteelesImages/main/PDFs/SDS/benjamin-moore-F5082X_SDS_EN.pdf?raw=true, https://raw.githubusercontent.com/kinggoff/NewSteelesImages/main/PDFs/SDS/benjamin-moore-F5083X_SDS_EN.pdf?raw=true, https://raw.githubusercontent.com/kinggoff/NewSteelesImages/main/PDFs/SDS/benjamin-moore-F5084X_SDS_EN.pdf?raw=true",Ultra Flat=https://raw.githubusercontent.com/kinggoff/NewSteelesImages/main/PDFs/TDS/benjamin-moore-F508_TDS_CE.pdf?raw=true,"Ultra Flat=https://raw.githubusercontent.com/kinggoff/NewSteelesImages/main/PDFs/SDS/benjamin-moore-F50809_SDS_EN.pdf?raw=true, https://raw.githubusercontent.com/kinggoff/NewSteelesImages/main/PDFs/SDS/benjamin-moore-F5081X_SDS_EN.pdf?raw=true, https://raw.githubusercontent.com/kinggoff/NewSteelesImages/main/PDFs/SDS/benjamin-moore-F5082X_SDS_EN.pdf?raw=true, https://raw.githubusercontent.com/kinggoff/NewSteelesImages/main/PDFs/SDS/benjamin-moore-F5083X_SDS_EN.pdf?raw=true, https://raw.githubusercontent.com/kinggoff/NewSteelesImages/main/PDFs/SDS/benjamin-moore-F5084X_SDS_EN.pdf?raw=true",,Ultra Flat=https://raw.githubusercontent.com/kinggoff/NewSteelesImages/main/PDFs/TDS/benjamin-moore-F508_TDS_CE.pdf?raw=true,,b78dcca32061efce43b88f99d49887b9bea2564e15f1fdf1c675b305645881ed,005646cf6e7db80805385804c20ee8452585f1bd1ccca0e00add945d9dae41f8
simple,Muresco Ceiling Paint,10,BM-000000010,,"Benjamin Moore Muresco Ceiling paint is a premium acrylic coating that rolls and sprays on smoothly, delivering a uniform, flat finish that diffuses light and helps obscure minor ceiling imperfections. The master lists Flat finish options. Confirm preparation, compatibility, application, coverage and recoat requirements in the current label or technical data sheet.",Previously Described,Paints > Interior,"ceiling paint, interior paint, flat paint, architectural coating",Benjamin Moore,MOO01,https://raw.githubusercontent.com/kinggoff/NewSteelesImages/main/review-images/legacy-bm-000000010-murescoceiling_interiorpaints_benjaminmoore.png?raw=true,Image already existed,Finishes,Flat,1,1,,,,,Flat=https://raw.githubusercontent.com/kinggoff/NewSteelesImages/main/PDFs/SDS/benjamin-moore-K25801_SDS_EN.pdf?raw=true,Flat=https://raw.githubusercontent.com/kinggoff/NewSteelesImages/main/PDFs/TDS/benjamin-moore-258_TDS_CE.pdf?raw=true,Flat=https://raw.githubusercontent.com/kinggoff/NewSteelesImages/main/PDFs/SDS/benjamin-moore-K25801_SDS_EN.pdf?raw=true,,Flat=https://raw.githubusercontent.com/kinggoff/NewSteelesImages/main/PDFs/TDS/benjamin-moore-258_TDS_CE.pdf?raw=true,,d0af6e74ff38541788756f91220a23e379e0de33067b356fbd15638e0b11cace,4b5ca2b2239f111c7eff2b4cf38ad982029692a8d92b32abcdfc232a1cf25f2d
simple,Aura Exterior Paint,11,BM-000000011,,"Benjamin Moore Aura Exterior is an ultra-premium paint featuring Colour Lock technology for deep, fade-resistant colour, outstanding durability, and protection against harsh weather, UV, and mildew. The master lists Low Lustre, Satin, Flat, or Soft Gloss finish options. Confirm preparation, compatibility, application, coverage and recoat requirements in the current label or technical data sheet.",Previously Described,Paints > Exterior,"exterior paint, architectural paint, weather-resistant coating, exterior coating",Benjamin Moore,MOO01,https://raw.githubusercontent.com/kinggoff/NewSteelesImages/main/review-images/legacy-bm-000000011-auraexterior_exteriorpaint_benjaminmoore.png?raw=true,Image already existed,Finishes,Low Lustre | Satin | Flat | Soft Gloss,1,1,,,,,"Flat=https://raw.githubusercontent.com/kinggoff/NewSteelesImages/main/PDFs/SDS/benjamin-moore-F6291X_SDS_EN.pdf?raw=true, https://raw.githubusercontent.com/kinggoff/NewSteelesImages/main/PDFs/SDS/benjamin-moore-F6292X_SDS_EN.pdf?raw=true, https://raw.githubusercontent.com/kinggoff/NewSteelesImages/main/PDFs/SDS/benjamin-moore-F6293X_SDS_EN.pdf?raw=true, https://raw.githubusercontent.com/kinggoff/NewSteelesImages/main/PDFs/SDS/benjamin-moore-F6294X_SDS_EN.pdf?raw=true|Low Lustre=https://raw.githubusercontent.com/kinggoff/NewSteelesImages/main/PDFs/SDS/benjamin-moore-F6341X_SDS_EN.pdf?raw=true, https://raw.githubusercontent.com/kinggoff/NewSteelesImages/main/PDFs/SDS/benjamin-moore-F6342X_SDS_EN.pdf?raw=true, https://raw.githubusercontent.com/kinggoff/NewSteelesImages/main/PDFs/SDS/benjamin-moore-F6343X_SDS_EN.pdf?raw=true, https://raw.githubusercontent.com/kinggoff/NewSteelesImages/main/PDFs/SDS/benjamin-moore-F6344X_SDS_EN.pdf?raw=true|Satin=https://raw.githubusercontent.com/kinggoff/NewSteelesImages/main/PDFs/SDS/benjamin-moore-F6311X_SDS_EN.pdf?raw=true, https://raw.githubusercontent.com/kinggoff/NewSteelesImages/main/PDFs/SDS/benjamin-moore-F6312X_SDS_EN.pdf?raw=true, https://raw.githubusercontent.com/kinggoff/NewSteelesImages/main/PDFs/SDS/benjamin-moore-F6313X_SDS_EN.pdf?raw=true, https://raw.githubusercontent.com/kinggoff/NewSteelesImages/main/PDFs/SDS/benjamin-moore-F6314X_SDS_EN.pdf?raw=true",Flat=https://raw.githubusercontent.com/kinggoff/NewSteelesImages/main/PDFs/TDS/benjamin-moore-F629_TDS_CE.pdf?raw=true|Satin=https://raw.githubusercontent.com/kinggoff/NewSteelesImages/main/PDFs/TDS/benjamin-moore-F631_TDS_CE.pdf?raw=true|Soft Gloss=https://raw.githubusercontent.com/kinggoff/NewSteelesImages/main/PDFs/TDS/benjamin-moore-F632_TDS_CE.pdf?raw=true|Low Lustre=https://raw.githubusercontent.com/kinggoff/NewSteelesImages/main/PDFs/TDS/benjamin-moore-F634_TDS_CE.pdf?raw=true,"Flat=https://raw.githubusercontent.com/kinggoff/NewSteelesImages/main/PDFs/SDS/benjamin-moore-F6291X_SDS_EN.pdf?raw=true, https://raw.githubusercontent.com/kinggoff/NewSteelesImages/main/PDFs/SDS/benjamin-moore-F6292X_SDS_EN.pdf?raw=true, https://raw.githubusercontent.com/kinggoff/NewSteelesImages/main/PDFs/SDS/benjamin-moore-F6293X_SDS_EN.pdf?raw=true, https://raw.githubusercontent.com/kinggoff/NewSteelesImages/main/PDFs/SDS/benjamin-moore-F6294X_SDS_EN.pdf?raw=true|Low Lustre=https://raw.githubusercontent.com/kinggoff/NewSteelesImages/main/PDFs/SDS/benjamin-moore-F6341X_SDS_EN.pdf?raw=true, https://raw.githubusercontent.com/kinggoff/NewSteelesImages/main/PDFs/SDS/benjamin-moore-F6342X_SDS_EN.pdf?raw=true, https://raw.githubusercontent.com/kinggoff/NewSteelesImages/main/PDFs/SDS/benjamin-moore-F6343X_SDS_EN.pdf?raw=true, https://raw.githubusercontent.com/kinggoff/NewSteelesImages/main/PDFs/SDS/benjamin-moore-F6344X_SDS_EN.pdf?raw=true|Satin=https://raw.githubusercontent.com/kinggoff/NewSteelesImages/main/PDFs/SDS/benjamin-moore-F6311X_SDS_EN.pdf?raw=true, https://raw.githubusercontent.com/kinggoff/NewSteelesImages/main/PDFs/SDS/benjamin-moore-F6312X_SDS_EN.pdf?raw=true, https://raw.githubusercontent.com/kinggoff/NewSteelesImages/main/PDFs/SDS/benjamin-moore-F6313X_SDS_EN.pdf?raw=true, https://raw.githubusercontent.com/kinggoff/NewSteelesImages/main/PDFs/SDS/benjamin-moore-F6314X_SDS_EN.pdf?raw=true",,Flat=https://raw.githubusercontent.com/kinggoff/NewSteelesImages/main/PDFs/TDS/benjamin-moore-F629_TDS_CE.pdf?raw=true|Satin=https://raw.githubusercontent.com/kinggoff/NewSteelesImages/main/PDFs/TDS/benjamin-moore-F631_TDS_CE.pdf?raw=true|Soft Gloss=https://raw.githubusercontent.com/kinggoff/NewSteelesImages/main/PDFs/TDS/benjamin-moore-F632_TDS_CE.pdf?raw=true|Low Lustre=https://raw.githubusercontent.com/kinggoff/NewSteelesImages/main/PDFs/TDS/benjamin-moore-F634_TDS_CE.pdf?raw=true,,b118479576de0aeb2870e72ac67a5bf6c3066e86928247091caefd5e9d1468ed,c6a598f8653067e7379f2f72e427d657bd7b8d45632ca004b3e023103fbc5d6f
simple,Regal Select Exterior Paint,12,BM-000000012,,"Benjamin Moore Regal Select Exterior High Build is engineered for optimum hide and adheres powerfully to exterior substrates. It is a self-priming paint that bridges small cracks, offers superior adhesion on even chalky surfaces, and provides a mildew- and fade-resistant finish. Check the current manufacturer label or technical data sheet before use.",Previously Described,Paints > Exterior,"exterior paint, architectural paint, weather-resistant coating, exterior coating",Benjamin Moore,MOO01,https://raw.githubusercontent.com/kinggoff/NewSteelesImages/main/review-images/legacy-bm-000000012-regalselectexterior_exteriorpaint_benjaminmoore.png?raw=true,Image already existed,Finishes,Soft Gloss | Flat | Low Lustre,1,1,,,,,"Flat=https://raw.githubusercontent.com/kinggoff/NewSteelesImages/main/PDFs/SDS/benjamin-moore-K40001_SDS_EN.pdf?raw=true, https://raw.githubusercontent.com/kinggoff/NewSteelesImages/main/PDFs/SDS/benjamin-moore-K4001X_SDS_EN.pdf?raw=true, https://raw.githubusercontent.com/kinggoff/NewSteelesImages/main/PDFs/SDS/benjamin-moore-K4002X_SDS_EN.pdf?raw=true, https://raw.githubusercontent.com/kinggoff/NewSteelesImages/main/PDFs/SDS/benjamin-moore-K4003X_SDS_EN.pdf?raw=true, https://raw.githubusercontent.com/kinggoff/NewSteelesImages/main/PDFs/SDS/benjamin-moore-K4004X_SDS_EN.pdf?raw=true|Low Lustre=https://raw.githubusercontent.com/kinggoff/NewSteelesImages/main/PDFs/SDS/benjamin-moore-K40101_SDS_EN.pdf?raw=true, https://raw.githubusercontent.com/kinggoff/NewSteelesImages/main/PDFs/SDS/benjamin-moore-K4011X_SDS_EN.pdf?raw=true, https://raw.githubusercontent.com/kinggoff/NewSteelesImages/main/PDFs/SDS/benjamin-moore-K4012X_SDS_EN.pdf?raw=true, https://raw.githubusercontent.com/kinggoff/NewSteelesImages/main/PDFs/SDS/benjamin-moore-K4013X_SDS_EN.pdf?raw=true, https://raw.githubusercontent.com/kinggoff/NewSteelesImages/main/PDFs/SDS/benjamin-moore-K4014X_SDS_EN.pdf?raw=true|Soft Gloss=https://raw.githubusercontent.com/kinggoff/NewSteelesImages/main/PDFs/SDS/benjamin-moore-F40380_SDS_EN.pdf?raw=true, https://raw.githubusercontent.com/kinggoff/NewSteelesImages/main/PDFs/SDS/benjamin-moore-F40301_SDS_EN.pdf?raw=true, https://raw.githubusercontent.com/kinggoff/NewSteelesImages/main/PDFs/SDS/benjamin-moore-F4031X_SDS_EN.pdf?raw=true, https://raw.githubusercontent.com/kinggoff/NewSteelesImages/main/PDFs/SDS/benjamin-moore-F4032X_SDS_EN.pdf?raw=true, https://raw.githubusercontent.com/kinggoff/NewSteelesImages/main/PDFs/SDS/benjamin-moore-F4033X_SDS_EN.pdf?raw=true, https://raw.githubusercontent.com/kinggoff/NewSteelesImages/main/PDFs/SDS/benjamin-moore-F4034X_SDS_EN.pdf?raw=true",Flat=https://raw.githubusercontent.com/kinggoff/NewSteelesImages/main/PDFs/TDS/benjamin-moore-K400_TDS_CE.pdf?raw=true|Low Lustre=https://raw.githubusercontent.com/kinggoff/NewSteelesImages/main/PDFs/TDS/benjamin-moore-K401_TDS_CE.pdf?raw=true|Soft Gloss=https://raw.githubusercontent.com/kinggoff/NewSteelesImages/main/PDFs/TDS/benjamin-moore-F403_TDS_CE.pdf?raw=true,"Flat=https://raw.githubusercontent.com/kinggoff/NewSteelesImages/main/PDFs/SDS/benjamin-moore-K40001_SDS_EN.pdf?raw=true, https://raw.githubusercontent.com/kinggoff/NewSteelesImages/main/PDFs/SDS/benjamin-moore-K4001X_SDS_EN.pdf?raw=true, https://raw.githubusercontent.com/kinggoff/NewSteelesImages/main/PDFs/SDS/benjamin-moore-K4002X_SDS_EN.pdf?raw=true, https://raw.githubusercontent.com/kinggoff/NewSteelesImages/main/PDFs/SDS/benjamin-moore-K4003X_SDS_EN.pdf?raw=true, https://raw.githubusercontent.com/kinggoff/NewSteelesImages/main/PDFs/SDS/benjamin-moore-K4004X_SDS_EN.pdf?raw=true|Low Lustre=https://raw.githubusercontent.com/kinggoff/NewSteelesImages/main/PDFs/SDS/benjamin-moore-K40101_SDS_EN.pdf?raw=true, https://raw.githubusercontent.com/kinggoff/NewSteelesImages/main/PDFs/SDS/benjamin-moore-K4011X_SDS_EN.pdf?raw=true, https://raw.githubusercontent.com/kinggoff/NewSteelesImages/main/PDFs/SDS/benjamin-moore-K4012X_SDS_EN.pdf?raw=true, https://raw.githubusercontent.com/kinggoff/NewSteelesImages/main/PDFs/SDS/benjamin-moore-K4013X_SDS_EN.pdf?raw=true, https://raw.githubusercontent.com/kinggoff/NewSteelesImages/main/PDFs/SDS/benjamin-moore-K4014X_SDS_EN.pdf?raw=true|Soft Gloss=https://raw.githubusercontent.com/kinggoff/NewSteelesImages/main/PDFs/SDS/benjamin-moore-F40380_SDS_EN.pdf?raw=true, https://raw.githubusercontent.com/kinggoff/NewSteelesImages/main/PDFs/SDS/benjamin-moore-F40301_SDS_EN.pdf?raw=true, https://raw.githubusercontent.com/kinggoff/NewSteelesImages/main/PDFs/SDS/benjamin-moore-F4031X_SDS_EN.pdf?raw=true, https://raw.githubusercontent.com/kinggoff/NewSteelesImages/main/PDFs/SDS/benjamin-moore-F4032X_SDS_EN.pdf?raw=true, https://raw.githubusercontent.com/kinggoff/NewSteelesImages/main/PDFs/SDS/benjamin-moore-F4033X_SDS_EN.pdf?raw=true, https://raw.githubusercontent.com/kinggoff/NewSteelesImages/main/PDFs/SDS/benjamin-moore-F4034X_SDS_EN.pdf?raw=true",,Flat=https://raw.githubusercontent.com/kinggoff/NewSteelesImages/main/PDFs/TDS/benjamin-moore-K400_TDS_CE.pdf?raw=true|Low Lustre=https://raw.githubusercontent.com/kinggoff/NewSteelesImages/main/PDFs/TDS/benjamin-moore-K401_TDS_CE.pdf?raw=true|Soft Gloss=https://raw.githubusercontent.com/kinggoff/NewSteelesImages/main/PDFs/TDS/benjamin-moore-F403_TDS_CE.pdf?raw=true,,2abd89e87ca968460d3c8e6a27f510cb07cab7f760a90b94df8013205fab3614,adc7fc62248da51b8bf56c9d1f1488f7bf88204db8d838b32009a9f2ae442cd1
simple,Element Guard Exterior Paint,13,BM-000000013,,"Benjamin Moore Element Guard Exterior is a premium acrylic paint formulated for challenging climates, providing advanced moisture protection that stands up to wind-driven rain, humidity, snow, and temperature swings. Confirm preparation, compatibility, application, coverage and recoat requirements in the current label or technical data sheet.",Previously Described,Paints > Exterior,"exterior paint, architectural paint, weather-resistant coating, exterior coating",Benjamin Moore,MOO01,https://raw.githubusercontent.com/kinggoff/NewSteelesImages/main/review-images/legacy-bm-000000013-elementguardexterior_exteriorpaint_benjaminmoore.png?raw=true,Image already existed,Finishes,Flat | Low Lustre | Soft Gloss,1,1,,,,,"Flat=https://raw.githubusercontent.com/kinggoff/NewSteelesImages/main/PDFs/SDS/benjamin-moore-K7631X_SDS_EN.pdf?raw=true, https://raw.githubusercontent.com/kinggoff/NewSteelesImages/main/PDFs/SDS/benjamin-moore-K7632X_SDS_EN.pdf?raw=true, https://raw.githubusercontent.com/kinggoff/NewSteelesImages/main/PDFs/SDS/benjamin-moore-K7633X_SDS_EN.pdf?raw=true, https://raw.githubusercontent.com/kinggoff/NewSteelesImages/main/PDFs/SDS/benjamin-moore-K7634X_SDS_EN.pdf?raw=true, https://raw.githubusercontent.com/kinggoff/NewSteelesImages/main/PDFs/SDS/benjamin-moore-K76301_SDS_EN.pdf?raw=true|Low Lustre=https://raw.githubusercontent.com/kinggoff/NewSteelesImages/main/PDFs/SDS/benjamin-moore-K7641X_SDS_EN.pdf?raw=true, https://raw.githubusercontent.com/kinggoff/NewSteelesImages/main/PDFs/SDS/benjamin-moore-K7642X_SDS_EN.pdf?raw=true, https://raw.githubusercontent.com/kinggoff/NewSteelesImages/main/PDFs/SDS/benjamin-moore-K7643X_SDS_EN.pdf?raw=true, https://raw.githubusercontent.com/kinggoff/NewSteelesImages/main/PDFs/SDS/benjamin-moore-K7644X_SDS_EN.pdf?raw=true, https://raw.githubusercontent.com/kinggoff/NewSteelesImages/main/PDFs/SDS/benjamin-moore-K76401_SDS_EN.pdf?raw=true|Soft Gloss=https://raw.githubusercontent.com/kinggoff/NewSteelesImages/main/PDFs/SDS/benjamin-moore-K7651X_SDS_EN.pdf?raw=true, https://raw.githubusercontent.com/kinggoff/NewSteelesImages/main/PDFs/SDS/benjamin-moore-K7652X_SDS_EN.pdf?raw=true, https://raw.githubusercontent.com/kinggoff/NewSteelesImages/main/PDFs/SDS/benjamin-moore-K7653X_SDS_EN.pdf?raw=true, https://raw.githubusercontent.com/kinggoff/NewSteelesImages/main/PDFs/SDS/benjamin-moore-K7654X_SDS_EN.pdf?raw=true, https://raw.githubusercontent.com/kinggoff/NewSteelesImages/main/PDFs/SDS/benjamin-moore-K76501_SDS_EN.pdf?raw=true",Flat=https://raw.githubusercontent.com/kinggoff/NewSteelesImages/main/PDFs/TDS/benjamin-moore-K763_TDS_CE.pdf?raw=true|Low Lustre=https://raw.githubusercontent.com/kinggoff/NewSteelesImages/main/PDFs/TDS/benjamin-moore-K764_TDS_CE.pdf?raw=true|Soft Gloss=https://raw.githubusercontent.com/kinggoff/NewSteelesImages/main/PDFs/TDS/benjamin-moore-K765_TDS_CE.pdf?raw=true,"Flat=https://raw.githubusercontent.com/kinggoff/NewSteelesImages/main/PDFs/SDS/benjamin-moore-K7631X_SDS_EN.pdf?raw=true, https://raw.githubusercontent.com/kinggoff/NewSteelesImages/main/PDFs/SDS/benjamin-moore-K7632X_SDS_EN.pdf?raw=true, https://raw.githubusercontent.com/kinggoff/NewSteelesImages/main/PDFs/SDS/benjamin-moore-K7633X_SDS_EN.pdf?raw=true, https://raw.githubusercontent.com/kinggoff/NewSteelesImages/main/PDFs/SDS/benjamin-moore-K7634X_SDS_EN.pdf?raw=true, https://raw.githubusercontent.com/kinggoff/NewSteelesImages/main/PDFs/SDS/benjamin-moore-K76301_SDS_EN.pdf?raw=true|Low Lustre=https://raw.githubusercontent.com/kinggoff/NewSteelesImages/main/PDFs/SDS/benjamin-moore-K7641X_SDS_EN.pdf?raw=true, https://raw.githubusercontent.com/kinggoff/NewSteelesImages/main/PDFs/SDS/benjamin-moore-K7642X_SDS_EN.pdf?raw=true, https://raw.githubusercontent.com/kinggoff/NewSteelesImages/main/PDFs/SDS/benjamin-moore-K7643X_SDS_EN.pdf?raw=true, https://raw.githubusercontent.com/kinggoff/NewSteelesImages/main/PDFs/SDS/benjamin-moore-K7644X_SDS_EN.pdf?raw=true, https://raw.githubusercontent.com/kinggoff/NewSteelesImages/main/PDFs/SDS/benjamin-moore-K76401_SDS_EN.pdf?raw=true|Soft Gloss=https://raw.githubusercontent.com/kinggoff/NewSteelesImages/main/PDFs/SDS/benjamin-moore-K7651X_SDS_EN.pdf?raw=true, https://raw.githubusercontent.com/kinggoff/NewSteelesImages/main/PDFs/SDS/benjamin-moore-K7652X_SDS_EN.pdf?raw=true, https://raw.githubusercontent.com/kinggoff/NewSteelesImages/main/PDFs/SDS/benjamin-moore-K7653X_SDS_EN.pdf?raw=true, https://raw.githubusercontent.com/kinggoff/NewSteelesImages/main/PDFs/SDS/benjamin-moore-K7654X_SDS_EN.pdf?raw=true, https://raw.githubusercontent.com/kinggoff/NewSteelesImages/main/PDFs/SDS/benjamin-moore-K76501_SDS_EN.pdf?raw=true",,Flat=https://raw.githubusercontent.com/kinggoff/NewSteelesImages/main/PDFs/TDS/benjamin-moore-K763_TDS_CE.pdf?raw=true|Low Lustre=https://raw.githubusercontent.com/kinggoff/NewSteelesImages/main/PDFs/TDS/benjamin-moore-K764_TDS_CE.pdf?raw=true|Soft Gloss=https://raw.githubusercontent.com/kinggoff/NewSteelesImages/main/PDFs/TDS/benjamin-moore-K765_TDS_CE.pdf?raw=true,,02cc189b240f0041f3dd54148f922a6e72dcfe077b1d560e15d3ff8fe9f2c28b,9132795290a275dbfca40d66a0035867414497f44389f51db31ed0b806757cba
simple,Ultra Spec Exterior Paint,14,BM-000000014,,"Benjamin Moore Ultra Spec Exterior is a professional-quality acrylic paint designed for contractors, delivering excellent hide, colour retention, and film durability on siding, trim, masonry, and more at a value price. Confirm preparation, compatibility, application, coverage and recoat requirements in the current label or technical data sheet.",Previously Described,Paints > Exterior,"exterior paint, architectural paint, weather-resistant coating, exterior coating",Benjamin Moore,MOO01,https://raw.githubusercontent.com/kinggoff/NewSteelesImages/main/review-images/legacy-bm-000000014-ultraspecexterior_exteriorpaint_benjaminmoore.png?raw=true,Image already existed,Finishes,Flat | Satin |  Soft Gloss | Low Lustre,1,1,,,,,"Flat=https://raw.githubusercontent.com/kinggoff/NewSteelesImages/main/PDFs/SDS/benjamin-moore-Y4471X_SDS_EN.pdf?raw=true, https://raw.githubusercontent.com/kinggoff/NewSteelesImages/main/PDFs/SDS/benjamin-moore-Y4472X_SDS_EN.pdf?raw=true, https://raw.githubusercontent.com/kinggoff/NewSteelesImages/main/PDFs/SDS/benjamin-moore-Y4473X_SDS_EN.pdf?raw=true, https://raw.githubusercontent.com/kinggoff/NewSteelesImages/main/PDFs/SDS/benjamin-moore-Y4474X_SDS_EN.pdf?raw=true, https://raw.githubusercontent.com/kinggoff/NewSteelesImages/main/PDFs/SDS/benjamin-moore-Y44701_SDS_EN.pdf?raw=true|Low Lustre=https://raw.githubusercontent.com/kinggoff/NewSteelesImages/main/PDFs/SDS/benjamin-moore-Y4551X_SDS_EN.pdf?raw=true, https://raw.githubusercontent.com/kinggoff/NewSteelesImages/main/PDFs/SDS/benjamin-moore-Y4552X_SDS_EN.pdf?raw=true, https://raw.githubusercontent.com/kinggoff/NewSteelesImages/main/PDFs/SDS/benjamin-moore-Y4553X_SDS_EN.pdf?raw=true, https://raw.githubusercontent.com/kinggoff/NewSteelesImages/main/PDFs/SDS/benjamin-moore-Y4554X_SDS_EN.pdf?raw=true, https://raw.githubusercontent.com/kinggoff/NewSteelesImages/main/PDFs/SDS/benjamin-moore-Y45501_SDS_EN.pdf?raw=true|Satin=https://raw.githubusercontent.com/kinggoff/NewSteelesImages/main/PDFs/SDS/benjamin-moore-Y4481X_SDS_EN.pdf?raw=true, https://raw.githubusercontent.com/kinggoff/NewSteelesImages/main/PDFs/SDS/benjamin-moore-Y4482X_SDS_EN.pdf?raw=true, https://raw.githubusercontent.com/kinggoff/NewSteelesImages/main/PDFs/SDS/benjamin-moore-Y4483X_SDS_EN.pdf?raw=true, https://raw.githubusercontent.com/kinggoff/NewSteelesImages/main/PDFs/SDS/benjamin-moore-Y4484X_SDS_EN.pdf?raw=true, https://raw.githubusercontent.com/kinggoff/NewSteelesImages/main/PDFs/SDS/benjamin-moore-Y44801_SDS_EN.pdf?raw=true|Soft Gloss=https://raw.githubusercontent.com/kinggoff/NewSteelesImages/main/PDFs/SDS/benjamin-moore-Y4491X_SDS_EN.pdf?raw=true, https://raw.githubusercontent.com/kinggoff/NewSteelesImages/main/PDFs/SDS/benjamin-moore-Y4492X_SDS_EN.pdf?raw=true, https://raw.githubusercontent.com/kinggoff/NewSteelesImages/main/PDFs/SDS/benjamin-moore-Y4493X_SDS_EN.pdf?raw=true, https://raw.githubusercontent.com/kinggoff/NewSteelesImages/main/PDFs/SDS/benjamin-moore-Y4494X_SDS_EN.pdf?raw=true, https://raw.githubusercontent.com/kinggoff/NewSteelesImages/main/PDFs/SDS/benjamin-moore-Y44901_SDS_EN.pdf?raw=true",Flat=https://raw.githubusercontent.com/kinggoff/NewSteelesImages/main/PDFs/TDS/benjamin-moore-Y447_TDS_CE.pdf?raw=true|Low Lustre=https://raw.githubusercontent.com/kinggoff/NewSteelesImages/main/PDFs/TDS/benjamin-moore-Y455_TDS_CE.pdf?raw=true|Satin=https://raw.githubusercontent.com/kinggoff/NewSteelesImages/main/PDFs/TDS/benjamin-moore-Y448_TDS_CE.pdf?raw=true|Soft Gloss=https://raw.githubusercontent.com/kinggoff/NewSteelesImages/main/PDFs/TDS/benjamin-moore-Y449_TDS_CE.pdf?raw=true,"Flat=https://raw.githubusercontent.com/kinggoff/NewSteelesImages/main/PDFs/SDS/benjamin-moore-Y4471X_SDS_EN.pdf?raw=true, https://raw.githubusercontent.com/kinggoff/NewSteelesImages/main/PDFs/SDS/benjamin-moore-Y4472X_SDS_EN.pdf?raw=true, https://raw.githubusercontent.com/kinggoff/NewSteelesImages/main/PDFs/SDS/benjamin-moore-Y4473X_SDS_EN.pdf?raw=true, https://raw.githubusercontent.com/kinggoff/NewSteelesImages/main/PDFs/SDS/benjamin-moore-Y4474X_SDS_EN.pdf?raw=true, https://raw.githubusercontent.com/kinggoff/NewSteelesImages/main/PDFs/SDS/benjamin-moore-Y44701_SDS_EN.pdf?raw=true|Low Lustre=https://raw.githubusercontent.com/kinggoff/NewSteelesImages/main/PDFs/SDS/benjamin-moore-Y4551X_SDS_EN.pdf?raw=true, https://raw.githubusercontent.com/kinggoff/NewSteelesImages/main/PDFs/SDS/benjamin-moore-Y4552X_SDS_EN.pdf?raw=true, https://raw.githubusercontent.com/kinggoff/NewSteelesImages/main/PDFs/SDS/benjamin-moore-Y4553X_SDS_EN.pdf?raw=true, https://raw.githubusercontent.com/kinggoff/NewSteelesImages/main/PDFs/SDS/benjamin-moore-Y4554X_SDS_EN.pdf?raw=true, https://raw.githubusercontent.com/kinggoff/NewSteelesImages/main/PDFs/SDS/benjamin-moore-Y45501_SDS_EN.pdf?raw=true|Satin=https://raw.githubusercontent.com/kinggoff/NewSteelesImages/main/PDFs/SDS/benjamin-moore-Y4481X_SDS_EN.pdf?raw=true, https://raw.githubusercontent.com/kinggoff/NewSteelesImages/main/PDFs/SDS/benjamin-moore-Y4482X_SDS_EN.pdf?raw=true, https://raw.githubusercontent.com/kinggoff/NewSteelesImages/main/PDFs/SDS/benjamin-moore-Y4483X_SDS_EN.pdf?raw=true, https://raw.githubusercontent.com/kinggoff/NewSteelesImages/main/PDFs/SDS/benjamin-moore-Y4484X_SDS_EN.pdf?raw=true, https://raw.githubusercontent.com/kinggoff/NewSteelesImages/main/PDFs/SDS/benjamin-moore-Y44801_SDS_EN.pdf?raw=true|Soft Gloss=https://raw.githubusercontent.com/kinggoff/NewSteelesImages/main/PDFs/SDS/benjamin-moore-Y4491X_SDS_EN.pdf?raw=true, https://raw.githubusercontent.com/kinggoff/NewSteelesImages/main/PDFs/SDS/benjamin-moore-Y4492X_SDS_EN.pdf?raw=true, https://raw.githubusercontent.com/kinggoff/NewSteelesImages/main/PDFs/SDS/benjamin-moore-Y4493X_SDS_EN.pdf?raw=true, https://raw.githubusercontent.com/kinggoff/NewSteelesImages/main/PDFs/SDS/benjamin-moore-Y4494X_SDS_EN.pdf?raw=true, https://raw.githubusercontent.com/kinggoff/NewSteelesImages/main/PDFs/SDS/benjamin-moore-Y44901_SDS_EN.pdf?raw=true",,Flat=https://raw.githubusercontent.com/kinggoff/NewSteelesImages/main/PDFs/TDS/benjamin-moore-Y447_TDS_CE.pdf?raw=true|Low Lustre=https://raw.githubusercontent.com/kinggoff/NewSteelesImages/main/PDFs/TDS/benjamin-moore-Y455_TDS_CE.pdf?raw=true|Satin=https://raw.githubusercontent.com/kinggoff/NewSteelesImages/main/PDFs/TDS/benjamin-moore-Y448_TDS_CE.pdf?raw=true|Soft Gloss=https://raw.githubusercontent.com/kinggoff/NewSteelesImages/main/PDFs/TDS/benjamin-moore-Y449_TDS_CE.pdf?raw=true,,55ff8f70fc8a51547c25d718393163a0524da7149814c26eb5131fc6cc854365,6100f4ef90b99f2a926471849ccf8257c3cf6b3e0740d7aebb1f6b56336f6c0a
simple,Woodluxe Water-Based Waterproofing Exterior Stain + Sealer,15,BM-000000015,,"Benjamin Moore woodluxe Water-Based Stain & Sealer is an innovative exterior stain that showcases the wood grain while providing advanced all-weather, UV- and mildew-resistant protection with easy soap-and-water cleanup. Confirm preparation, compatibility, application, coverage and recoat requirements in the current label or technical data sheet.",Previously Described,Paints > Stains & Varnishes,"exterior wood stain, penetrating wood finish, wood stain, exterior wood finish, wood sealer, waterproofing stain, water-based wood finish",Benjamin Moore,MOO01,https://raw.githubusercontent.com/kinggoff/NewSteelesImages/main/review-images/legacy-bm-000000015-woodluxestainsealer_exteriorstain_benjaminmoore.png?raw=true,Image already existed,Finishes,Translucent | Semi Transparent | Semi Solid | Solid | Ultra Flat Solid,1,1,,,,,"Semi Solid=https://raw.githubusercontent.com/kinggoff/NewSteelesImages/main/PDFs/SDS/benjamin-moore-K69301_SDS_EN.pdf?raw=true, https://raw.githubusercontent.com/kinggoff/NewSteelesImages/main/PDFs/SDS/benjamin-moore-K69306_SDS_EN.pdf?raw=true|Semi Transparent=https://raw.githubusercontent.com/kinggoff/NewSteelesImages/main/PDFs/SDS/benjamin-moore-K69206_SDS_EN.pdf?raw=true|Translucent=https://raw.githubusercontent.com/kinggoff/NewSteelesImages/main/PDFs/SDS/benjamin-moore-K69178_SDS_EN.pdf?raw=true, https://raw.githubusercontent.com/kinggoff/NewSteelesImages/main/PDFs/SDS/benjamin-moore-K69140_SDS_EN.pdf?raw=true, https://raw.githubusercontent.com/kinggoff/NewSteelesImages/main/PDFs/SDS/benjamin-moore-K69165_SDS_EN.pdf?raw=true, https://raw.githubusercontent.com/kinggoff/NewSteelesImages/main/PDFs/SDS/benjamin-moore-K69160_SDS_EN.pdf?raw=true, https://raw.githubusercontent.com/kinggoff/NewSteelesImages/main/PDFs/SDS/benjamin-moore-K69110_SDS_EN.pdf?raw=true, https://raw.githubusercontent.com/kinggoff/NewSteelesImages/main/PDFs/SDS/benjamin-moore-K69120_SDS_EN.pdf?raw=true, https://raw.githubusercontent.com/kinggoff/NewSteelesImages/main/PDFs/SDS/benjamin-moore-K69130_SDS_EN.pdf?raw=true",Semi Solid=https://raw.githubusercontent.com/kinggoff/NewSteelesImages/main/PDFs/TDS/benjamin-moore-K693_TDS_CE.pdf?raw=true|Semi Transparent=https://raw.githubusercontent.com/kinggoff/NewSteelesImages/main/PDFs/TDS/benjamin-moore-K692_TDS_CE.pdf?raw=true|Translucent=https://raw.githubusercontent.com/kinggoff/NewSteelesImages/main/PDFs/TDS/benjamin-moore-K691_TDS_CE.pdf?raw=true,"Semi Solid=https://raw.githubusercontent.com/kinggoff/NewSteelesImages/main/PDFs/SDS/benjamin-moore-K69301_SDS_EN.pdf?raw=true, https://raw.githubusercontent.com/kinggoff/NewSteelesImages/main/PDFs/SDS/benjamin-moore-K69306_SDS_EN.pdf?raw=true|Semi Transparent=https://raw.githubusercontent.com/kinggoff/NewSteelesImages/main/PDFs/SDS/benjamin-moore-K69206_SDS_EN.pdf?raw=true|Translucent=https://raw.githubusercontent.com/kinggoff/NewSteelesImages/main/PDFs/SDS/benjamin-moore-K69178_SDS_EN.pdf?raw=true, https://raw.githubusercontent.com/kinggoff/NewSteelesImages/main/PDFs/SDS/benjamin-moore-K69140_SDS_EN.pdf?raw=true, https://raw.githubusercontent.com/kinggoff/NewSteelesImages/main/PDFs/SDS/benjamin-moore-K69165_SDS_EN.pdf?raw=true, https://raw.githubusercontent.com/kinggoff/NewSteelesImages/main/PDFs/SDS/benjamin-moore-K69160_SDS_EN.pdf?raw=true, https://raw.githubusercontent.com/kinggoff/NewSteelesImages/main/PDFs/SDS/benjamin-moore-K69110_SDS_EN.pdf?raw=true, https://raw.githubusercontent.com/kinggoff/NewSteelesImages/main/PDFs/SDS/benjamin-moore-K69120_SDS_EN.pdf?raw=true, https://raw.githubusercontent.com/kinggoff/NewSteelesImages/main/PDFs/SDS/benjamin-moore-K69130_SDS_EN.pdf?raw=true",,Semi Solid=https://raw.githubusercontent.com/kinggoff/NewSteelesImages/main/PDFs/TDS/benjamin-moore-K693_TDS_CE.pdf?raw=true|Semi Transparent=https://raw.githubusercontent.com/kinggoff/NewSteelesImages/main/PDFs/TDS/benjamin-moore-K692_TDS_CE.pdf?raw=true|Translucent=https://raw.githubusercontent.com/kinggoff/NewSteelesImages/main/PDFs/TDS/benjamin-moore-K691_TDS_CE.pdf?raw=true,,035d1f43c52da023d08666f5458bab21f41165c4cccffff5f1529263fec1b02a,2fb93784eb1b0642e29de5ec0ed3489d3e4083de918c32dab8c81b2d714e71c9
simple,Woodluxe Oil-Based Waterproofing Exterior Stain + Sealer,16,BM-000000016,,"Benjamin Moore woodluxe Oil-Based Stain & Sealer uses penetrating oils to enrich wood grain with a classic oil look, while delivering UV- and mildew-resistant, all-weather protection and reduced cracking and peeling. Confirm preparation, compatibility, application, coverage and recoat requirements in the current label or technical data sheet.",Previously Described,Paints > Stains & Varnishes,"exterior wood stain, penetrating wood finish, wood stain, exterior wood finish, wood sealer, waterproofing stain, oil-based wood finish",Benjamin Moore,MOO01,https://raw.githubusercontent.com/kinggoff/NewSteelesImages/main/review-images/legacy-bm-000000016-woodluxeoilbasedstainsealer_exteriorstain_benjaminmoore.png?raw=true,Image already existed,Finishes,,1,1,,,,,"Semi Solid=https://raw.githubusercontent.com/kinggoff/NewSteelesImages/main/PDFs/SDS/benjamin-moore-K59306_SDS_EN.pdf?raw=true|Semi Transparent=https://raw.githubusercontent.com/kinggoff/NewSteelesImages/main/PDFs/SDS/benjamin-moore-K59206_SDS_EN.pdf?raw=true|Translucent=https://raw.githubusercontent.com/kinggoff/NewSteelesImages/main/PDFs/SDS/benjamin-moore-K59178_SDS_EN.pdf?raw=true, https://raw.githubusercontent.com/kinggoff/NewSteelesImages/main/PDFs/SDS/benjamin-moore-K59140_SDS_EN.pdf?raw=true, https://raw.githubusercontent.com/kinggoff/NewSteelesImages/main/PDFs/SDS/benjamin-moore-K59165_SDS_EN.pdf?raw=true, https://raw.githubusercontent.com/kinggoff/NewSteelesImages/main/PDFs/SDS/benjamin-moore-K59160_SDS_EN.pdf?raw=true, https://raw.githubusercontent.com/kinggoff/NewSteelesImages/main/PDFs/SDS/benjamin-moore-K59110_SDS_EN.pdf?raw=true, https://raw.githubusercontent.com/kinggoff/NewSteelesImages/main/PDFs/SDS/benjamin-moore-K59120_SDS_EN.pdf?raw=true, https://raw.githubusercontent.com/kinggoff/NewSteelesImages/main/PDFs/SDS/benjamin-moore-K59130_SDS_EN.pdf?raw=true",Semi Solid=https://raw.githubusercontent.com/kinggoff/NewSteelesImages/main/PDFs/TDS/benjamin-moore-K593_TDS_CE.pdf?raw=true|Semi Transparent=https://raw.githubusercontent.com/kinggoff/NewSteelesImages/main/PDFs/TDS/benjamin-moore-K592_TDS_CE.pdf?raw=true|Translucent=https://raw.githubusercontent.com/kinggoff/NewSteelesImages/main/PDFs/TDS/benjamin-moore-K591_TDS_CE.pdf?raw=true,"Semi Solid=https://raw.githubusercontent.com/kinggoff/NewSteelesImages/main/PDFs/SDS/benjamin-moore-K59306_SDS_EN.pdf?raw=true|Semi Transparent=https://raw.githubusercontent.com/kinggoff/NewSteelesImages/main/PDFs/SDS/benjamin-moore-K59206_SDS_EN.pdf?raw=true|Translucent=https://raw.githubusercontent.com/kinggoff/NewSteelesImages/main/PDFs/SDS/benjamin-moore-K59178_SDS_EN.pdf?raw=true, https://raw.githubusercontent.com/kinggoff/NewSteelesImages/main/PDFs/SDS/benjamin-moore-K59140_SDS_EN.pdf?raw=true, https://raw.githubusercontent.com/kinggoff/NewSteelesImages/main/PDFs/SDS/benjamin-moore-K59165_SDS_EN.pdf?raw=true, https://raw.githubusercontent.com/kinggoff/NewSteelesImages/main/PDFs/SDS/benjamin-moore-K59160_SDS_EN.pdf?raw=true, https://raw.githubusercontent.com/kinggoff/NewSteelesImages/main/PDFs/SDS/benjamin-moore-K59110_SDS_EN.pdf?raw=true, https://raw.githubusercontent.com/kinggoff/NewSteelesImages/main/PDFs/SDS/benjamin-moore-K59120_SDS_EN.pdf?raw=true, https://raw.githubusercontent.com/kinggoff/NewSteelesImages/main/PDFs/SDS/benjamin-moore-K59130_SDS_EN.pdf?raw=true",,Semi Solid=https://raw.githubusercontent.com/kinggoff/NewSteelesImages/main/PDFs/TDS/benjamin-moore-K593_TDS_CE.pdf?raw=true|Semi Transparent=https://raw.githubusercontent.com/kinggoff/NewSteelesImages/main/PDFs/TDS/benjamin-moore-K592_TDS_CE.pdf?raw=true|Translucent=https://raw.githubusercontent.com/kinggoff/NewSteelesImages/main/PDFs/TDS/benjamin-moore-K591_TDS_CE.pdf?raw=true,,25721cfd0b4a1835301d172dcd8731113858fbfb95daacc6f6e3b40394ac5ace,9cf4d49f909509c6fb4bdf1ea0ed406602619e76f47aadba3e94ce7302c7814b
simple,Woodluxe Water-Based Deck + Siding Exterior Stain,17,BM-000000017,,"Benjamin Moore woodluxe Water-Based Deck Exterior stain is designed for decks, siding, and fences, minimizing film build to reduce cracking and peeling while providing UV- and mildew-resistant protection in a wide range of colours. Confirm preparation, compatibility, application, coverage and recoat requirements in the current label or technical data sheet.",Previously Described,Paints > Stains & Varnishes,"deck stain, exterior wood stain, wood stain, exterior wood finish, penetrating wood finish",Benjamin Moore,MOO01,https://raw.githubusercontent.com/kinggoff/NewSteelesImages/main/review-images/legacy-bm-000000017-woodluxedecksiding_exteriorstain_benjaminmoore.png?raw=true,Image already existed,Finishes,Solid | Translucent | Semi Transparent | Semi Solid | Ultra Flat Solid,1,1,,,,,"Solid=https://raw.githubusercontent.com/kinggoff/NewSteelesImages/main/PDFs/SDS/benjamin-moore-K6941X_SDS_EN.pdf?raw=true, https://raw.githubusercontent.com/kinggoff/NewSteelesImages/main/PDFs/SDS/benjamin-moore-K6942X_SDS_EN.pdf?raw=true, https://raw.githubusercontent.com/kinggoff/NewSteelesImages/main/PDFs/SDS/benjamin-moore-K6943X_SDS_EN.pdf?raw=true, https://raw.githubusercontent.com/kinggoff/NewSteelesImages/main/PDFs/SDS/benjamin-moore-K6944X_SDS_EN.pdf?raw=true, https://raw.githubusercontent.com/kinggoff/NewSteelesImages/main/PDFs/SDS/benjamin-moore-K69401_SDS_EN.pdf?raw=true",Solid=https://raw.githubusercontent.com/kinggoff/NewSteelesImages/main/PDFs/TDS/benjamin-moore-K694_TDS_CE.pdf?raw=true|Semi Solid=https://raw.githubusercontent.com/kinggoff/NewSteelesImages/main/PDFs/TDS/benjamin-moore-K693_TDS_CE.pdf?raw=true|Semi Transparent=https://raw.githubusercontent.com/kinggoff/NewSteelesImages/main/PDFs/TDS/benjamin-moore-K692_TDS_CE.pdf?raw=true|Translucent=https://raw.githubusercontent.com/kinggoff/NewSteelesImages/main/PDFs/TDS/benjamin-moore-K691_TDS_CE.pdf?raw=true,"Solid=https://raw.githubusercontent.com/kinggoff/NewSteelesImages/main/PDFs/SDS/benjamin-moore-K6941X_SDS_EN.pdf?raw=true, https://raw.githubusercontent.com/kinggoff/NewSteelesImages/main/PDFs/SDS/benjamin-moore-K6942X_SDS_EN.pdf?raw=true, https://raw.githubusercontent.com/kinggoff/NewSteelesImages/main/PDFs/SDS/benjamin-moore-K6943X_SDS_EN.pdf?raw=true, https://raw.githubusercontent.com/kinggoff/NewSteelesImages/main/PDFs/SDS/benjamin-moore-K6944X_SDS_EN.pdf?raw=true, https://raw.githubusercontent.com/kinggoff/NewSteelesImages/main/PDFs/SDS/benjamin-moore-K69401_SDS_EN.pdf?raw=true",,Solid=https://raw.githubusercontent.com/kinggoff/NewSteelesImages/main/PDFs/TDS/benjamin-moore-K694_TDS_CE.pdf?raw=true|Semi Solid=https://raw.githubusercontent.com/kinggoff/NewSteelesImages/main/PDFs/TDS/benjamin-moore-K693_TDS_CE.pdf?raw=true|Semi Transparent=https://raw.githubusercontent.com/kinggoff/NewSteelesImages/main/PDFs/TDS/benjamin-moore-K692_TDS_CE.pdf?raw=true|Translucent=https://raw.githubusercontent.com/kinggoff/NewSteelesImages/main/PDFs/TDS/benjamin-moore-K691_TDS_CE.pdf?raw=true,,ea1fbfe068782418bb990d4dc6f45403d66f297bddb0920a3ad578c4016f1f23,9efc7693860b099ac467be141d18cef2e925d838cd434c4ff1d9da2623608aff
simple,Fresh Start High-Hiding All-Purpose Primer,18,BM-000000018,,"Benjamin Moore Fresh Start High-Hiding all-purpose primer is an acrylic, fast-drying primer that delivers maximum hide, strong adhesion, and effective stain blocking, making it ideal when you need to cover deep colours or problem areas. Confirm preparation, compatibility, application, coverage and recoat requirements in the current label or technical data sheet.",Previously Described,Paints > Primers,"primer, primer sealer, surface preparation coating, basecoat",Benjamin Moore,MOO01,https://raw.githubusercontent.com/kinggoff/NewSteelesImages/main/review-images/legacy-bm-000000018-freshstarthighhiding_primer_benjaminmoore.png?raw=true,Image already existed,Finishes,,1,1,,,,,"Primer=https://raw.githubusercontent.com/kinggoff/NewSteelesImages/main/PDFs/SDS/benjamin-moore-K04600_SDS_EN.pdf?raw=true, https://raw.githubusercontent.com/kinggoff/NewSteelesImages/main/PDFs/SDS/benjamin-moore-K04604_SDS_EN.pdf?raw=true",Primer=https://raw.githubusercontent.com/kinggoff/NewSteelesImages/main/PDFs/TDS/benjamin-moore-K046_TDS_CE.pdf?raw=true,"Primer=https://raw.githubusercontent.com/kinggoff/NewSteelesImages/main/PDFs/SDS/benjamin-moore-K04600_SDS_EN.pdf?raw=true, https://raw.githubusercontent.com/kinggoff/NewSteelesImages/main/PDFs/SDS/benjamin-moore-K04604_SDS_EN.pdf?raw=true",,Primer=https://raw.githubusercontent.com/kinggoff/NewSteelesImages/main/PDFs/TDS/benjamin-moore-K046_TDS_CE.pdf?raw=true,,751f9353c02cb7cc22861c8c6585eb406d49c3fb88ec65fe8e02d5887dff4ce9,3dfc3281daa6c70aab6b371dd3e914307d654f2f2c47ea2989bf999f9220c7f8
simple,Stix Waterborne Bonding Primer,19,I-000000019,,"Insl-X Stix Waterborne Bonding Primer is a premium acrylic-urethane primer/sealer with exceptional adhesion to challenging surfaces such as glossy tile, PVC, vinyl, glass, and pre-finished siding, creating a tough base for almost any topcoat. Confirm preparation, compatibility, application, coverage and recoat requirements in the current label or technical data sheet.",Previously Described,Paints > Primers,"bonding primer, adhesion primer, primer, surface preparation coating, primer sealer, basecoat",Insl-X,MOO01,https://raw.githubusercontent.com/kinggoff/NewSteelesImages/main/review-images/legacy-i-000000019-inslxstix_primer_inslx.png?raw=true,Image already existed,Finishes,,1,1,,,,,Primer=https://raw.githubusercontent.com/kinggoff/NewSteelesImages/main/PDFs/SDS/insl-x-SXA-1100F_SDS_EN.pdf?raw=true,Primer=https://raw.githubusercontent.com/kinggoff/NewSteelesImages/main/PDFs/TDS/insl-x-SXA110_TDS_CE.pdf?raw=true,Primer=https://raw.githubusercontent.com/kinggoff/NewSteelesImages/main/PDFs/SDS/insl-x-SXA-1100F_SDS_EN.pdf?raw=true,,Primer=https://raw.githubusercontent.com/kinggoff/NewSteelesImages/main/PDFs/TDS/insl-x-SXA110_TDS_CE.pdf?raw=true,,286ab4f952cbf8906ff70c3be35430025cb6c21dbca291f43dec46d724a1f165,6b8120e92df51ca32e0c42fe1208982af12d886a092a7aaf972a9fee1b3655c5
simple,Fast Sanding Primer,20,BM-000000020,,"Benjamin Moore Fast Sanding Primer is an interior acrylic primer that Sands quickly to a smooth powder, providing an ultra-smooth, well-sealed base coat that levels beautifully for high-end finishes on wood, drywall, and plaster. Match it to the surface, work progressively, and use suitable eye, hand and respiratory protection for the material being removed.",Previously Described,Paints > Primers,"sanding primer, interior primer, primer sealer, surface preparation coating, primer, basecoat",Benjamin Moore,MOO01,https://raw.githubusercontent.com/kinggoff/NewSteelesImages/main/review-images/legacy-bm-000000020-fastssandingprimer_primer_benjaminmoore.png?raw=true,Image already existed,Finishes,,1,1,,,,,Primer=https://raw.githubusercontent.com/kinggoff/NewSteelesImages/main/PDFs/SDS/benjamin-moore-K50700_SDS_EN.pdf?raw=true,Primer=https://raw.githubusercontent.com/kinggoff/NewSteelesImages/main/PDFs/TDS/benjamin-moore-K507_TDS_CE.pdf?raw=true,Primer=https://raw.githubusercontent.com/kinggoff/NewSteelesImages/main/PDFs/SDS/benjamin-moore-K50700_SDS_EN.pdf?raw=true,,Primer=https://raw.githubusercontent.com/kinggoff/NewSteelesImages/main/PDFs/TDS/benjamin-moore-K507_TDS_CE.pdf?raw=true,,27fd42d2042bdf0c853b32e9e06722a267dbda9b7f296a84ff7ce7949bf874d1,e656555bc1069418dfea21a2bfb54e5d92557241cf0414f714a53fca2ecd6499
simple,Drywall Primer,21,BM-000000021,,"Benjamin Moore Drywall Primer is an acrylic latex sealer formulated for new or previously painted drywall and plaster, offering high hiding power, excellent sealing, and fast dry times for a uniform finish. Confirm preparation, compatibility, application, coverage and recoat requirements in the current label or technical data sheet.",Previously Described,Paints > Primers,"drywall primer, interior primer, primer sealer, surface preparation coating, primer, basecoat",Benjamin Moore,MOO01,https://raw.githubusercontent.com/kinggoff/NewSteelesImages/main/review-images/legacy-bm-000000021-drywallprimer_primer_benjaminmoore.png?raw=true,Image already existed,Finishes,,1,1,,,,,Primer=https://raw.githubusercontent.com/kinggoff/NewSteelesImages/main/PDFs/SDS/benjamin-moore-K26500_SDS_EN.pdf?raw=true,Primer=https://raw.githubusercontent.com/kinggoff/NewSteelesImages/main/PDFs/TDS/benjamin-moore-K265_TDS_CE.pdf?raw=true,Primer=https://raw.githubusercontent.com/kinggoff/NewSteelesImages/main/PDFs/SDS/benjamin-moore-K26500_SDS_EN.pdf?raw=true,,Primer=https://raw.githubusercontent.com/kinggoff/NewSteelesImages/main/PDFs/TDS/benjamin-moore-K265_TDS_CE.pdf?raw=true,,fc185c931275eea99ebf33d08b5455c0ad5670aff0ee4357109b6b2043889347,5e7ab923ccb5e7f8f8a8583ac2950ea0bec90665a652e0ca99e4883e4de71fd7
simple,Advance Interior Paint,22,BM-000000022,,"Benjamin Moore advance interior is a premium waterborne alkyd paint that levels like a traditional oil, delivering a hard, furniture-quality finish on doors, trim, and cabinets with low odour and easy soap-and-water cleanup. Confirm preparation, compatibility, application, coverage and recoat requirements in the current label or technical data sheet.",Previously Described,Paints > Interior,"interior paint, architectural paint, wall paint, interior coating, cabinet paint, trim enamel, interior enamel, architectural coating",Benjamin Moore,MOO01,https://raw.githubusercontent.com/kinggoff/NewSteelesImages/main/review-images/legacy-bm-000000022-advance_specialty_benjaminmoore.png?raw=true,Image already existed,Finishes,Semi Gloss | Satin | High Gloss,1,1,,,,,"High Gloss=https://raw.githubusercontent.com/kinggoff/NewSteelesImages/main/PDFs/SDS/benjamin-moore-K79401_MSDS_EN.pdf?raw=true, https://raw.githubusercontent.com/kinggoff/NewSteelesImages/main/PDFs/SDS/benjamin-moore-K7941X_MSDS_EN.pdf?raw=true, https://raw.githubusercontent.com/kinggoff/NewSteelesImages/main/PDFs/SDS/benjamin-moore-K7942X_MSDS_EN.pdf?raw=true, https://raw.githubusercontent.com/kinggoff/NewSteelesImages/main/PDFs/SDS/benjamin-moore-K7943X_MSDS_EN.pdf?raw=true, https://raw.githubusercontent.com/kinggoff/NewSteelesImages/main/PDFs/SDS/benjamin-moore-K7944X_MSDS_EN.pdf?raw=true|Satin=https://raw.githubusercontent.com/kinggoff/NewSteelesImages/main/PDFs/SDS/benjamin-moore-K79201_SDS_EN.pdf?raw=true, https://raw.githubusercontent.com/kinggoff/NewSteelesImages/main/PDFs/SDS/benjamin-moore-K7921X_SDS_EN.pdf?raw=true, https://raw.githubusercontent.com/kinggoff/NewSteelesImages/main/PDFs/SDS/benjamin-moore-K7922X_SDS_EN.pdf?raw=true, https://raw.githubusercontent.com/kinggoff/NewSteelesImages/main/PDFs/SDS/benjamin-moore-K7923X_SDS_EN.pdf?raw=true, https://raw.githubusercontent.com/kinggoff/NewSteelesImages/main/PDFs/SDS/benjamin-moore-K7924X_SDS_EN.pdf?raw=true|Semi Gloss=https://raw.githubusercontent.com/kinggoff/NewSteelesImages/main/PDFs/SDS/benjamin-moore-K79301_SDS_EN.pdf?raw=true, https://raw.githubusercontent.com/kinggoff/NewSteelesImages/main/PDFs/SDS/benjamin-moore-K7931X_SDS_EN.pdf?raw=true, https://raw.githubusercontent.com/kinggoff/NewSteelesImages/main/PDFs/SDS/benjamin-moore-K7932X_SDS_EN.pdf?raw=true, https://raw.githubusercontent.com/kinggoff/NewSteelesImages/main/PDFs/SDS/benjamin-moore-K7933X_SDS_EN.pdf?raw=true, https://raw.githubusercontent.com/kinggoff/NewSteelesImages/main/PDFs/SDS/benjamin-moore-K7934X_SDS_EN.pdf?raw=true, https://raw.githubusercontent.com/kinggoff/NewSteelesImages/main/PDFs/SDS/benjamin-moore-K79380_SDS_EN.pdf?raw=true",High Gloss=https://raw.githubusercontent.com/kinggoff/NewSteelesImages/main/PDFs/TDS/benjamin-moore-F794_TDS_CE.pdf?raw=true|Satin=https://raw.githubusercontent.com/kinggoff/NewSteelesImages/main/PDFs/TDS/benjamin-moore-K792_TDS_CE.pdf?raw=true|Semi Gloss=https://raw.githubusercontent.com/kinggoff/NewSteelesImages/main/PDFs/TDS/benjamin-moore-K793_TDS_CE.pdf?raw=true,"High Gloss=https://raw.githubusercontent.com/kinggoff/NewSteelesImages/main/PDFs/SDS/benjamin-moore-K79401_MSDS_EN.pdf?raw=true, https://raw.githubusercontent.com/kinggoff/NewSteelesImages/main/PDFs/SDS/benjamin-moore-K7941X_MSDS_EN.pdf?raw=true, https://raw.githubusercontent.com/kinggoff/NewSteelesImages/main/PDFs/SDS/benjamin-moore-K7942X_MSDS_EN.pdf?raw=true, https://raw.githubusercontent.com/kinggoff/NewSteelesImages/main/PDFs/SDS/benjamin-moore-K7943X_MSDS_EN.pdf?raw=true, https://raw.githubusercontent.com/kinggoff/NewSteelesImages/main/PDFs/SDS/benjamin-moore-K7944X_MSDS_EN.pdf?raw=true|Satin=https://raw.githubusercontent.com/kinggoff/NewSteelesImages/main/PDFs/SDS/benjamin-moore-K79201_SDS_EN.pdf?raw=true, https://raw.githubusercontent.com/kinggoff/NewSteelesImages/main/PDFs/SDS/benjamin-moore-K7921X_SDS_EN.pdf?raw=true, https://raw.githubusercontent.com/kinggoff/NewSteelesImages/main/PDFs/SDS/benjamin-moore-K7922X_SDS_EN.pdf?raw=true, https://raw.githubusercontent.com/kinggoff/NewSteelesImages/main/PDFs/SDS/benjamin-moore-K7923X_SDS_EN.pdf?raw=true, https://raw.githubusercontent.com/kinggoff/NewSteelesImages/main/PDFs/SDS/benjamin-moore-K7924X_SDS_EN.pdf?raw=true|Semi Gloss=https://raw.githubusercontent.com/kinggoff/NewSteelesImages/main/PDFs/SDS/benjamin-moore-K79301_SDS_EN.pdf?raw=true, https://raw.githubusercontent.com/kinggoff/NewSteelesImages/main/PDFs/SDS/benjamin-moore-K7931X_SDS_EN.pdf?raw=true, https://raw.githubusercontent.com/kinggoff/NewSteelesImages/main/PDFs/SDS/benjamin-moore-K7932X_SDS_EN.pdf?raw=true, https://raw.githubusercontent.com/kinggoff/NewSteelesImages/main/PDFs/SDS/benjamin-moore-K7933X_SDS_EN.pdf?raw=true, https://raw.githubusercontent.com/kinggoff/NewSteelesImages/main/PDFs/SDS/benjamin-moore-K7934X_SDS_EN.pdf?raw=true, https://raw.githubusercontent.com/kinggoff/NewSteelesImages/main/PDFs/SDS/benjamin-moore-K79380_SDS_EN.pdf?raw=true",,High Gloss=https://raw.githubusercontent.com/kinggoff/NewSteelesImages/main/PDFs/TDS/benjamin-moore-F794_TDS_CE.pdf?raw=true|Satin=https://raw.githubusercontent.com/kinggoff/NewSteelesImages/main/PDFs/TDS/benjamin-moore-K792_TDS_CE.pdf?raw=true|Semi Gloss=https://raw.githubusercontent.com/kinggoff/NewSteelesImages/main/PDFs/TDS/benjamin-moore-K793_TDS_CE.pdf?raw=true,,fbea408532b29008d8d7e0f59bcbdb67c44383960e31040fa1c04bf52e8609cc,64cfe859a38982d425566ae66d3ee74e419855066cf56c0fc411ba431e2c2bac
simple,Floor & Patio Latex Enamel,23,BM-000000023,,"Benjamin Moore Floor & Patio latex enamels are quick-drying, epoxy-modified acrylic floor paints that resist soaps, detergents, grease, and oil while providing a smooth, durable finish for interior and exterior concrete and wood floors. Confirm preparation, compatibility, application, coverage and recoat requirements in the current label or technical data sheet.",Previously Described,Paints > Exterior,"floor paint, porch and patio paint, concrete floor coating, protective coating",Benjamin Moore,MOO01,https://raw.githubusercontent.com/kinggoff/NewSteelesImages/main/review-images/legacy-bm-000000023-floorpatiolatexenamel_specialtypaint_benjaminmoore.png?raw=true,Image already existed,Finishes,High Gloss | Low Sheen,1,1,,,,,"Low Sheen=https://raw.githubusercontent.com/kinggoff/NewSteelesImages/main/PDFs/SDS/benjamin-moore-F12201_SDS_EN.pdf?raw=true, https://raw.githubusercontent.com/kinggoff/NewSteelesImages/main/PDFs/SDS/benjamin-moore-F1221X_SDS_EN.pdf?raw=true, https://raw.githubusercontent.com/kinggoff/NewSteelesImages/main/PDFs/SDS/benjamin-moore-F1222X_SDS_EN.pdf?raw=true, https://raw.githubusercontent.com/kinggoff/NewSteelesImages/main/PDFs/SDS/benjamin-moore-F1223X_SDS_EN.pdf?raw=true, https://raw.githubusercontent.com/kinggoff/NewSteelesImages/main/PDFs/SDS/benjamin-moore-F1224X_SDS_EN.pdf?raw=true, https://raw.githubusercontent.com/kinggoff/NewSteelesImages/main/PDFs/SDS/benjamin-moore-F12274_SDS_EN.pdf?raw=true|High Gloss=https://raw.githubusercontent.com/kinggoff/NewSteelesImages/main/PDFs/SDS/benjamin-moore-K1211X_SDS_EN.pdf?raw=true, https://raw.githubusercontent.com/kinggoff/NewSteelesImages/main/PDFs/SDS/benjamin-moore-K1212X_SDS_EN.pdf?raw=true, https://raw.githubusercontent.com/kinggoff/NewSteelesImages/main/PDFs/SDS/benjamin-moore-K1213X_SDS_EN.pdf?raw=true, https://raw.githubusercontent.com/kinggoff/NewSteelesImages/main/PDFs/SDS/benjamin-moore-K1214X_SDS_EN.pdf?raw=true, https://raw.githubusercontent.com/kinggoff/NewSteelesImages/main/PDFs/SDS/benjamin-moore-K12101_SDS_EN.pdf?raw=true, https://raw.githubusercontent.com/kinggoff/NewSteelesImages/main/PDFs/SDS/benjamin-moore-K12174_SDS_EN.pdf?raw=true",High Gloss=https://raw.githubusercontent.com/kinggoff/NewSteelesImages/main/PDFs/TDS/benjamin-moore-K121_TDS_CE.pdf?raw=true|Low Sheen=https://raw.githubusercontent.com/kinggoff/NewSteelesImages/main/PDFs/TDS/benjamin-moore-F122_TDS_CE.pdf?raw=true,"Low Sheen=https://raw.githubusercontent.com/kinggoff/NewSteelesImages/main/PDFs/SDS/benjamin-moore-F12201_SDS_EN.pdf?raw=true, https://raw.githubusercontent.com/kinggoff/NewSteelesImages/main/PDFs/SDS/benjamin-moore-F1221X_SDS_EN.pdf?raw=true, https://raw.githubusercontent.com/kinggoff/NewSteelesImages/main/PDFs/SDS/benjamin-moore-F1222X_SDS_EN.pdf?raw=true, https://raw.githubusercontent.com/kinggoff/NewSteelesImages/main/PDFs/SDS/benjamin-moore-F1223X_SDS_EN.pdf?raw=true, https://raw.githubusercontent.com/kinggoff/NewSteelesImages/main/PDFs/SDS/benjamin-moore-F1224X_SDS_EN.pdf?raw=true, https://raw.githubusercontent.com/kinggoff/NewSteelesImages/main/PDFs/SDS/benjamin-moore-F12274_SDS_EN.pdf?raw=true|High Gloss=https://raw.githubusercontent.com/kinggoff/NewSteelesImages/main/PDFs/SDS/benjamin-moore-K1211X_SDS_EN.pdf?raw=true, https://raw.githubusercontent.com/kinggoff/NewSteelesImages/main/PDFs/SDS/benjamin-moore-K1212X_SDS_EN.pdf?raw=true, https://raw.githubusercontent.com/kinggoff/NewSteelesImages/main/PDFs/SDS/benjamin-moore-K1213X_SDS_EN.pdf?raw=true, https://raw.githubusercontent.com/kinggoff/NewSteelesImages/main/PDFs/SDS/benjamin-moore-K1214X_SDS_EN.pdf?raw=true, https://raw.githubusercontent.com/kinggoff/NewSteelesImages/main/PDFs/SDS/benjamin-moore-K12101_SDS_EN.pdf?raw=true, https://raw.githubusercontent.com/kinggoff/NewSteelesImages/main/PDFs/SDS/benjamin-moore-K12174_SDS_EN.pdf?raw=true",,High Gloss=https://raw.githubusercontent.com/kinggoff/NewSteelesImages/main/PDFs/TDS/benjamin-moore-K121_TDS_CE.pdf?raw=true|Low Sheen=https://raw.githubusercontent.com/kinggoff/NewSteelesImages/main/PDFs/TDS/benjamin-moore-F122_TDS_CE.pdf?raw=true,,e685d54d9fa5cb1c472868cb49ccb671eac4d315b76a4f2c4af5ea26658ff350,e578570835553097a4fd99483b053eb459ec18cc0c0fa0a085fc6691fc9f7e83
simple,"Cabinet Coat Door, Trim & Cabinet Enamel",24,I-000000024,,"Insl-X Cabinet Coat is a urethane-acrylic enamel that delivers an ultra-smooth, factory-like finish on cabinets, trim, and furniture, with excellent adhesion and resistance to Chipping, scuffing, food stains, grease, and water. The master lists Pearl finish options. Confirm preparation, compatibility, application, coverage and recoat requirements in the current label or technical data sheet.",Previously Described,Paints > Interior,"cabinet paint, trim enamel, interior enamel, architectural coating",Insl-X,MOO01,https://raw.githubusercontent.com/kinggoff/NewSteelesImages/main/review-images/legacy-i-000000024-cabinetcoat_specialty_inslx.png?raw=true,Image already existed,Finishes,Pearl,1,1,,,,,"Satin=https://raw.githubusercontent.com/kinggoff/NewSteelesImages/main/PDFs/SDS/insl-x-CC651BF_SDS_EN.pdf?raw=true, https://raw.githubusercontent.com/kinggoff/NewSteelesImages/main/PDFs/SDS/insl-x-CC652BF_SDS_EN.pdf?raw=true, https://raw.githubusercontent.com/kinggoff/NewSteelesImages/main/PDFs/SDS/insl-x-CC653BF_SDS_EN.pdf?raw=true, https://raw.githubusercontent.com/kinggoff/NewSteelesImages/main/PDFs/SDS/insl-x-CC654BF_SDS_EN.pdf?raw=true, https://raw.githubusercontent.com/kinggoff/NewSteelesImages/main/PDFs/SDS/insl-x-CC6501F_SDS_EN.pdf?raw=true",Satin=https://raw.githubusercontent.com/kinggoff/NewSteelesImages/main/PDFs/TDS/insl-x-CC-65XX_TDS_CE.pdf?raw=true,"Satin=https://raw.githubusercontent.com/kinggoff/NewSteelesImages/main/PDFs/SDS/insl-x-CC651BF_SDS_EN.pdf?raw=true, https://raw.githubusercontent.com/kinggoff/NewSteelesImages/main/PDFs/SDS/insl-x-CC652BF_SDS_EN.pdf?raw=true, https://raw.githubusercontent.com/kinggoff/NewSteelesImages/main/PDFs/SDS/insl-x-CC653BF_SDS_EN.pdf?raw=true, https://raw.githubusercontent.com/kinggoff/NewSteelesImages/main/PDFs/SDS/insl-x-CC654BF_SDS_EN.pdf?raw=true, https://raw.githubusercontent.com/kinggoff/NewSteelesImages/main/PDFs/SDS/insl-x-CC6501F_SDS_EN.pdf?raw=true",,Satin=https://raw.githubusercontent.com/kinggoff/NewSteelesImages/main/PDFs/TDS/insl-x-CC-65XX_TDS_CE.pdf?raw=true,,03aec871b8fe87f91ed042bd6f2d16d4cba2b3c7be4d5f422926c2a452042be4,0558293e913af2f30aa183fcdf101c7be5a11420578cb8c89dd9c6082a4fceb9
simple,Ultra Spec 500 Interior Paint,25,BM-000000025,,"Benjamin Moore Ultra Spec 500 is a zero-VOC, professional-grade interior coating that offers excellent hide, easy application, and durable, washable finishes making it a go-to choice for commercial spaces and large-scale projects. Confirm preparation, compatibility, application, coverage and recoat requirements in the current label or technical data sheet.",Previously Described,Paints > Interior,"interior paint, architectural paint, wall paint, interior coating",Benjamin Moore,MOO01,https://raw.githubusercontent.com/kinggoff/NewSteelesImages/main/review-images/legacy-bm-000000025-ultraspec500_commercial_benjaminmoore.png?raw=true,Image already existed,Finishes,Eggshell | Low Sheen Eggshell | Flat | Pearl | Semi Gloss,1,1,,,,,"Eggshell=https://raw.githubusercontent.com/kinggoff/NewSteelesImages/main/PDFs/SDS/benjamin-moore-F5381X_SDS_EN.pdf?raw=true, https://raw.githubusercontent.com/kinggoff/NewSteelesImages/main/PDFs/SDS/benjamin-moore-F5382X_SDS_EN.pdf?raw=true, https://raw.githubusercontent.com/kinggoff/NewSteelesImages/main/PDFs/SDS/benjamin-moore-F5383X_SDS_EN.pdf?raw=true, https://raw.githubusercontent.com/kinggoff/NewSteelesImages/main/PDFs/SDS/benjamin-moore-F5384X_SDS_EN.pdf?raw=true, https://raw.githubusercontent.com/kinggoff/NewSteelesImages/main/PDFs/SDS/benjamin-moore-F53801_SDS_EN.pdf?raw=true|Low Sheen Eggshell=https://raw.githubusercontent.com/kinggoff/NewSteelesImages/main/PDFs/SDS/benjamin-moore-F5371X_SDS_EN.pdf?raw=true, https://raw.githubusercontent.com/kinggoff/NewSteelesImages/main/PDFs/SDS/benjamin-moore-F5372X_SDS_EN.pdf?raw=true, https://raw.githubusercontent.com/kinggoff/NewSteelesImages/main/PDFs/SDS/benjamin-moore-F5373X_SDS_EN.pdf?raw=true, https://raw.githubusercontent.com/kinggoff/NewSteelesImages/main/PDFs/SDS/benjamin-moore-F5374X_SDS_EN.pdf?raw=true, https://raw.githubusercontent.com/kinggoff/NewSteelesImages/main/PDFs/SDS/benjamin-moore-F53701_SDS_EN.pdf?raw=true|Flat=https://raw.githubusercontent.com/kinggoff/NewSteelesImages/main/PDFs/SDS/benjamin-moore-F5351X_SDS_EN.pdf?raw=true, https://raw.githubusercontent.com/kinggoff/NewSteelesImages/main/PDFs/SDS/benjamin-moore-F5352X_SDS_EN.pdf?raw=true, https://raw.githubusercontent.com/kinggoff/NewSteelesImages/main/PDFs/SDS/benjamin-moore-F5353X_SDS_EN.pdf?raw=true, https://raw.githubusercontent.com/kinggoff/NewSteelesImages/main/PDFs/SDS/benjamin-moore-F5354X_SDS_EN.pdf?raw=true|Satin Pearl=https://raw.githubusercontent.com/kinggoff/NewSteelesImages/main/PDFs/SDS/benjamin-moore-F5451X_SDS_EN.pdf?raw=true, https://raw.githubusercontent.com/kinggoff/NewSteelesImages/main/PDFs/SDS/benjamin-moore-S5451X_SDS_EN.pdf?raw=true, https://raw.githubusercontent.com/kinggoff/NewSteelesImages/main/PDFs/SDS/benjamin-moore-F5452X_SDS_EN.pdf?raw=true, https://raw.githubusercontent.com/kinggoff/NewSteelesImages/main/PDFs/SDS/benjamin-moore-S5452X_SDS_EN.pdf?raw=true, https://raw.githubusercontent.com/kinggoff/NewSteelesImages/main/PDFs/SDS/benjamin-moore-F5453X_SDS_EN.pdf?raw=true, https://raw.githubusercontent.com/kinggoff/NewSteelesImages/main/PDFs/SDS/benjamin-moore-S5453X_SDS_EN.pdf?raw=true, https://raw.githubusercontent.com/kinggoff/NewSteelesImages/main/PDFs/SDS/benjamin-moore-F5454X_SDS_EN.pdf?raw=true, https://raw.githubusercontent.com/kinggoff/NewSteelesImages/main/PDFs/SDS/benjamin-moore-S5454X_SDS_EN.pdf?raw=true|Semi Gloss=https://raw.githubusercontent.com/kinggoff/NewSteelesImages/main/PDFs/SDS/benjamin-moore-K5391X_SDS_EN.pdf?raw=true, https://raw.githubusercontent.com/kinggoff/NewSteelesImages/main/PDFs/SDS/benjamin-moore-K5392X_SDS_EN.pdf?raw=true, https://raw.githubusercontent.com/kinggoff/NewSteelesImages/main/PDFs/SDS/benjamin-moore-K5393X_SDS_EN.pdf?raw=true, https://raw.githubusercontent.com/kinggoff/NewSteelesImages/main/PDFs/SDS/benjamin-moore-K5394X_SDS_EN.pdf?raw=true, https://raw.githubusercontent.com/kinggoff/NewSteelesImages/main/PDFs/SDS/benjamin-moore-F54601_SDS_EN.pdf?raw=true",Eggshell=https://raw.githubusercontent.com/kinggoff/NewSteelesImages/main/PDFs/TDS/benjamin-moore-F538_TDS_CE.pdf?raw=true|Flat=https://raw.githubusercontent.com/kinggoff/NewSteelesImages/main/PDFs/TDS/benjamin-moore-F535_TDS_CE.pdf?raw=true|Low Sheen Eggshell=https://raw.githubusercontent.com/kinggoff/NewSteelesImages/main/PDFs/TDS/benjamin-moore-F537_TDS_CE.pdf?raw=true|Satin Pearl=https://raw.githubusercontent.com/kinggoff/NewSteelesImages/main/PDFs/TDS/benjamin-moore-F545_TDS_CE.pdf?raw=true|Semi Gloss=https://raw.githubusercontent.com/kinggoff/NewSteelesImages/main/PDFs/TDS/benjamin-moore-F546_TDS_CE.pdf?raw=true,"Eggshell=https://raw.githubusercontent.com/kinggoff/NewSteelesImages/main/PDFs/SDS/benjamin-moore-F5381X_SDS_EN.pdf?raw=true, https://raw.githubusercontent.com/kinggoff/NewSteelesImages/main/PDFs/SDS/benjamin-moore-F5382X_SDS_EN.pdf?raw=true, https://raw.githubusercontent.com/kinggoff/NewSteelesImages/main/PDFs/SDS/benjamin-moore-F5383X_SDS_EN.pdf?raw=true, https://raw.githubusercontent.com/kinggoff/NewSteelesImages/main/PDFs/SDS/benjamin-moore-F5384X_SDS_EN.pdf?raw=true, https://raw.githubusercontent.com/kinggoff/NewSteelesImages/main/PDFs/SDS/benjamin-moore-F53801_SDS_EN.pdf?raw=true|Low Sheen Eggshell=https://raw.githubusercontent.com/kinggoff/NewSteelesImages/main/PDFs/SDS/benjamin-moore-F5371X_SDS_EN.pdf?raw=true, https://raw.githubusercontent.com/kinggoff/NewSteelesImages/main/PDFs/SDS/benjamin-moore-F5372X_SDS_EN.pdf?raw=true, https://raw.githubusercontent.com/kinggoff/NewSteelesImages/main/PDFs/SDS/benjamin-moore-F5373X_SDS_EN.pdf?raw=true, https://raw.githubusercontent.com/kinggoff/NewSteelesImages/main/PDFs/SDS/benjamin-moore-F5374X_SDS_EN.pdf?raw=true, https://raw.githubusercontent.com/kinggoff/NewSteelesImages/main/PDFs/SDS/benjamin-moore-F53701_SDS_EN.pdf?raw=true|Flat=https://raw.githubusercontent.com/kinggoff/NewSteelesImages/main/PDFs/SDS/benjamin-moore-F5351X_SDS_EN.pdf?raw=true, https://raw.githubusercontent.com/kinggoff/NewSteelesImages/main/PDFs/SDS/benjamin-moore-F5352X_SDS_EN.pdf?raw=true, https://raw.githubusercontent.com/kinggoff/NewSteelesImages/main/PDFs/SDS/benjamin-moore-F5353X_SDS_EN.pdf?raw=true, https://raw.githubusercontent.com/kinggoff/NewSteelesImages/main/PDFs/SDS/benjamin-moore-F5354X_SDS_EN.pdf?raw=true|Satin Pearl=https://raw.githubusercontent.com/kinggoff/NewSteelesImages/main/PDFs/SDS/benjamin-moore-F5451X_SDS_EN.pdf?raw=true, https://raw.githubusercontent.com/kinggoff/NewSteelesImages/main/PDFs/SDS/benjamin-moore-S5451X_SDS_EN.pdf?raw=true, https://raw.githubusercontent.com/kinggoff/NewSteelesImages/main/PDFs/SDS/benjamin-moore-F5452X_SDS_EN.pdf?raw=true, https://raw.githubusercontent.com/kinggoff/NewSteelesImages/main/PDFs/SDS/benjamin-moore-S5452X_SDS_EN.pdf?raw=true, https://raw.githubusercontent.com/kinggoff/NewSteelesImages/main/PDFs/SDS/benjamin-moore-F5453X_SDS_EN.pdf?raw=true, https://raw.githubusercontent.com/kinggoff/NewSteelesImages/main/PDFs/SDS/benjamin-moore-S5453X_SDS_EN.pdf?raw=true, https://raw.githubusercontent.com/kinggoff/NewSteelesImages/main/PDFs/SDS/benjamin-moore-F5454X_SDS_EN.pdf?raw=true, https://raw.githubusercontent.com/kinggoff/NewSteelesImages/main/PDFs/SDS/benjamin-moore-S5454X_SDS_EN.pdf?raw=true|Semi Gloss=https://raw.githubusercontent.com/kinggoff/NewSteelesImages/main/PDFs/SDS/benjamin-moore-K5391X_SDS_EN.pdf?raw=true, https://raw.githubusercontent.com/kinggoff/NewSteelesImages/main/PDFs/SDS/benjamin-moore-K5392X_SDS_EN.pdf?raw=true, https://raw.githubusercontent.com/kinggoff/NewSteelesImages/main/PDFs/SDS/benjamin-moore-K5393X_SDS_EN.pdf?raw=true, https://raw.githubusercontent.com/kinggoff/NewSteelesImages/main/PDFs/SDS/benjamin-moore-K5394X_SDS_EN.pdf?raw=true, https://raw.githubusercontent.com/kinggoff/NewSteelesImages/main/PDFs/SDS/benjamin-moore-F54601_SDS_EN.pdf?raw=true",,Eggshell=https://raw.githubusercontent.com/kinggoff/NewSteelesImages/main/PDFs/TDS/benjamin-moore-F538_TDS_CE.pdf?raw=true|Flat=https://raw.githubusercontent.com/kinggoff/NewSteelesImages/main/PDFs/TDS/benjamin-moore-F535_TDS_CE.pdf?raw=true|Low Sheen Eggshell=https://raw.githubusercontent.com/kinggoff/NewSteelesImages/main/PDFs/TDS/benjamin-moore-F537_TDS_CE.pdf?raw=true|Satin Pearl=https://raw.githubusercontent.com/kinggoff/NewSteelesImages/main/PDFs/TDS/benjamin-moore-F545_TDS_CE.pdf?raw=true|Semi Gloss=https://raw.githubusercontent.com/kinggoff/NewSteelesImages/main/PDFs/TDS/benjamin-moore-F546_TDS_CE.pdf?raw=true,,507bd45df1fbaa3bebae2cf2e122252cd0447d8462919123301aee9c5314bae9,df37c1f30d061b5f52103b132450af70af8caa29eb352716eff5134f38467c3c
simple,Scuff-X Interior Paint,26,BM-000000026,,"Benjamin Moore Scuff-X is a breakthrough one-component interior latex coating engineered for busy commercial spaces, featuring patented scuff-resistant technology, outstanding durability, easy cleanability, and quick dry times. Confirm preparation, compatibility, application, coverage and recoat requirements in the current label or technical data sheet.",Previously Described,Paints > Interior,"interior paint, architectural paint, wall paint, interior coating",Benjamin Moore,MOO01,https://raw.githubusercontent.com/kinggoff/NewSteelesImages/main/review-images/legacy-bm-000000026-scuffx_commercial_benjaminmoore.png?raw=true,Image already existed,Finishes,Matte | Semi Gloss | Eggshell | Satin,1,1,,,,,"Eggshell=https://raw.githubusercontent.com/kinggoff/NewSteelesImages/main/PDFs/SDS/benjamin-moore-F4851X_SDS_EN.pdf?raw=true, https://raw.githubusercontent.com/kinggoff/NewSteelesImages/main/PDFs/SDS/benjamin-moore-F4852X_SDS_EN.pdf?raw=true, https://raw.githubusercontent.com/kinggoff/NewSteelesImages/main/PDFs/SDS/benjamin-moore-F4853X_SDS_EN.pdf?raw=true, https://raw.githubusercontent.com/kinggoff/NewSteelesImages/main/PDFs/SDS/benjamin-moore-F4854X_SDS_EN.pdf?raw=true, https://raw.githubusercontent.com/kinggoff/NewSteelesImages/main/PDFs/SDS/benjamin-moore-F48501_SDS_EN.pdf?raw=true|Matte=https://raw.githubusercontent.com/kinggoff/NewSteelesImages/main/PDFs/SDS/benjamin-moore-F4841X_SDS_EN.pdf?raw=true, https://raw.githubusercontent.com/kinggoff/NewSteelesImages/main/PDFs/SDS/benjamin-moore-F4842X_SDS_EN.pdf?raw=true, https://raw.githubusercontent.com/kinggoff/NewSteelesImages/main/PDFs/SDS/benjamin-moore-F4843X_SDS_EN.pdf?raw=true, https://raw.githubusercontent.com/kinggoff/NewSteelesImages/main/PDFs/SDS/benjamin-moore-F4844X_SDS_EN.pdf?raw=true, https://raw.githubusercontent.com/kinggoff/NewSteelesImages/main/PDFs/SDS/benjamin-moore-F48401_SDS_EN.pdf?raw=true|Pearl=https://raw.githubusercontent.com/kinggoff/NewSteelesImages/main/PDFs/SDS/benjamin-moore-F4861X_SDS_EN.pdf?raw=true, https://raw.githubusercontent.com/kinggoff/NewSteelesImages/main/PDFs/SDS/benjamin-moore-F4862X_SDS_EN.pdf?raw=true, https://raw.githubusercontent.com/kinggoff/NewSteelesImages/main/PDFs/SDS/benjamin-moore-F4863X_SDS_EN.pdf?raw=true, https://raw.githubusercontent.com/kinggoff/NewSteelesImages/main/PDFs/SDS/benjamin-moore-F4864X_SDS_EN.pdf?raw=true, https://raw.githubusercontent.com/kinggoff/NewSteelesImages/main/PDFs/SDS/benjamin-moore-F48601_SDS_EN.pdf?raw=true|Semi Gloss=https://raw.githubusercontent.com/kinggoff/NewSteelesImages/main/PDFs/SDS/benjamin-moore-F4871X_SDS_EN.pdf?raw=true, https://raw.githubusercontent.com/kinggoff/NewSteelesImages/main/PDFs/SDS/benjamin-moore-F4872X_SDS_EN.pdf?raw=true, https://raw.githubusercontent.com/kinggoff/NewSteelesImages/main/PDFs/SDS/benjamin-moore-F4873X_SDS_EN.pdf?raw=true, https://raw.githubusercontent.com/kinggoff/NewSteelesImages/main/PDFs/SDS/benjamin-moore-F4874X_SDS_EN.pdf?raw=true, https://raw.githubusercontent.com/kinggoff/NewSteelesImages/main/PDFs/SDS/benjamin-moore-F48701_SDS_EN.pdf?raw=true",Eggshell=https://raw.githubusercontent.com/kinggoff/NewSteelesImages/main/PDFs/TDS/benjamin-moore-F485_TDS_CE.pdf?raw=true|Matte=https://raw.githubusercontent.com/kinggoff/NewSteelesImages/main/PDFs/TDS/benjamin-moore-F484_TDS_CE.pdf?raw=true|Pearl=https://raw.githubusercontent.com/kinggoff/NewSteelesImages/main/PDFs/TDS/benjamin-moore-F486_TDS_CE.pdf?raw=true|Semi Gloss=https://raw.githubusercontent.com/kinggoff/NewSteelesImages/main/PDFs/TDS/benjamin-moore-F487_TDS_CE.pdf?raw=true,"Eggshell=https://raw.githubusercontent.com/kinggoff/NewSteelesImages/main/PDFs/SDS/benjamin-moore-F4851X_SDS_EN.pdf?raw=true, https://raw.githubusercontent.com/kinggoff/NewSteelesImages/main/PDFs/SDS/benjamin-moore-F4852X_SDS_EN.pdf?raw=true, https://raw.githubusercontent.com/kinggoff/NewSteelesImages/main/PDFs/SDS/benjamin-moore-F4853X_SDS_EN.pdf?raw=true, https://raw.githubusercontent.com/kinggoff/NewSteelesImages/main/PDFs/SDS/benjamin-moore-F4854X_SDS_EN.pdf?raw=true, https://raw.githubusercontent.com/kinggoff/NewSteelesImages/main/PDFs/SDS/benjamin-moore-F48501_SDS_EN.pdf?raw=true|Matte=https://raw.githubusercontent.com/kinggoff/NewSteelesImages/main/PDFs/SDS/benjamin-moore-F4841X_SDS_EN.pdf?raw=true, https://raw.githubusercontent.com/kinggoff/NewSteelesImages/main/PDFs/SDS/benjamin-moore-F4842X_SDS_EN.pdf?raw=true, https://raw.githubusercontent.com/kinggoff/NewSteelesImages/main/PDFs/SDS/benjamin-moore-F4843X_SDS_EN.pdf?raw=true, https://raw.githubusercontent.com/kinggoff/NewSteelesImages/main/PDFs/SDS/benjamin-moore-F4844X_SDS_EN.pdf?raw=true, https://raw.githubusercontent.com/kinggoff/NewSteelesImages/main/PDFs/SDS/benjamin-moore-F48401_SDS_EN.pdf?raw=true|Pearl=https://raw.githubusercontent.com/kinggoff/NewSteelesImages/main/PDFs/SDS/benjamin-moore-F4861X_SDS_EN.pdf?raw=true, https://raw.githubusercontent.com/kinggoff/NewSteelesImages/main/PDFs/SDS/benjamin-moore-F4862X_SDS_EN.pdf?raw=true, https://raw.githubusercontent.com/kinggoff/NewSteelesImages/main/PDFs/SDS/benjamin-moore-F4863X_SDS_EN.pdf?raw=true, https://raw.githubusercontent.com/kinggoff/NewSteelesImages/main/PDFs/SDS/benjamin-moore-F4864X_SDS_EN.pdf?raw=true, https://raw.githubusercontent.com/kinggoff/NewSteelesImages/main/PDFs/SDS/benjamin-moore-F48601_SDS_EN.pdf?raw=true|Semi Gloss=https://raw.githubusercontent.com/kinggoff/NewSteelesImages/main/PDFs/SDS/benjamin-moore-F4871X_SDS_EN.pdf?raw=true, https://raw.githubusercontent.com/kinggoff/NewSteelesImages/main/PDFs/SDS/benjamin-moore-F4872X_SDS_EN.pdf?raw=true, https://raw.githubusercontent.com/kinggoff/NewSteelesImages/main/PDFs/SDS/benjamin-moore-F4873X_SDS_EN.pdf?raw=true, https://raw.githubusercontent.com/kinggoff/NewSteelesImages/main/PDFs/SDS/benjamin-moore-F4874X_SDS_EN.pdf?raw=true, https://raw.githubusercontent.com/kinggoff/NewSteelesImages/main/PDFs/SDS/benjamin-moore-F48701_SDS_EN.pdf?raw=true",,Eggshell=https://raw.githubusercontent.com/kinggoff/NewSteelesImages/main/PDFs/TDS/benjamin-moore-F485_TDS_CE.pdf?raw=true|Matte=https://raw.githubusercontent.com/kinggoff/NewSteelesImages/main/PDFs/TDS/benjamin-moore-F484_TDS_CE.pdf?raw=true|Pearl=https://raw.githubusercontent.com/kinggoff/NewSteelesImages/main/PDFs/TDS/benjamin-moore-F486_TDS_CE.pdf?raw=true|Semi Gloss=https://raw.githubusercontent.com/kinggoff/NewSteelesImages/main/PDFs/TDS/benjamin-moore-F487_TDS_CE.pdf?raw=true,,b5f832af8e0961f4b59555f540df27e8203ab0b06a2a9f64cb209a6082112cee,7bf121785c60c23ebed146ff054c494e4cf59c837e503ad5df9ad7a3a0293892
simple,Eco Spec Interior Paint,27,BM-000000027,,"Eco Spec is Benjamin Moore's greenest interior paint line, delivering low odour, zero VOCs, and zero emissions while providing excellent hide, washability, and quick return to service ideal for health-sensitive and eco-focused spaces. Confirm preparation, compatibility, application, coverage and recoat requirements in the current label or technical data sheet.",Previously Described,Paints > Interior,"interior paint, architectural paint, wall paint, interior coating",Benjamin Moore,MOO01,https://raw.githubusercontent.com/kinggoff/NewSteelesImages/main/review-images/legacy-bm-000000027-ecospec_commercial_benjaminmoore.png?raw=true,Image already existed,Finishes,Flat | Eggshell | Semi Gloss | Flat,1,1,,,,,"Eggshell=https://raw.githubusercontent.com/kinggoff/NewSteelesImages/main/PDFs/SDS/benjamin-moore-Y37401_SDS_EN.pdf?raw=true, https://raw.githubusercontent.com/kinggoff/NewSteelesImages/main/PDFs/SDS/benjamin-moore-Y3741X_SDS_EN.pdf?raw=true, https://raw.githubusercontent.com/kinggoff/NewSteelesImages/main/PDFs/SDS/benjamin-moore-Y3742X_SDS_EN.pdf?raw=true, https://raw.githubusercontent.com/kinggoff/NewSteelesImages/main/PDFs/SDS/benjamin-moore-Y3743X_SDS_EN.pdf?raw=true, https://raw.githubusercontent.com/kinggoff/NewSteelesImages/main/PDFs/SDS/benjamin-moore-Y3744X_SDS_EN.pdf?raw=true|Flat=https://raw.githubusercontent.com/kinggoff/NewSteelesImages/main/PDFs/SDS/benjamin-moore-Y37301_SDS_EN.pdf?raw=true, https://raw.githubusercontent.com/kinggoff/NewSteelesImages/main/PDFs/SDS/benjamin-moore-Y3731X_SDS_EN.pdf?raw=true, https://raw.githubusercontent.com/kinggoff/NewSteelesImages/main/PDFs/SDS/benjamin-moore-Y3732X_SDS_EN.pdf?raw=true, https://raw.githubusercontent.com/kinggoff/NewSteelesImages/main/PDFs/SDS/benjamin-moore-Y3733X_SDS_EN.pdf?raw=true, https://raw.githubusercontent.com/kinggoff/NewSteelesImages/main/PDFs/SDS/benjamin-moore-Y3734X_SDS_EN.pdf?raw=true|Pearl=https://raw.githubusercontent.com/kinggoff/NewSteelesImages/main/PDFs/SDS/benjamin-moore-Y37501_SDS_EN.pdf?raw=true, https://raw.githubusercontent.com/kinggoff/NewSteelesImages/main/PDFs/SDS/benjamin-moore-Y3751X_SDS_EN.pdf?raw=true, https://raw.githubusercontent.com/kinggoff/NewSteelesImages/main/PDFs/SDS/benjamin-moore-Y3752X_SDS_EN.pdf?raw=true, https://raw.githubusercontent.com/kinggoff/NewSteelesImages/main/PDFs/SDS/benjamin-moore-Y3753X_SDS_EN.pdf?raw=true, https://raw.githubusercontent.com/kinggoff/NewSteelesImages/main/PDFs/SDS/benjamin-moore-Y3754X_SDS_EN.pdf?raw=true|Semi Gloss=https://raw.githubusercontent.com/kinggoff/NewSteelesImages/main/PDFs/SDS/benjamin-moore-Y37601_SDS_EN.pdf?raw=true, https://raw.githubusercontent.com/kinggoff/NewSteelesImages/main/PDFs/SDS/benjamin-moore-Y3761X_SDS_EN.pdf?raw=true, https://raw.githubusercontent.com/kinggoff/NewSteelesImages/main/PDFs/SDS/benjamin-moore-Y3762X_SDS_EN.pdf?raw=true, https://raw.githubusercontent.com/kinggoff/NewSteelesImages/main/PDFs/SDS/benjamin-moore-Y3763X_SDS_EN.pdf?raw=true, https://raw.githubusercontent.com/kinggoff/NewSteelesImages/main/PDFs/SDS/benjamin-moore-Y3764X_SDS_EN.pdf?raw=true",Eggshell=https://raw.githubusercontent.com/kinggoff/NewSteelesImages/main/PDFs/TDS/benjamin-moore-Y374_TDS_CE.pdf?raw=true|Flat=https://raw.githubusercontent.com/kinggoff/NewSteelesImages/main/PDFs/TDS/benjamin-moore-Y373_TDS_CE.pdf?raw=true|Pearl=https://raw.githubusercontent.com/kinggoff/NewSteelesImages/main/PDFs/TDS/benjamin-moore-Y375_TDS_CE.pdf?raw=true|Semi Gloss=https://raw.githubusercontent.com/kinggoff/NewSteelesImages/main/PDFs/TDS/benjamin-moore-Y376_TDS_CE.pdf?raw=true,"Eggshell=https://raw.githubusercontent.com/kinggoff/NewSteelesImages/main/PDFs/SDS/benjamin-moore-Y37401_SDS_EN.pdf?raw=true, https://raw.githubusercontent.com/kinggoff/NewSteelesImages/main/PDFs/SDS/benjamin-moore-Y3741X_SDS_EN.pdf?raw=true, https://raw.githubusercontent.com/kinggoff/NewSteelesImages/main/PDFs/SDS/benjamin-moore-Y3742X_SDS_EN.pdf?raw=true, https://raw.githubusercontent.com/kinggoff/NewSteelesImages/main/PDFs/SDS/benjamin-moore-Y3743X_SDS_EN.pdf?raw=true, https://raw.githubusercontent.com/kinggoff/NewSteelesImages/main/PDFs/SDS/benjamin-moore-Y3744X_SDS_EN.pdf?raw=true|Flat=https://raw.githubusercontent.com/kinggoff/NewSteelesImages/main/PDFs/SDS/benjamin-moore-Y37301_SDS_EN.pdf?raw=true, https://raw.githubusercontent.com/kinggoff/NewSteelesImages/main/PDFs/SDS/benjamin-moore-Y3731X_SDS_EN.pdf?raw=true, https://raw.githubusercontent.com/kinggoff/NewSteelesImages/main/PDFs/SDS/benjamin-moore-Y3732X_SDS_EN.pdf?raw=true, https://raw.githubusercontent.com/kinggoff/NewSteelesImages/main/PDFs/SDS/benjamin-moore-Y3733X_SDS_EN.pdf?raw=true, https://raw.githubusercontent.com/kinggoff/NewSteelesImages/main/PDFs/SDS/benjamin-moore-Y3734X_SDS_EN.pdf?raw=true|Pearl=https://raw.githubusercontent.com/kinggoff/NewSteelesImages/main/PDFs/SDS/benjamin-moore-Y37501_SDS_EN.pdf?raw=true, https://raw.githubusercontent.com/kinggoff/NewSteelesImages/main/PDFs/SDS/benjamin-moore-Y3751X_SDS_EN.pdf?raw=true, https://raw.githubusercontent.com/kinggoff/NewSteelesImages/main/PDFs/SDS/benjamin-moore-Y3752X_SDS_EN.pdf?raw=true, https://raw.githubusercontent.com/kinggoff/NewSteelesImages/main/PDFs/SDS/benjamin-moore-Y3753X_SDS_EN.pdf?raw=true, https://raw.githubusercontent.com/kinggoff/NewSteelesImages/main/PDFs/SDS/benjamin-moore-Y3754X_SDS_EN.pdf?raw=true|Semi Gloss=https://raw.githubusercontent.com/kinggoff/NewSteelesImages/main/PDFs/SDS/benjamin-moore-Y37601_SDS_EN.pdf?raw=true, https://raw.githubusercontent.com/kinggoff/NewSteelesImages/main/PDFs/SDS/benjamin-moore-Y3761X_SDS_EN.pdf?raw=true, https://raw.githubusercontent.com/kinggoff/NewSteelesImages/main/PDFs/SDS/benjamin-moore-Y3762X_SDS_EN.pdf?raw=true, https://raw.githubusercontent.com/kinggoff/NewSteelesImages/main/PDFs/SDS/benjamin-moore-Y3763X_SDS_EN.pdf?raw=true, https://raw.githubusercontent.com/kinggoff/NewSteelesImages/main/PDFs/SDS/benjamin-moore-Y3764X_SDS_EN.pdf?raw=true",,Eggshell=https://raw.githubusercontent.com/kinggoff/NewSteelesImages/main/PDFs/TDS/benjamin-moore-Y374_TDS_CE.pdf?raw=true|Flat=https://raw.githubusercontent.com/kinggoff/NewSteelesImages/main/PDFs/TDS/benjamin-moore-Y373_TDS_CE.pdf?raw=true|Pearl=https://raw.githubusercontent.com/kinggoff/NewSteelesImages/main/PDFs/TDS/benjamin-moore-Y375_TDS_CE.pdf?raw=true|Semi Gloss=https://raw.githubusercontent.com/kinggoff/NewSteelesImages/main/PDFs/TDS/benjamin-moore-Y376_TDS_CE.pdf?raw=true,,88331f2ebcc51ea56942aa87b253fc825cc57d28301028c870dee2954bc3516b,f9ae97d04945874cfb00d3ccf5d4c79be3ebb7517240d4373ae85bbe48c3077e
simple,Prime All Multi-Surface Latex Primer Sealer,29,I-000000029,,"Insl-X Prime All Multi-Surface Latex Primer Sealer is a dependable latex primer offering strong adhesion, fast drying, and smooth application on drywall, wood, masonry, and previously painted surfaces. Confirm preparation, compatibility, application, coverage and recoat requirements in the current label or technical data sheet.",Previously Described,Paints > Primers,"primer, primer sealer, surface preparation coating, basecoat",Insl-X,MOO01,https://raw.githubusercontent.com/kinggoff/NewSteelesImages/main/review-images/legacy-i-000000029-primeallmultisurfacelatexprimersealer_primer_inslx.png?raw=true,Image already existed,Finishes,,1,1,,,,,Primer=https://raw.githubusercontent.com/kinggoff/NewSteelesImages/main/PDFs/SDS/insl-x-AP1000F_SDS_EN.pdf?raw=true,Primer=https://raw.githubusercontent.com/kinggoff/NewSteelesImages/main/PDFs/TDS/insl-x-AP-1000_TDS_CAE.pdf?raw=true,Primer=https://raw.githubusercontent.com/kinggoff/NewSteelesImages/main/PDFs/SDS/insl-x-AP1000F_SDS_EN.pdf?raw=true,,Primer=https://raw.githubusercontent.com/kinggoff/NewSteelesImages/main/PDFs/TDS/insl-x-AP-1000_TDS_CAE.pdf?raw=true,,29ff99b7b2aecc1dbcf1da5f8dbe5641bc01e9ff28127f64b9384cae3d5471be,e1acef68938ffa2f3359414c3c3a6e94a92e3c55e8865a4ba9272b1f198bedbc
simple,Aqua Lock Plus Primer/Sealer,30,I-000000030,,"Insl-X aqua Lock Plus Primer Sealer is a 100% acrylic interior/exterior primer designed for superior stain-blocking and adhesion. The selected topcoat and the condition of the existing surface determine whether additional sealing or spot preparation is needed. Confirm preparation, compatibility, application, coverage and recoat requirements in the current label or technical data sheet.",Previously Described,Paints > Primers,"primer, primer sealer, surface preparation coating, basecoat",Insl-X,MOO01,https://raw.githubusercontent.com/kinggoff/NewSteelesImages/main/review-images/legacy-i-000000030-aqualockplusprimersealer_primer_inslx.png?raw=true,Image already existed,Finishes,,1,1,,,,,Primer=https://raw.githubusercontent.com/kinggoff/NewSteelesImages/main/PDFs/SDS/insl-x-AQ-0400F_SDS_EN.pdf?raw=true,Primer=https://raw.githubusercontent.com/kinggoff/NewSteelesImages/main/PDFs/TDS/insl-x-AQ-0XXX_TDS_CE.pdf?raw=true,Primer=https://raw.githubusercontent.com/kinggoff/NewSteelesImages/main/PDFs/SDS/insl-x-AQ-0400F_SDS_EN.pdf?raw=true,,Primer=https://raw.githubusercontent.com/kinggoff/NewSteelesImages/main/PDFs/TDS/insl-x-AQ-0XXX_TDS_CE.pdf?raw=true,,f7a25adde0e045008a1b5a162f08ff20b277adbbdbc6e357edd3e368fdfcc6d0,9bc98e27fe4efbf0704e0b9d339e1e6c9d8c6c50041ef21fc1681ff9bdc6b0dd
simple,Prime Lock Plus Primer Sealer,31,I-000000031,,"Insl-X Prime Lock Plus is a high-performance alkyd primer engineered to seal tough stains and provide superior enamel holdout. The selected topcoat and the condition of the existing surface determine whether additional sealing or spot preparation is needed. Confirm preparation, compatibility, application, coverage and recoat requirements in the current label or technical data sheet.",Previously Described,Paints > Interior,"primer, primer sealer, surface preparation coating, basecoat",Insl-X,MOO01,https://raw.githubusercontent.com/kinggoff/NewSteelesImages/main/review-images/legacy-i-000000031-primelock_primer_inslx.png?raw=true,Image already existed,Finishes,,1,1,,,,,Primer=https://raw.githubusercontent.com/kinggoff/NewSteelesImages/main/PDFs/SDS/insl-x-PS-8100F_SDS_EN.pdf?raw=true,Primer=https://raw.githubusercontent.com/kinggoff/NewSteelesImages/main/PDFs/TDS/insl-x-PS-8100_TDS_CE.pdf?raw=true,Primer=https://raw.githubusercontent.com/kinggoff/NewSteelesImages/main/PDFs/SDS/insl-x-PS-8100F_SDS_EN.pdf?raw=true,,Primer=https://raw.githubusercontent.com/kinggoff/NewSteelesImages/main/PDFs/TDS/insl-x-PS-8100_TDS_CE.pdf?raw=true,,b8dc5e20cf0c0fda2687f68b55309ee3b1597af2c972e833865fc408573f4e57,d0fc919cb1dca3b070dc69331943e50d323136de641c61f443ab36e59d92afc8
simple,Stix Waterborne Bonding Primer,32,I-000000032,,"Insl-X Stix Waterborne Bonding Primer is a premium high-adhesion primer formulated to stick to hard-to-coat surfaces such as PVC, tile, fiberglass, vinyl, and galvanized metal. Confirm preparation, compatibility, application, coverage and recoat requirements in the current label or technical data sheet.",Previously Described,Paints > Primers,"bonding primer, adhesion primer, primer, surface preparation coating, primer sealer, basecoat",Insl-X,MOO01,https://raw.githubusercontent.com/kinggoff/NewSteelesImages/main/review-images/legacy-i-000000032-stixwaterbornebondingprimer_primer_inslx.png?raw=true,Image already existed,Finishes,,1,1,,,,,Primer=https://raw.githubusercontent.com/kinggoff/NewSteelesImages/main/PDFs/SDS/insl-x-SXA-1100F_SDS_EN.pdf?raw=true,Primer=https://raw.githubusercontent.com/kinggoff/NewSteelesImages/main/PDFs/TDS/insl-x-SXA110_TDS_CE.pdf?raw=true,Primer=https://raw.githubusercontent.com/kinggoff/NewSteelesImages/main/PDFs/SDS/insl-x-SXA-1100F_SDS_EN.pdf?raw=true,,Primer=https://raw.githubusercontent.com/kinggoff/NewSteelesImages/main/PDFs/TDS/insl-x-SXA110_TDS_CE.pdf?raw=true,,ba4a68da7e815436368ef0ee7d3752906f44a0b8baca0078b6ff080b37296f41,2f9b384545debab5e9eb613e53fc7619cb9b2bf7070a72f5473b4140606f65fc
simple,Max Block,33,I-000000033,,"Insl-X Max Block Advanced Stain Blocking Primer is a powerful water-based formula designed to block severe stains including water damage, nicotine, smoke, grease, crayon, ink, and tannin. Confirm preparation, compatibility, application, coverage and recoat requirements in the current label or technical data sheet.",Previously Described,Paints > Primers,"stain-blocking primer, water-based primer, primer sealer, interior and exterior primer",Insl-X,MOO01,https://raw.githubusercontent.com/kinggoff/NewSteelesImages/main/review-images/legacy-i-000000033-maxblockadvancedwaterbasedstainblockingprimer_primer_inslx.png?raw=true,Image already existed,Finishes,,1,1,,,,,Primer=https://raw.githubusercontent.com/kinggoff/NewSteelesImages/main/PDFs/SDS/insl-x-SB-5000FR_SDS_EN.pdf?raw=true,Primer=https://raw.githubusercontent.com/kinggoff/NewSteelesImages/main/PDFs/TDS/insl-x-SB-5000_TDS_CE.pdf?raw=true,Primer=https://raw.githubusercontent.com/kinggoff/NewSteelesImages/main/PDFs/SDS/insl-x-SB-5000FR_SDS_EN.pdf?raw=true,,Primer=https://raw.githubusercontent.com/kinggoff/NewSteelesImages/main/PDFs/TDS/insl-x-SB-5000_TDS_CE.pdf?raw=true,,3e3ba593a6f54139f8fc6ea7ffe631adea1a740ed60c208f306004534425af99,f785a3350a1042a4857b72c6cf617ad27ebe98cda5be9ba4a2c33030d2275396
simple,High Build Latex Primer,34,BM-000000034,,"Insl-X High Build Latex Primer is a thick-bodied primer designed to fill, level, and hide surface imperfections on drywall and previously painted walls. Check the current manufacturer label or technical data sheet before use. Confirm the exact item and package before ordering. Follow the current manufacturer instructions for the intended job.",Previously Described,Paints > Primers,"high-build primer, latex primer, interior primer, surface preparation coating, primer, primer sealer, basecoat",Insl-X,MOO01,https://raw.githubusercontent.com/kinggoff/NewSteelesImages/main/review-images/legacy-bm-000000034-highbuildlatexprimer_primer_inslx.png?raw=true,Image already existed,Finishes,,1,1,,,,,Primer=https://raw.githubusercontent.com/kinggoff/NewSteelesImages/main/PDFs/SDS/insl-x-HB2100FR_SDS_EN.pdf?raw=true,Primer=https://raw.githubusercontent.com/kinggoff/NewSteelesImages/main/PDFs/TDS/insl-x-HB-2100_TDS_CAE.pdf?raw=true,Primer=https://raw.githubusercontent.com/kinggoff/NewSteelesImages/main/PDFs/SDS/insl-x-HB2100FR_SDS_EN.pdf?raw=true,,Primer=https://raw.githubusercontent.com/kinggoff/NewSteelesImages/main/PDFs/TDS/insl-x-HB-2100_TDS_CAE.pdf?raw=true,,2b9a982eb39edfb9734c4c0078c2a546b14ddb94594b06ba2bb386bc4724a96a,d7ad07ab78ce9947b6241cbc62171fc2ac1f5af5a3690199bf1f19750fe46bcd
simple,Reduced Odour Oil-Based Primer,35,BM-000000035,,Insl-X Reduced Odour Oil-Based Primer delivers the adhesion and stain-blocking performance of an alkyd primer with significantly reduced odour. Check the current manufacturer label or technical data sheet before use. Confirm the exact item and package before ordering. Follow the current manufacturer instructions for the intended job.,Previously Described,Paints > Primers,"primer, primer sealer, surface preparation coating, basecoat",Insl-X,MOO01,https://raw.githubusercontent.com/kinggoff/NewSteelesImages/main/review-images/legacy-bm-000000035-reducedodouroilbasedprimer_primer_inslx.png?raw=true,Image already existed,Finishes,,1,1,,,,,Primer=https://raw.githubusercontent.com/kinggoff/NewSteelesImages/main/PDFs/SDS/insl-x-RO3000F_SDS_EN.pdf?raw=true,Primer=https://raw.githubusercontent.com/kinggoff/NewSteelesImages/main/PDFs/TDS/insl-x-RO-3000_TDS_CE.pdf?raw=true,Primer=https://raw.githubusercontent.com/kinggoff/NewSteelesImages/main/PDFs/SDS/insl-x-RO3000F_SDS_EN.pdf?raw=true,,Primer=https://raw.githubusercontent.com/kinggoff/NewSteelesImages/main/PDFs/TDS/insl-x-RO-3000_TDS_CE.pdf?raw=true,,81859f09294451f20cde19a982df80d570a8f4c91cb92d2b0c432739c7ba09d2,f800c4f3b7149eb676a6bf2e71ada3ccbe724dcae9999553541e78fb591e3803
simple,Vapour Barrier Primer/Sealer,36,BM-000000036,,"Insl-X Vapour Barrier Primer Sealer is a specialty coating formulated to help limit moisture transmission into wall cavities. The selected topcoat and the condition of the existing surface determine whether additional sealing or spot preparation is needed. Confirm preparation, compatibility, application, coverage and recoat requirements in the current label or technical data sheet.",Previously Described,Paints > Interior,"vapour-barrier primer, primer sealer, interior coating, moisture-control coating, primer, surface preparation coating, basecoat",Insl-X,MOO01,https://raw.githubusercontent.com/kinggoff/NewSteelesImages/main/review-images/legacy-bm-000000036-vapourbarrierprimersealer_primer_inslx.png?raw=true,Image already existed,Finishes,,1,1,,,,,Primer=https://raw.githubusercontent.com/kinggoff/NewSteelesImages/main/PDFs/SDS/insl-x-VB-5000F_SDS_EN.pdf?raw=true,Primer=https://raw.githubusercontent.com/kinggoff/NewSteelesImages/main/PDFs/TDS/insl-x-VB-5000_TDS_CAE.pdf?raw=true,Primer=https://raw.githubusercontent.com/kinggoff/NewSteelesImages/main/PDFs/SDS/insl-x-VB-5000F_SDS_EN.pdf?raw=true,,Primer=https://raw.githubusercontent.com/kinggoff/NewSteelesImages/main/PDFs/TDS/insl-x-VB-5000_TDS_CAE.pdf?raw=true,,225e4df697a8e09953ef773d09d00ee5e7ef581408d23f20b0a6df8ccf4bb1f8,64c166dd90c97c4eb36ae465f7e1f0b0c80f6be6d459da7a6c11908b046d79a1
simple,High Performance Quick Dry Acrylic Spray DTM,37,BM-000000037,,"Benjamin Moore Quick Dry Acrylic Spray DTM is a direct-to-metal acrylic spray coating that provides fast-drying performance, corrosion resistance, and smooth coverage for small repairs and touch-ups. The master lists Gloss finish options. Confirm preparation, compatibility, application, coverage and recoat requirements in the current label or technical data sheet.",Previously Described,Commercial & Industrial > Paints,"direct-to-metal paint, acrylic enamel, industrial coating, anti-corrosion coating",Benjamin Moore,MOO01,https://raw.githubusercontent.com/kinggoff/NewSteelesImages/main/review-images/legacy-bm-000000037-quickdryacrylicspraydtm_specialtypaint_benjaminmoore.png?raw=true,Image already existed,Finishes,Gloss,1,1,,,,,Gloss=https://raw.githubusercontent.com/kinggoff/NewSteelesImages/main/PDFs/SDS/benjamin-moore-HP3000-01FR_SDS_EN.pdf?raw=true,Gloss=https://raw.githubusercontent.com/kinggoff/NewSteelesImages/main/PDFs/TDS/benjamin-moore-V300_TDS_CAE.pdf?raw=true,Gloss=https://raw.githubusercontent.com/kinggoff/NewSteelesImages/main/PDFs/SDS/benjamin-moore-HP3000-01FR_SDS_EN.pdf?raw=true,,Gloss=https://raw.githubusercontent.com/kinggoff/NewSteelesImages/main/PDFs/TDS/benjamin-moore-V300_TDS_CAE.pdf?raw=true,,5dde6f1ee8b347f4f364ee9c1c303f7f724f5c50fcde06a7881cccb1d5e79c91,40e4132a588021987ddc93dbfa9976a418ebe47b9679317cad3a0868386990ed
simple,High Performance DTM Acrylic Enamel,38,BM-000000038,,"Benjamin Moore DTM Acrylic Enamel is a premium waterborne acrylic enamel formulated for direct-to-metal applications. Confirm preparation, compatibility, application, coverage and recoat requirements in the current label or technical data sheet. Confirm the exact item and package before ordering. Follow the current manufacturer instructions for the intended job.",Previously Described,Commercial & Industrial > Paints,"direct-to-metal paint, acrylic enamel, industrial coating, anti-corrosion coating",Benjamin Moore,MOO01,https://raw.githubusercontent.com/kinggoff/NewSteelesImages/main/review-images/legacy-bm-000000038-dtmacrylicenamel_specialtypaint_benjaminmoore.png?raw=true,Image already existed,Finishes,Satin | Gloss,1,1,,,,,"Gloss=https://raw.githubusercontent.com/kinggoff/NewSteelesImages/main/PDFs/SDS/benjamin-moore-HP3300-10FR_SDS_EN.pdf?raw=true, https://raw.githubusercontent.com/kinggoff/NewSteelesImages/main/PDFs/SDS/benjamin-moore-HP3300-01FR_SDS_EN.pdf?raw=true, https://raw.githubusercontent.com/kinggoff/NewSteelesImages/main/PDFs/SDS/benjamin-moore-HP3300-20FR_SDS_EN.pdf?raw=true, https://raw.githubusercontent.com/kinggoff/NewSteelesImages/main/PDFs/SDS/benjamin-moore-HP3300-7XFR_SDS_EN.pdf?raw=true, https://raw.githubusercontent.com/kinggoff/NewSteelesImages/main/PDFs/SDS/benjamin-moore-HP3300-80FR_SDS_EN.pdf?raw=true, https://raw.githubusercontent.com/kinggoff/NewSteelesImages/main/PDFs/SDS/benjamin-moore-HP3300-9XFR_SDS_EN.pdf?raw=true, https://raw.githubusercontent.com/kinggoff/NewSteelesImages/main/PDFs/SDS/benjamin-moore-HP3300-8XFR_SDS_EN.pdf?raw=true|Satin=https://raw.githubusercontent.com/kinggoff/NewSteelesImages/main/PDFs/SDS/benjamin-moore-HP3320-01FR_SDS_EN.pdf?raw=true, https://raw.githubusercontent.com/kinggoff/NewSteelesImages/main/PDFs/SDS/benjamin-moore-HP3320-62FR_SDS_EN.pdf?raw=true, https://raw.githubusercontent.com/kinggoff/NewSteelesImages/main/PDFs/SDS/benjamin-moore-HP3320-7XFR_SDS_EN.pdf?raw=true, https://raw.githubusercontent.com/kinggoff/NewSteelesImages/main/PDFs/SDS/benjamin-moore-HP3320-80FR_SDS_EN.pdf?raw=true, https://raw.githubusercontent.com/kinggoff/NewSteelesImages/main/PDFs/SDS/benjamin-moore-HP3320-8XFR_SDS_EN.pdf?raw=true, https://raw.githubusercontent.com/kinggoff/NewSteelesImages/main/PDFs/SDS/benjamin-moore-HP3320-9XFR_SDS_EN.pdf?raw=true",Gloss=https://raw.githubusercontent.com/kinggoff/NewSteelesImages/main/PDFs/TDS/benjamin-moore-HP3300_TDS_CE.pdf?raw=true|Satin=https://raw.githubusercontent.com/kinggoff/NewSteelesImages/main/PDFs/TDS/benjamin-moore-HP3320_TDS_CE.pdf?raw=true,"Gloss=https://raw.githubusercontent.com/kinggoff/NewSteelesImages/main/PDFs/SDS/benjamin-moore-HP3300-10FR_SDS_EN.pdf?raw=true, https://raw.githubusercontent.com/kinggoff/NewSteelesImages/main/PDFs/SDS/benjamin-moore-HP3300-01FR_SDS_EN.pdf?raw=true, https://raw.githubusercontent.com/kinggoff/NewSteelesImages/main/PDFs/SDS/benjamin-moore-HP3300-20FR_SDS_EN.pdf?raw=true, https://raw.githubusercontent.com/kinggoff/NewSteelesImages/main/PDFs/SDS/benjamin-moore-HP3300-7XFR_SDS_EN.pdf?raw=true, https://raw.githubusercontent.com/kinggoff/NewSteelesImages/main/PDFs/SDS/benjamin-moore-HP3300-80FR_SDS_EN.pdf?raw=true, https://raw.githubusercontent.com/kinggoff/NewSteelesImages/main/PDFs/SDS/benjamin-moore-HP3300-9XFR_SDS_EN.pdf?raw=true, https://raw.githubusercontent.com/kinggoff/NewSteelesImages/main/PDFs/SDS/benjamin-moore-HP3300-8XFR_SDS_EN.pdf?raw=true|Satin=https://raw.githubusercontent.com/kinggoff/NewSteelesImages/main/PDFs/SDS/benjamin-moore-HP3320-01FR_SDS_EN.pdf?raw=true, https://raw.githubusercontent.com/kinggoff/NewSteelesImages/main/PDFs/SDS/benjamin-moore-HP3320-62FR_SDS_EN.pdf?raw=true, https://raw.githubusercontent.com/kinggoff/NewSteelesImages/main/PDFs/SDS/benjamin-moore-HP3320-7XFR_SDS_EN.pdf?raw=true, https://raw.githubusercontent.com/kinggoff/NewSteelesImages/main/PDFs/SDS/benjamin-moore-HP3320-80FR_SDS_EN.pdf?raw=true, https://raw.githubusercontent.com/kinggoff/NewSteelesImages/main/PDFs/SDS/benjamin-moore-HP3320-8XFR_SDS_EN.pdf?raw=true, https://raw.githubusercontent.com/kinggoff/NewSteelesImages/main/PDFs/SDS/benjamin-moore-HP3320-9XFR_SDS_EN.pdf?raw=true",,Gloss=https://raw.githubusercontent.com/kinggoff/NewSteelesImages/main/PDFs/TDS/benjamin-moore-HP3300_TDS_CE.pdf?raw=true|Satin=https://raw.githubusercontent.com/kinggoff/NewSteelesImages/main/PDFs/TDS/benjamin-moore-HP3320_TDS_CE.pdf?raw=true,,e80fb10abbf3bc729d7b079c0aaeac8ff1045d3b48f7e4fae6132bdb8391a786,e80797e6ed995449051f84b0872058855e0900488debdd0529fc7e902923bc17
simple,High Performance Pre-Catalyzed Waterborne Epoxy,39,BM-000000039,,"Benjamin Moore Pre-Catalyzed Waterborne Epoxy is a one-component epoxy coating that provides exceptional durability, chemical resistance, and washability. The master lists Semi Gloss or Eggshell finish options. Prepare both surfaces and follow the label for mixing where required, open or working time, assembly, clamping and cure.",Previously Described,Commercial & Industrial > Epoxy,"epoxy coating, two-part epoxy, protective coating, industrial coating",Benjamin Moore,MOO01,https://raw.githubusercontent.com/kinggoff/NewSteelesImages/main/review-images/legacy-bm-000000039-precatalyzedwaterborneepoxysemigloss_specialtypaint_benjaminmoore.png?raw=true,Image already existed,Finishes,Semi Gloss | Eggshell,1,1,,,,,"Semi Gloss=https://raw.githubusercontent.com/kinggoff/NewSteelesImages/main/PDFs/SDS/benjamin-moore-HP3410-9XFR_SDS_EN.pdf?raw=true, https://raw.githubusercontent.com/kinggoff/NewSteelesImages/main/PDFs/SDS/benjamin-moore-HP3410-8XFR_SDS_EN.pdf?raw=true, https://raw.githubusercontent.com/kinggoff/NewSteelesImages/main/PDFs/SDS/benjamin-moore-HP3410-7XFR_SDS_EN.pdf?raw=true, https://raw.githubusercontent.com/kinggoff/NewSteelesImages/main/PDFs/SDS/benjamin-moore-HP3410-01FR_SDS_EN.pdf?raw=true|Eggshell=https://raw.githubusercontent.com/kinggoff/NewSteelesImages/main/PDFs/SDS/benjamin-moore-HP3420-8XFR_SDS_EN.pdf?raw=true, https://raw.githubusercontent.com/kinggoff/NewSteelesImages/main/PDFs/SDS/benjamin-moore-HP3420-01FR_SDS_EN.pdf?raw=true, https://raw.githubusercontent.com/kinggoff/NewSteelesImages/main/PDFs/SDS/benjamin-moore-HP3420-7XFR_SDS_EN.pdf?raw=true, https://raw.githubusercontent.com/kinggoff/NewSteelesImages/main/PDFs/SDS/benjamin-moore-HP3420-9XFR_SDS_EN.pdf?raw=true",Semi Gloss=https://raw.githubusercontent.com/kinggoff/NewSteelesImages/main/PDFs/TDS/benjamin-moore-HP3410_TDS_CE.pdf?raw=true,"Semi Gloss=https://raw.githubusercontent.com/kinggoff/NewSteelesImages/main/PDFs/SDS/benjamin-moore-HP3410-9XFR_SDS_EN.pdf?raw=true, https://raw.githubusercontent.com/kinggoff/NewSteelesImages/main/PDFs/SDS/benjamin-moore-HP3410-8XFR_SDS_EN.pdf?raw=true, https://raw.githubusercontent.com/kinggoff/NewSteelesImages/main/PDFs/SDS/benjamin-moore-HP3410-7XFR_SDS_EN.pdf?raw=true, https://raw.githubusercontent.com/kinggoff/NewSteelesImages/main/PDFs/SDS/benjamin-moore-HP3410-01FR_SDS_EN.pdf?raw=true|Eggshell=https://raw.githubusercontent.com/kinggoff/NewSteelesImages/main/PDFs/SDS/benjamin-moore-HP3420-8XFR_SDS_EN.pdf?raw=true, https://raw.githubusercontent.com/kinggoff/NewSteelesImages/main/PDFs/SDS/benjamin-moore-HP3420-01FR_SDS_EN.pdf?raw=true, https://raw.githubusercontent.com/kinggoff/NewSteelesImages/main/PDFs/SDS/benjamin-moore-HP3420-7XFR_SDS_EN.pdf?raw=true, https://raw.githubusercontent.com/kinggoff/NewSteelesImages/main/PDFs/SDS/benjamin-moore-HP3420-9XFR_SDS_EN.pdf?raw=true",,Semi Gloss=https://raw.githubusercontent.com/kinggoff/NewSteelesImages/main/PDFs/TDS/benjamin-moore-HP3410_TDS_CE.pdf?raw=true,,58a88b183e60da3705ee72d47507f68163d53882c3de975e454cb1901f673381,a2957212996b4b9ddb48f56eb6bb348287977923953a6a87eeae3266e4c0150b
simple,Command Waterborne Acrylic Urethane,40,BM-000000040,,"Benjamin Moore Command Acrylic Urethane Gloss is a commercial-grade waterborne urethane coating offering quick return-to-service and superior adhesion. The master lists Gloss or Satin finish options. Confirm preparation, compatibility, application, coverage and recoat requirements in the current label or technical data sheet.",Previously Described,Commercial & Industrial > Paints,"acrylic urethane coating, water-based industrial coating, protective enamel, industrial coating",Benjamin Moore,MOO01,https://raw.githubusercontent.com/kinggoff/NewSteelesImages/main/review-images/legacy-bm-000000040-commandwaterborneacrylicurethanegloss_specialtypaint_benjaminmoore.png?raw=true,Image already existed,Finishes,Gloss | Satin,1,1,,,,,"Gloss=https://raw.githubusercontent.com/kinggoff/NewSteelesImages/main/PDFs/SDS/benjamin-moore-HP3900-01FR_SDS_EN.pdf?raw=true, https://raw.githubusercontent.com/kinggoff/NewSteelesImages/main/PDFs/SDS/benjamin-moore-HP3900-10FR_SDS_EN.pdf?raw=true, https://raw.githubusercontent.com/kinggoff/NewSteelesImages/main/PDFs/SDS/benjamin-moore-HP3900-20FR_SDS_EN.pdf?raw=true, https://raw.githubusercontent.com/kinggoff/NewSteelesImages/main/PDFs/SDS/benjamin-moore-HP3900-7XFR_SDS_EN.pdf?raw=true, https://raw.githubusercontent.com/kinggoff/NewSteelesImages/main/PDFs/SDS/benjamin-moore-HP3900-80FR_SDS_EN.pdf?raw=true, https://raw.githubusercontent.com/kinggoff/NewSteelesImages/main/PDFs/SDS/benjamin-moore-HP3900-8XFR_SDS_EN.pdf?raw=true, https://raw.githubusercontent.com/kinggoff/NewSteelesImages/main/PDFs/SDS/benjamin-moore-HP3900-9XFR_SDS_EN.pdf?raw=true|Satin=https://raw.githubusercontent.com/kinggoff/NewSteelesImages/main/PDFs/SDS/benjamin-moore-HP3920-62FR_SDS_EN.pdf?raw=true, https://raw.githubusercontent.com/kinggoff/NewSteelesImages/main/PDFs/SDS/benjamin-moore-HP3920-01FR_SDS_EN.pdf?raw=true, https://raw.githubusercontent.com/kinggoff/NewSteelesImages/main/PDFs/SDS/benjamin-moore-HP3920-7XFR_SDS_EN.pdf?raw=true, https://raw.githubusercontent.com/kinggoff/NewSteelesImages/main/PDFs/SDS/benjamin-moore-HP3920-80FR_SDS_EN.pdf?raw=true, https://raw.githubusercontent.com/kinggoff/NewSteelesImages/main/PDFs/SDS/benjamin-moore-HP3920-9XFR_SDS_EN.pdf?raw=true, https://raw.githubusercontent.com/kinggoff/NewSteelesImages/main/PDFs/SDS/benjamin-moore-HP3920-8XFR_SDS_EN.pdf?raw=true",Gloss=https://raw.githubusercontent.com/kinggoff/NewSteelesImages/main/PDFs/TDS/benjamin-moore-HP3900_TDS_CE.pdf?raw=true|Satin=https://raw.githubusercontent.com/kinggoff/NewSteelesImages/main/PDFs/TDS/benjamin-moore-HP3920_TDS_CE.pdf?raw=true,"Gloss=https://raw.githubusercontent.com/kinggoff/NewSteelesImages/main/PDFs/SDS/benjamin-moore-HP3900-01FR_SDS_EN.pdf?raw=true, https://raw.githubusercontent.com/kinggoff/NewSteelesImages/main/PDFs/SDS/benjamin-moore-HP3900-10FR_SDS_EN.pdf?raw=true, https://raw.githubusercontent.com/kinggoff/NewSteelesImages/main/PDFs/SDS/benjamin-moore-HP3900-20FR_SDS_EN.pdf?raw=true, https://raw.githubusercontent.com/kinggoff/NewSteelesImages/main/PDFs/SDS/benjamin-moore-HP3900-7XFR_SDS_EN.pdf?raw=true, https://raw.githubusercontent.com/kinggoff/NewSteelesImages/main/PDFs/SDS/benjamin-moore-HP3900-80FR_SDS_EN.pdf?raw=true, https://raw.githubusercontent.com/kinggoff/NewSteelesImages/main/PDFs/SDS/benjamin-moore-HP3900-8XFR_SDS_EN.pdf?raw=true, https://raw.githubusercontent.com/kinggoff/NewSteelesImages/main/PDFs/SDS/benjamin-moore-HP3900-9XFR_SDS_EN.pdf?raw=true|Satin=https://raw.githubusercontent.com/kinggoff/NewSteelesImages/main/PDFs/SDS/benjamin-moore-HP3920-62FR_SDS_EN.pdf?raw=true, https://raw.githubusercontent.com/kinggoff/NewSteelesImages/main/PDFs/SDS/benjamin-moore-HP3920-01FR_SDS_EN.pdf?raw=true, https://raw.githubusercontent.com/kinggoff/NewSteelesImages/main/PDFs/SDS/benjamin-moore-HP3920-7XFR_SDS_EN.pdf?raw=true, https://raw.githubusercontent.com/kinggoff/NewSteelesImages/main/PDFs/SDS/benjamin-moore-HP3920-80FR_SDS_EN.pdf?raw=true, https://raw.githubusercontent.com/kinggoff/NewSteelesImages/main/PDFs/SDS/benjamin-moore-HP3920-9XFR_SDS_EN.pdf?raw=true, https://raw.githubusercontent.com/kinggoff/NewSteelesImages/main/PDFs/SDS/benjamin-moore-HP3920-8XFR_SDS_EN.pdf?raw=true",,Gloss=https://raw.githubusercontent.com/kinggoff/NewSteelesImages/main/PDFs/TDS/benjamin-moore-HP3900_TDS_CE.pdf?raw=true|Satin=https://raw.githubusercontent.com/kinggoff/NewSteelesImages/main/PDFs/TDS/benjamin-moore-HP3920_TDS_CE.pdf?raw=true,,b2a8c23dd150e6bacd8ca5219e59727aad073f7b1da955289147bdb6628572f8,10f238b0a38f0154760cb831bffcdef0ef0f40e5c712ac9b58fca5d38b0a37b0
simple,High Performance Aliphatic Urethane,41,BM-000000041,,"Benjamin Moore Aliphatic Urethane is a two-component urethane coating that provides exceptional UV resistance and chemical durability. The master lists Gloss or Semi Gloss finish options. Confirm preparation, compatibility, application, coverage and recoat requirements in the current label or technical data sheet.",Previously Described,Commercial & Industrial > Epoxy,"aliphatic urethane coating, two-component coating, protective coating, industrial coating",Benjamin Moore,MOO01,https://raw.githubusercontent.com/kinggoff/NewSteelesImages/main/review-images/legacy-bm-000000041-aliphaticurethane_specialtypaint_benjaminmoore.png?raw=true,Image already existed,Finishes,Gloss | Semi Gloss,1,1,,,,,"Gloss=https://raw.githubusercontent.com/kinggoff/NewSteelesImages/main/PDFs/SDS/benjamin-moore-HP5000-00FR_SDS_EN.pdf?raw=true, https://raw.githubusercontent.com/kinggoff/NewSteelesImages/main/PDFs/SDS/benjamin-moore-HP5000-01FR_SDS_EN.pdf?raw=true, https://raw.githubusercontent.com/kinggoff/NewSteelesImages/main/PDFs/SDS/benjamin-moore-HP5000-7BFR_SDS_EN.pdf?raw=true, https://raw.githubusercontent.com/kinggoff/NewSteelesImages/main/PDFs/SDS/benjamin-moore-HP5000-80FR_SDS_EN.pdf?raw=true, https://raw.githubusercontent.com/kinggoff/NewSteelesImages/main/PDFs/SDS/benjamin-moore-HP5000-8BFR_SDS_EN.pdf?raw=true, https://raw.githubusercontent.com/kinggoff/NewSteelesImages/main/PDFs/SDS/benjamin-moore-HP5000-90FR_SDS_EN.pdf?raw=true, https://raw.githubusercontent.com/kinggoff/NewSteelesImages/main/PDFs/SDS/benjamin-moore-HP5000-9BFR_SDS_EN.pdf?raw=true|Semi Gloss=https://raw.githubusercontent.com/kinggoff/NewSteelesImages/main/PDFs/SDS/benjamin-moore-HP5010-7BFR_SDS_EN.pdf?raw=true, https://raw.githubusercontent.com/kinggoff/NewSteelesImages/main/PDFs/SDS/benjamin-moore-HP5010-90FR_SDS_EN.pdf?raw=true, https://raw.githubusercontent.com/kinggoff/NewSteelesImages/main/PDFs/SDS/benjamin-moore-HP5010-8BFR_SDS_EN.pdf?raw=true, https://raw.githubusercontent.com/kinggoff/NewSteelesImages/main/PDFs/SDS/benjamin-moore-HP5010-9BFR_SDS_EN.pdf?raw=true",Gloss=https://raw.githubusercontent.com/kinggoff/NewSteelesImages/main/PDFs/TDS/benjamin-moore-HP5000_TDS_CE.pdf?raw=true|Semi Gloss=https://raw.githubusercontent.com/kinggoff/NewSteelesImages/main/PDFs/TDS/benjamin-moore-HP5010_TDS_CE.pdf?raw=true,"Gloss=https://raw.githubusercontent.com/kinggoff/NewSteelesImages/main/PDFs/SDS/benjamin-moore-HP5000-00FR_SDS_EN.pdf?raw=true, https://raw.githubusercontent.com/kinggoff/NewSteelesImages/main/PDFs/SDS/benjamin-moore-HP5000-01FR_SDS_EN.pdf?raw=true, https://raw.githubusercontent.com/kinggoff/NewSteelesImages/main/PDFs/SDS/benjamin-moore-HP5000-7BFR_SDS_EN.pdf?raw=true, https://raw.githubusercontent.com/kinggoff/NewSteelesImages/main/PDFs/SDS/benjamin-moore-HP5000-80FR_SDS_EN.pdf?raw=true, https://raw.githubusercontent.com/kinggoff/NewSteelesImages/main/PDFs/SDS/benjamin-moore-HP5000-8BFR_SDS_EN.pdf?raw=true, https://raw.githubusercontent.com/kinggoff/NewSteelesImages/main/PDFs/SDS/benjamin-moore-HP5000-90FR_SDS_EN.pdf?raw=true, https://raw.githubusercontent.com/kinggoff/NewSteelesImages/main/PDFs/SDS/benjamin-moore-HP5000-9BFR_SDS_EN.pdf?raw=true|Semi Gloss=https://raw.githubusercontent.com/kinggoff/NewSteelesImages/main/PDFs/SDS/benjamin-moore-HP5010-7BFR_SDS_EN.pdf?raw=true, https://raw.githubusercontent.com/kinggoff/NewSteelesImages/main/PDFs/SDS/benjamin-moore-HP5010-90FR_SDS_EN.pdf?raw=true, https://raw.githubusercontent.com/kinggoff/NewSteelesImages/main/PDFs/SDS/benjamin-moore-HP5010-8BFR_SDS_EN.pdf?raw=true, https://raw.githubusercontent.com/kinggoff/NewSteelesImages/main/PDFs/SDS/benjamin-moore-HP5010-9BFR_SDS_EN.pdf?raw=true",,Gloss=https://raw.githubusercontent.com/kinggoff/NewSteelesImages/main/PDFs/TDS/benjamin-moore-HP5000_TDS_CE.pdf?raw=true|Semi Gloss=https://raw.githubusercontent.com/kinggoff/NewSteelesImages/main/PDFs/TDS/benjamin-moore-HP5010_TDS_CE.pdf?raw=true,,a7851974d3de71d4a9d5ce8e769fbb5dce0264f3f6512036dcf61ace9d7ff4c3,c8aac4b26cca77c9d742ca504ff307e61b1b45252204cb32a70751ded1993690
simple,High Performance DTM Mastic Urethane,42,BM-000000042,,"Benjamin Moore CTM Mastic Urethane is a heavy-duty coating that delivers high film build, corrosion protection, and excellent adhesion. The master lists Gloss or Satin finish options. Confirm preparation, compatibility, application, coverage and recoat requirements in the current label or technical data sheet.",Previously Described,Commercial & Industrial > Epoxy,"urethane mastic, direct-to-metal coating, protective coating, industrial coating",Benjamin Moore,MOO01,https://raw.githubusercontent.com/kinggoff/NewSteelesImages/main/review-images/legacy-bm-000000042-dtmmasticurethanegloss_specialtypaint_benjaminmoore.png?raw=true,Image already existed,Finishes,Gloss | Satin,1,1,,,,,"Gloss=https://raw.githubusercontent.com/kinggoff/NewSteelesImages/main/PDFs/SDS/benjamin-moore-HP5700-7BFR_SDS_EN.pdf?raw=true, https://raw.githubusercontent.com/kinggoff/NewSteelesImages/main/PDFs/SDS/benjamin-moore-HP5700-8BFR_SDS_EN.pdf?raw=true, https://raw.githubusercontent.com/kinggoff/NewSteelesImages/main/PDFs/SDS/benjamin-moore-HP5700-90FR_SDS_EN.pdf?raw=true, https://raw.githubusercontent.com/kinggoff/NewSteelesImages/main/PDFs/SDS/benjamin-moore-HP5700-9BFR_SDS_EN.pdf?raw=true|Satin=https://raw.githubusercontent.com/kinggoff/NewSteelesImages/main/PDFs/SDS/benjamin-moore-HP5720-7BFR_SDS_EN.pdf?raw=true, https://raw.githubusercontent.com/kinggoff/NewSteelesImages/main/PDFs/SDS/benjamin-moore-HP5720-9BFR_SDS_EN.pdf?raw=true, https://raw.githubusercontent.com/kinggoff/NewSteelesImages/main/PDFs/SDS/benjamin-moore-HP5720-8BFR_SDS_EN.pdf?raw=true, https://raw.githubusercontent.com/kinggoff/NewSteelesImages/main/PDFs/SDS/benjamin-moore-HP5720-80FR_SDS_EN.pdf?raw=true",Gloss=https://raw.githubusercontent.com/kinggoff/NewSteelesImages/main/PDFs/TDS/benjamin-moore-HP5700_TDS_CE.pdf?raw=true|Satin=https://raw.githubusercontent.com/kinggoff/NewSteelesImages/main/PDFs/TDS/benjamin-moore-HP5720_TDS_CE.pdf?raw=true,"Gloss=https://raw.githubusercontent.com/kinggoff/NewSteelesImages/main/PDFs/SDS/benjamin-moore-HP5700-7BFR_SDS_EN.pdf?raw=true, https://raw.githubusercontent.com/kinggoff/NewSteelesImages/main/PDFs/SDS/benjamin-moore-HP5700-8BFR_SDS_EN.pdf?raw=true, https://raw.githubusercontent.com/kinggoff/NewSteelesImages/main/PDFs/SDS/benjamin-moore-HP5700-90FR_SDS_EN.pdf?raw=true, https://raw.githubusercontent.com/kinggoff/NewSteelesImages/main/PDFs/SDS/benjamin-moore-HP5700-9BFR_SDS_EN.pdf?raw=true|Satin=https://raw.githubusercontent.com/kinggoff/NewSteelesImages/main/PDFs/SDS/benjamin-moore-HP5720-7BFR_SDS_EN.pdf?raw=true, https://raw.githubusercontent.com/kinggoff/NewSteelesImages/main/PDFs/SDS/benjamin-moore-HP5720-9BFR_SDS_EN.pdf?raw=true, https://raw.githubusercontent.com/kinggoff/NewSteelesImages/main/PDFs/SDS/benjamin-moore-HP5720-8BFR_SDS_EN.pdf?raw=true, https://raw.githubusercontent.com/kinggoff/NewSteelesImages/main/PDFs/SDS/benjamin-moore-HP5720-80FR_SDS_EN.pdf?raw=true",,Gloss=https://raw.githubusercontent.com/kinggoff/NewSteelesImages/main/PDFs/TDS/benjamin-moore-HP5700_TDS_CE.pdf?raw=true|Satin=https://raw.githubusercontent.com/kinggoff/NewSteelesImages/main/PDFs/TDS/benjamin-moore-HP5720_TDS_CE.pdf?raw=true,,5b125cd2cadac19ca278a6d2dd0733328d726f45bc4be99d5bba3f38c52d5edd,d16f9bc63f9676206afddd45f7335ddfe2fa6f9d8fe13f181f239a17f0d020fc
simple,High Performance Acrylic Metal Primer,43,BM-000000043,,"Benjamin Moore Acrylic Metal Primer is a high-quality waterborne primer formulated for both ferrous and non-ferrous metal surfaces. The selected topcoat and the condition of the existing surface determine whether additional sealing or spot preparation is needed. Confirm preparation, compatibility, application, coverage and recoat requirements in the current label or technical data sheet.",Previously Described,Commercial & Industrial > Primers,"metal primer, anti-corrosion primer, industrial primer, surface preparation coating, primer, primer sealer, basecoat",Benjamin Moore,MOO01,https://raw.githubusercontent.com/kinggoff/NewSteelesImages/main/review-images/legacy-bm-000000043-acrylicmetalprimer_primer_benjaminmoore.png?raw=true,Image already existed,Finishes,,1,1,,,,,"Primer=https://raw.githubusercontent.com/kinggoff/NewSteelesImages/main/PDFs/SDS/benjamin-moore-HP1100-20FR_SDS_EN.pdf?raw=true, https://raw.githubusercontent.com/kinggoff/NewSteelesImages/main/PDFs/SDS/benjamin-moore-HP1100-01FR_SDS_EN.pdf?raw=true","Primer=https://raw.githubusercontent.com/kinggoff/NewSteelesImages/main/PDFs/TDS/benjamin-moore-HP1100-20_TDS_CE.pdf?raw=true, https://raw.githubusercontent.com/kinggoff/NewSteelesImages/main/PDFs/TDS/benjamin-moore-HP1100-01_TDS_CE.pdf?raw=true","Primer=https://raw.githubusercontent.com/kinggoff/NewSteelesImages/main/PDFs/SDS/benjamin-moore-HP1100-20FR_SDS_EN.pdf?raw=true, https://raw.githubusercontent.com/kinggoff/NewSteelesImages/main/PDFs/SDS/benjamin-moore-HP1100-01FR_SDS_EN.pdf?raw=true",,"Primer=https://raw.githubusercontent.com/kinggoff/NewSteelesImages/main/PDFs/TDS/benjamin-moore-HP1100-20_TDS_CE.pdf?raw=true, https://raw.githubusercontent.com/kinggoff/NewSteelesImages/main/PDFs/TDS/benjamin-moore-HP1100-01_TDS_CE.pdf?raw=true",,2325bd41b893e2246fa46e691f14cefcffd85d0682c7a5a0dd0571d974977c51,6720b7bf56db11dfe35447b9901cb5322e371ae1b5533e6698600ef774cceb99
simple,High Performance Acrylic Sealer/Finish,44,BM-000000044,,"Benjamin Moore Acrylic Sealer Finish is a clear waterborne acrylic coating designed to seal, protect, and enhance surfaces. Selection should be based on the specific task, material, working conditions and compatible products in the complete system. Confirm preparation, compatibility, application, coverage and recoat requirements in the current label or technical data sheet.",Previously Described,Commercial & Industrial > Epoxy,"acrylic sealer, clear protective coating, industrial coating, surface sealer",Benjamin Moore,MOO01,https://raw.githubusercontent.com/kinggoff/NewSteelesImages/main/review-images/legacy-bm-000000044-acrylicsealerfinish_primer_benjaminmoore.png?raw=true,Image already existed,Finishes,,1,1,,,,,Sealer=https://raw.githubusercontent.com/kinggoff/NewSteelesImages/main/PDFs/SDS/benjamin-moore-HP1270-00FR_SDS_EN.pdf?raw=true,Sealer=https://raw.githubusercontent.com/kinggoff/NewSteelesImages/main/PDFs/TDS/benjamin-moore-HP1270_TDS_CE.pdf?raw=true,Sealer=https://raw.githubusercontent.com/kinggoff/NewSteelesImages/main/PDFs/SDS/benjamin-moore-HP1270-00FR_SDS_EN.pdf?raw=true,,Sealer=https://raw.githubusercontent.com/kinggoff/NewSteelesImages/main/PDFs/TDS/benjamin-moore-HP1270_TDS_CE.pdf?raw=true,,14ad6274a732092a5fb25b288a8a2508b94d2b1fb54d88720bbead5fa9b63d6b,3676358dedd87c818af8f01f48bf57a9b7511840d3774d762ba06d8f6bd8e83a
simple,High Performance Universal Metal Primer,45,BM-000000045,,"Benjamin Moore Universal Metal Primer is a versatile, fast-drying primer engineered for superior adhesion on a wide range of metal substrates. Check the current manufacturer label or technical data sheet before use. Confirm the exact item and package before ordering. Follow the current manufacturer instructions for the intended job.",Previously Described,Commercial & Industrial > Primers,"metal primer, anti-corrosion primer, industrial primer, surface preparation coating, primer, primer sealer, basecoat",Benjamin Moore,MOO01,https://raw.githubusercontent.com/kinggoff/NewSteelesImages/main/review-images/legacy-bm-000000045-universalmetalprimer_primer_benjaminmoore.png?raw=true,Image already existed,Finishes,,1,1,,,,,"Primer=https://raw.githubusercontent.com/kinggoff/NewSteelesImages/main/PDFs/SDS/benjamin-moore-HP1320-70FR_SDS_EN.pdf?raw=true, https://raw.githubusercontent.com/kinggoff/NewSteelesImages/main/PDFs/SDS/benjamin-moore-HP1320-20FR_SDS_EN.pdf?raw=true, https://raw.githubusercontent.com/kinggoff/NewSteelesImages/main/PDFs/SDS/benjamin-moore-HP1320-01FR_SDS_EN.pdf?raw=true",Primer=https://raw.githubusercontent.com/kinggoff/NewSteelesImages/main/PDFs/TDS/benjamin-moore-HP1320_TDS_CE.pdf?raw=true,"Primer=https://raw.githubusercontent.com/kinggoff/NewSteelesImages/main/PDFs/SDS/benjamin-moore-HP1320-70FR_SDS_EN.pdf?raw=true, https://raw.githubusercontent.com/kinggoff/NewSteelesImages/main/PDFs/SDS/benjamin-moore-HP1320-20FR_SDS_EN.pdf?raw=true, https://raw.githubusercontent.com/kinggoff/NewSteelesImages/main/PDFs/SDS/benjamin-moore-HP1320-01FR_SDS_EN.pdf?raw=true",,Primer=https://raw.githubusercontent.com/kinggoff/NewSteelesImages/main/PDFs/TDS/benjamin-moore-HP1320_TDS_CE.pdf?raw=true,,2732ebf97a732298a009732582b7ebde19062ea2004b14f3b4ce6c3dfdce5401,9055abbd624bdc59d4de77e0010d14e53f71ca2b9fb2c7bf53265ae182e5703b
simple,High Performance Shop Primer,46,BM-000000046,,"Benjamin Moore Shop Primer is an industrial metal primer formulated for structural steel and fabricated metal components. The selected topcoat and the condition of the existing surface determine whether additional sealing or spot preparation is needed. Confirm preparation, compatibility, application, coverage and recoat requirements in the current label or technical data sheet.",Previously Described,Commercial & Industrial > Primers,"metal primer, anti-corrosion primer, industrial primer, surface preparation coating, primer, primer sealer, basecoat",Benjamin Moore,MOO01,https://raw.githubusercontent.com/kinggoff/NewSteelesImages/main/review-images/legacy-bm-000000046-shopprimer_primer_benjaminmoore.png?raw=true,Image already existed,Finishes,,1,1,,,,,"Primer=https://raw.githubusercontent.com/kinggoff/NewSteelesImages/main/PDFs/SDS/benjamin-moore-HP1420-70FR_SDS_EN.pdf?raw=true, https://raw.githubusercontent.com/kinggoff/NewSteelesImages/main/PDFs/SDS/benjamin-moore-HP1420-20FR_SDS_EN.pdf?raw=true",Primer=https://raw.githubusercontent.com/kinggoff/NewSteelesImages/main/PDFs/TDS/benjamin-moore-HP1420_TDS_CE.pdf?raw=true,"Primer=https://raw.githubusercontent.com/kinggoff/NewSteelesImages/main/PDFs/SDS/benjamin-moore-HP1420-70FR_SDS_EN.pdf?raw=true, https://raw.githubusercontent.com/kinggoff/NewSteelesImages/main/PDFs/SDS/benjamin-moore-HP1420-20FR_SDS_EN.pdf?raw=true",,Primer=https://raw.githubusercontent.com/kinggoff/NewSteelesImages/main/PDFs/TDS/benjamin-moore-HP1420_TDS_CE.pdf?raw=true,,cb61200a8e1b494503d277e57812f9d5a63306a84d728d5d738288efea42b845,4e981e65e2ecdce692805b07adeb94589ac5f1df8cff95cf1b7023f23ddb0d4c
simple,High Performance Concrete and Metal Epoxy Primer,47,BM-000000047,,"Benjamin Moore Concrete and Metal Epoxy Primer is a high-performance epoxy primer engineered to promote strong adhesion on concrete and metal. The selected topcoat and the condition of the existing surface determine whether additional sealing or spot preparation is needed. Prepare both surfaces and follow the label for mixing where required, open or working time, assembly, clamping and cure.",Previously Described,Commercial & Industrial > Epoxy,"epoxy primer, concrete primer, metal primer, two-part industrial primer",Benjamin Moore,MOO01,https://raw.githubusercontent.com/kinggoff/NewSteelesImages/main/review-images/legacy-bm-000000047-concreteandmetalepoxyprimer_primer_benjaminmoore.png?raw=true,Image already existed,Finishes,,1,1,,,,,"Primer=https://raw.githubusercontent.com/kinggoff/NewSteelesImages/main/PDFs/SDS/benjamin-moore-HP1550-90FR_SDS_EN.pdf?raw=true, https://raw.githubusercontent.com/kinggoff/NewSteelesImages/main/PDFs/SDS/benjamin-moore-HP1550-00FR_SDS_EN.pdf?raw=true",Primer=https://raw.githubusercontent.com/kinggoff/NewSteelesImages/main/PDFs/TDS/benjamin-moore-HP1550_TDS_CE.pdf?raw=true,"Primer=https://raw.githubusercontent.com/kinggoff/NewSteelesImages/main/PDFs/SDS/benjamin-moore-HP1550-90FR_SDS_EN.pdf?raw=true, https://raw.githubusercontent.com/kinggoff/NewSteelesImages/main/PDFs/SDS/benjamin-moore-HP1550-00FR_SDS_EN.pdf?raw=true",,Primer=https://raw.githubusercontent.com/kinggoff/NewSteelesImages/main/PDFs/TDS/benjamin-moore-HP1550_TDS_CE.pdf?raw=true,,3d0bdea2c62dabceec161c59e1c0208624478fcbabc7255f2f29cd864617025c,7ee1b6987dc2524f1f43cd089c334ad229db0b8f87cf244065724d40b1e025dd
simple,High Performance Waterborne Bonding Primer,48,BM-000000048,,"Benjamin Moore Waterborne Bonding Primer is a specialized adhesion-promoting primer formulated for smooth or non-porous surfaces. The selected topcoat and the condition of the existing surface determine whether additional sealing or spot preparation is needed. Confirm preparation, compatibility, application, coverage and recoat requirements in the current label or technical data sheet.",Previously Described,Commercial & Industrial > Primers,"bonding primer, adhesion primer, primer, surface preparation coating, primer sealer, basecoat",Benjamin Moore,MOO01,https://raw.githubusercontent.com/kinggoff/NewSteelesImages/main/review-images/legacy-bm-000000048-waterbornebondingprimer_primer_benjaminmoore.png?raw=true,Image already existed,Finishes,,1,1,,,,,Primer=https://raw.githubusercontent.com/kinggoff/NewSteelesImages/main/PDFs/SDS/benjamin-moore-HP1750-00FR_SDS_EN.pdf?raw=true,Primer=https://raw.githubusercontent.com/kinggoff/NewSteelesImages/main/PDFs/TDS/benjamin-moore-HP1750_TDS_CE.pdf?raw=true,Primer=https://raw.githubusercontent.com/kinggoff/NewSteelesImages/main/PDFs/SDS/benjamin-moore-HP1750-00FR_SDS_EN.pdf?raw=true,,Primer=https://raw.githubusercontent.com/kinggoff/NewSteelesImages/main/PDFs/TDS/benjamin-moore-HP1750_TDS_CE.pdf?raw=true,,93edea004bff737ea702d4759661a97f680533ae540608733732392d8e903fc7,80b1954fe8b6e524a0ea39b794121bf1292fe2bc1d70eeaabe6b89fa0978a336
simple,High Performance Polyamide Epoxy,49,BM-000000049,,"Benjamin Moore Polyamide Epoxy is a two-component epoxy coating offering outstanding abrasion resistance and chemical durability. Prepare both surfaces and follow the label for mixing where required, open or working time, assembly, clamping and cure. Confirm the exact item and package before ordering.",Previously Described,Commercial & Industrial > Epoxy,"epoxy coating, two-part epoxy, protective coating, industrial coating",Benjamin Moore,MOO01,https://raw.githubusercontent.com/kinggoff/NewSteelesImages/main/review-images/legacy-bm-000000049-polyamideepoxy_specialtypaint_benjaminmoore.png?raw=true,Image already existed,Finishes,Gloss,1,1,,,,,"Gloss=https://raw.githubusercontent.com/kinggoff/NewSteelesImages/main/PDFs/SDS/benjamin-moore-HP4000-75FR_SDS_EN.pdf?raw=true, https://raw.githubusercontent.com/kinggoff/NewSteelesImages/main/PDFs/SDS/benjamin-moore-HP4000-80FR_SDS_EN.pdf?raw=true, https://raw.githubusercontent.com/kinggoff/NewSteelesImages/main/PDFs/SDS/benjamin-moore-HP4000-90FR_SDS_EN.pdf?raw=true, https://raw.githubusercontent.com/kinggoff/NewSteelesImages/main/PDFs/SDS/benjamin-moore-HP4000-92FR_SDS_EN.pdf?raw=true, https://raw.githubusercontent.com/kinggoff/NewSteelesImages/main/PDFs/SDS/benjamin-moore-HP4000-91FR_SDS_EN.pdf?raw=true, https://raw.githubusercontent.com/kinggoff/NewSteelesImages/main/PDFs/SDS/benjamin-moore-HP4000-00FR_SDS_EN.pdf?raw=true, https://raw.githubusercontent.com/kinggoff/NewSteelesImages/main/PDFs/SDS/benjamin-moore-HP4000-9BFR_SDS_EN.pdf?raw=true, https://raw.githubusercontent.com/kinggoff/NewSteelesImages/main/PDFs/SDS/benjamin-moore-HP4000-8BFR_SDS_EN.pdf?raw=true, https://raw.githubusercontent.com/kinggoff/NewSteelesImages/main/PDFs/SDS/benjamin-moore-HP4000-20FR_SDS_EN.pdf?raw=true, https://raw.githubusercontent.com/kinggoff/NewSteelesImages/main/PDFs/SDS/benjamin-moore-HP4000-10FR_SDS_EN.pdf?raw=true, https://raw.githubusercontent.com/kinggoff/NewSteelesImages/main/PDFs/SDS/benjamin-moore-HP4000-70FR_SDS_EN.pdf?raw=true, https://raw.githubusercontent.com/kinggoff/NewSteelesImages/main/PDFs/SDS/benjamin-moore-HP4000-7BFR_SDS_EN.pdf?raw=true",Gloss=https://raw.githubusercontent.com/kinggoff/NewSteelesImages/main/PDFs/TDS/benjamin-moore-HP4000_TDS_CE.pdf?raw=true,"Gloss=https://raw.githubusercontent.com/kinggoff/NewSteelesImages/main/PDFs/SDS/benjamin-moore-HP4000-75FR_SDS_EN.pdf?raw=true, https://raw.githubusercontent.com/kinggoff/NewSteelesImages/main/PDFs/SDS/benjamin-moore-HP4000-80FR_SDS_EN.pdf?raw=true, https://raw.githubusercontent.com/kinggoff/NewSteelesImages/main/PDFs/SDS/benjamin-moore-HP4000-90FR_SDS_EN.pdf?raw=true, https://raw.githubusercontent.com/kinggoff/NewSteelesImages/main/PDFs/SDS/benjamin-moore-HP4000-92FR_SDS_EN.pdf?raw=true, https://raw.githubusercontent.com/kinggoff/NewSteelesImages/main/PDFs/SDS/benjamin-moore-HP4000-91FR_SDS_EN.pdf?raw=true, https://raw.githubusercontent.com/kinggoff/NewSteelesImages/main/PDFs/SDS/benjamin-moore-HP4000-00FR_SDS_EN.pdf?raw=true, https://raw.githubusercontent.com/kinggoff/NewSteelesImages/main/PDFs/SDS/benjamin-moore-HP4000-9BFR_SDS_EN.pdf?raw=true, https://raw.githubusercontent.com/kinggoff/NewSteelesImages/main/PDFs/SDS/benjamin-moore-HP4000-8BFR_SDS_EN.pdf?raw=true, https://raw.githubusercontent.com/kinggoff/NewSteelesImages/main/PDFs/SDS/benjamin-moore-HP4000-20FR_SDS_EN.pdf?raw=true, https://raw.githubusercontent.com/kinggoff/NewSteelesImages/main/PDFs/SDS/benjamin-moore-HP4000-10FR_SDS_EN.pdf?raw=true, https://raw.githubusercontent.com/kinggoff/NewSteelesImages/main/PDFs/SDS/benjamin-moore-HP4000-70FR_SDS_EN.pdf?raw=true, https://raw.githubusercontent.com/kinggoff/NewSteelesImages/main/PDFs/SDS/benjamin-moore-HP4000-7BFR_SDS_EN.pdf?raw=true",,Gloss=https://raw.githubusercontent.com/kinggoff/NewSteelesImages/main/PDFs/TDS/benjamin-moore-HP4000_TDS_CE.pdf?raw=true,,c427f8ca95df1078ae8037c3a61bb8f386f795e0c5fe45e53c169edbcdcf2123,b6d7a5b804be9603cfd85a1e179387ffc7635cf7fda192e05c8d9295fe3d9f1e
simple,High Performance Fast-Cure Polyamide Epoxy,50,BM-000000050,,"Benjamin Moore Fast-Cure Polyamide Epoxy is a rapid-drying epoxy designed for fast turnaround and high durability. The master lists Satin finish options. The final appearance and service performance depend on the substrate, preparation, film build and complete coating system. Prepare both surfaces and follow the label for mixing where required, open or working time, assembly, clamping and cure.",Previously Described,Commercial & Industrial > Epoxy,"epoxy coating, two-part epoxy, protective coating, industrial coating",Benjamin Moore,MOO01,https://raw.githubusercontent.com/kinggoff/NewSteelesImages/main/review-images/legacy-bm-000000050-fastcurepolyamideepoxy_specialtypaint_benjaminmoore.png?raw=true,Image already existed,Finishes,Satin,1,1,,,,,"Satin=https://raw.githubusercontent.com/kinggoff/NewSteelesImages/main/PDFs/SDS/benjamin-moore-HP4100-75FR_SDS_EN.pdf?raw=true, https://raw.githubusercontent.com/kinggoff/NewSteelesImages/main/PDFs/SDS/benjamin-moore-HP4100-80FR_SDS_EN.pdf?raw=true, https://raw.githubusercontent.com/kinggoff/NewSteelesImages/main/PDFs/SDS/benjamin-moore-HP4100-90FR_SDS_EN.pdf?raw=true, https://raw.githubusercontent.com/kinggoff/NewSteelesImages/main/PDFs/SDS/benjamin-moore-HP4100-9BFR_SDS_EN.pdf?raw=true, https://raw.githubusercontent.com/kinggoff/NewSteelesImages/main/PDFs/SDS/benjamin-moore-HP4100-00FR_SDS_EN.pdf?raw=true, https://raw.githubusercontent.com/kinggoff/NewSteelesImages/main/PDFs/SDS/benjamin-moore-HP4100-8BFR_SDS_EN.pdf?raw=true, https://raw.githubusercontent.com/kinggoff/NewSteelesImages/main/PDFs/SDS/benjamin-moore-HP4100-70FR_SDS_EN.pdf?raw=true, https://raw.githubusercontent.com/kinggoff/NewSteelesImages/main/PDFs/SDS/benjamin-moore-HP4100-7BFR_SDS_EN.pdf?raw=true, https://raw.githubusercontent.com/kinggoff/NewSteelesImages/main/PDFs/SDS/benjamin-moore-HP4100-01FR_SDS_EN.pdf?raw=true",Satin=https://raw.githubusercontent.com/kinggoff/NewSteelesImages/main/PDFs/TDS/benjamin-moore-HP4100_TDS_CE.pdf?raw=true,"Satin=https://raw.githubusercontent.com/kinggoff/NewSteelesImages/main/PDFs/SDS/benjamin-moore-HP4100-75FR_SDS_EN.pdf?raw=true, https://raw.githubusercontent.com/kinggoff/NewSteelesImages/main/PDFs/SDS/benjamin-moore-HP4100-80FR_SDS_EN.pdf?raw=true, https://raw.githubusercontent.com/kinggoff/NewSteelesImages/main/PDFs/SDS/benjamin-moore-HP4100-90FR_SDS_EN.pdf?raw=true, https://raw.githubusercontent.com/kinggoff/NewSteelesImages/main/PDFs/SDS/benjamin-moore-HP4100-9BFR_SDS_EN.pdf?raw=true, https://raw.githubusercontent.com/kinggoff/NewSteelesImages/main/PDFs/SDS/benjamin-moore-HP4100-00FR_SDS_EN.pdf?raw=true, https://raw.githubusercontent.com/kinggoff/NewSteelesImages/main/PDFs/SDS/benjamin-moore-HP4100-8BFR_SDS_EN.pdf?raw=true, https://raw.githubusercontent.com/kinggoff/NewSteelesImages/main/PDFs/SDS/benjamin-moore-HP4100-70FR_SDS_EN.pdf?raw=true, https://raw.githubusercontent.com/kinggoff/NewSteelesImages/main/PDFs/SDS/benjamin-moore-HP4100-7BFR_SDS_EN.pdf?raw=true, https://raw.githubusercontent.com/kinggoff/NewSteelesImages/main/PDFs/SDS/benjamin-moore-HP4100-01FR_SDS_EN.pdf?raw=true",,Satin=https://raw.githubusercontent.com/kinggoff/NewSteelesImages/main/PDFs/TDS/benjamin-moore-HP4100_TDS_CE.pdf?raw=true,,ef28b80144bae171e158223498dea0bbeadde29fe703c6a91422c5d6801f04c2,7c0d46cdc2785cedac63577a3cf7dc3b3419f353ba5f0f6d2258502447ab5801
simple,High Performance 100% Solids Epoxy,51,BM-000000051,,"Benjamin Moore 100% Solids Epoxy is a high-build, solvent-free epoxy system engineered for maximum durability and chemical resistance. Prepare both surfaces and follow the label for mixing where required, open or working time, assembly, clamping and cure. Confirm the exact item and package before ordering.",Previously Described,Commercial & Industrial > Epoxy,"epoxy coating, two-part epoxy, protective coating, industrial coating",Benjamin Moore,MOO01,https://raw.githubusercontent.com/kinggoff/NewSteelesImages/main/review-images/legacy-bm-000000051-100-solidsepoxy_specialtypaint_benjaminmoore.png?raw=true,Image already existed,Finishes,Gloss,1,1,,,,,"Gloss=https://raw.githubusercontent.com/kinggoff/NewSteelesImages/main/PDFs/SDS/benjamin-moore-HP4300-90FR_SDS_EN.pdf?raw=true, https://raw.githubusercontent.com/kinggoff/NewSteelesImages/main/PDFs/SDS/benjamin-moore-HP4300-00FR_SDS_EN.pdf?raw=true, https://raw.githubusercontent.com/kinggoff/NewSteelesImages/main/PDFs/SDS/benjamin-moore-HP4300-52FR_SDS_EN.pdf?raw=true, https://raw.githubusercontent.com/kinggoff/NewSteelesImages/main/PDFs/SDS/benjamin-moore-HP4300-70FR_SDS_EN.pdf?raw=true, https://raw.githubusercontent.com/kinggoff/NewSteelesImages/main/PDFs/SDS/benjamin-moore-HP4300-01FR_SDS_EN.pdf?raw=true",Gloss=https://raw.githubusercontent.com/kinggoff/NewSteelesImages/main/PDFs/TDS/benjamin-moore-HP4300_TDS_CE.pdf?raw=true,"Gloss=https://raw.githubusercontent.com/kinggoff/NewSteelesImages/main/PDFs/SDS/benjamin-moore-HP4300-90FR_SDS_EN.pdf?raw=true, https://raw.githubusercontent.com/kinggoff/NewSteelesImages/main/PDFs/SDS/benjamin-moore-HP4300-00FR_SDS_EN.pdf?raw=true, https://raw.githubusercontent.com/kinggoff/NewSteelesImages/main/PDFs/SDS/benjamin-moore-HP4300-52FR_SDS_EN.pdf?raw=true, https://raw.githubusercontent.com/kinggoff/NewSteelesImages/main/PDFs/SDS/benjamin-moore-HP4300-70FR_SDS_EN.pdf?raw=true, https://raw.githubusercontent.com/kinggoff/NewSteelesImages/main/PDFs/SDS/benjamin-moore-HP4300-01FR_SDS_EN.pdf?raw=true",,Gloss=https://raw.githubusercontent.com/kinggoff/NewSteelesImages/main/PDFs/TDS/benjamin-moore-HP4300_TDS_CE.pdf?raw=true,,1e8ce72e0d5410c49c0e3d97fe9857f6a55a166cbbaaf0935c4c6e716d81aa22,d8c9314f61082947a35c52d42aa0b73c5d21bac7f1699354d5782b1cd79f6795
simple,TuffCrete Waterborne Acrylic Concrete Stain,52,I-000000052,,"Insl-X TuffCrete Waterborne Acrylic Concrete Stain is a durable concrete stain formulated for interior and exterior floors. Confirm preparation, compatibility, application, coverage and recoat requirements in the current label or technical data sheet. Confirm the exact item and package before ordering.",Previously Described,Paints > Exterior,"concrete stain, masonry coating, water-based coating, decorative concrete finish",Insl-X,MOO01,https://raw.githubusercontent.com/kinggoff/NewSteelesImages/main/review-images/legacy-i-000000052-tuffcretewaterborneacrylicconcretestain_specialtypaint_inslx.png?raw=true,Image already existed,Finishes,Satin,1,1,,,,,"Satin=https://raw.githubusercontent.com/kinggoff/NewSteelesImages/main/PDFs/SDS/insl-x-CST-2100F_SDS_EN.pdf?raw=true, https://raw.githubusercontent.com/kinggoff/NewSteelesImages/main/PDFs/SDS/insl-x-CST-2308F_SDS_EN.pdf?raw=true, https://raw.githubusercontent.com/kinggoff/NewSteelesImages/main/PDFs/SDS/insl-x-CST-2310F_SDS_EN.pdf?raw=true, https://raw.githubusercontent.com/kinggoff/NewSteelesImages/main/PDFs/SDS/insl-x-CST-2789F_SDS_EN.pdf?raw=true, https://raw.githubusercontent.com/kinggoff/NewSteelesImages/main/PDFs/SDS/insl-x-CST-2110F_SDS_EN.pdf?raw=true",Satin=https://raw.githubusercontent.com/kinggoff/NewSteelesImages/main/PDFs/TDS/insl-x-CST-2XXX_TDS_CAE.pdf?raw=true,"Satin=https://raw.githubusercontent.com/kinggoff/NewSteelesImages/main/PDFs/SDS/insl-x-CST-2100F_SDS_EN.pdf?raw=true, https://raw.githubusercontent.com/kinggoff/NewSteelesImages/main/PDFs/SDS/insl-x-CST-2308F_SDS_EN.pdf?raw=true, https://raw.githubusercontent.com/kinggoff/NewSteelesImages/main/PDFs/SDS/insl-x-CST-2310F_SDS_EN.pdf?raw=true, https://raw.githubusercontent.com/kinggoff/NewSteelesImages/main/PDFs/SDS/insl-x-CST-2789F_SDS_EN.pdf?raw=true, https://raw.githubusercontent.com/kinggoff/NewSteelesImages/main/PDFs/SDS/insl-x-CST-2110F_SDS_EN.pdf?raw=true",,Satin=https://raw.githubusercontent.com/kinggoff/NewSteelesImages/main/PDFs/TDS/insl-x-CST-2XXX_TDS_CAE.pdf?raw=true,,43831312ac229b59b7a6b5e71247ee4e2ad05d44868ac95efcf8aad37e284fa8,24703840d927974f13dde11f27addda4439caba97f541d1400237b0fac9259a0
simple,GarageGuard 2-Part Waterborne Epoxy,53,I-000000053,,"Insl-X GarageGuard is a high-performance two-part water-based epoxy floor coating delivering exceptional durability, chemical resistance, and a glossy finish. The master lists Semi Gloss finish options. Prepare both surfaces and follow the label for mixing where required, open or working time, assembly, clamping and cure.",Previously Described,Paints > Epoxy,"epoxy coating, two-part epoxy, protective coating, industrial coating",Insl-X,MOO01,https://raw.githubusercontent.com/kinggoff/NewSteelesImages/main/review-images/legacy-i-000000053-garageguard_specialtypaint_inslx.png?raw=true,Image already existed,Finishes,Semi Gloss,1,1,,,,,"Semi Gloss=https://raw.githubusercontent.com/kinggoff/NewSteelesImages/main/PDFs/SDS/insl-x-EGG190S9F_EN_SDS.pdf?raw=true, https://raw.githubusercontent.com/kinggoff/NewSteelesImages/main/PDFs/SDS/insl-x-EGG310SF_SDS_EN.pdf?raw=true, https://raw.githubusercontent.com/kinggoff/NewSteelesImages/main/PDFs/SDS/insl-x-EGG-111F_SDS_EN.pdf?raw=true, https://raw.githubusercontent.com/kinggoff/NewSteelesImages/main/PDFs/SDS/insl-x-EGG10BS9F_SDS_EN.pdf?raw=true",Semi Gloss=https://raw.githubusercontent.com/kinggoff/NewSteelesImages/main/PDFs/TDS/insl-x-EGG_XXXX_TDS_CAE.pdf?raw=true,"Semi Gloss=https://raw.githubusercontent.com/kinggoff/NewSteelesImages/main/PDFs/SDS/insl-x-EGG190S9F_EN_SDS.pdf?raw=true, https://raw.githubusercontent.com/kinggoff/NewSteelesImages/main/PDFs/SDS/insl-x-EGG310SF_SDS_EN.pdf?raw=true, https://raw.githubusercontent.com/kinggoff/NewSteelesImages/main/PDFs/SDS/insl-x-EGG-111F_SDS_EN.pdf?raw=true, https://raw.githubusercontent.com/kinggoff/NewSteelesImages/main/PDFs/SDS/insl-x-EGG10BS9F_SDS_EN.pdf?raw=true",,Semi Gloss=https://raw.githubusercontent.com/kinggoff/NewSteelesImages/main/PDFs/TDS/insl-x-EGG_XXXX_TDS_CAE.pdf?raw=true,,1ac9e1c6de5a48640a983bd73f973054e35fe5ea41cf496400742e2bebbe3ba5,41ceec728cd8c155caf9576ee98181cf7555919db918594fd47175176cb10de4
simple,GarageGuard 1-Part Concrete & Garage Floor Paint,54,I-000000054,,"Insl-X garageGuard 1-Part Concrete and Garage Floor Paint is a durable acrylic coating for concrete floors with fast drying and abrasion resistance. The master lists Satin finish options. Confirm preparation, compatibility, application, coverage and recoat requirements in the current label or technical data sheet.",Previously Described,Paints > Exterior,"floor paint, porch and patio paint, concrete floor coating, protective coating",Insl-X,MOO01,https://raw.githubusercontent.com/kinggoff/NewSteelesImages/main/review-images/legacy-i-000000054-garageguard1partconcrete-garagefloorpaint_specialtypaint_inslx.png?raw=true,Image already existed,Finishes,Satin,1,1,,,,,"Satin=https://raw.githubusercontent.com/kinggoff/NewSteelesImages/main/PDFs/SDS/insl-x-CG-301BFGHS_SDS_EN.pdf?raw=true, https://raw.githubusercontent.com/kinggoff/NewSteelesImages/main/PDFs/SDS/insl-x-CG-304BFGHS_SDS_EN.pdf?raw=true, https://raw.githubusercontent.com/kinggoff/NewSteelesImages/main/PDFs/SDS/insl-x-CG-3022FGHS_SDS_EN.pdf?raw=true, https://raw.githubusercontent.com/kinggoff/NewSteelesImages/main/PDFs/SDS/insl-x-CG-3007FGHS_SDS_EN.pdf?raw=true, https://raw.githubusercontent.com/kinggoff/NewSteelesImages/main/PDFs/SDS/insl-x-CG-3011FGHS_SDS_EN.pdf?raw=true",Satin=https://raw.githubusercontent.com/kinggoff/NewSteelesImages/main/PDFs/TDS/insl-x-CG-3XXX_TDS_CE.pdf?raw=true,"Satin=https://raw.githubusercontent.com/kinggoff/NewSteelesImages/main/PDFs/SDS/insl-x-CG-301BFGHS_SDS_EN.pdf?raw=true, https://raw.githubusercontent.com/kinggoff/NewSteelesImages/main/PDFs/SDS/insl-x-CG-304BFGHS_SDS_EN.pdf?raw=true, https://raw.githubusercontent.com/kinggoff/NewSteelesImages/main/PDFs/SDS/insl-x-CG-3022FGHS_SDS_EN.pdf?raw=true, https://raw.githubusercontent.com/kinggoff/NewSteelesImages/main/PDFs/SDS/insl-x-CG-3007FGHS_SDS_EN.pdf?raw=true, https://raw.githubusercontent.com/kinggoff/NewSteelesImages/main/PDFs/SDS/insl-x-CG-3011FGHS_SDS_EN.pdf?raw=true",,Satin=https://raw.githubusercontent.com/kinggoff/NewSteelesImages/main/PDFs/TDS/insl-x-CG-3XXX_TDS_CE.pdf?raw=true,,c1a28b39ea73e3dd5f46fa6dad7caa1f9e19d6a799f4418607250d98b60839f2,6ab66ca8a4d8405067ae942399de656af6981ad023f3586caa3d0fac90bb834f
simple,Multi-Surface Waterproofer,55,I-000000055,,"Insl-X Multi-Surface Waterproofer is a clear penetrating water repellent designed to protect masonry, brick, and concrete from water intrusion. The master lists Flat finish options. Confirm preparation, compatibility, application, coverage and recoat requirements in the current label or technical data sheet.",Previously Described,Paints > Exterior,"waterproofing sealer, masonry waterproofer, clear protective coating, penetrating sealer",Insl-X,MOO01,https://raw.githubusercontent.com/kinggoff/NewSteelesImages/main/review-images/legacy-i-000000055-multisurfacewaterproofer_specialtypaint_inslx.png?raw=true,Image already existed,Finishes,Flat,1,1,,,,,Flat=https://raw.githubusercontent.com/kinggoff/NewSteelesImages/main/PDFs/SDS/insl-x-WPS-1000FR_SDS_EN.pdf?raw=true,Flat=https://raw.githubusercontent.com/kinggoff/NewSteelesImages/main/PDFs/TDS/insl-x-WPS-1000_TDS_CE.pdf?raw=true,Flat=https://raw.githubusercontent.com/kinggoff/NewSteelesImages/main/PDFs/SDS/insl-x-WPS-1000FR_SDS_EN.pdf?raw=true,,Flat=https://raw.githubusercontent.com/kinggoff/NewSteelesImages/main/PDFs/TDS/insl-x-WPS-1000_TDS_CE.pdf?raw=true,,03c55b12367bbc235ec1262cbaebb22b48c38e9370f18eb643193e2a4fd44d8b,e72712ce0ff46176139f84eb0bd1b3318e8a41200c16df7ef4376258ec38f735
simple,Waterborne Swimming Pool Paint,56,I-000000056,,"Insl-X waterborne Swimming Pool Paint Semi-Gloss is an acrylic waterborne coating for concrete pools providing durability and colour retention. The master lists Semi Gloss finish options. Confirm preparation, compatibility, application, coverage and recoat requirements in the current label or technical data sheet.",Previously Described,Paints > Specialty Paints,"pool paint, swimming pool coating, immersed-service coating, specialty coating",Insl-X,MOO01,https://raw.githubusercontent.com/kinggoff/NewSteelesImages/main/review-images/legacy-i-000000056-multisurfacewaterproofer_specialtypaint_inslx.png?raw=true,Image already existed,Finishes,Semi Gloss,1,1,,,,,"Semi Gloss=https://raw.githubusercontent.com/kinggoff/NewSteelesImages/main/PDFs/SDS/insl-x-WR-1023F_SDS_EN.pdf?raw=true, https://raw.githubusercontent.com/kinggoff/NewSteelesImages/main/PDFs/SDS/insl-x-WR-1024F_3001432_SDS_EN.pdf?raw=true, https://raw.githubusercontent.com/kinggoff/NewSteelesImages/main/PDFs/SDS/insl-x-WR-1019F_SDS_EN.pdf?raw=true, https://raw.githubusercontent.com/kinggoff/NewSteelesImages/main/PDFs/SDS/insl-x-WR-1020F_SDS_EN.pdf?raw=true, https://raw.githubusercontent.com/kinggoff/NewSteelesImages/main/PDFs/SDS/insl-x-WR-1010F_SDS_EN.pdf?raw=true",Semi Gloss=https://raw.githubusercontent.com/kinggoff/NewSteelesImages/main/PDFs/TDS/insl-x-WR-10XX_TDS_CE.pdf?raw=true,"Semi Gloss=https://raw.githubusercontent.com/kinggoff/NewSteelesImages/main/PDFs/SDS/insl-x-WR-1023F_SDS_EN.pdf?raw=true, https://raw.githubusercontent.com/kinggoff/NewSteelesImages/main/PDFs/SDS/insl-x-WR-1024F_3001432_SDS_EN.pdf?raw=true, https://raw.githubusercontent.com/kinggoff/NewSteelesImages/main/PDFs/SDS/insl-x-WR-1019F_SDS_EN.pdf?raw=true, https://raw.githubusercontent.com/kinggoff/NewSteelesImages/main/PDFs/SDS/insl-x-WR-1020F_SDS_EN.pdf?raw=true, https://raw.githubusercontent.com/kinggoff/NewSteelesImages/main/PDFs/SDS/insl-x-WR-1010F_SDS_EN.pdf?raw=true",,Semi Gloss=https://raw.githubusercontent.com/kinggoff/NewSteelesImages/main/PDFs/TDS/insl-x-WR-10XX_TDS_CE.pdf?raw=true,,19d9b76241a99989f5d77ca3b0bae16335bda38c46e5572aee0dd730326a1111,aeed591073f1f8d43bf89dd63b3c2e58660ebaab8fab1f49de3da82280ba18b7
simple,Rubber Based Swimming Pool Paint,57,I-000000057,,"Insl-X rubber-Based Swimming Pool Paint Satin is a rubber-based coating ideal for previously rubber-coated pools, offering durability and chemical resistance. The master lists Satin finish options. Confirm preparation, compatibility, application, coverage and recoat requirements in the current label or technical data sheet.",Previously Described,Paints > Specialty Paints,"pool paint, swimming pool coating, immersed-service coating, specialty coating",Insl-X,MOO01,https://raw.githubusercontent.com/kinggoff/NewSteelesImages/main/review-images/legacy-i-000000057-rubberbasedswimmingpoolpaintsatin_specialtypaint_inslx.png?raw=true,Image already existed,Finishes,Satin,1,1,,,,,"Satin=https://raw.githubusercontent.com/kinggoff/NewSteelesImages/main/PDFs/SDS/insl-x-RP-2719F_SDS_EN.pdf?raw=true, https://raw.githubusercontent.com/kinggoff/NewSteelesImages/main/PDFs/SDS/insl-x-RP-2720F_SDS_EN.pdf?raw=true, https://raw.githubusercontent.com/kinggoff/NewSteelesImages/main/PDFs/SDS/insl-x-RP-2723F_SDS_EN.pdf?raw=true, https://raw.githubusercontent.com/kinggoff/NewSteelesImages/main/PDFs/SDS/insl-x-RP-2724F_SDS_EN.pdf?raw=true, https://raw.githubusercontent.com/kinggoff/NewSteelesImages/main/PDFs/SDS/insl-x-RP-2710F_SDS_EN.pdf?raw=true",Satin=https://raw.githubusercontent.com/kinggoff/NewSteelesImages/main/PDFs/TDS/insl-x-RP-27XX_TDS_CAE.pdf?raw=true,"Satin=https://raw.githubusercontent.com/kinggoff/NewSteelesImages/main/PDFs/SDS/insl-x-RP-2719F_SDS_EN.pdf?raw=true, https://raw.githubusercontent.com/kinggoff/NewSteelesImages/main/PDFs/SDS/insl-x-RP-2720F_SDS_EN.pdf?raw=true, https://raw.githubusercontent.com/kinggoff/NewSteelesImages/main/PDFs/SDS/insl-x-RP-2723F_SDS_EN.pdf?raw=true, https://raw.githubusercontent.com/kinggoff/NewSteelesImages/main/PDFs/SDS/insl-x-RP-2724F_SDS_EN.pdf?raw=true, https://raw.githubusercontent.com/kinggoff/NewSteelesImages/main/PDFs/SDS/insl-x-RP-2710F_SDS_EN.pdf?raw=true",,Satin=https://raw.githubusercontent.com/kinggoff/NewSteelesImages/main/PDFs/TDS/insl-x-RP-27XX_TDS_CAE.pdf?raw=true,,2f4e011e996eafa7591b8b3eaa47a8bd6b00e85283ac9f55a5a5f77c41407dd5,b82f9493d48fc0d756fe92e7f19233050501d604ddf5a60d08dbec59a61123be
simple,Epoxy Pool Paint,58,I-000000058,,"Insl-X Epoxy Pool Paint is a two-component high-build epoxy coating offering maximum durability and a tile-like finish for concrete pools. The master lists Semi Gloss finish options. Prepare both surfaces and follow the label for mixing where required, open or working time, assembly, clamping and cure.",Previously Described,Paints > Specialty Paints,"epoxy pool paint, swimming pool coating, two-part epoxy coating, immersed-service coating",Insl-X,MOO01,https://raw.githubusercontent.com/kinggoff/NewSteelesImages/main/review-images/legacy-i-000000058-epoxypoolpaint_specialtypaint_inslx.png?raw=true,Image already existed,Finishes,Semi Gloss,1,1,,,,,"Semi Gloss=https://raw.githubusercontent.com/kinggoff/NewSteelesImages/main/PDFs/SDS/insl-x-IG-4020F_EN_SDS.pdf?raw=true, https://raw.githubusercontent.com/kinggoff/NewSteelesImages/main/PDFs/SDS/insl-x-IG-40BSF_SDS_EN.pdf?raw=true, https://raw.githubusercontent.com/kinggoff/NewSteelesImages/main/PDFs/SDS/insl-x-IG-4042F_EN_SDS.pdf?raw=true, https://raw.githubusercontent.com/kinggoff/NewSteelesImages/main/PDFs/SDS/insl-x-IG-4001F_SDS_EN.pdf?raw=true, https://raw.githubusercontent.com/kinggoff/NewSteelesImages/main/PDFs/SDS/insl-x-IG-4024F_EN_SDS.pdf?raw=true, https://raw.githubusercontent.com/kinggoff/NewSteelesImages/main/PDFs/SDS/insl-x-IG-4010F_SDS_EN.pdf?raw=true",Semi Gloss=https://raw.githubusercontent.com/kinggoff/NewSteelesImages/main/PDFs/TDS/insl-x-IG-40XX_TDS_CAE.pdf?raw=true,"Semi Gloss=https://raw.githubusercontent.com/kinggoff/NewSteelesImages/main/PDFs/SDS/insl-x-IG-4020F_EN_SDS.pdf?raw=true, https://raw.githubusercontent.com/kinggoff/NewSteelesImages/main/PDFs/SDS/insl-x-IG-40BSF_SDS_EN.pdf?raw=true, https://raw.githubusercontent.com/kinggoff/NewSteelesImages/main/PDFs/SDS/insl-x-IG-4042F_EN_SDS.pdf?raw=true, https://raw.githubusercontent.com/kinggoff/NewSteelesImages/main/PDFs/SDS/insl-x-IG-4001F_SDS_EN.pdf?raw=true, https://raw.githubusercontent.com/kinggoff/NewSteelesImages/main/PDFs/SDS/insl-x-IG-4024F_EN_SDS.pdf?raw=true, https://raw.githubusercontent.com/kinggoff/NewSteelesImages/main/PDFs/SDS/insl-x-IG-4010F_SDS_EN.pdf?raw=true",,Semi Gloss=https://raw.githubusercontent.com/kinggoff/NewSteelesImages/main/PDFs/TDS/insl-x-IG-40XX_TDS_CAE.pdf?raw=true,,84ed5f35e772fd103fbe8828c7873f842c51c0c79e5567d9aa0dc23d11d1f5cd,68741645e21d9ee8a6ee1d10303ef73346546a1dd164cc30ab3dae2b7b4a8ccb
simple,3M ScotchBlue Painter's Tape Applicator,59,3M-000000059,,"3M ScotchBlue Painter’s Tape Applicator helps you place tape quickly and accurately so paint prep feels cleaner, faster and easier from the first edge to the final pull. Choose the listed size for the surface and coating, then clean or dispose of the applicator according to current product guidance.",Previously Described,Painting Tools & Accessories > Tools,"painter's tape applicator, masking tape applicator, hand masking tool, painting accessory",3M,3MC01,https://raw.githubusercontent.com/kinggoff/NewSteelesImages/main/review-images/legacy-3m-000000059-scotchbluepainterstapeapplicator_painttoolsaccessories_3m.png?raw=true,Image already existed,,,,,,,,,,,,,,,ca72979115ed0fb42180feeb3003c9f3f40b816f29ebf2fe6def400c175f7452,92f04f481a1c0981130e567783d45c72304d4816b2a2142deb619225d5477e74
simple,3M Hand-Masker Film & Paper Dispenser Kit,60,3M-000000060,,"3M Hand-Masker Film & Paper Dispenser Kit gives you a complete masking setup for pairing tape with film or paper, helping you protect trim, floors and surfaces more efficiently before painting. Review the listed format and current manufacturer instructions to confirm compatibility, safe use, cleaning and storage for the intended job.",Previously Described,Painting Tools & Accessories > Paint Prep & Repairs,"masking dispenser, hand masking tool, film and paper applicator, painting accessory",3M,3MC01,https://raw.githubusercontent.com/kinggoff/NewSteelesImages/main/review-images/legacy-3m-000000060-handmaskerfilmpaperdispenser_painttoolsaccessories_3m.png?raw=true,Image already existed,,,,,,,,,,,,,,,1fd43f701887d65dcb5ae7af25c2b5dec461cbdbae169eae28573c2bdac629c6,0b80d6073dfadb01e7395721182dc5d5028d214a35345d1570bf70da66dd12e4
simple,3M Hand-Masker M3000 Dispenser,61,3M-000000061,,3M Hand-Masker M3000 Dispenser makes masking faster and more consistent by dispensing tape with film or paper in one smooth step for cleaner paint prep. Check the current manufacturer label or technical data sheet before use. Confirm the exact item and package before ordering. Follow the current manufacturer instructions for the intended job.,Previously Described,Painting Tools & Accessories > Paint Prep & Repairs,"masking dispenser, hand masking tool, film and paper applicator, painting accessory",3M,3MC01,https://raw.githubusercontent.com/kinggoff/NewSteelesImages/main/review-images/legacy-3m-000000061-handmaskerm3000dispenser_painttoolsaccessories_3m.png?raw=true,Image already existed,,,,,,,,,,,,,,,ef71979ba8075a76f9bcd80e777dbd1964adfe866a7812cc00c74032ba2d23b8,3c4fa47c18a13e06c708eb1d5b5309de0d6c1cc70b2d8acf70a72a488fd12a82
simple,3M Hand-Masker Advanced Masking Film AMF48,62,3M-000000062,,"3M Hand-Masker Advanced Masking Film AMF48 protects surfaces during multi-coat paint projects with high-density film designed to cling well and resist paint flaking. Review the listed format and current manufacturer instructions to confirm compatibility, safe use, cleaning and storage for the intended job.",Previously Described,Painting Tools & Accessories > Paint Prep & Repairs,"masking film, surface protection film, paint masking material, painting accessory",3M,3MC01,https://raw.githubusercontent.com/kinggoff/NewSteelesImages/main/review-images/legacy-3m-000000062-handmaskeradvancedmaskingfilmamf48_painttoolsaccessories_3m.png.png?raw=true,Image already existed,,,,,,,,,,,,,,,4ee0fc31ede206b0e8067c87c6e90ed3de7ab4f9464e074c6597c24ce101ae66,b60ef4cf7283a7e89c1f3c92c52e8303f55b6ee867cb023d1355b8400182393a
simple,3M N95 Respirator 8511 with Valve,63,3M-000000063,,"3M N95 Respirator 8511 with Valve provides disposable N95 protection with an exhalation valve for added comfort during sanding, prep and other dusty project work. Review the listed format and current manufacturer instructions to confirm compatibility, safe use, cleaning and storage for the intended job.",Previously Described,Painting Tools & Accessories > Clothing & Safety,"n95 respirator, particulate respirator, disposable mask, respiratory protection",3M,3MC01,https://raw.githubusercontent.com/kinggoff/NewSteelesImages/main/review-images/legacy-3m-000000063-n95respirator8511valve_paintergearsafety_3m.png?raw=true,Image already existed,,,,,,,,,,,,,,,f10a4cd9d3b88e356d20834c621b65350eecd384af399d4c9e9b172cea446e8b,a9478502388acf2a8bc90b2825c5f48659732da4ebd93be6b8c4fb46fbc0aef1
simple,3M N95 Respirator 8210 Plus,64,3M-000000064,,"3M N95 Respirator 8210 Plus provides lightweight disposable N95 protection against non-oil based particles, making it a practical choice for sanding, prep and cleanup. Review the listed format and current manufacturer instructions to confirm compatibility, safe use, cleaning and storage for the intended job.",Previously Described,Painting Tools & Accessories > Clothing & Safety,"n95 respirator, particulate respirator, disposable mask, respiratory protection",3M,3MC01,https://raw.githubusercontent.com/kinggoff/NewSteelesImages/main/review-images/legacy-3m-000000064-n95respirator8210plus_paintergearsafety_3m.png?raw=true,Image already existed,,,,,,,,,,,,,,,c54a239f9a79c36a8dc1451f54e43a905fac077ce79aa401b1e0636fc77b9914,fb73a650d780b435250a9e4df39dc1df16e899e10a9b4f1d52fa88c408839ce9
simple,3M Organic Vapor Cartridge 6001,65,3M-000000065,,"3M Organic Vapor Cartridge 6001 is designed for compatible 3M respirators to help protect against organic vapours during painting, staining and solvent-based project work. Confirm fit, compatibility and required protection before use, and follow the current safety instructions for the actual workplace hazard.",Previously Described,Painting Tools & Accessories > Clothing & Safety,"organic vapour cartridge, respirator cartridge, chemical vapour filter, respiratory protection accessory",3M,3MC01,https://raw.githubusercontent.com/kinggoff/NewSteelesImages/main/review-images/legacy-3m-000000065-organicvaporcartridge6001_paintergearsafety_3m.png?raw=true,Image already existed,,,,,,,,,,,,,,,7b3dab4a9b1c4c970394f58f1b6a09446306a22673e6eab7c8592646fb5ab056,a940e4515a6ac88065dbd2bac54e3bb65e871fb6e161d40294427799599e13cf
simple,3M Paint Project Reusable Respirator,66,3M-000000066,,"3M Paint Project Reusable Respirator gives you reusable protection for paint projects where fumes, vapours and particulates need to be managed more comfortably. Review the listed format and current manufacturer instructions to confirm compatibility, safe use, cleaning and storage for the intended job.",Previously Described,Painting Tools & Accessories > Clothing & Safety,"reusable respirator, paint respirator, respiratory protection, half-mask respirator",3M,3MC01,https://raw.githubusercontent.com/kinggoff/NewSteelesImages/main/review-images/legacy-3m-000000066-paintprojectreusablerespirator_paintergearsafety_3m.png?raw=true,Image already existed,,,,,,,,,,,,,,,6d3dd10f8bec676e87477e6759a26d8abc5a0ffd7a50d1b60a8b41890d21e0f7,01796198bdfdd1b29a9fc191e286cc03f59f682f589c4182d2c9a07900d03a9a
simple,3M ScotchBlue Original Multi-Surface Painter's Tape,67,3M-000000067,,"3M ScotchBlue Original Multi-Surface Painter’s Tape helps create crisp paint lines on a variety of surfaces and removes cleanly, making it a dependable tape for everyday painting projects. Review the listed format and current manufacturer instructions to confirm compatibility, safe use, cleaning and storage for the intended job.",Previously Described,Painting Tools & Accessories > Paint Prep & Repairs,"masking tape, painter's tape, pressure-sensitive tape, painting accessory",3M,3MC01,https://raw.githubusercontent.com/kinggoff/NewSteelesImages/main/review-images/legacy-3m-000000067-scotchblueoriginalmultisurfacepainterstape_painttoolsaccessories_3m.png?raw=true,Image already existed,,,,,,,,,,,,,,,0ef9a48964db6af403bccbb51a392b013e897cf042b550fdd709b42f05e45c84,a40f1e5fe50df19d03399b7ed4d4c6e636036e1768f49fb537e3ee24c552d880
simple,3M Scotch Delicate Surface Painter's Tape,68,3M-000000068,,"3M Scotch Delicate Surface Painter’s Tape uses a lower-tack adhesive for freshly painted or delicate surfaces, helping you get clean lines with less risk of damage during removal. Review the listed format and current manufacturer instructions to confirm compatibility, safe use, cleaning and storage for the intended job.",Previously Described,Painting Tools & Accessories > Paint Prep & Repairs,"masking tape, painter's tape, pressure-sensitive tape, painting accessory, delicate-surface masking tape",3M,3MC01,https://raw.githubusercontent.com/kinggoff/NewSteelesImages/main/review-images/legacy-3m-000000068-scotchdelicatesurfacepainterstape_painttoolsaccessories_3m.png?raw=true,Image already existed,,,,,,,,,,,,,,,12387f306d280cf646624d05627346140d3f7bc8faeaf428a93af8004c9631f9,be34e67218db4e4377ea6ae7de084675cde52518f91823f50e774f0443b6f73e
simple,3M Scotch General Painting Multi-Surface Tape (6 Pack),69,3M-000000069,,"3M Scotch General Painting Multi-Surface Tape (6 Pack) gives you a versatile multi-surface tape for everyday masking, touch-ups and painting projects where clean removal matters. Review the listed format and current manufacturer instructions to confirm compatibility, safe use, cleaning and storage for the intended job.",Previously Described,Painting Tools & Accessories > Paint Prep & Repairs,"masking tape, painter's tape, pressure-sensitive tape, painting accessory",3M,3MC01,https://raw.githubusercontent.com/kinggoff/NewSteelesImages/main/review-images/legacy-3m-000000069-scotchgeneralpaintingmultisurfacetape6_painttoolsaccessories_3m.png?raw=true,Image already existed,,,,,,,,,,,,,,,c75493ef3efaf6ba74ab56ce61c81e1ccf06f240b8045541dddd1e8ca18744f8,b3ead9cdcb79a1a7affceff158c2d973d913e194a7829ae38942897ea8a9d85f
simple,3M Scotch Heavy Duty Masking Tape (4 Pack),70,3M-000000070,,"3M Scotch Heavy Duty Masking Tape (4 Pack) provides stronger hold for tougher masking jobs, helping tape stay in place on more demanding surfaces during prep and painting. Review the listed format and current manufacturer instructions to confirm compatibility, safe use, cleaning and storage for the intended job.",Previously Described,Painting Tools & Accessories > Paint Prep & Repairs,"masking tape, painter's tape, pressure-sensitive tape, painting accessory, heavy-duty masking tape",3M,3MC01,https://raw.githubusercontent.com/kinggoff/NewSteelesImages/main/review-images/legacy-3m-000000070-scotchheavydutymaskingtape4_painttoolsaccessories_3m.png?raw=true,Image already existed,,,,,,,,,,,,,,,42f5e1e36480de4de46215ea9dbbb599d2ae122b94b5272f33d8c3a575a6dbd4,0b12236023495a69a42c8b1748409422db1c0577b7525595cfc5f896659f9d12
simple,3M Scotch Contractor Grade Masking Tape (6 Pack),71,3M-000000071,,"3M Scotch Contractor Grade Masking Tape (6 Pack) is a practical bulk tape option for general masking and contractor use, with reliable hold and easy removal for everyday jobs. Review the listed format and current manufacturer instructions to confirm compatibility, safe use, cleaning and storage for the intended job.",Previously Described,Painting Tools & Accessories > Paint Prep & Repairs,"masking tape, painter's tape, pressure-sensitive tape, painting accessory",3M,3MC01,https://raw.githubusercontent.com/kinggoff/NewSteelesImages/main/review-images/legacy-3m-000000071-scotchcontractorgrademaskingtape6_painttoolsaccessories_3m.png?raw=true,Image already existed,,,,,,,,,,,,,,,02a18801036c9d868d22b22a01ed6ae320b1bdc17e4a5c76d5d70a3d568765de,3b683ada221f6be7d7cf5b182924f8ea19cc952a87da72b50d9850cd92f39aee
simple,3M Bondo Glazing & Spot Putty,72,3M-000000072,,"3M Bondo Glazing & Spot Putty helps repair small scratches, pinholes and surface imperfections so the area can be smoothed and finished before painting. Selection should be based on the specific task, material, working conditions and compatible products in the complete system. Apply to a clean, sound surface and follow the label for mixing, layer depth, drying or cure, sanding and topcoating.",Previously Described,Painting Tools & Accessories > Paint Prep & Repairs,"glazing putty, spot putty, automotive filler, surface repair compound",3M,3MC01,https://raw.githubusercontent.com/kinggoff/NewSteelesImages/main/review-images/legacy-3m-000000072-bondoglazingspotputty_specialtypaint_3m.png?raw=true,Image already existed,,,,,,,,,,,,,,,168f815af53b79919b83767b7b6adc134f987fec118baa14ae9b48b62ffbcf02,476ff4b43bd60a6bd2b6bf2c97447fb80e34dd577d548055eb1a14de603bad8c
simple,3M Bondo Body Filler,73,3M-000000073,,"3M Bondo Body Filler is a durable repair filler for dents and damaged surfaces, making it useful for automotive, restoration and general repair projects. Selection should be based on the specific task, material, working conditions and compatible products in the complete system. Apply to a clean, sound surface and follow the label for mixing, layer depth, drying or cure, sanding and topcoating.",Previously Described,Painting Tools & Accessories > Paint Prep & Repairs,"automotive body filler, polyester filler, two-part repair compound, surface repair product",3M,3MC01,https://raw.githubusercontent.com/kinggoff/NewSteelesImages/main/review-images/legacy-3m-000000073-bondobodyfiller_specialtypaint_3m.png?raw=true,Image already existed,,,,,,,,,,,,,,,7a6fb19e1116fd512c1d9e69878f5d18457dd9dc70d3df085c889bd46667b3c9,2ba09df9a72dde0f2172006cd0b154929fdc0a775db346d9b72117e1ca9d4d97
simple,3M Paint Project Full Face Respirator,74,3M-000000074,,"3M Paint Project Full Face Respirator offers full-face coverage and reusable protection for projects involving fumes, vapours and airborne particles. Check the current manufacturer label or technical data sheet before use. Confirm the exact item and package before ordering. Follow the current manufacturer instructions for the intended job.",Previously Described,Painting Tools & Accessories > Clothing & Safety,"reusable respirator, paint respirator, respiratory protection, full-face respirator",3M,3MC01,https://raw.githubusercontent.com/kinggoff/NewSteelesImages/main/review-images/legacy-3m-000000074-paintprojectfullfacerespirator_paintergearsafety_3m.png?raw=true,Image already existed,,,,,,,,,,,,,,,1dfa935d7421799636b691106d6875ec19aed2aee3d56b88ef591617a7932278,e72d882b34c6687b73f6bdff7efcb717652d9ec1b714e31deda8f9db477d802d
simple,Timbermate Water-Based Wood Filler,75,TM-000000075,,"Timbermate Water-Based Wood Filler helps fill cracks, holes and grain imperfections in wood so surfaces can be sanded smooth and finished with a cleaner final result. Check the current manufacturer label or technical data sheet before use. Confirm the exact item and package before ordering. Follow the current manufacturer instructions for the intended job.",Previously Described,Painting Tools & Accessories > Paint Prep & Repairs,"wood filler, wood repair compound, grain filler, surface repair product",Timbermate,DOVER,https://raw.githubusercontent.com/kinggoff/NewSteelesImages/main/review-images/legacy-tm-000000075-timbermatewaterbasedwoodfiller_specialtypaint_timbermate.png?raw=true,Image already existed,,,,,,,,,,,,,,,8cff061477631f0938a966c9e91819f814dc47e8f834335c1e9e033b5a4e9c38,639abfef145e135a54220d85f0728aa1fa964403fa64b43fb6f870a9104cc180
simple,PC Super Epoxy,76,PC-000000076,,"PC Super Epoxy provides strong two-part bonding, filling, and repair performance across a wide range of household, shop, and jobsite materials. The final appearance and service performance depend on the substrate, preparation, film build and complete coating system. Prepare both surfaces and follow the label for mixing where required, open or working time, assembly, clamping and cure.",Previously Described,Painting Tools & Accessories > Paint Prep & Repairs,"epoxy adhesive, two-part epoxy, repair adhesive, epoxy repair compound",PC Products,DOVER,https://raw.githubusercontent.com/kinggoff/NewSteelesImages/main/review-images/legacy-pc-000000076-pcsuperepoxy_specialtypaint_pcproducts.png?raw=true,Image already existed,,,,,,,,,,,,,,,dba4670b6c5e499287a9096364c6b83ad66a2abd3343c4fab844f966265f4ea1,bf62229a2b75ac98769077c9d4ace162dd1652787bf2f5fce71b4accf6247439
simple,Kampel SeamFil ,77,KA-000000077,,"Kampel SeamFil is a professional seam repair compound available in a range of colours to help fill, conceal, and repair open seams, tears, and minor imperfections on vinyl wallcoverings and laminate surfaces for a smooth, durable finish. Review the listed format and current manufacturer instructions to confirm compatibility, safe use, cleaning and storage for the intended job.",Previously Described,Painting Tools & Accessories > Paint Prep & Repairs,"seam repair compound, laminate seam filler, wallcovering seam repair, repair filler",Kampel,,https://raw.githubusercontent.com/kinggoff/NewSteelesImages/main/review-images/legacy-ka-000000077-seamfillaminaterepairfiller_specialtypaint_kampel.png?raw=true,Image already existed,,,,,,,,,,,,,,,5301d147e104e11fc402f1103ce521d811df4864e354b9b0ae5997d94ab5fcb6,337b135ba7cbd3bbd2685e44227f4b78c93e983df35ec6faabd704211b3120e9
simple,DFP Sable Hair Brushes,78,DF-000000078,,"DFP Sable Hair Brushes are ideal for graining, spot touch-ups, fine detailing, and French polishing, featuring premium red sable bristles that deliver exceptional precision, smooth stain application, and professional-quality finishes. Choose the listed size for the surface and coating, then clean or dispose of the applicator according to current product guidance.",Previously Described,Painting Tools & Accessories > Tools,"artist brush, fine-detail brush, paint brush, painting tool",DFP,DOVER,https://raw.githubusercontent.com/kinggoff/NewSteelesImages/main/review-images/legacy-df-000000078-artistsabledetailbrushesset_painttoolsaccessories_doverfinishing.png?raw=true,Image already existed,,,,,,,,,,,,,,,b0fce180587fc43cd72f2b285af54909acf3256cfee317ba3dfbf0c395fd7fc3,71fe999009fe7ebe99f53b22ee590c3cf87661f3b2ae355adb8a74f86e69694c
simple,Dumond Smart Strip PRO Paint Remover,79,DU-000000079,,"Dumond Smart Strip PRO Paint Remover helps remove built-up paint, varnish, and coatings from surfaces, providing a cleaner base for refinishing and restoration projects. Check the current manufacturer label or technical data sheet before use. Confirm the exact item and package before ordering. Follow the current manufacturer instructions for the intended job.",Previously Described,Painting Tools & Accessories > Cleaners & Removers,"coating remover, paint remover, finish stripper, surface preparation chemical",Dumond,MUM01,https://raw.githubusercontent.com/kinggoff/NewSteelesImages/main/review-images/legacy-du-000000079-smartstrippropaintremover5gallon_specialtypaint_dumond.png?raw=true,Image already existed,,,,,,,,,,,,,,,331b49fe7f3edc4f4b50ec964ebc6ea969af9370dfee7a5d7ad55f81020d70a6,5e023471e95ce6e7e5d5b2569503013b99e8842deb19f1a52448abab1844c7a2
simple,Dumond Peel Away 1 Heavy-Duty Paint Remover,80,DU-000000080,,"Dumond Peel Away 1 Heavy-Duty Paint Remover helps remove built-up paint, varnish, and coatings from surfaces, providing a cleaner base for refinishing and restoration projects. Check the current manufacturer label or technical data sheet before use. Confirm the exact item and package before ordering.",Previously Described,Painting Tools & Accessories > Cleaners & Removers,"coating remover, paint remover, finish stripper, surface preparation chemical",Dumond,MUM01,https://raw.githubusercontent.com/kinggoff/NewSteelesImages/main/review-images/legacy-du-000000080-peelaway1heavydutypaintremover5gallon_specialtypaint_dumond.png?raw=true,Image already existed,,,,,,,,,,,,,,,092360e0d42bd43006184058a4b7e5735cbf31736c72723cdf80f51c29e316cb,0ffa7d7c77f7d9fc003ea83e8439b007ef93d4bfdb0db86841eb57bc45c425c9
simple,Dumond Smart Strip Advanced Paint Remover,81,DU-000000081,,"Dumond Smart Strip Advanced Paint Remover helps remove built-up paint, varnish, and coatings from surfaces, providing a cleaner base for refinishing and restoration projects. Check the current manufacturer label or technical data sheet before use. Confirm the exact item and package before ordering. Follow the current manufacturer instructions for the intended job.",Previously Described,Painting Tools & Accessories > Cleaners & Removers,"coating remover, paint remover, finish stripper, surface preparation chemical",Dumond,MUM01,https://raw.githubusercontent.com/kinggoff/NewSteelesImages/main/review-images/legacy-du-000000081-smartstripadvancedpaintremover5gallon_specialtypaint_dumond.png?raw=true,Image already existed,,,,,,,,,,,,,,,a528f22b95cc6074b8b417bd862893a1106b19d532c578b2f1aa54c8e50f8a2b,1d30d07fd3d631a667f3d785ca44d7c3b8f1dcac917b99fd1f736ccd082acbbe
simple,PC Concrete Epoxy Adhesive,82,PC-000000082,,"PC Concrete Epoxy Adhesive provides strong two-part bonding and repair performance for concrete, masonry, anchoring, and crack repair projects. The final appearance and service performance depend on the substrate, preparation, film build and complete coating system. Prepare both surfaces and follow the label for mixing where required, open or working time, assembly, clamping and cure.",Previously Described,Painting Tools & Accessories > Paint Prep & Repairs,"concrete epoxy adhesive, two-part epoxy, masonry repair adhesive, structural adhesive",PC Products,DOVER,https://raw.githubusercontent.com/kinggoff/NewSteelesImages/main/review-images/legacy-pc-000000082-pcconcreteepoxyadhesive_commercialpaint_pcproducts.png?raw=true,Image already existed,,,,,,,,,,,,,,,635785aff9f5803cc8df34cbbff04d988dc0ea5bac7a58eaefb64c60fc078e63,66f66ce18f1db312ff2caf9b4f13c47977f19309a7d09e682844b6a25e50b509
simple,H.F. Staples Ladder Mitts,83,HFS-000000083,,"H.F. Staples Ladder Mitts help protect walls, siding and trim from ladder marks, dents and scratches while you work. Selection should be based on the specific task, material, working conditions and compatible products in the complete system. Review the listed format and current manufacturer instructions to confirm compatibility, safe use, cleaning and storage for the intended job.",Previously Described,Painting Tools & Accessories > Tools,"ladder mitt, ladder protection pad, ladder accessory, surface protection product",H.F. Staples,LES01,https://raw.githubusercontent.com/kinggoff/NewSteelesImages/main/review-images/legacy-hfs-000000083-laddermitts_paintergearsafety_hfstaples.png?raw=true,Image already existed,,,,,,,,,,,,,,,2f81673d4bfd1fa752ff3b44639d7d835157eae7d726952d805bef8a94dca38c,efc5faa83ea80a39586b4bcb36b2a9f3d8446a72cf9154a1528d676713143bcf
simple,Premier HD Touch-Up Marker,84,PR-000000084,,"Premier HD Touch-Up Marker helps repair chips, scratches and small surface imperfections so finished wood, laminate or coated surfaces look cleaner and more complete. Check the current manufacturer label or technical data sheet before use. Confirm the exact item and package before ordering. Follow the current manufacturer instructions for the intended job.",Previously Described,Lacquer and Millwork Coatings > Dover,"touch-up marker, wood repair marker, colour repair pen, finishing tool",Premier,DOVER,https://raw.githubusercontent.com/kinggoff/NewSteelesImages/main/review-images/legacy-pr-000000084-premierhdtouchupmarker_specialtypaint_premier.png?raw=true,Image already existed,,,,,,,,,,,,,,,fe7834df63f790bd06b157be17ca3c7b63f501c0f6ee593b3862837e7a97e34f,756fbdf8fbc5dbc59fe85f5ba513054d79f738d97b2c08dbf073d12844d6db1d
simple,GoodFilla Wood & Grain Filler,85,GF-000000085,,"GoodFilla Wood & Grain Filler helps fill cracks, holes and grain imperfections in wood so surfaces can be sanded smooth and finished with a cleaner final result. Check the current manufacturer label or technical data sheet before use. Confirm the exact item and package before ordering. Follow the current manufacturer instructions for the intended job.",Previously Described,Painting Tools & Accessories > Paint Prep & Repairs,"wood filler, wood repair compound, grain filler, surface repair product",GoodFilla,DOVER,https://raw.githubusercontent.com/kinggoff/NewSteelesImages/main/review-images/legacy-gf-000000085-goodfillawoodgrainfiller_specialtypaint_goodfilla.png?raw=true,Image already existed,,,,,,,,,,,,,,,5bbc3ce494ab5e23f17b23ada2f03e9f6b4f6952c734991c92fd5e22022ff461,671a677925ffac26b024aef33d7718de57d54bc079ca95e6939f2eec3f25dd4b
simple,DFP Factory Touch-Up Marker,86,DFP-000000086,,"DFP Factory Touch-Up Marker helps repair chips, scratches and small surface imperfections so finished wood, laminate or coated surfaces look cleaner and more complete. Check the current manufacturer label or technical data sheet before use. Confirm the exact item and package before ordering. Follow the current manufacturer instructions for the intended job.",Previously Described,Lacquer and Millwork Coatings > Dover,"touch-up marker, wood repair marker, colour repair pen, finishing tool",DFP,DOVER,https://raw.githubusercontent.com/kinggoff/NewSteelesImages/main/review-images/legacy-dfp-000000086-factorytouchupmarker_specialtypaint_dfp.png?raw=true,Image already existed,,,,,,,,,,,,,,,507af6e0829371e19909727b6ee9fb4ef59cbaa8431b0aaff32287c426a1bc17,7b5c9dc8045391a2ff084952a2fc75ce04e53121570ad8d164d242eab23c891f
simple,DFP Quick Cure Wood Epoxy,87,DFP-000000087,,"DFP Quick Cure Wood Epoxy rebuilds, fills and repairs damaged wood so worn or rotted areas can be restored before sanding, priming or finishing. The final appearance and service performance depend on the substrate, preparation, film build and complete coating system. Prepare both surfaces and follow the label for mixing where required, open or working time, assembly, clamping and cure.",Previously Described,Painting Tools & Accessories > Paint Prep & Repairs,"wood repair epoxy, wood filler, two-part epoxy, repair compound, quick-cure epoxy",DFP,DOVER,https://raw.githubusercontent.com/kinggoff/NewSteelesImages/main/review-images/legacy-dfp-000000087-quickcurewoodepoxy_specialtypaint_dfp.png?raw=true,Image already existed,,,,,,,,,,,,,,,ec9b7d0b4d6a4ed67ab82cc448387e4e25c31b5a85e1cea12bd81c0893577dc2,a4b02342912cb6ab97b68c5a282b0d69a05f2686e240f4645b7795e8f33105da
simple,DFP Fill Stick Repair Stick,88,DFP-000000088,,"DFP Fill Stick Repair Stick helps repair chips, scratches and small surface imperfections so finished wood, laminate or coated surfaces look cleaner and more complete. Check the current manufacturer label or technical data sheet before use. Confirm the exact item and package before ordering. Follow the current manufacturer instructions for the intended job.",Previously Described,Lacquer and Millwork Coatings > Dover,"fill stick, wax repair stick, wood repair filler, furniture touch-up product",DFP,DOVER,https://raw.githubusercontent.com/kinggoff/NewSteelesImages/main/review-images/legacy-dfp-000000088-fillstickrepairstick_painttoolsaccessories_dfp.png?raw=true,Image already existed,,,,,,,,,,,,,,,cdf283549f4dde7c3e0747ff89b86961d60e7e657169d2700f4018f8167d91fa,6acfb1752ad7613a3e63b88b4385c0f19f98fcd914363197a757439cc86d7775
simple,Innovatco Caulking Applicator,89,IN-000000089,,"Innovatco Caulking Applicator Tool helps shape, smooth and finish caulking or sealant joints for cleaner lines and a more professional-looking result. Check the current manufacturer label or technical data sheet before use. Confirm the exact item and package before ordering. Follow the current manufacturer instructions for the intended job.",Previously Described,Painting Tools & Accessories > Tools,"caulk finishing tool, sealant smoothing tool, caulking applicator, hand tool",Innovatco,MUM01,https://raw.githubusercontent.com/kinggoff/NewSteelesImages/main/review-images/legacy-in-000000089-caulkingapplicatortool_painttoolsaccessories_innovatco.png?raw=true,Image already existed,,,,,,,,,,,,,,,866db5e5988e955bb62027d23297e404a928be02d1546f6f78fc235b174c8bbf,e185e42d1b3764765ca756023bf9014a2da40e4c26c123dae12f117ea5a913cf
simple,PC Woody Wood Repair Epoxy,90,PC-000000090,,"PC Woody Wood Repair Epoxy rebuilds, fills, and repairs damaged wood so worn or rotted areas can be restored before sanding, priming, or finishing. The final appearance and service performance depend on the substrate, preparation, film build and complete coating system. Prepare both surfaces and follow the label for mixing where required, open or working time, assembly, clamping and cure.",Previously Described,Painting Tools & Accessories > Paint Prep & Repairs,"wood repair epoxy, wood filler, two-part epoxy, repair compound",PC Products,DOVER,https://raw.githubusercontent.com/kinggoff/NewSteelesImages/main/review-images/legacy-pc-000000090-pcwoodywoodrepairepoxy_specialtypaint_pcproducts.png?raw=true,Image already existed,,,,,,,,,,,,,,,46b4cc451649204656633376e81ec2ea989ee2b0e7c08c3848cf3652e723ea66,f08373caaf28aef2b298c0067ee8b4112dc0751bd830933a0aff328dc255f1d9
simple,PC 7 Epoxy Paste,91,PC-000000091,,"PC 7 Epoxy Paste provides strong two-part bonding, filling, and repair performance across a wide range of household, shop, and jobsite materials. The final appearance and service performance depend on the substrate, preparation, film build and complete coating system. Prepare both surfaces and follow the label for mixing where required, open or working time, assembly, clamping and cure.",Previously Described,Painting Tools & Accessories > Paint Prep & Repairs,"epoxy paste, two-part epoxy, repair adhesive, repair compound",PC Products,DOVER,https://raw.githubusercontent.com/kinggoff/NewSteelesImages/main/review-images/legacy-pc-000000091-pc7epoxypaste_specialtypaint_pcproducts.png?raw=true,Image already existed,,,,,,,,,,,,,,,061e4ed3f3e176a6b6d173f230d69e0b04347c89115d6a1162ed94c173541639,78c3fabdb896af266ceeab32f9199cd29a559062a16b3d9a7cbd606c79ed13a2
simple,Gotham Mineral Spirits,92,GO-000000092,,"Gotham Mineral Spirits is formulated for thinning oil-based coatings, cleaning brushes and tools, and preparing surfaces for painting and finishing projects. Check the current manufacturer label or technical data sheet before use. Confirm the exact item and package before ordering. Follow the current manufacturer instructions for the intended job.",Previously Described,Lacquer and Millwork Coatings > Goudey,"mineral spirits, paint thinner, finishing solvent, cleaning solvent",Gotham,GOTHAM,https://raw.githubusercontent.com/kinggoff/NewSteelesImages/main/review-images/legacy-go-000000092-mineralspirits189l_specialtypaint_gotham.png?raw=true,Image already existed,,,,,,,,,,,,,,,9fa96ef1448578f5e6bc025a2ed7b498a7be27f523fbd9d681492663da574eb9,aa19b845a71ffad04c7801f2217901a785470cb6c9324ebf42f79dc260c0e3e1
simple,Gotham Lacquer Thinner,93,GO-000000093,,"Gotham Lacquer Thinner is formulated for thinning lacquer-based coatings, cleaning spray equipment and tools, and preparing surfaces for professional finishing applications. Colour and sheen can vary with wood species, porosity and preparation, so a representative test area is recommended. Test first, then follow the label for dilution, dwell time, rinsing, ventilation and protective equipment.",Previously Described,Lacquer and Millwork Coatings > Goudey,"lacquer thinner, lacquer solvent, coating reducer, finishing solvent",Gotham,GOTHAM,https://raw.githubusercontent.com/kinggoff/NewSteelesImages/main/review-images/legacy-go-000000093-lacquerthinner189l_lacquers_gotham.png.png?raw=true,Image already existed,,,,,,,,,,,,,,,8aba476cc233393b3d127a922fff274dd5f503b5bae6d9323107c6fd513e5982,07fdcb4f96b4ac8bb25838cecc02bd1e609cb85d636715bf6ecec4397dfb61fa
simple,Gotham Acetone,94,GO-000000094,,"Gotham Acetone is a fast-evaporating solvent ideal for cleaning tools, removing residues, and preparing surfaces before painting, coating, or refinishing. Selection should be based on the specific task, material, working conditions and compatible products in the complete system. Test first, then follow the label for dilution, dwell time, rinsing, ventilation and protective equipment.",Previously Described,Lacquer and Millwork Coatings > Goudey,"acetone, finishing solvent, cleaning solvent, surface preparation solvent",Gotham,GOTHAM,https://raw.githubusercontent.com/kinggoff/NewSteelesImages/main/review-images/legacy-go-000000094-acetone378l_specialtypaint_gotham.png?raw=true,Image already existed,,,,,,,,,,,,,,,c8bbdcff628c27b03745f6998949ec74b538d987c1de5e2abba84bb860f150e1,575e6c611b82fcaa9b8670e9a4c2c665a7c8af583f766d62de7cb7df50ac68dd
simple,Gotham Eco-Solv Paint Thinner,95,GO-000000095,,"Gotham Eco-Solv Paint Thinner is formulated to thin oil-based paints and coatings while effectively cleaning brushes, rollers, and other painting tools. The final appearance and service performance depend on the substrate, preparation, film build and complete coating system. Test first, then follow the label for dilution, dwell time, rinsing, ventilation and protective equipment.",Previously Described,Lacquer and Millwork Coatings > Goudey,"paint thinner, finishing solvent, coating reducer, cleaning solvent",Gotham,GOTHAM,https://raw.githubusercontent.com/kinggoff/NewSteelesImages/main/review-images/legacy-go-000000095-ecosolvpaintthinner378l_stains_gotham.png?raw=true,Image already existed,,,,,,,,,,,,,,,738bedaf54279229b111789edbad179e1ac8bd236dfbb8dbe9f1a5b4038af135,357b05e07458cd79cba628b063ff35822e4f10a596d6479ba47da8ea14465dd7
simple,Gotham Methyl Hydrate,96,GO-000000096,,"Gotham Methyl Hydrate is ideal for cleaning surfaces, thinning select products, and removing grease, dirt, and residue before painting or finishing. Check the current manufacturer label or technical data sheet before use. Confirm the exact item and package before ordering. Follow the current manufacturer instructions for the intended job.",Previously Described,Lacquer and Millwork Coatings > Goudey,"methyl hydrate, finishing solvent, cleaning solvent, surface preparation solvent",Gotham,GOTHAM,https://raw.githubusercontent.com/kinggoff/NewSteelesImages/main/review-images/legacy-go-000000096-methylhydrate378l_lacquers_gotham.png?raw=true,Image already existed,,,,,,,,,,,,,,,71cec94bbee65ee8321abc84e0c952f2d073e51399be5f248798ccd5560a6d8f,0875c94a37afa59151c307feeac8bbad241bf54cc8e5d3a8fe5fe0fbf644ce14
simple,Goudey 700 Methyl Hydrate Blend,97,GY-000000097,,"Goudey 700 Methyl Hydrate Blend is ideal for cleaning surfaces, thinning select products, and removing grease, dirt, and residue before painting or finishing. Check the current manufacturer label or technical data sheet before use. Confirm the exact item and package before ordering. Follow the current manufacturer instructions for the intended job.",Previously Described,Lacquer and Millwork Coatings > Goudey,"methyl hydrate, finishing solvent, cleaning solvent, surface preparation solvent",Goudey,GOE01,https://raw.githubusercontent.com/kinggoff/NewSteelesImages/main/review-images/legacy-gy-000000097-700methylhydrateblend378l_specialtypaint_goudey.png?raw=true,Image already existed,,,,,,,,,,,,,,,0a3d0e02ee9b2405aab715044862e02b658d313855153a4025f52cd49f070012,30f715aa7fe99ee5d64cafc49409ccc6f6d48ea5063220973eef8ba1bf26000a
simple,Goudey 706 Toluene,98,GY-000000098,,"Goudey 706 Toluene is a powerful solvent for thinning compatible coatings, cleaning tools, and supporting professional finishing applications. Selection should be based on the specific task, material, working conditions and compatible products in the complete system. Confirm preparation, compatibility, application, coverage and recoat requirements in the current label or technical data sheet.",Previously Described,Lacquer and Millwork Coatings > Goudey,"toluene, finishing solvent, coating solvent, surface preparation solvent",Goudey,GOE01,https://raw.githubusercontent.com/kinggoff/NewSteelesImages/main/review-images/legacy-gy-000000098-706toluene378l_specialtypaint_goudey.png?raw=true,Image already existed,,,,,,,,,,,,,,,78edd2500dcae0adc9adedc98b650535c05e1af33d61259856dac5553b582d72,5c869499ae18160da919423b1010ef118bce010079e04884cf8923da0f5fc6f5
simple,Goudey 718 VM&P Naphtha,99,GY-000000099,,"Goudey 718 VM&P Naphtha is a fast-drying solvent designed for thinning compatible coatings, cleaning tools, and preparing surfaces before finishing. Check the current manufacturer label or technical data sheet before use. Confirm the exact item and package before ordering. Follow the current manufacturer instructions for the intended job.",Previously Described,Lacquer and Millwork Coatings > Goudey,"naphtha, finishing solvent, coating solvent, cleaning solvent",Goudey,GOE01,https://raw.githubusercontent.com/kinggoff/NewSteelesImages/main/review-images/legacy-gy-000000099-718vmpnaphtha378l_specialtypaint_goudey.png?raw=true,Image already existed,,,,,,,,,,,,,,,5e2c9b569d14797db378cac859c8cee45b44fd91de7a212f390cebe177768c3d,432e9cd985e900249aa73e3339622c8809a51fe2b0b37b0ae2896d8458773ead
simple,Goudey 732 Mineral Spirits,100,GY-000000100,,"Goudey 732 Mineral Spirits is formulated for thinning oil-based coatings, cleaning brushes and tools, and preparing surfaces for painting and finishing projects. Check the current manufacturer label or technical data sheet before use. Confirm the exact item and package before ordering. Follow the current manufacturer instructions for the intended job.",Previously Described,Lacquer and Millwork Coatings > Goudey,"mineral spirits, paint thinner, finishing solvent, cleaning solvent",Goudey,GOE01,https://raw.githubusercontent.com/kinggoff/NewSteelesImages/main/review-images/legacy-gy-000000100-732mineralspirits378l_specialtypaint_goudey.png?raw=true,Image already existed,,,,,,,,,,,,,,,651717b54f23e7cba5824f6df31cf0eb68276277c07ff64d9d8c473f6f7539c0,3256571b1cb23a95f97661d81872d0ffb5c8d01979b213c3c77f9cf24e169a2d
simple,Goudey 734 Blush Retarder,101,GY-000000101,,"Goudey 734 Blush Retarder helps reduce blushing in lacquer finishes by slowing evaporation, promoting a smoother, more consistent finish. Selection should be based on the specific task, material, working conditions and compatible products in the complete system. Confirm preparation, compatibility, application, coverage and recoat requirements in the current label or technical data sheet.",Previously Described,Lacquer and Millwork Coatings > Goudey,"lacquer retarder, blush eliminator, finish additive, lacquer additive",Goudey,GOE01,https://raw.githubusercontent.com/kinggoff/NewSteelesImages/main/review-images/legacy-gy-000000101-734blushretarder378l_lacquers_goudey.png?raw=true,Image already existed,,,,,,,,,,,,,,,876ef7272f29670740707129a7503cd54868f68047e0776d5fc4def09608cca3,90e7bb4557f14089f1a284b41adfced143acdc58dcb7961641e41e8faa3973b6
simple,Goudey 754 Wiping Stain Reducer,102,GY-000000102,,"Goudey 754 Wiping Stain Reducer is designed to thin solvent-based wiping stains for improved flow, workability, and colour control. Colour and sheen can vary with wood species, porosity and preparation, so a representative test area is recommended. Confirm preparation, compatibility, application, coverage and recoat requirements in the current label or technical data sheet.",Previously Described,Lacquer and Millwork Coatings > Goudey,"stain reducer, wood finishing solvent, coating reducer, finishing solvent",Goudey,GOE01,https://raw.githubusercontent.com/kinggoff/NewSteelesImages/main/review-images/legacy-gy-000000102-754wipingstainreducer378l_stains_goudey.png?raw=true,Image already existed,,,,,,,,,,,,,,,089346a32b73e02ef2d6ab7809b970fd5ce3f4b7758bb3c418abc1af87ae96a7,6f1c31894db5cb66bddfa89c1674377a405d23c5bd08a04faa323887129600c3
simple,Goudey 770 Paint & Varnish Remover,103,GY-000000103,,"Goudey 770 Paint & Varnish Remover helps remove paint, varnish, and other coatings, making surface preparation faster and easier for refinishing projects. Its role is to leave the surface ready for the next repair or coating step without assuming compatibility with every material. Test first, then follow the label for dilution, dwell time, rinsing, ventilation and protective equipment.",Previously Described,Painting Tools & Accessories > Cleaners & Removers,"coating remover, paint remover, finish stripper, surface preparation chemical",Goudey,GOE01,https://raw.githubusercontent.com/kinggoff/NewSteelesImages/main/review-images/legacy-gy-000000103-770paintvarnishremover378l_specialtypaint_goudey.png?raw=true,Image already existed,,,,,,,,,,,,,,,516978b94bfd1e335d3cbfd637978853779e93adac41532fd0e98646c892cca0,879e6aa16a81c136c30f2129a004bbbedce6e9de345eb52ad43e3574cdfa973d
simple,Goudey 788 Lacquer Reducer,104,GY-000000104,,"Goudey 788 Lacquer Reducer is formulated to thin lacquer coatings for improved spray performance, flow, and finish quality. Colour and sheen can vary with wood species, porosity and preparation, so a representative test area is recommended. Confirm preparation, compatibility, application, coverage and recoat requirements in the current label or technical data sheet.",Previously Described,Lacquer and Millwork Coatings > Goudey,"lacquer thinner, lacquer solvent, coating reducer, finishing solvent",Goudey,GOE01,https://raw.githubusercontent.com/kinggoff/NewSteelesImages/main/review-images/legacy-gy-000000104-788lacquerreducer378l_lacquers_goudey.png?raw=true,Image already existed,,,,,,,,,,,,,,,2c3a3a86c363bb9bd6ed8144137823c78714fd3afa45f17fd16d51308449e911,c86855e477bc5b89cbef832509daf6aa8d1a57010b41feb7a9b00423106edb01
simple,Goudey High Performance Wood Bleach Kit,105,GY-000000105,,Goudey High Performance Wood Bleach Kit helps lighten wood and reduce unwanted natural colour so stained or finished surfaces can be prepared for a more consistent look. Check the current manufacturer label or technical data sheet before use. Confirm the exact item and package before ordering. Follow the current manufacturer instructions for the intended job.,Previously Described,Lacquer and Millwork Coatings > Goudey,"wood bleach, two-part wood bleach, wood treatment, wood restoration product",Goudey,GOE01,https://raw.githubusercontent.com/kinggoff/NewSteelesImages/main/review-images/legacy-gy-000000105-highperformancewoodbleach125l_stains_goudey.png?raw=true,Image already existed,,,,,,,,,,,,,,,5e6ce82e31e9b9eea5f04bfca9dc800d6defd51e797a03bf28e9d9c680e5589e,f607af132b94a6d049e21797345ef420e472caf1fcaa021eac7b198d2461c554
simple,Goudey 888 High Solids White Undercoat,106,GY-000000106,,"Goudey 888 High Solids White Undercoat builds a smooth, uniform base that helps improve coverage and finish quality before applying lacquer or other topcoats. Check the current manufacturer label or technical data sheet before use. Confirm the exact item and package before ordering. Follow the current manufacturer instructions for the intended job.",Previously Described,Lacquer and Millwork Coatings > Goudey,"wood undercoat, white undercoat, high-solids undercoat, wood finishing basecoat",Goudey,GOE01,https://raw.githubusercontent.com/kinggoff/NewSteelesImages/main/review-images/legacy-gy-000000106-888highsolidswhiteundercoat378l_primer_goudey.png?raw=true,Image already existed,,,,,,,,,,,,,,,5aeb0239705aa486258a9a110268e60bff64378bd3ebd1cd8ec5d2649574bf99,5d9b07263a347a0359e57a7202f0e263095fef7e088ae4e582b35a63482db666
simple,Goudey Pcultra Pre-Catalyzed Lacquer,107,GY-000000107,,"Goudey Pcultra Pre-Catalyzed Lacquer delivers a smooth, durable lacquer finish for woodwork, cabinetry, and professional finishing applications. Colour and sheen can vary with wood species, porosity and preparation, so a representative test area is recommended. Confirm preparation, compatibility, application, coverage and recoat requirements in the current label or technical data sheet.",Previously Described,Lacquer and Millwork Coatings > Goudey,"pre-catalyzed lacquer, wood lacquer, clear wood finish, solvent-based lacquer",Goudey,GOE01,https://raw.githubusercontent.com/kinggoff/NewSteelesImages/main/review-images/legacy-gy-000000107-pcultraprecatalyzedlacquer378l_lacquers_goudey.png?raw=true,Image already existed,,,,,,,,,,,,,,,a1906dd4f0977135e9f978c87010593385a4f570358ded998eccf5f98b61adc9,9e4d8340486bacc7919e02ac320aca2b7a6ed86c7cc4be9579d29cc525a75133
simple,Goudey 0113 Stain Glaze Base Wood Conditioner,108,GY-000000108,,"Goudey 0113 Stain Glaze Base Wood Conditioner helps prepare wood for staining by improving absorption and reducing blotchiness for a more even finish. Colour and sheen can vary with wood species, porosity and preparation, so a representative test area is recommended. Confirm preparation, compatibility, application, coverage and recoat requirements in the current label or technical data sheet.",Previously Described,Lacquer and Millwork Coatings > Goudey,"wood conditioner, stain glaze base, wood finishing basecoat, solvent-based wood finish",Goudey,GOE01,https://raw.githubusercontent.com/kinggoff/NewSteelesImages/main/review-images/legacy-gy-000000108-0113stainglazebasewoodconditioner378l_stains_goudey.png?raw=true,Image already existed,,,,,,,,,,,,,,,efe12edba78c37b3a356efd4e61919070fe05945841f2c6d7db404d23e3f981c,9271867feb390a3b6260f7acfcb5760768b5ee55f230e2e0cb17189564ead94a
simple,Goudey Solvent-Based Wiping Stain,109,GY-000000109,,"Goudey Solvent-Based Wiping Stain helps add rich colour to wood while enhancing the grain, making it easier to achieve a smooth, even stained finish. Colour and sheen can vary with wood species, porosity and preparation, so a representative test area is recommended. Confirm preparation, compatibility, application, coverage and recoat requirements in the current label or technical data sheet.",Previously Described,Lacquer and Millwork Coatings > Goudey,"wiping stain, wood stain, wood finish, solvent-based wood stain",Goudey,GOE01,https://raw.githubusercontent.com/kinggoff/NewSteelesImages/main/review-images/legacy-gy-000000109-solventbasedwipingstain378l_stains_goudey.png?raw=true,Image already existed,,,,,,,,,,,,,,,1ce9715d52d8843a4f0d8179043000b70503059e4686514af0960ca941b979cf,22f036b44728582edda39950343696e9e376c5dfd7a371cdda33606c9c9438bf
simple,Goudey Shellac,110,GY-000000110,,"Goudey Shellac works as a fast-drying wood finish and sealer, helping create a warm, protective base for fine finishing projects. Selection should be based on the specific task, material, working conditions and compatible products in the complete system. Confirm preparation, compatibility, application, coverage and recoat requirements in the current label or technical data sheet.",Previously Described,Lacquer and Millwork Coatings > Goudey,"shellac finish, clear wood finish, natural resin finish, sealing finish",Goudey,GOE01,https://raw.githubusercontent.com/kinggoff/NewSteelesImages/main/review-images/legacy-gy-000000110-shellac4l_lacquers_goudey.png?raw=true,Image already existed,,,,,,,,,,,,,,,a380905cc0092b63516cce70cf2bce084836733fcda10312ed25b9f94f27737b,bfaa8efd761b9404255786716dfd8ebed57d9700f6209f9cf8768c3ac4bc50bf
simple,Goudey Water-Based Wiping Stain,111,GY-000000111,,"Goudey Water-Based Wiping Stain helps add rich colour to wood while enhancing the grain, making it easier to achieve a smooth, even stained finish. Colour and sheen can vary with wood species, porosity and preparation, so a representative test area is recommended. Confirm preparation, compatibility, application, coverage and recoat requirements in the current label or technical data sheet.",Previously Described,Lacquer and Millwork Coatings > Goudey,"wiping stain, wood stain, wood finish, water-based wood stain",Goudey,GOE01,https://raw.githubusercontent.com/kinggoff/NewSteelesImages/main/review-images/legacy-gy-000000111-waterbasedwipingstain378l_stains_goudey.png?raw=true,Image already existed,,,,,,,,,,,,,,,5284800fddd4c80d838fbf60d88d771bf8848f3b4dda6ae66d32ce9e5568cf7a,c2c5764a73851003f5eb9125899f2f3fea337c2f4e4da3ed3502b5766c125457
simple,Messmer's Deck & Siding ,112,ME-000000112,,"Messmer's Deck & Siding durable alkyd oil finish protects and enhances exterior wood on decks, siding, fences, and other outdoor surfaces while enriching the wood's natural beauty with a durable, weather-resistant finish. Confirm preparation, compatibility, application, coverage and recoat requirements in the current label or technical data sheet.",Previously Described,Paints > Exterior,"exterior wood finish, deck stain, siding stain, oil-based wood stain",Messmer's,YHD01,https://raw.githubusercontent.com/kinggoff/NewSteelesImages/main/review-images/legacy-me-000000112-decksidingdurablealkydoilfinish378l_stains_messmers.png?raw=true,Image already existed,,,,,,,,,250 VOC=https://raw.githubusercontent.com/kinggoff/NewSteelesImages/main/PDFs/SDS/messmer-s-SDS-CDSO-2015.pdf?raw=true|550 VOC=https://raw.githubusercontent.com/kinggoff/NewSteelesImages/main/PDFs/SDS/messmer-s-SDS-DSO-2015.pdf?raw=true,Deck and Siding Stain=https://raw.githubusercontent.com/kinggoff/NewSteelesImages/main/PDFs/TDS/messmer-s-td-dso.pdf?raw=true,250 VOC=https://raw.githubusercontent.com/kinggoff/NewSteelesImages/main/PDFs/SDS/messmer-s-SDS-CDSO-2015.pdf?raw=true|550 VOC=https://raw.githubusercontent.com/kinggoff/NewSteelesImages/main/PDFs/SDS/messmer-s-SDS-DSO-2015.pdf?raw=true,,Deck and Siding Stain=https://raw.githubusercontent.com/kinggoff/NewSteelesImages/main/PDFs/TDS/messmer-s-td-dso.pdf?raw=true,,a6feecac1a95f107665940662929d9b3d54060be725e5b841fa22e5ce9930278,427ce75a7b2467f5b17605e42cc1c3bd76e100b35a62145ba6ac0b52e2ee8288
simple,"Nour WoodCare 4.7"" Deck Staining Brush",113,NO-000000113,,"Nour WoodCare Deck Staining Brush 4.7"" (120mm) helps apply stain smoothly across deck boards and exterior wood surfaces, giving you better coverage and control on larger outdoor projects. Choose the listed size for the surface and coating, then clean or dispose of the applicator according to current product guidance.",Previously Described,Painting Tools & Accessories > Tools,"deck stain brush, wide paint brush, wood finish applicator, painting tool",Nour,NOUR,https://raw.githubusercontent.com/kinggoff/NewSteelesImages/main/review-images/legacy-no-000000113-woodcaredeckstainingbrush47120mm_painttoolsaccessories_nour.png?raw=true,Image already existed,,,,,,,,,,,,,,,e8f7170b4f0c48403647ea2ba1fad1e0b7dc40b5ae3f82f8c80a9318d4eb334e,75d93fc052a53966a846d8e1d7ea2b4e324343f5c9b520546b5c5a26f6994e96
simple,Nour Banff Angular Brush with Black Bristle 63mm,114,NO-000000114,,"Nour Banff Angular Brush with Black Bristle 63mm helps deliver smooth, controlled paint application for trim, touch-ups and everyday finishing work. It is intended to give the applicator practical control over loading, placement and finish on the matching surface area. Choose the listed size for the surface and coating, then clean or dispose of the applicator according to current product guidance.",Previously Described,Painting Tools & Accessories > Tools,"angled paint brush, sash brush, paint applicator, painting tool",Nour,NOUR,https://raw.githubusercontent.com/kinggoff/NewSteelesImages/main/review-images/legacy-no-000000114-banffblendedbristlebrush21263mm_painttoolsaccessories_nour.png?raw=true,Image already existed,,,,,,,,,,,,,,,45268ac32c15d4b55918bbed4900cf71e396cf1f777f4cbd3e02ea17d942d027,116e8c371747b63929faf0ce49066f76eb2330b078792d6dbd95b2bca8229219
simple,"AllPro Silver Series Polyester Brush 1 1/2"" (37mm)",115,AP-000000115,,"AllPro Silver Series Polyester Brush 1 1/2"" (37mm) helps deliver smooth, controlled paint application for trim, touch-ups and everyday finishing work. Check the current manufacturer label or technical data sheet before use. Confirm the exact item and package before ordering. Follow the current manufacturer instructions for the intended job.",Previously Described,Painting Tools & Accessories > Tools,"paint brush, paint applicator, painting tool, bristle brush",AllPro,NOUR,https://raw.githubusercontent.com/kinggoff/NewSteelesImages/main/review-images/legacy-ap-000000115-allprosilverseriespolyesterbrush11237mm_painttoolsaccessories_allpro.png?raw=true,Image already existed,,,,,,,,,,,,,,,2e8bd3ef0fc96689ed573647337adebcd70266c7daa3034437336f6662f6e077,3d08237cb55103104c12673a88851df6388706c4c0738c28b968859e6c7b3f45
simple,"AllPro Silver Series Polyester Brush 2"" (50mm)",116,AP-000000116,,"AllPro Silver Series Polyester Brush 2"" (50mm) helps deliver smooth, controlled paint application for trim, touch-ups and everyday finishing work. It is intended to give the applicator practical control over loading, placement and finish on the matching surface area. Choose the listed size for the surface and coating, then clean or dispose of the applicator according to current product guidance.",Previously Described,Painting Tools & Accessories > Tools,"paint brush, paint applicator, painting tool, bristle brush",AllPro,NOUR,https://raw.githubusercontent.com/kinggoff/NewSteelesImages/main/review-images/legacy-ap-000000116-allprosilverseriespolyesterbrush250mm_painttoolsaccessories_allpro.png?raw=true,Image already existed,,,,,,,,,,,,,,,6e831219c5c80f175232ef903907a39430071afbc2003f92f8b4d606dece07ba,4a3403b4584376fe13476a949aa6424345883252774e21aaa7b4e0d5a739aeb9
simple,"AllPro Silver Series Polyester Brush 3"" (75mm)",117,AP-000000117,,"AllPro Silver Series Polyester Brush 3"" (75mm) helps deliver smooth, controlled paint application for trim, touch-ups and everyday finishing work. It is intended to give the applicator practical control over loading, placement and finish on the matching surface area. Choose the listed size for the surface and coating, then clean or dispose of the applicator according to current product guidance.",Previously Described,Painting Tools & Accessories > Tools,"paint brush, paint applicator, painting tool, bristle brush",AllPro,NOUR,https://raw.githubusercontent.com/kinggoff/NewSteelesImages/main/review-images/legacy-ap-000000117-allprosilverseriespolyesterbrush375mm_painttoolsaccessories_allpro.png?raw=true,Image already existed,,,,,,,,,,,,,,,3f0bea5db2e745313a32f3b860f0571d9908a157b5d664a0464653632fe9da46,142a0707481ecc2d17d78d3f67c9660e5a097e233fe14ad8c6dfa63a4e12f7b3
simple,"AllPro Silver Series Oval Brush 2 1/2"" (63mm)",118,AP-000000118,,"AllPro Silver Series Oval Brush 2 1/2"" (63mm) holds more paint for smooth, efficient coverage while still giving you control on trim, detail work and smaller surfaces. Check the current manufacturer label or technical data sheet before use. Confirm the exact item and package before ordering. Follow the current manufacturer instructions for the intended job.",Previously Described,Painting Tools & Accessories > Tools,"oval paint brush, paint applicator, paint brush, painting tool",AllPro,NOUR,https://raw.githubusercontent.com/kinggoff/NewSteelesImages/main/review-images/legacy-ap-000000118-allprosilverseriesovalbrush21263mm_painttoolsaccessories_allpro.png?raw=true,Image already existed,,,,,,,,,,,,,,,ebb2a78b4afdea66f323419d7856bf96069f65193bff899db742bf8200f9ccbb,c1c7b089532666e70346a44261d1767628631ac0e3cef619b541a63caf9d74d2
simple,"AllPro Silver Series Oval Brush 3"" (75mm)",119,AP-000000119,,"AllPro Silver Series Oval Brush 3"" (75mm) holds more paint for smooth, efficient coverage while still giving you control on trim, detail work and smaller surfaces. Check the current manufacturer label or technical data sheet before use. Confirm the exact item and package before ordering. Follow the current manufacturer instructions for the intended job.",Previously Described,Painting Tools & Accessories > Tools,"oval paint brush, paint applicator, paint brush, painting tool",AllPro,NOUR,https://raw.githubusercontent.com/kinggoff/NewSteelesImages/main/review-images/legacy-ap-000000119-allprosilverseriesovalbrush375mm_painttoolsaccessories_allpro.png?raw=true,Image already existed,,,,,,,,,,,,,,,e118f2eba73c3bbd40ad24985bd7faecf445690e2ff09319d8a2a589809de526,8c4c0fe1ba83878c16e1657adc50f095b9248b0e982b5c1064343e9717df1047
simple,"Aqua Glide Angular Brush 2 1/2"" (63mm)",120,NO-000000120,,"Nour Aqua Glide Angular Brush 2 1/2"" (63mm) gives you controlled cutting, edging and trim work with bristles designed for smooth paint flow and a clean finish. Check the current manufacturer label or technical data sheet before use. Confirm the exact item and package before ordering. Follow the current manufacturer instructions for the intended job.",Previously Described,Painting Tools & Accessories > Tools,"angled paint brush, sash brush, paint applicator, painting tool",Nour,NOUR,https://raw.githubusercontent.com/kinggoff/NewSteelesImages/main/review-images/legacy-no-000000120-aquaglideangularbrush21263mm_painttoolsaccessories_nour.png?raw=true,Image already existed,,,,,,,,,,,,,,,67e8c244f9c4515199d1898b90587c2ceff7cb20ccfffa5d03ab8046f9d97684,2f6d4cf88b9bbc3034951d622b0949a887545419bef6d86e9f6e644e4789ce46
simple,"Nour Heritage Angular Brush 2 1/2"" (63mm)",121,NO-000000121,,"Nour Heritage Angular Brush 2 1/2"" (63mm) gives you controlled cutting, edging and trim work with bristles designed for smooth paint flow and a clean finish. Check the current manufacturer label or technical data sheet before use. Confirm the exact item and package before ordering. Follow the current manufacturer instructions for the intended job.",Previously Described,Painting Tools & Accessories > Tools,"angled paint brush, sash brush, paint applicator, painting tool",Nour,NOUR,https://raw.githubusercontent.com/kinggoff/NewSteelesImages/main/review-images/legacy-no-000000121-heritageangularbrush21263mm_painttoolsaccessories_nour.png?raw=true,Image already existed,,,,,,,,,,,,,,,f1ab73de86a9c9e608e09fe7cf04b6945229e17ed2e7a10ba9daf945f39f73fc,143e95322d2eafb265df208b0131177e9dade399f458f31eda63776346a3eb0a
simple,"Nour Smooth Finish Angular Brush 2 1/2"" (63mm)",122,NO-000000122,,"Nour Smooth Finish Angular Brush 2 1/2"" (63mm) gives you controlled cutting, edging and trim work with bristles designed for smooth paint flow and a clean finish. Check the current manufacturer label or technical data sheet before use. Confirm the exact item and package before ordering. Follow the current manufacturer instructions for the intended job.",Previously Described,Painting Tools & Accessories > Tools,"angled paint brush, sash brush, paint applicator, painting tool",Nour,NOUR,https://raw.githubusercontent.com/kinggoff/NewSteelesImages/main/review-images/legacy-no-000000122-smoothfinishangularbrush21263mm_painttoolsaccessories_nour.png?raw=true,Image already existed,,,,,,,,,,,,,,,975903d88a21955109d0094644a1dd9404e0115ed43feef252a8810412f49b7d,e37d60d46ad05c2c8ba7c238d8373bba27c9776474eeda42b74aaf489b1d1012
simple,"Nour Heritage Angular Brush 3"" (75mm)",123,NO-000000123,,"Nour Heritage Angular Brush 3"" (75mm) gives you controlled cutting, edging and trim work with bristles designed for smooth paint flow and a clean finish. Check the current manufacturer label or technical data sheet before use. Confirm the exact item and package before ordering. Follow the current manufacturer instructions for the intended job.",Previously Described,Painting Tools & Accessories > Tools,"angled paint brush, sash brush, paint applicator, painting tool",Nour,NOUR,https://raw.githubusercontent.com/kinggoff/NewSteelesImages/main/review-images/legacy-no-000000123-heritageangularbrush375mm_painttoolsaccessories_nour.png?raw=true,Image already existed,,,,,,,,,,,,,,,a63f172ca330758ca3bb59f2c299ef0a045f28ea70f6188962ff9538a855bcc1,d351542f7c06e1fc54e872b918209e07d9abf6ea910e98d4b3bac908070f76f3
simple,"Nour Perfect Finish Angular Brush 2"" (50mm)",124,NO-000000124,,"Nour Perfect Finish Angular Brush 2"" (50mm) gives you controlled cutting, edging and trim work with bristles designed for smooth paint flow and a clean finish. Check the current manufacturer label or technical data sheet before use. Confirm the exact item and package before ordering. Follow the current manufacturer instructions for the intended job.",Previously Described,Painting Tools & Accessories > Tools,"angled paint brush, sash brush, paint applicator, painting tool",Nour,NOUR,https://raw.githubusercontent.com/kinggoff/NewSteelesImages/main/review-images/legacy-no-000000124-perfectfinishangularbrush250mm_painttoolsaccessories_nour.png?raw=true,Image already existed,,,,,,,,,,,,,,,e02683c400069a7577f3671a774ce4d8259fa27d5039a5b39a8a1c4622afd8d4,c515e46a971e5f7b38070b453e36780df16c670eb6af6eb596828a228492fb6e
simple,"Nour Perfect Finish Angular Brush 2 1/2"" (63mm)",125,NO-000000125,,"Nour Perfect Finish Angular Brush 2 1/2"" (63mm) gives you controlled cutting, edging and trim work with bristles designed for smooth paint flow and a clean finish. Check the current manufacturer label or technical data sheet before use. Confirm the exact item and package before ordering. Follow the current manufacturer instructions for the intended job.",Previously Described,Painting Tools & Accessories > Tools,"angled paint brush, sash brush, paint applicator, painting tool",Nour,NOUR,https://raw.githubusercontent.com/kinggoff/NewSteelesImages/main/review-images/legacy-no-000000125-perfectfinishangularbrush21263mm_painttoolsaccessories_nour.png?raw=true,Image already existed,,,,,,,,,,,,,,,8801846b9a4a001ff39b9ff5f11a2fc741bdc982534a14a158ad7595f5433bef,1223d8b9dd399932a3fdb49bd6c158f26ccfa2a940009d18bb33e5584fa0ade8
simple,"All Pro Master Flex Nylon/Polyester Brush 2 1/2"" (63mm)",126,AP-000000126,,"AllPro Master Flex Nylon/Polyester Brush 2 1/2"" (63mm) helps deliver smooth, controlled paint application for trim, touch-ups and everyday finishing work. Check the current manufacturer label or technical data sheet before use. Confirm the exact item and package before ordering. Follow the current manufacturer instructions for the intended job.",Previously Described,Painting Tools & Accessories > Tools,"paint brush, paint applicator, painting tool, bristle brush",AllPro,NOUR,https://raw.githubusercontent.com/kinggoff/NewSteelesImages/main/review-images/legacy-ap-000000126-masterflexnylonpolyesterbrush21263mm_painttoolsaccessories_allpro.png?raw=true,Image already existed,,,,,,,,,,,,,,,f86f3bc48a8af350b3aecf477fbabb5a258c264159a23ce0fab6d7c72d76af3c,4fc087d418a1f6dc201fa35c994008145e79072d5f0a93662cc3ae152d5d7522
simple,"AllPro Microfiber Roller Refills 4.5"" (2 Pack)",127,AP-000000127,,"AllPro Microfiber Roller Refills 4"" (2 Pack) helps load and release paint evenly on smooth to semi-smooth surfaces, supporting faster coverage and a smoother finished look. Choose the listed size for the surface and coating, then clean or dispose of the applicator according to current product guidance.",Previously Described,Painting Tools & Accessories > Tools,"paint roller cover, paint roller refill, paint applicator, painting tool, microfiber roller cover",AllPro,NOUR,https://raw.githubusercontent.com/kinggoff/NewSteelesImages/main/review-images/legacy-ap-000000127-allpromicrofiberrollerrefills42_painttoolsaccessories_allpro.png?raw=true,Image already existed,,,,,,,,,,,,,,,df32ef75f91d04b354a83289438df494386d088370be0dc80e6fe15b0646773f,d09542a2c96b9bc2a9147c93a197ee32aa8b88470b4caf5c56274ccb9553913d
simple,"AllPro Microfiber Roller Refills 4.5"" (10 Pack)",128,AP-000000128,,"AllPro Microfiber Roller Refills 4"" (10 Pack) helps load and release paint evenly on smooth to semi-smooth surfaces, supporting faster coverage and a smoother finished look. Choose the listed size for the surface and coating, then clean or dispose of the applicator according to current product guidance.",Previously Described,Painting Tools & Accessories > Tools,"paint roller cover, paint roller refill, paint applicator, painting tool, microfiber roller cover",AllPro,NOUR,https://raw.githubusercontent.com/kinggoff/NewSteelesImages/main/review-images/legacy-ap-000000128-allpromicrofiberrollerrefills410_painttoolsaccessories_allpro.png?raw=true,Image already existed,,,,,,,,,,,,,,,29846ed54ff1d4c5b41d03c3f593e43b053c5e48732de23271c3ebcaa606f575,9c6a11d4bb242e2279b708f0496c6dff597ae77376536e15a15e4cb6b1a1a451
simple,"AllPro Microfiber Roller Refills 4"" (2 Pack)",129,AP-000000129,,"AllPro Microfiber Roller Refills 4"" (2 Pack Alt) helps load and release paint evenly on smooth to semi-smooth surfaces, supporting faster coverage and a smoother finished look. Choose the listed size for the surface and coating, then clean or dispose of the applicator according to current product guidance.",Previously Described,Painting Tools & Accessories > Tools,"paint roller cover, paint roller refill, paint applicator, painting tool, microfiber roller cover",AllPro,NOUR,https://raw.githubusercontent.com/kinggoff/NewSteelesImages/main/review-images/legacy-ap-000000129-allpromicrofiberrollerrefills42alt_painttoolsaccessories_allpro.png?raw=true,Image already existed,,,,,,,,,,,,,,,aaba658bb9f619fc08cfaf29f2ac0e156b9a3ebf9104a58048599d20b3447237,b7a8bd3862a089f5f69edbcb190e00e903131ebc52404c500fcbcddbf21df248
simple,"AllPro Microfiber Roller Refills 4"" (10 Pack)",130,AP-000000130,,"AllPro Microfiber Roller Refills 4"" (10 Pack Alt) helps load and release paint evenly on smooth to semi-smooth surfaces, supporting faster coverage and a smoother finished look. Choose the listed size for the surface and coating, then clean or dispose of the applicator according to current product guidance.",Previously Described,Painting Tools & Accessories > Tools,"paint roller cover, paint roller refill, paint applicator, painting tool, microfiber roller cover",AllPro,NOUR,https://raw.githubusercontent.com/kinggoff/NewSteelesImages/main/review-images/legacy-ap-000000130-allpromicrofiberrollerrefills410alt_painttoolsaccessories_allpro.png?raw=true,Image already existed,,,,,,,,,,,,,,,817d1bd993c8506da64b46eb33a46dc408ffee1f10a3d6224ee8cbaa83760d8b,a69825967426d53ac97b8306a534f0b802c92555ff8c6c9eddd4f01490de24f1
simple,"Nour Top-Pro Professional Roller Cover 9"" 15mm Nap",131,NO-000000131,,"Nour Top-Pro Professional Roller Cover 9"" 15mm Nap helps load and release paint evenly on rougher surfaces, supporting faster coverage and a smoother finished look. Check the current manufacturer label or technical data sheet before use. Confirm the exact item and package before ordering. Follow the current manufacturer instructions for the intended job.",Previously Described,Painting Tools & Accessories > Tools,"paint roller cover, paint roller refill, paint applicator, painting tool",Nour,NOUR,https://raw.githubusercontent.com/kinggoff/NewSteelesImages/main/review-images/legacy-no-000000131-topproprofessionalrollercover915mmnap_painttoolsaccessories_nour.png?raw=true,Image already existed,,,,,,,,,,,,,,,2d1482fa2b70382902e8e00011f00a79ef5e09f2048ee3e6a8edc227a7bd02d8,94d7e4b4b00121a875aeddabdef95850571fe8d8aa31c976ec92172a2a9cc08f
simple,"Nour Tradition Microfiber Roller Refills 9"" 10mm (3 Pack)",132,NO-000000132,,"Nour Tradition Microfiber Roller Refills 9"" 10mm (3 Pack) helps load and release paint evenly on smooth to semi-smooth surfaces, supporting faster coverage and a smoother finished look. Choose the listed size for the surface and coating, then clean or dispose of the applicator according to current product guidance.",Previously Described,Painting Tools & Accessories > Tools,"paint roller cover, paint roller refill, paint applicator, painting tool, microfiber roller cover",Nour,NOUR,https://raw.githubusercontent.com/kinggoff/NewSteelesImages/main/review-images/legacy-no-000000132-traditionmicrofiberrollerrefills910mm3_painttoolsaccessories_nour.png?raw=true,Image already existed,,,,,,,,,,,,,,,53a97372ec5ed62995008da81e8415dd5e3c65e4b6e563bec3eb85b3c4b7df24,65362fe94c34cc2bd46e29659185c94978f7bb09af4797b67f318dafc5ed22c0
simple,"Nour Tradition Microfiber Roller Refills 9"" 10mm (10 Pack)",133,NO-000000133,,"Nour Tradition Microfiber Roller Refills 9"" 10mm (10 Pack) helps load and release paint evenly on smooth to semi-smooth surfaces, supporting faster coverage and a smoother finished look. Choose the listed size for the surface and coating, then clean or dispose of the applicator according to current product guidance.",Previously Described,Painting Tools & Accessories > Tools,"paint roller cover, paint roller refill, paint applicator, painting tool, microfiber roller cover",Nour,NOUR,https://raw.githubusercontent.com/kinggoff/NewSteelesImages/main/review-images/legacy-no-000000133-traditionmicrofiberrollerrefills910mm10_painttoolsaccessories_nour.png?raw=true,Image already existed,,,,,,,,,,,,,,,86616a44ed183e5b24f5fc6f38e3d76b0b62a4a0222bdfadf75e661e67d831ce,b2833a6e6999204d5546fe49bdde5bb47a53b14fcb4fa77dbe66a57c4a4160dd
simple,"Nour Tradition Microfiber Roller Refills 9"" 15mm (3 Pack)",134,NO-000000134,,"Nour Tradition Microfiber Roller Refills 9"" 15mm (3 Pack) helps load and release paint evenly on rougher surfaces, supporting faster coverage and a smoother finished look. Choose the listed size for the surface and coating, then clean or dispose of the applicator according to current product guidance.",Previously Described,Painting Tools & Accessories > Tools,"paint roller cover, paint roller refill, paint applicator, painting tool, microfiber roller cover",Nour,NOUR,https://raw.githubusercontent.com/kinggoff/NewSteelesImages/main/review-images/legacy-no-000000134-traditionmicrofiberrollerrefills915mm3_painttoolsaccessories_nour.png?raw=true,Image already existed,,,,,,,,,,,,,,,3a279adbb15a9ea158b4276aca3a9a3ca8590c7905dbbd25978dd4930eeb084c,79d70b4fbd3c0721af39e483c9d2b9b7ff2f4fb35cd5902c01ca775fbd58335a
simple,AllPro Loop Roller Refill ,135,AP-000000135,,"AllPro Loop Roller Refill helps apply textured coatings evenly, creating a consistent textured finish on walls and ceilings while holding larger amounts of material for efficient coverage. Choose the listed size for the surface and coating, then clean or dispose of the applicator according to current product guidance.",Previously Described,Painting Tools & Accessories > Tools,"paint roller cover, paint roller refill, paint applicator, painting tool, loop roller cover, textured coating roller",AllPro,NOUR,https://raw.githubusercontent.com/kinggoff/NewSteelesImages/main/review-images/legacy-ap-000000135-allpromicrofiberrollercover918mmnap_painttoolsaccessories_allpro.png?raw=true,Image already existed,,,,,,,,,,,,,,,b6ab52b3b50db7d208559d16bfd247ee51d253563d1692d339505a9bca173c45,d566d9fb8df2bea2bd2dedc302744e4268032e528eb540f7cf582173c8fe62d3
simple,"Nour 18"" Pro Frame  ",137,NO-000000137,,"Nour 18"" Pro Frame provides a durable, professional-grade roller frame designed for use with 18"" roller covers, helping you cover large surfaces faster with smooth, consistent results. Choose the listed size for the surface and coating, then clean or dispose of the applicator according to current product guidance.",Previously Described,Painting Tools & Accessories > Tools,"paint roller frame, wide roller frame, roller handle, paint applicator",Nour,NOUR,https://raw.githubusercontent.com/kinggoff/NewSteelesImages/main/review-images/legacy-no-000000137-prorollercover918mmnapyellowcore_painttoolsaccessories_nour.png?raw=true,Image already existed,,,,,,,,,,,,,,,4b4a9cf2f438c0a09920c9ab2688c67743dfae73b77f5b1a0b71bf5ac0f8a7bc,a0584376b048de23c834b53cfcea3098e28c5ff695b48143f606190d3f164777
simple,AllPro EZ Lock Roller Frame,138,AP-000000138,,"AllPro EZ Lock Roller Frame gives you a sturdy, comfortable frame for smooth rolling and secure roller cover changes during painting projects. It is intended to give the applicator practical control over loading, placement and finish on the matching surface area. Choose the listed size for the surface and coating, then clean or dispose of the applicator according to current product guidance.",Previously Described,Painting Tools & Accessories > Tools,"paint roller frame, roller handle, paint applicator, painting tool",AllPro,NOUR,https://raw.githubusercontent.com/kinggoff/NewSteelesImages/main/review-images/legacy-ap-000000138-allproezlockrollerframe_painttoolsaccessories_allpro.png?raw=true,Image already existed,,,,,,,,,,,,,,,aefe5ed23399ebe3fc60eed7a48a93a4a8a82b104087711952c11b1d20ed9af8,10e3c539232ad5c1b86d5cdd726b7abdc8ea06e79d99783f85e945166866e828
simple,Nour Aluminum Clamp Squeegee,139,NO-000000139,,"Nour Aluminum Clamp Squeegee helps spread coatings, sealers, and epoxy evenly across floors, featuring a durable aluminum clamp frame for easy blade changes and extension pole compatibility. Review the listed format and current manufacturer instructions to confirm compatibility, safe use, cleaning and storage for the intended job.",Previously Described,Painting Tools & Accessories > Tools,"coating squeegee, floor coating applicator, rubber blade, painting tool",Nour,NOUR,https://raw.githubusercontent.com/kinggoff/NewSteelesImages/main/review-images/legacy-no-000000139-heavydutyfloorsqueegee_painttoolsaccessories_allpro.png?raw=true,Image already existed,,,,,,,,,,,,,,,e0b1ea54775ab3b7fe78318599acdb321a04326afadf6db85762f5746d3dba3d,431c1c4a22634bd5a234e6bbafce69468fa6004b865b3b6acc112e5efc6dbf4f
simple,Nour Spiked Roller ,140,NO-000000140,,"Nour Spiked Roller helps remove trapped air bubbles and improve coating leveling in epoxy and floor coating applications. Made from solvent-resistant nylon, it features attached end caps and is designed for use with the Nour Pro Frame. Available in 9.5"" and 18"" sizes. Choose the listed size for the surface and coating, then clean or dispose of the applicator according to current product guidance.",Previously Described,Painting Tools & Accessories > Tools,"spiked roller, floor coating tool, bubble-removal roller, coating applicator",Nour,NOUR,https://raw.githubusercontent.com/kinggoff/NewSteelesImages/main/review-images/legacy-no-000000140-spikedrollerhead_painttoolsaccessories_allpro.png?raw=true,Image already existed,,,,,,,,,,,,,,,b9b61e0c744500bcc0e5949ce86b6af96f799c332288acda9b07024a4a806c4e,8a450cda91beb97a17c5c5fec1718ffe2ced157ac5fd75473c1067a643b36a85
simple,"Nour 18"" Coating Squeegee with Straight Blade",141,NO-000000141,,"Nour 18"" Coating Squeegee with Straight Blade helps spread coatings, sealers, and epoxy evenly across floors, delivering consistent coverage and a smooth finish on large surface areas. Match it to the surface, work progressively, and use suitable eye, hand and respiratory protection for the material being removed.",Previously Described,Painting Tools & Accessories > Tools,"coating squeegee, floor coating applicator, rubber blade, painting tool",Nour,NOUR,https://raw.githubusercontent.com/kinggoff/NewSteelesImages/main/review-images/legacy-no-000000141-24inchclampsqueegee_painttoolsaccessories_nour.png?raw=true,Image already existed,,,,,,,,,,,,,,,83469848c01e9841486df0684ef0c83a09c60248809c79a15a33616e4b692add,c884f1d54257573f2f6f5cd7e97129cf16e643e1577f730cbc26936cde6a43db
simple,Nour EPDM Rubber Blades,142,NO-000000142,,"Nour EPDM Rubber Blades provide durable, solvent-resistant replacement blades for coating squeegees, helping ensure smooth, even application of epoxy, sealers, and floor coatings. Match it to the surface, work progressively, and use suitable eye, hand and respiratory protection for the material being removed.",Previously Described,Painting Tools & Accessories > Tools,"coating squeegee, floor coating applicator, rubber blade, painting tool",Nour,NOUR,https://raw.githubusercontent.com/kinggoff/NewSteelesImages/main/review-images/legacy-no-000000142-notchedfloorsqueegee_painttoolsaccessories_allpro.png?raw=true,Image already existed,,,,,,,,,,,,,,,3f7b1db9f21bf78053745cc03c74ee4b60249d59c9fea01f7f4e7dafcc615a04,9186c2c87f0f4c3a416c4ebce82dd732a9e9df17461037552fc2fcf175123a16
simple,Nour Spiked Gunite Shoes,143,AP-000000143,,"Nour Spiked Gunite Shoes allow you to walk on freshly applied epoxy and floor coatings with minimal surface disturbance, helping maintain a smooth, even finish during application. Review the listed format and current manufacturer instructions to confirm compatibility, safe use, cleaning and storage for the intended job.",Previously Described,Painting Tools & Accessories > Clothing & Safety,"spiked shoes, floor coating footwear, epoxy application shoes, painting tool",AllPro,NOUR,https://raw.githubusercontent.com/kinggoff/NewSteelesImages/main/review-images/legacy-ap-000000143-spikedshoes_paintergearsafety_allpro.png?raw=true,Image already existed,,,,,,,,,,,,,,,66da033eea73e2f76365f8988c49145840cf21a252049bedd45739d1026d3686,ee6253014edf26adad4fbf906572b609bc7d9143a29f03559759d638c41fa1d4
simple,"Nour 9.5"" Spiked Roller",144,NO-000000144,,"Nour 9.5"" Spiked Roller helps remove trapped air bubbles and improve coating leveling in epoxy and floor coating applications, supporting a smoother, more professional finish. Choose the listed size for the surface and coating, then clean or dispose of the applicator according to current product guidance.",Previously Described,Painting Tools & Accessories > Tools,"spiked roller, floor coating tool, bubble-removal roller, coating applicator",Nour,NOUR,https://raw.githubusercontent.com/kinggoff/NewSteelesImages/main/review-images/legacy-no-000000144-spikedrollerframe_painttoolsaccessories_nour.png?raw=true,Image already existed,,,,,,,,,,,,,,,4ee96bbe3e6af08a1ad8201cdb42c7d15a94dad88e5dbc93b74c27cc1a427599,c5b8bb0acc69c00c7ccdbed69e4fb64c70c39d52af7f18b878807572362fa075
simple,Nour Plastic Widebody Pro Tray,145,AP-000000145,,"Nour Plastic Widebody Pro Tray is a heavy-duty 4 L paint tray made from durable recycled polypropylene, designed to hold more paint for fewer refills and provide stable, efficient rolling on larger painting projects. Choose the listed size for the surface and coating, then clean or dispose of the applicator according to current product guidance.",Previously Described,Painting Tools & Accessories > Tools,"paint tray, paint container, painting accessory, paint roller tray",AllPro,NOUR,https://raw.githubusercontent.com/kinggoff/NewSteelesImages/main/review-images/legacy-ap-000000145-plasticwidebodyprotray_painttoolsaccessories_nour.png?raw=true,Image already existed,,,,,,,,,,,,,,,244086b6fcf4c022216dc8c9d3d45a37d985c9dd644bdbcb5ea8fdb5b74edb97,399a9272ddc72f3d3550ece5150257870a84fcefd206189dbc4bcd92329c9d6b
simple,Nour Deck Staining Brush 4.7 Inch,146,NO-000000146,,"Nour Deck Staining Brush 4.7 Inch helps apply stain smoothly across deck boards and exterior wood surfaces, giving you better coverage and control on larger outdoor projects. Choose the listed size for the surface and coating, then clean or dispose of the applicator according to current product guidance.",Previously Described,Painting Tools & Accessories > Tools,"deck stain brush, wide paint brush, wood finish applicator, painting tool",Nour,NOUR,https://raw.githubusercontent.com/kinggoff/NewSteelesImages/main/review-images/legacy-no-000000146-deckstainingbrush47inch_painttoolsaccessories_nour.png?raw=true,Image already existed,,,,,,,,,,,,,,,e7f3e84056f2992b5ac538aa004b8d66d7772a78771a8f1a18c00fd42d1fb79e,ce41bee2dd6a067f5fc87e4bd8dfb9ffb7d8ad27f1ea4bda3779d7e54266542f
simple,Old Masters Wiping Stain Golden Oak,147,OM-000000147,,"Old Masters Wiping Stain Golden Oak helps add rich colour to wood while enhancing the grain, making it easier to achieve a smooth, even stained finish. Colour and sheen can vary with wood species, porosity and preparation, so a representative test area is recommended. Confirm preparation, compatibility, application, coverage and recoat requirements in the current label or technical data sheet.",Previously Described,Paints > Stains & Varnishes,"wiping stain, wood stain, wood finish, solvent-based wood stain",Old Masters,OLD,https://raw.githubusercontent.com/kinggoff/NewSteelesImages/main/review-images/legacy-om-000000147-wipingstaingoldenoak378l_stains_oldmasters.png?raw=true,Image already existed,,,,,,,,,Gallon=https://raw.githubusercontent.com/kinggoff/NewSteelesImages/main/PDFs/SDS/old-masters-11201_AGHS_EN.pdf?raw=true|Quart=https://raw.githubusercontent.com/kinggoff/NewSteelesImages/main/PDFs/SDS/old-masters-11204_AGHS_EN.pdf?raw=true|Half Pint=https://raw.githubusercontent.com/kinggoff/NewSteelesImages/main/PDFs/SDS/old-masters-11216_AGHS_EN.pdf?raw=true,Wiping Stain=https://raw.githubusercontent.com/kinggoff/NewSteelesImages/main/PDFs/TDS/old-masters-OM-Wiping-Stain-Data-Sheet.pdf?raw=true,Gallon=https://raw.githubusercontent.com/kinggoff/NewSteelesImages/main/PDFs/SDS/old-masters-11201_AGHS_EN.pdf?raw=true|Quart=https://raw.githubusercontent.com/kinggoff/NewSteelesImages/main/PDFs/SDS/old-masters-11204_AGHS_EN.pdf?raw=true|Half Pint=https://raw.githubusercontent.com/kinggoff/NewSteelesImages/main/PDFs/SDS/old-masters-11216_AGHS_EN.pdf?raw=true,,Wiping Stain=https://raw.githubusercontent.com/kinggoff/NewSteelesImages/main/PDFs/TDS/old-masters-OM-Wiping-Stain-Data-Sheet.pdf?raw=true,,2f3712cef43f5f87078731c430c5307f576a91f22aa57893bb6eaa6bd14eaf5d,2d8e87f83dcb4a3dafc27e4e0afdd8b5c02bb715d3f1c97d55d745fe3cee89c2
simple,Old Masters Wood Graining Tool,148,OM-000000148,,"Old Masters Wood Graining Tool helps create realistic wood grain effects on painted or finished surfaces for decorative painting, faux finishing, and restoration projects. Review the listed format and current manufacturer instructions to confirm compatibility, safe use, cleaning and storage for the intended job.",Previously Described,Painting Tools & Accessories > Tools,"wood graining tool, decorative painting tool, texture applicator, painting tool",Old Masters,OLD,https://raw.githubusercontent.com/kinggoff/NewSteelesImages/main/review-images/legacy-om-000000148-woodgrainingtool_painttoolsaccessories_oldmasters.png?raw=true,Image already existed,,,,,,,,,,,,,,,fe9ceb7ded071b202960f521b243543ab9c56886706e7a613421b16b06810efa,abba614ad8336ba1f99dd63277d5ab270685a4442332f6312a1275d842eeee0a
simple,Old Masters Wood Conditioner,149,OM-000000149,,Old Masters Wood Conditioner helps prepare soft or porous wood for staining by promoting even absorption and reducing blotchiness for a more consistent finish. Check the current manufacturer label or technical data sheet before use. Confirm the exact item and package before ordering. Follow the current manufacturer instructions for the intended job.,Previously Described,Paints > Stains & Varnishes,"wood conditioner, pre-stain treatment, wood preparation product, wood finishing basecoat",Old Masters,OLD,https://raw.githubusercontent.com/kinggoff/NewSteelesImages/main/review-images/legacy-om-000000149-woodconditioner946ml_stains_oldmasters.png?raw=true,Image already existed,,,,,,,,,Gallon=https://raw.githubusercontent.com/kinggoff/NewSteelesImages/main/PDFs/SDS/old-masters-51101_AGHS_EN.pdf?raw=true|Quart=https://raw.githubusercontent.com/kinggoff/NewSteelesImages/main/PDFs/SDS/old-masters-51104_AGHS_EN.pdf?raw=true,Wood Conditioner=https://raw.githubusercontent.com/kinggoff/NewSteelesImages/main/PDFs/TDS/old-masters-OM-Wood-Conditioner-Data-Sheet.pdf?raw=true,Gallon=https://raw.githubusercontent.com/kinggoff/NewSteelesImages/main/PDFs/SDS/old-masters-51101_AGHS_EN.pdf?raw=true|Quart=https://raw.githubusercontent.com/kinggoff/NewSteelesImages/main/PDFs/SDS/old-masters-51104_AGHS_EN.pdf?raw=true,,Wood Conditioner=https://raw.githubusercontent.com/kinggoff/NewSteelesImages/main/PDFs/TDS/old-masters-OM-Wood-Conditioner-Data-Sheet.pdf?raw=true,,c1a9894a15e0352e18116d968294c8deaf1c6ac971d85a84b9ac588d739679f1,d0400de5d624c7feda6f646956c9059fd99a2e422f11c1d0af78b26672ae8a59
simple,Old Masters Masters Armor Interior/Exterior Finish,150,OM-000000150,,"Old Masters Masters Armor Interior/Exterior Finish provides a durable, clear protective coating that helps preserve the beauty of interior and exterior wood surfaces while resisting everyday wear. Confirm preparation, compatibility, application, coverage and recoat requirements in the current label or technical data sheet.",Previously Described,Paints > Stains & Varnishes,"clear protective finish, water-based clear coat, interior and exterior finish, wood finish",Old Masters,OLD,https://raw.githubusercontent.com/kinggoff/NewSteelesImages/main/review-images/legacy-om-000000150-mastersarmorinteriorexteriorfinish378l_stains_oldmasters.png?raw=true,Image already existed,,,,,,,,,Flat Gallon=https://raw.githubusercontent.com/kinggoff/NewSteelesImages/main/PDFs/SDS/old-masters-72001_AGHS_EN.pdf?raw=true|Satin Gallon=https://raw.githubusercontent.com/kinggoff/NewSteelesImages/main/PDFs/SDS/old-masters-72101_AGHS_EN.pdf?raw=true|Semi-Gloss Gallon=https://raw.githubusercontent.com/kinggoff/NewSteelesImages/main/PDFs/SDS/old-masters-72201_AGHS_EN.pdf?raw=true|Gloss Gallon=https://raw.githubusercontent.com/kinggoff/NewSteelesImages/main/PDFs/SDS/old-masters-72301_AGHS_EN.pdf?raw=true,Masters Armor=https://raw.githubusercontent.com/kinggoff/NewSteelesImages/main/PDFs/TDS/old-masters-OM-Masters-Armor-Data-Sheet.pdf?raw=true,Flat Gallon=https://raw.githubusercontent.com/kinggoff/NewSteelesImages/main/PDFs/SDS/old-masters-72001_AGHS_EN.pdf?raw=true|Satin Gallon=https://raw.githubusercontent.com/kinggoff/NewSteelesImages/main/PDFs/SDS/old-masters-72101_AGHS_EN.pdf?raw=true|Semi-Gloss Gallon=https://raw.githubusercontent.com/kinggoff/NewSteelesImages/main/PDFs/SDS/old-masters-72201_AGHS_EN.pdf?raw=true|Gloss Gallon=https://raw.githubusercontent.com/kinggoff/NewSteelesImages/main/PDFs/SDS/old-masters-72301_AGHS_EN.pdf?raw=true,,Masters Armor=https://raw.githubusercontent.com/kinggoff/NewSteelesImages/main/PDFs/TDS/old-masters-OM-Masters-Armor-Data-Sheet.pdf?raw=true,,05ddccced68cdb0549915a1575af0e9f798b4a0dc777ef9b6c044f7e22055c26,07a69fc689a7250fa0882d1a9ea5b26c1cf5e4fff67673e9173ca324f68a5a54
simple,Old Masters Water-Based Wood Stain Natural,151,OM-000000151,,"Old Masters Water-Based Wood Stain Natural helps enhance the natural beauty of wood with rich colour, fast drying performance, and a smooth, even finish. Colour and sheen can vary with wood species, porosity and preparation, so a representative test area is recommended. Confirm preparation, compatibility, application, coverage and recoat requirements in the current label or technical data sheet.",Previously Described,Paints > Stains & Varnishes,"water-based wood stain, wood stain, interior wood finish, water-based finish",Old Masters,OLD,https://raw.githubusercontent.com/kinggoff/NewSteelesImages/main/review-images/legacy-om-000000151-waterbasedwoodstainnatural378l_stains_oldmasters.png?raw=true,Image already existed,,,,,,,,,Natural Gallon=https://raw.githubusercontent.com/kinggoff/NewSteelesImages/main/PDFs/SDS/old-masters-76101_AGHS_EN.pdf?raw=true|Natural Quart=https://raw.githubusercontent.com/kinggoff/NewSteelesImages/main/PDFs/SDS/old-masters-76104_AGHS_EN.pdf?raw=true,Water-Based Wood Stain=https://raw.githubusercontent.com/kinggoff/NewSteelesImages/main/PDFs/TDS/old-masters-OM-Water-Based-Stain-Data-Sheet.pdf?raw=true,Natural Gallon=https://raw.githubusercontent.com/kinggoff/NewSteelesImages/main/PDFs/SDS/old-masters-76101_AGHS_EN.pdf?raw=true|Natural Quart=https://raw.githubusercontent.com/kinggoff/NewSteelesImages/main/PDFs/SDS/old-masters-76104_AGHS_EN.pdf?raw=true,,Water-Based Wood Stain=https://raw.githubusercontent.com/kinggoff/NewSteelesImages/main/PDFs/TDS/old-masters-OM-Water-Based-Stain-Data-Sheet.pdf?raw=true,,22dd861b9d2b93f8f348978fe224347aba75ae719ff9dc570e185d3158ca521f,29c78c51b2d69b3706a8901f65fe6dc5a08fbf1a87594a0c67b7f74970f1d699
simple,Old Masters Gel Stain Natural,152,OM-000000152,,"Old Masters Gel Stain Natural delivers rich colour with controlled application, making it ideal for vertical surfaces and achieving an even, professional-looking wood finish. Confirm preparation, compatibility, application, coverage and recoat requirements in the current label or technical data sheet.",Previously Described,Paints > Stains & Varnishes,"gel stain, wood stain, thick-bodied stain, wood finish",Old Masters,OLD,https://raw.githubusercontent.com/kinggoff/NewSteelesImages/main/review-images/legacy-om-000000152-gelstainnatural946ml_stains_oldmasters.png?raw=true,Image already existed,,,,,,,,,Natural Quart=https://raw.githubusercontent.com/kinggoff/NewSteelesImages/main/PDFs/SDS/old-masters-80104_AGHS_EN.pdf?raw=true,Gel Stain=https://raw.githubusercontent.com/kinggoff/NewSteelesImages/main/PDFs/TDS/old-masters-OM-Gel-Stain-Data-Sheet.pdf?raw=true,Natural Quart=https://raw.githubusercontent.com/kinggoff/NewSteelesImages/main/PDFs/SDS/old-masters-80104_AGHS_EN.pdf?raw=true,,Gel Stain=https://raw.githubusercontent.com/kinggoff/NewSteelesImages/main/PDFs/TDS/old-masters-OM-Gel-Stain-Data-Sheet.pdf?raw=true,,82c09e3c2f45b2593baadf4b70e3d3608a6059fb46bdd4a42c26bdc192f96c3e,9ec374059db08c70fd9bf9314d32226ff9b66d9502853c5b6a1fb2ebece50ba7
simple,Wooster Pelican Hand-Held Paint Pail,153,WO-000000153,,"Wooster Pelican Hand-Held Paint Pail keeps paint close at hand for brush and mini-roller work, making cutting in, touch-ups and small projects easier to manage. Review the listed format and current manufacturer instructions to confirm compatibility, safe use, cleaning and storage for the intended job.",Previously Described,Painting Tools & Accessories > Tools,"paint pail, paint container, mixing container, painting accessory",Wooster,WOOSTER,https://raw.githubusercontent.com/kinggoff/NewSteelesImages/main/review-images/legacy-wo-000000153-pelicanhandheldpaintpail_painttoolsaccessories_wooster.png?raw=true,Image already existed,,,,,,,,,,,,,,,ab75b556d019310ff51f9dd7c9acac7f3f42a7a327a66f5e1ef6a9c01c044828,537741c9f28213f35c324f0a76f575fea0e3d1e63e57ace0debfcad135811efd
simple,Wooster Pelican Liner (3 Pack),154,WO-000000154,,"Wooster Pelican Liner 3-Pack make cleanup faster by fitting Wooster Pelican pails, helping keep your pail ready for the next coat or colour. Check the current manufacturer label or technical data sheet before use. Confirm the exact item and package before ordering. Follow the current manufacturer instructions for the intended job.",Previously Described,Painting Tools & Accessories > Tools,"paint pail liner, disposable pail liner, paint container accessory, painting accessory",Wooster,WOOSTER,https://raw.githubusercontent.com/kinggoff/NewSteelesImages/main/review-images/legacy-wo-000000154-pelicanliner3_painttoolsaccessories_wooster.png?raw=true,Image already existed,,,,,,,,,,,,,,,00aedc0d32fd2c249060e4b4235458c3dd337a8c85e27f92bd9e978ce435a43a,f5008a1a61c969b96dbca01246f9957a95e7af55950df73744168f3b8979fcb0
simple,Wooster Sherlock Mini Pro Jumbo-Koter Roller Frame,155,WO-000000155,,"Wooster Sherlock Mini Pro Jumbo-Koter Roller Frame features a comfortable 12-inch handle and a durable frame that provides smooth, controlled paint application on trim, doors, cabinets, and other detailed surfaces. Choose the listed size for the surface and coating, then clean or dispose of the applicator according to current product guidance.",Previously Described,Painting Tools & Accessories > Tools,"paint roller frame, roller handle, paint applicator, painting tool",Wooster,MUM01,https://raw.githubusercontent.com/kinggoff/NewSteelesImages/main/review-images/legacy-wo-000000155-sherlockminiprorollerframe_painttoolsaccessories_wooster.png?raw=true,Image already existed,,,,,,,,,,,,,,,d246e517a24bba278eb0abaaf715c32404494d8ff9b2ada92a9fc8a7ae153b8a,1e90057f2c9e86d6e81597fb616b2be05ae977e129e8de9e938a5735b16797ab
simple,Wooster Sherlock Extension Pole 2–4 ft,156,WO-000000156,,"Wooster Sherlock Extension Pole 2–4 ft extends your reach for walls, ceilings and higher surfaces while maintaining a secure connection to compatible Wooster tools. Check the current manufacturer label or technical data sheet before use. Confirm the exact item and package before ordering. Follow the current manufacturer instructions for the intended job.",Previously Described,Painting Tools & Accessories > Tools,"paint roller extension pole, telescoping pole, paint applicator accessory, painting tool",Wooster,WOOSTER,https://raw.githubusercontent.com/kinggoff/NewSteelesImages/main/review-images/legacy-wo-000000156-sherlockextensionpole24ft_painttoolsaccessories_wooster.png?raw=true,Image already existed,,,,,,,,,,,,,,,5e777305ebf79d03d569fd4a9486f296a0a57d3620ac1cdfeb6294d73cefa533,b6d8058eb328b1e1b7c4e29ff0affcdfdc504b24584bbe65cf4ab0c2b348c410
simple,Wooster Sherlock Extension Pole 1–2 ft,157,WO-000000157,,"Wooster Sherlock Extension Pole 1–2 ft extends your reach for walls, ceilings and higher surfaces while maintaining a secure connection to compatible Wooster tools. Check the current manufacturer label or technical data sheet before use. Confirm the exact item and package before ordering. Follow the current manufacturer instructions for the intended job.",Previously Described,Painting Tools & Accessories > Tools,"paint roller extension pole, telescoping pole, paint applicator accessory, painting tool",Wooster,WOOSTER,https://raw.githubusercontent.com/kinggoff/NewSteelesImages/main/review-images/legacy-wo-000000157-sherlockextensionpole12ft_painttoolsaccessories_wooster.png?raw=true,Image already existed,,,,,,,,,,,,,,,5b3a9fc64900afcbb9d5113d74e24607454922ac7c94ac85368b4884280c85d4,a5ee1daa860bb5204d2676c10f3c7b954c32c2bf6d2860ad5af137c692d51ef6
simple,"Wooster Sherlock 14"" Roller Frame",158,WO-000000158,,"Wooster Sherlock 14"" Roller Frame provides a durable, lightweight frame with a secure roller connection for smooth, even paint application on large walls, ceilings, and other expansive surfaces. Choose the listed size for the surface and coating, then clean or dispose of the applicator according to current product guidance.",Previously Described,Painting Tools & Accessories > Tools,"paint roller frame, roller handle, paint applicator, painting tool",Wooster,WOOSTER,https://raw.githubusercontent.com/kinggoff/NewSteelesImages/main/review-images/legacy-wo-000000158-sherlockrollerframe_painttoolsaccessories_wooster.png?raw=true,Image already existed,,,,,,,,,,,,,,,0bd0d2aa7dbe41ef6d8b67db52efcebf110a4de7142874121f7bdc25919b953b,9e9773f9aa9fcddd4ea0970a383e2cacdddebf594150827c8c0aed69f059fb58
simple,Wooster Sherlock Maintenance Kit,159,WO-000000159,,Wooster Sherlock Maintenance Kit includes replacement parts to help keep compatible Wooster Sherlock poles working smoothly over time. Check the current manufacturer label or technical data sheet before use. Confirm the exact item and package before ordering. Follow the current manufacturer instructions for the intended job.,Previously Described,Painting Tools & Accessories > Tools,"extension pole maintenance kit, roller pole repair kit, painting tool accessory, replacement hardware",Wooster,WOOSTER,https://raw.githubusercontent.com/kinggoff/NewSteelesImages/main/review-images/legacy-wo-000000159-sherlockmaintenance_painttoolsaccessories_wooster.png?raw=true,Image already existed,,,,,,,,,,,,,,,a49fcc75696fcd84e9387d0300dfd85fa301550b8ef09f82473d3a26edc9fab5,fc8da0df2d8f9ffbef07af7a6bc092f5ad39d19fb1778f17b800803067394128
simple,"Wooster Sherlock 14"" Bucket-Tray",160,WO-000000160,,"Wooster Sherlock 14"" Bucket-Tray combines the convenience of a paint tray with the capacity of a bucket, featuring a built-in roll-off grid and sturdy side handles for efficient paint loading and easy carrying. Choose the listed size for the surface and coating, then clean or dispose of the applicator according to current product guidance.",Previously Described,Painting Tools & Accessories > Tools,"paint tray, paint container, painting accessory, paint roller tray",Wooster,WOOSTER,https://raw.githubusercontent.com/kinggoff/NewSteelesImages/main/review-images/legacy-wo-000000160-14inchbuckettrayalt3_painttoolsaccessories_wooster.png?raw=true,Image already existed,,,,,,,,,,,,,,,8e0a6775109748e4046dc28906def87fbc2cd44307dea4dd2cd6b7a2a99bca32,b41d739ad41b7b4f40cff060d7e17c52169b51bbd593bdf04fcc69efceafcc0a
simple,"Wooster Big Ben 18"" Roller Tray",164,WO-000000164,,"Wooster Big Ben 18"" Roller Tray features an extra-large roll-off area designed for 18-inch roller frames, providing efficient paint loading and smooth application on large painting projects. Choose the listed size for the surface and coating, then clean or dispose of the applicator according to current product guidance.",Previously Described,Painting Tools & Accessories > Tools,"paint roller tray, wide paint tray, paint container, painting accessory",Wooster,WOOSTER,https://raw.githubusercontent.com/kinggoff/NewSteelesImages/main/review-images/legacy-wo-000000164-bigbenpainttray_painttoolsaccessories_wooster.png?raw=true,Image already existed,,,,,,,,,,,,,,,972e173e44129940e8c15abffe849d6534aa454ef2599b2e69ff350bf754e3ab,c301b41a23e09e2884aec2e3c02a9c8129e37df0d6f6d0ab87062817fec61fbf
simple,Wooster Sherlock Bucket-Tray Liner,165,WO-000000165,,"Wooster Sherlock Bucket-Tray Liner provides a solvent-resistant, disposable liner that fits Sherlock Bucket-Trays, making paint cleanup faster while helping keep trays clean during painting projects. Choose the listed size for the surface and coating, then clean or dispose of the applicator according to current product guidance.",Previously Described,Painting Tools & Accessories > Tools,"paint tray, paint container, painting accessory, paint tray liner",Wooster,WOOSTER,https://raw.githubusercontent.com/kinggoff/NewSteelesImages/main/review-images/legacy-wo-000000165-14inchbuckettray_painttoolsaccessories_wooster.png?raw=true,Image already existed,,,,,,,,,,,,,,,80580c956401c706ee48078d7eb0d60e9a18c7587505aeb5eaf60214de86c9b3,29519361600374372e210238ad3c4ecb466dcb390e0699af0678495fcc9b932c
simple,Zinsser Odorless Oil-Based Stain Blocker Spray,166,ZI-000000166,,"Zinsser Odorless Oil-Based Stain Blocker Spray helps seal surfaces, block stains and improve topcoat adhesion so paint finishes look smoother and last longer. Check the current manufacturer label or technical data sheet before use. Confirm the exact item and package before ordering. Follow the current manufacturer instructions for the intended job.",Previously Described,Paints > Aerosols,"spray primer, aerosol primer, primer, surface preparation coating, stain-blocking primer, odour-blocking primer, primer sealer",Zinsser,FLE01-S,https://raw.githubusercontent.com/kinggoff/NewSteelesImages/main/review-images/legacy-zi-000000166-zinsserodorlessoilbasedstainblockerspray_primer_zinsser.png?raw=true,Image already existed,,,,,,,,,369 g Aerosol=https://raw.githubusercontent.com/kinggoff/NewSteelesImages/main/PDFs/SDS/zinsser-254168.pdf?raw=true,13 oz Aerosol=https://raw.githubusercontent.com/kinggoff/NewSteelesImages/main/PDFs/TDS/zinsser-OLS-02_Odorless_Primer_Sealer_Stain_Blocker_TDS.ashx.pdf?raw=true,369 g Aerosol=https://raw.githubusercontent.com/kinggoff/NewSteelesImages/main/PDFs/SDS/zinsser-254168.pdf?raw=true,,13 oz Aerosol=https://raw.githubusercontent.com/kinggoff/NewSteelesImages/main/PDFs/TDS/zinsser-OLS-02_Odorless_Primer_Sealer_Stain_Blocker_TDS.ashx.pdf?raw=true,,534ee87974cda9db4ec69738adb404a85ead2b506595daed77387c58fc37af77,0acd26d6dc1568733c8e5f579841e81e3793b104f9760947290dea7c4c6cbb13
simple,Zinsser Cover Stain Oil-Based Primer-Sealer,167,ZI-000000167,,"Zinsser Cover Stain Oil-Based Primer-Sealer blocks stains and seals interior or exterior surfaces, helping improve adhesion and coverage before the finish coat. Check the current manufacturer label or technical data sheet before use. Confirm the exact item and package before ordering. Follow the current manufacturer instructions for the intended job.",Previously Described,Paints > Primers,"primer, primer sealer, surface preparation coating, basecoat",Zinsser,FLE01-S,https://raw.githubusercontent.com/kinggoff/NewSteelesImages/main/review-images/legacy-zi-000000167-zinssercoverstainoilbasedprimersealer_primer_zinsser.png?raw=true,Image already existed,,,,,,,,,946 mL=https://raw.githubusercontent.com/kinggoff/NewSteelesImages/main/PDFs/SDS/zinsser-256185.pdf?raw=true|3.7 L=https://raw.githubusercontent.com/kinggoff/NewSteelesImages/main/PDFs/SDS/zinsser-256184.pdf?raw=true|18.9 L=https://raw.githubusercontent.com/kinggoff/NewSteelesImages/main/PDFs/SDS/zinsser-256188.pdf?raw=true,Cover Stain=https://raw.githubusercontent.com/kinggoff/NewSteelesImages/main/PDFs/TDS/zinsser-CVS-13-Zinsser-Cover-Stain-TDS-EN-24.pdf?raw=true,946 mL=https://raw.githubusercontent.com/kinggoff/NewSteelesImages/main/PDFs/SDS/zinsser-256185.pdf?raw=true|3.7 L=https://raw.githubusercontent.com/kinggoff/NewSteelesImages/main/PDFs/SDS/zinsser-256184.pdf?raw=true|18.9 L=https://raw.githubusercontent.com/kinggoff/NewSteelesImages/main/PDFs/SDS/zinsser-256188.pdf?raw=true,,Cover Stain=https://raw.githubusercontent.com/kinggoff/NewSteelesImages/main/PDFs/TDS/zinsser-CVS-13-Zinsser-Cover-Stain-TDS-EN-24.pdf?raw=true,,bb50dacfe3390dde770dc02918785323e02314b5d521c107a31dee753fa9edb7,abfaf9a1fdcbffcc6b9f41087bbb5b83d26ec3568d9cc18b95e9dfe24e7adcef
simple,Zinsser Cover Stain Spray Primer,168,ZI-000000168,,"Zinsser Cover Stain Spray Primer blocks stains and seals interior or exterior surfaces, helping improve adhesion and coverage before the finish coat. Check the current manufacturer label or technical data sheet before use. Confirm the exact item and package before ordering. Follow the current manufacturer instructions for the intended job.",Previously Described,Paints > Aerosols,"spray primer, aerosol primer, primer, surface preparation coating, primer sealer, basecoat",Zinsser,FLE01-S,https://raw.githubusercontent.com/kinggoff/NewSteelesImages/main/review-images/legacy-zi-000000168-zinssercoverstainsprayprimer_primer_zinsser.png?raw=true,Image already existed,,,,,,,,,369 g Aerosol=https://raw.githubusercontent.com/kinggoff/NewSteelesImages/main/PDFs/SDS/zinsser-Z03618.pdf?raw=true,Cover Stain Aerosol=https://raw.githubusercontent.com/kinggoff/NewSteelesImages/main/PDFs/TDS/zinsser-CVS-09_Cover_Stain_Oil-Base_Primer_Spray_TDS_1.ashx.pdf?raw=true,369 g Aerosol=https://raw.githubusercontent.com/kinggoff/NewSteelesImages/main/PDFs/SDS/zinsser-Z03618.pdf?raw=true,,Cover Stain Aerosol=https://raw.githubusercontent.com/kinggoff/NewSteelesImages/main/PDFs/TDS/zinsser-CVS-09_Cover_Stain_Oil-Base_Primer_Spray_TDS_1.ashx.pdf?raw=true,,4ad382b754b988b7aabf13a64a011f38def134726a36a828d1e2b14128b5e492,fb5bc15693eb63922bd14c8344293f83972814b011afa651cb55921243d3bedd
simple,Zinsser B-I-N Shellac-Based Primer,169,ZI-000000169,,"Zinsser B-I-N Shellac-Based Primer works as a fast-drying wood finish and sealer, helping create a warm, protective base for fine finishing projects. Check the current manufacturer label or technical data sheet before use. Confirm the exact item and package before ordering. Follow the current manufacturer instructions for the intended job.",Previously Described,Paints > Primers,"shellac primer, stain-blocking primer, primer sealer, interior primer, primer, surface preparation coating, basecoat",Zinsser,FLE01-S,https://raw.githubusercontent.com/kinggoff/NewSteelesImages/main/review-images/legacy-zi-000000169-zinsserbinshellacbasedprimer_primer_zinsser.png?raw=true,Image already existed,,,,,,,,,473 mL=https://raw.githubusercontent.com/kinggoff/NewSteelesImages/main/PDFs/SDS/zinsser-Z00918.pdf?raw=true|946 mL=https://raw.githubusercontent.com/kinggoff/NewSteelesImages/main/PDFs/SDS/zinsser-Z00914.pdf?raw=true|3.7 L=https://raw.githubusercontent.com/kinggoff/NewSteelesImages/main/PDFs/SDS/zinsser-Z00911.pdf?raw=true|18.9 L=https://raw.githubusercontent.com/kinggoff/NewSteelesImages/main/PDFs/SDS/zinsser-Z00910.pdf?raw=true,B-I-N Liquid=https://raw.githubusercontent.com/kinggoff/NewSteelesImages/main/PDFs/TDS/zinsser-BIN-03-Zinsser-B-I-N-Shellac-Base-Primer-TDS-EN-24.pdf?raw=true,473 mL=https://raw.githubusercontent.com/kinggoff/NewSteelesImages/main/PDFs/SDS/zinsser-Z00918.pdf?raw=true|946 mL=https://raw.githubusercontent.com/kinggoff/NewSteelesImages/main/PDFs/SDS/zinsser-Z00914.pdf?raw=true|3.7 L=https://raw.githubusercontent.com/kinggoff/NewSteelesImages/main/PDFs/SDS/zinsser-Z00911.pdf?raw=true|18.9 L=https://raw.githubusercontent.com/kinggoff/NewSteelesImages/main/PDFs/SDS/zinsser-Z00910.pdf?raw=true,,B-I-N Liquid=https://raw.githubusercontent.com/kinggoff/NewSteelesImages/main/PDFs/TDS/zinsser-BIN-03-Zinsser-B-I-N-Shellac-Base-Primer-TDS-EN-24.pdf?raw=true,,2b93b9a1d53bed57974ea1f2528f24af2e69153ddc718d16cdb25bfff992ec7f,c8151949286fbdbc0a69219d931986b9af5acc70bc9951349ec905050e7b9c88
simple,Zinsser B-I-N Shellac Spray Primer,170,ZI-000000170,,"Zinsser B-I-N Shellac Spray Primer works as a fast-drying wood finish and sealer, helping create a warm, protective base for fine finishing projects. Check the current manufacturer label or technical data sheet before use. Confirm the exact item and package before ordering. Follow the current manufacturer instructions for the intended job.",Previously Described,Paints > Aerosols,"spray primer, aerosol primer, primer, surface preparation coating, shellac primer, stain-blocking primer, primer sealer, interior primer",Zinsser,FLE01-S,https://raw.githubusercontent.com/kinggoff/NewSteelesImages/main/review-images/legacy-zi-000000170-zinsserbinshellacsprayprimer_primer_zinsser.png?raw=true,Image already existed,,,,,,,,,369 g Aerosol=https://raw.githubusercontent.com/kinggoff/NewSteelesImages/main/PDFs/SDS/zinsser-Z01018.pdf?raw=true,B-I-N Aerosol=https://raw.githubusercontent.com/kinggoff/NewSteelesImages/main/PDFs/TDS/zinsser-BIN-03-Zinsser-B-I-N-Shellac-Base-Primer-TDS-EN-24.pdf?raw=true,369 g Aerosol=https://raw.githubusercontent.com/kinggoff/NewSteelesImages/main/PDFs/SDS/zinsser-Z01018.pdf?raw=true,,B-I-N Aerosol=https://raw.githubusercontent.com/kinggoff/NewSteelesImages/main/PDFs/TDS/zinsser-BIN-03-Zinsser-B-I-N-Shellac-Base-Primer-TDS-EN-24.pdf?raw=true,,509b8b724018ef7b876c7eccde75d27be4c330e01ebf0678f135eda89bf907dd,12b29f137ec2355806db9b2f5418319c358c6cbec0df2ebae19a3c54dabc85d3
simple,Zinsser Bulls Eye 1-2-3 Water-Based Primer,171,ZI-000000171,,"Zinsser Bulls Eye 1-2-3 Water-Based Primer helps seal surfaces, block stains and improve topcoat adhesion so paint finishes look smoother and last longer. Check the current manufacturer label or technical data sheet before use. Confirm the exact item and package before ordering. Follow the current manufacturer instructions for the intended job.",Previously Described,Paints > Primers,"primer, primer sealer, surface preparation coating, basecoat",Zinsser,FLE01-S,https://raw.githubusercontent.com/kinggoff/NewSteelesImages/main/review-images/legacy-zi-000000171-zinsserbullseye123waterbasedprimer_primer_zinsser.png?raw=true,Image already existed,,,,,,,,,946 mL White=https://raw.githubusercontent.com/kinggoff/NewSteelesImages/main/PDFs/SDS/zinsser-Z02014.pdf?raw=true|3.78 L White=https://raw.githubusercontent.com/kinggoff/NewSteelesImages/main/PDFs/SDS/zinsser-Z02012.pdf?raw=true|18.9 L White=https://raw.githubusercontent.com/kinggoff/NewSteelesImages/main/PDFs/SDS/zinsser-Z02010.pdf?raw=true,Bulls Eye 1-2-3 White Liquid=https://raw.githubusercontent.com/kinggoff/NewSteelesImages/main/PDFs/TDS/zinsser-BEY123-01-Zinsser-Bulls-Eye-1-2-3-Water-based-Primer-TDS-EN-21.pdf?raw=true,946 mL White=https://raw.githubusercontent.com/kinggoff/NewSteelesImages/main/PDFs/SDS/zinsser-Z02014.pdf?raw=true|3.78 L White=https://raw.githubusercontent.com/kinggoff/NewSteelesImages/main/PDFs/SDS/zinsser-Z02012.pdf?raw=true|18.9 L White=https://raw.githubusercontent.com/kinggoff/NewSteelesImages/main/PDFs/SDS/zinsser-Z02010.pdf?raw=true,,Bulls Eye 1-2-3 White Liquid=https://raw.githubusercontent.com/kinggoff/NewSteelesImages/main/PDFs/TDS/zinsser-BEY123-01-Zinsser-Bulls-Eye-1-2-3-Water-based-Primer-TDS-EN-21.pdf?raw=true,,63e9f68997c00870f4bce6a39bf8a42e9fd5c2dff299bb30b382b0e67004dfc8,2c2794aaaa47ec0b31e158063e0a2577d5978f473b7e1882316b24fd4aa1c336
simple,Tremclad Rust Paint Gloss Grey Spray,172,TR-000000172,,"Tremclad Rust Paint Gloss Grey Spray protects metal from rust while adding a durable finish, making it a strong choice for railings, tools, equipment and exterior metal surfaces. Confirm preparation, compatibility, application, coverage and recoat requirements in the current label or technical data sheet.",Previously Described,Paints > Aerosols,"rust-preventive paint, metal paint, protective enamel, anti-corrosion coating",Tremclad,FLE01-S,https://raw.githubusercontent.com/kinggoff/NewSteelesImages/main/review-images/legacy-tr-000000172-tremcladrustpaintglossgreyspray_specialtypaint_tremclad.png?raw=true,Image already existed,,,,,,,,,340 g Aerosol Gloss Grey=https://raw.githubusercontent.com/kinggoff/NewSteelesImages/main/PDFs/SDS/tremclad-27028B522.pdf?raw=true,Tremclad Rust Paint Aerosol=https://raw.githubusercontent.com/kinggoff/NewSteelesImages/main/PDFs/TDS/tremclad-TRM-02-Tremclad-Rust-Paint-Aerosol-TDS-Canada.pdf?raw=true,340 g Aerosol Gloss Grey=https://raw.githubusercontent.com/kinggoff/NewSteelesImages/main/PDFs/SDS/tremclad-27028B522.pdf?raw=true,,Tremclad Rust Paint Aerosol=https://raw.githubusercontent.com/kinggoff/NewSteelesImages/main/PDFs/TDS/tremclad-TRM-02-Tremclad-Rust-Paint-Aerosol-TDS-Canada.pdf?raw=true,,d8e761418c857188c9967b1038c87bf50dab2cf0203994dccd5e412c1b0d8692,209f3a149ca5b55715a368e36873d694753039c2198cc81f1e83f30eb460791a
simple,Tremclad High Heat Enamel Flat Black,173,TR-000000173,,"Tremclad High Heat Enamel Flat Black protects high-temperature metal surfaces with a durable flat finish suited for items like BBQs, stoves and heat-exposed equipment. Check the current manufacturer label or technical data sheet before use. Confirm the exact item and package before ordering. Follow the current manufacturer instructions for the intended job.",Previously Described,Paints > Specialty Paints,"heat-resistant paint, high-temperature coating, metal paint, protective coating",Tremclad,FLE01-S,https://raw.githubusercontent.com/kinggoff/NewSteelesImages/main/review-images/legacy-tr-000000173-tremcladhighheatenamelflatblack_specialtypaint_tremclad.png?raw=true,Image already existed,,,,,,,,,237 mL Flat Black=https://raw.githubusercontent.com/kinggoff/NewSteelesImages/main/PDFs/SDS/tremclad-29300125.pdf?raw=true|946 mL Flat Black=https://raw.githubusercontent.com/kinggoff/NewSteelesImages/main/PDFs/SDS/tremclad-254898.pdf?raw=true|340 g Aerosol Flat Black=https://raw.githubusercontent.com/kinggoff/NewSteelesImages/main/PDFs/SDS/tremclad-29300522.pdf?raw=true,,237 mL Flat Black=https://raw.githubusercontent.com/kinggoff/NewSteelesImages/main/PDFs/SDS/tremclad-29300125.pdf?raw=true|946 mL Flat Black=https://raw.githubusercontent.com/kinggoff/NewSteelesImages/main/PDFs/SDS/tremclad-254898.pdf?raw=true|340 g Aerosol Flat Black=https://raw.githubusercontent.com/kinggoff/NewSteelesImages/main/PDFs/SDS/tremclad-29300522.pdf?raw=true,,,,208f2e01237859a15a31c3654484496e41700b5deaaf3c0a3ab2d1cb2da2f716,72e09d5b63080f53476b654276bcb29682754402975611a6461feec0e50ccd57
simple,Tremclad Rust Paint Gloss Yellow,174,TR-000000174,,"Tremclad Rust Paint Gloss Yellow protects metal from rust while adding a durable finish, making it a strong choice for railings, tools, equipment and exterior metal surfaces. Confirm preparation, compatibility, application, coverage and recoat requirements in the current label or technical data sheet.",Previously Described,Paints > Specialty Paints,"rust-preventive paint, metal paint, protective enamel, anti-corrosion coating",Tremclad,FLE01-S,https://raw.githubusercontent.com/kinggoff/NewSteelesImages/main/review-images/legacy-tr-000000174-tremcladrustpaintglossyellow_specialtypaint_tremclad.png?raw=true,Image already existed,,,,,,,,,237 mL Gloss Yellow=https://raw.githubusercontent.com/kinggoff/NewSteelesImages/main/PDFs/SDS/tremclad-27097X125.pdf?raw=true|946 mL Gloss Yellow=https://raw.githubusercontent.com/kinggoff/NewSteelesImages/main/PDFs/SDS/tremclad-254922.pdf?raw=true|3.78 L Gloss Yellow=https://raw.githubusercontent.com/kinggoff/NewSteelesImages/main/PDFs/SDS/tremclad-27097X155.pdf?raw=true,,237 mL Gloss Yellow=https://raw.githubusercontent.com/kinggoff/NewSteelesImages/main/PDFs/SDS/tremclad-27097X125.pdf?raw=true|946 mL Gloss Yellow=https://raw.githubusercontent.com/kinggoff/NewSteelesImages/main/PDFs/SDS/tremclad-254922.pdf?raw=true|3.78 L Gloss Yellow=https://raw.githubusercontent.com/kinggoff/NewSteelesImages/main/PDFs/SDS/tremclad-27097X155.pdf?raw=true,,,,564e23168dcf272443fa35856d33aa42ba5305d92fa942521544a9717bdbeef4,2d92288c6c7deb4b0afc6faef42f95c073c98f70613cf46de8d1a0c6685d6ce5
simple,Tremclad Rust Paint Semi-Gloss White,175,TR-000000175,,"Tremclad Rust Paint Semi-Gloss White protects metal from rust while adding a durable finish, making it a strong choice for railings, tools, equipment and exterior metal surfaces. Confirm preparation, compatibility, application, coverage and recoat requirements in the current label or technical data sheet.",Previously Described,Paints > Specialty Paints,"rust-preventive paint, metal paint, protective enamel, anti-corrosion coating",Tremclad,FLE01-S,https://raw.githubusercontent.com/kinggoff/NewSteelesImages/main/review-images/legacy-tr-000000175-tremcladrustpaintsemiglosswhite_specialtypaint_tremclad.png?raw=true,Image already existed,,,,,,,,,237 mL Semi-Gloss White=https://raw.githubusercontent.com/kinggoff/NewSteelesImages/main/PDFs/SDS/tremclad-270S25X125.pdf?raw=true|946 mL Semi-Gloss White=https://raw.githubusercontent.com/kinggoff/NewSteelesImages/main/PDFs/SDS/tremclad-254933.pdf?raw=true|3.78 L Semi-Gloss White=https://raw.githubusercontent.com/kinggoff/NewSteelesImages/main/PDFs/SDS/tremclad-270S25X155.pdf?raw=true,,237 mL Semi-Gloss White=https://raw.githubusercontent.com/kinggoff/NewSteelesImages/main/PDFs/SDS/tremclad-270S25X125.pdf?raw=true|946 mL Semi-Gloss White=https://raw.githubusercontent.com/kinggoff/NewSteelesImages/main/PDFs/SDS/tremclad-254933.pdf?raw=true|3.78 L Semi-Gloss White=https://raw.githubusercontent.com/kinggoff/NewSteelesImages/main/PDFs/SDS/tremclad-270S25X155.pdf?raw=true,,,,67400cd2a5075fb79b6fb473b2276ba59e71748bbea6ecc0a9a640e4bc6e3880,7dd1491e7ba6378071cc2d1dfd9ebd5c21a2b74c08f06e30c8af12e0da7a9a2e
simple,Tremclad Rust Paint Flat White,176,TR-000000176,,"Tremclad Rust Paint Flat White protects metal from rust while adding a durable finish, making it a strong choice for railings, tools, equipment and exterior metal surfaces. Confirm preparation, compatibility, application, coverage and recoat requirements in the current label or technical data sheet.",Previously Described,Paints > Specialty Paints,"rust-preventive paint, metal paint, protective enamel, anti-corrosion coating",Tremclad,FLE01-S,https://raw.githubusercontent.com/kinggoff/NewSteelesImages/main/review-images/legacy-tr-000000176-tremcladrustpaintflatwhite_specialtypaint_tremclad.png?raw=true,Image already existed,,,,,,,,,237 mL Flat White=https://raw.githubusercontent.com/kinggoff/NewSteelesImages/main/PDFs/SDS/tremclad-27061X125.pdf?raw=true|946 mL Flat White=https://raw.githubusercontent.com/kinggoff/NewSteelesImages/main/PDFs/SDS/tremclad-254929.pdf?raw=true|3.78 L Flat White=https://raw.githubusercontent.com/kinggoff/NewSteelesImages/main/PDFs/SDS/tremclad-27061X155.pdf?raw=true,,237 mL Flat White=https://raw.githubusercontent.com/kinggoff/NewSteelesImages/main/PDFs/SDS/tremclad-27061X125.pdf?raw=true|946 mL Flat White=https://raw.githubusercontent.com/kinggoff/NewSteelesImages/main/PDFs/SDS/tremclad-254929.pdf?raw=true|3.78 L Flat White=https://raw.githubusercontent.com/kinggoff/NewSteelesImages/main/PDFs/SDS/tremclad-27061X155.pdf?raw=true,,,,a225e08d80ad8520362ceb7c491f8480c81a6bfe3540de09dbe41c648db117bf,c9b950c8491fcd6c7dc0a4cb957e96c29140fa72a306c2639460350304c68edf
simple,Tremclad Rust Paint Gloss Recreational White,177,TR-000000177,,"Tremclad Rust Paint Gloss Recreational White protects metal from rust while adding a durable finish, making it a strong choice for railings, tools, equipment and exterior metal surfaces. Confirm preparation, compatibility, application, coverage and recoat requirements in the current label or technical data sheet.",Previously Described,Paints > Specialty Paints,"rust-preventive paint, metal paint, protective enamel, anti-corrosion coating",Tremclad,FLE01-S,https://raw.githubusercontent.com/kinggoff/NewSteelesImages/main/review-images/legacy-tr-000000177-tremcladrustpaintglossrecreationalwhite_specialtypaint_tremclad.png?raw=true,Image already existed,,,,,,,,,237 mL Gloss Recreational White=https://raw.githubusercontent.com/kinggoff/NewSteelesImages/main/PDFs/SDS/tremclad-27032X125.pdf?raw=true|946 mL Gloss Recreational White=https://raw.githubusercontent.com/kinggoff/NewSteelesImages/main/PDFs/SDS/tremclad-254910.pdf?raw=true|3.78 L Gloss Recreational White=https://raw.githubusercontent.com/kinggoff/NewSteelesImages/main/PDFs/SDS/tremclad-27032X155.pdf?raw=true,,237 mL Gloss Recreational White=https://raw.githubusercontent.com/kinggoff/NewSteelesImages/main/PDFs/SDS/tremclad-27032X125.pdf?raw=true|946 mL Gloss Recreational White=https://raw.githubusercontent.com/kinggoff/NewSteelesImages/main/PDFs/SDS/tremclad-254910.pdf?raw=true|3.78 L Gloss Recreational White=https://raw.githubusercontent.com/kinggoff/NewSteelesImages/main/PDFs/SDS/tremclad-27032X155.pdf?raw=true,,,,a56bad874d849f072ae9ba02d87f186b49772dd426c816bd827aa1ff283746e2,a0260827a56ac9f21b1636971aa6ae7b2bef088e4189fb2356b4984c55277a60
simple,Tremclad Rust Paint Gloss Real Orange,178,TR-000000178,,"Tremclad Rust Paint Gloss Real Orange protects metal from rust while adding a durable finish, making it a strong choice for railings, tools, equipment and exterior metal surfaces. Confirm preparation, compatibility, application, coverage and recoat requirements in the current label or technical data sheet.",Previously Described,Paints > Specialty Paints,"rust-preventive paint, metal paint, protective enamel, anti-corrosion coating",Tremclad,FLE01-S,https://raw.githubusercontent.com/kinggoff/NewSteelesImages/main/review-images/legacy-tr-000000178-tremcladrustpaintglossrealorange_specialtypaint_tremclad.png?raw=true,Image already existed,,,,,,,,,946 mL Gloss Real Orange=https://raw.githubusercontent.com/kinggoff/NewSteelesImages/main/PDFs/SDS/tremclad-369814.pdf?raw=true|3.78 L Gloss Real Orange=https://raw.githubusercontent.com/kinggoff/NewSteelesImages/main/PDFs/SDS/tremclad-27007X155.pdf?raw=true,,946 mL Gloss Real Orange=https://raw.githubusercontent.com/kinggoff/NewSteelesImages/main/PDFs/SDS/tremclad-369814.pdf?raw=true|3.78 L Gloss Real Orange=https://raw.githubusercontent.com/kinggoff/NewSteelesImages/main/PDFs/SDS/tremclad-27007X155.pdf?raw=true,,,,a7b6cf419125a2a892b628120e294db4bde79af92abb80e9ac66f68ecbc50a4f,b7711df2b1f67cb33ab5462a36b823779222622ce1f3d0ed1bada2439b4a488d
simple,Tremclad Rust Paint Gloss Medium Blue,179,TR-000000179,,"Tremclad Rust Paint Gloss Medium Blue protects metal from rust while adding a durable finish, making it a strong choice for railings, tools, equipment and exterior metal surfaces. Confirm preparation, compatibility, application, coverage and recoat requirements in the current label or technical data sheet.",Previously Described,Paints > Specialty Paints,"rust-preventive paint, metal paint, protective enamel, anti-corrosion coating",Tremclad,FLE01-S,https://raw.githubusercontent.com/kinggoff/NewSteelesImages/main/review-images/legacy-tr-000000179-tremcladrustpaintglossmediumblue_specialtypaint_tremclad.png?raw=true,Image already existed,,,,,,,,,946 mL Gloss Medium Blue=https://raw.githubusercontent.com/kinggoff/NewSteelesImages/main/PDFs/SDS/tremclad-254905.pdf?raw=true|3.78 L Gloss Medium Blue=https://raw.githubusercontent.com/kinggoff/NewSteelesImages/main/PDFs/SDS/tremclad-27009X155.pdf?raw=true,,946 mL Gloss Medium Blue=https://raw.githubusercontent.com/kinggoff/NewSteelesImages/main/PDFs/SDS/tremclad-254905.pdf?raw=true|3.78 L Gloss Medium Blue=https://raw.githubusercontent.com/kinggoff/NewSteelesImages/main/PDFs/SDS/tremclad-27009X155.pdf?raw=true,,,,2140393dc63c5f64c7717b7a1e70a9fe5fb01e79210f31893e57b0b50a934715,41e2c9336d8f6e15d63896b21e8027cc1dd9e42d14cfd9bb4cc3ddf8ac8b48cc
simple,Tremclad Rust Paint Gloss John Deere Green,180,TR-000000180,,"Tremclad Rust Paint Gloss John Deere Green protects metal from rust while adding a durable finish, making it a strong choice for railings, tools, equipment and exterior metal surfaces. Confirm preparation, compatibility, application, coverage and recoat requirements in the current label or technical data sheet.",Previously Described,Paints > Specialty Paints,"rust-preventive paint, metal paint, protective enamel, anti-corrosion coating",Tremclad,FLE01-S,https://raw.githubusercontent.com/kinggoff/NewSteelesImages/main/review-images/legacy-tr-000000180-tremcladrustpaintglossjohndeeregreen_specialtypaint_tremclad.png?raw=true,Image already existed,,,,,,,,,946 mL Gloss John Deere Green=https://raw.githubusercontent.com/kinggoff/NewSteelesImages/main/PDFs/SDS/tremclad-254913.pdf?raw=true|3.78 L Gloss John Deere Green=https://raw.githubusercontent.com/kinggoff/NewSteelesImages/main/PDFs/SDS/tremclad-27039X155.pdf?raw=true,,946 mL Gloss John Deere Green=https://raw.githubusercontent.com/kinggoff/NewSteelesImages/main/PDFs/SDS/tremclad-254913.pdf?raw=true|3.78 L Gloss John Deere Green=https://raw.githubusercontent.com/kinggoff/NewSteelesImages/main/PDFs/SDS/tremclad-27039X155.pdf?raw=true,,,,086ae8962aa146f733ceef352daa2eed227d1457a44a3cfedff58288494bd85e,ee77755c59dd0fef5a93f5a2bef43f4b1f12ec113c999043aafe58f7bc89cf84
simple,Tremclad Rust Paint Gloss Grey,181,TR-000000181,,"Tremclad Rust Paint Gloss Grey protects metal from rust while adding a durable finish, making it a strong choice for railings, tools, equipment and exterior metal surfaces. Confirm preparation, compatibility, application, coverage and recoat requirements in the current label or technical data sheet.",Previously Described,Paints > Specialty Paints,"rust-preventive paint, metal paint, protective enamel, anti-corrosion coating",Tremclad,FLE01-S,https://raw.githubusercontent.com/kinggoff/NewSteelesImages/main/review-images/legacy-tr-000000181-tremcladrustpaintglossgrey_specialtypaint_tremclad.png?raw=true,Image already existed,,,,,,,,,237 mL Gloss Grey=https://raw.githubusercontent.com/kinggoff/NewSteelesImages/main/PDFs/SDS/tremclad-27028X125.pdf?raw=true|946 mL Gloss Grey=https://raw.githubusercontent.com/kinggoff/NewSteelesImages/main/PDFs/SDS/tremclad-254908.pdf?raw=true|3.78 L Gloss Grey=https://raw.githubusercontent.com/kinggoff/NewSteelesImages/main/PDFs/SDS/tremclad-27028X155.pdf?raw=true,,237 mL Gloss Grey=https://raw.githubusercontent.com/kinggoff/NewSteelesImages/main/PDFs/SDS/tremclad-27028X125.pdf?raw=true|946 mL Gloss Grey=https://raw.githubusercontent.com/kinggoff/NewSteelesImages/main/PDFs/SDS/tremclad-254908.pdf?raw=true|3.78 L Gloss Grey=https://raw.githubusercontent.com/kinggoff/NewSteelesImages/main/PDFs/SDS/tremclad-27028X155.pdf?raw=true,,,,d1d370e3209b1d09a31f2e750544687f0909d714fa7794596595c3a460723caf,d4d8525518ec0d1901f170dbd773161495da42b062f3d8da32ee5593d2a84d9e
simple,Tremclad Rust Paint Gloss Fire Red,182,TR-000000182,,"Tremclad Rust Paint Gloss Fire Red protects metal from rust while adding a durable finish, making it a strong choice for railings, tools, equipment and exterior metal surfaces. Confirm preparation, compatibility, application, coverage and recoat requirements in the current label or technical data sheet.",Previously Described,Paints > Specialty Paints,"rust-preventive paint, metal paint, protective enamel, anti-corrosion coating",Tremclad,FLE01-S,https://raw.githubusercontent.com/kinggoff/NewSteelesImages/main/review-images/legacy-tr-000000182-tremcladrustpaintglossfirered_specialtypaint_tremclad.png?raw=true,Image already existed,,,,,,,,,237 mL Gloss Fire Red=https://raw.githubusercontent.com/kinggoff/NewSteelesImages/main/PDFs/SDS/tremclad-27049X125.pdf?raw=true|946 mL Gloss Fire Red=https://raw.githubusercontent.com/kinggoff/NewSteelesImages/main/PDFs/SDS/tremclad-254915.pdf?raw=true|3.78 L Gloss Fire Red=https://raw.githubusercontent.com/kinggoff/NewSteelesImages/main/PDFs/SDS/tremclad-27049X155.pdf?raw=true,,237 mL Gloss Fire Red=https://raw.githubusercontent.com/kinggoff/NewSteelesImages/main/PDFs/SDS/tremclad-27049X125.pdf?raw=true|946 mL Gloss Fire Red=https://raw.githubusercontent.com/kinggoff/NewSteelesImages/main/PDFs/SDS/tremclad-254915.pdf?raw=true|3.78 L Gloss Fire Red=https://raw.githubusercontent.com/kinggoff/NewSteelesImages/main/PDFs/SDS/tremclad-27049X155.pdf?raw=true,,,,28116c8b9d0aca797080816c6851a9c23f9916a8ef5123d06fea7003b981b351,3f07864ee74ecc24dce10e6f5154ea30bfdad4a56216a600eb55655e0931d116
simple,Tremclad Rust Paint Gloss Dark Blue,183,TR-000000183,,"Tremclad Rust Paint Gloss Dark Blue protects metal from rust while adding a durable finish, making it a strong choice for railings, tools, equipment and exterior metal surfaces. Confirm preparation, compatibility, application, coverage and recoat requirements in the current label or technical data sheet.",Previously Described,Paints > Specialty Paints,"rust-preventive paint, metal paint, protective enamel, anti-corrosion coating",Tremclad,FLE01-S,https://raw.githubusercontent.com/kinggoff/NewSteelesImages/main/review-images/legacy-tr-000000183-tremcladrustpaintglossdarkblue_specialtypaint_tremclad.png?raw=true,Image already existed,,,,,,,,,237 mL Gloss Dark Blue=https://raw.githubusercontent.com/kinggoff/NewSteelesImages/main/PDFs/SDS/tremclad-27067X125.pdf?raw=true|946 mL Gloss Dark Blue=https://raw.githubusercontent.com/kinggoff/NewSteelesImages/main/PDFs/SDS/tremclad-254916.pdf?raw=true|3.78 L Gloss Dark Blue=https://raw.githubusercontent.com/kinggoff/NewSteelesImages/main/PDFs/SDS/tremclad-27067X155.pdf?raw=true,,237 mL Gloss Dark Blue=https://raw.githubusercontent.com/kinggoff/NewSteelesImages/main/PDFs/SDS/tremclad-27067X125.pdf?raw=true|946 mL Gloss Dark Blue=https://raw.githubusercontent.com/kinggoff/NewSteelesImages/main/PDFs/SDS/tremclad-254916.pdf?raw=true|3.78 L Gloss Dark Blue=https://raw.githubusercontent.com/kinggoff/NewSteelesImages/main/PDFs/SDS/tremclad-27067X155.pdf?raw=true,,,,077f8659fea97107c23b45d8853455df719a293202fb5bca72ad85c870a1d413,9c507233a3ded282ec058c4124c965a141aefebf35cf9b0a7b6172315b037ac1
simple,Tremclad Rust Paint Gloss Brown,184,TR-000000184,,"Tremclad Rust Paint Gloss Brown protects metal from rust while adding a durable finish, making it a strong choice for railings, tools, equipment and exterior metal surfaces. Confirm preparation, compatibility, application, coverage and recoat requirements in the current label or technical data sheet.",Previously Described,Paints > Specialty Paints,"rust-preventive paint, metal paint, protective enamel, anti-corrosion coating",Tremclad,FLE01-S,https://raw.githubusercontent.com/kinggoff/NewSteelesImages/main/review-images/legacy-tr-000000184-tremcladrustpaintglossbrown_specialtypaint_tremclad.png?raw=true,Image already existed,,,,,,,,,237 mL Gloss Brown=https://raw.githubusercontent.com/kinggoff/NewSteelesImages/main/PDFs/SDS/tremclad-27095X125.pdf?raw=true|946 mL Gloss Brown=https://raw.githubusercontent.com/kinggoff/NewSteelesImages/main/PDFs/SDS/tremclad-254920.pdf?raw=true|3.78 L Gloss Brown=https://raw.githubusercontent.com/kinggoff/NewSteelesImages/main/PDFs/SDS/tremclad-27095X155.pdf?raw=true,,237 mL Gloss Brown=https://raw.githubusercontent.com/kinggoff/NewSteelesImages/main/PDFs/SDS/tremclad-27095X125.pdf?raw=true|946 mL Gloss Brown=https://raw.githubusercontent.com/kinggoff/NewSteelesImages/main/PDFs/SDS/tremclad-254920.pdf?raw=true|3.78 L Gloss Brown=https://raw.githubusercontent.com/kinggoff/NewSteelesImages/main/PDFs/SDS/tremclad-27095X155.pdf?raw=true,,,,87a5c3b64e76c265711ec42c30876cf927f7777c202a662732f0b4dfa11da23b,8f6d3884abe1dc749853ef3ecc6092b365a986ac085feb799cdab18c76eb54c4
simple,Tremclad Rust Paint Semi-Gloss Black,185,TR-000000185,,"Tremclad Rust Paint Semi-Gloss Black protects metal from rust while adding a durable finish, making it a strong choice for railings, tools, equipment and exterior metal surfaces. Confirm preparation, compatibility, application, coverage and recoat requirements in the current label or technical data sheet.",Previously Described,Paints > Specialty Paints,"rust-preventive paint, metal paint, protective enamel, anti-corrosion coating",Tremclad,FLE01-S,https://raw.githubusercontent.com/kinggoff/NewSteelesImages/main/review-images/legacy-tr-000000185-tremcladrustpaintsemiglossblack_specialtypaint_tremclad.png?raw=true,Image already existed,,,,,,,,,237 mL Semi-Gloss Black=https://raw.githubusercontent.com/kinggoff/NewSteelesImages/main/PDFs/SDS/tremclad-270S26X125.pdf?raw=true|946 mL Semi-Gloss Black=https://raw.githubusercontent.com/kinggoff/NewSteelesImages/main/PDFs/SDS/tremclad-254940.pdf?raw=true|3.78 L Semi-Gloss Black=https://raw.githubusercontent.com/kinggoff/NewSteelesImages/main/PDFs/SDS/tremclad-270S26X155.pdf?raw=true,,237 mL Semi-Gloss Black=https://raw.githubusercontent.com/kinggoff/NewSteelesImages/main/PDFs/SDS/tremclad-270S26X125.pdf?raw=true|946 mL Semi-Gloss Black=https://raw.githubusercontent.com/kinggoff/NewSteelesImages/main/PDFs/SDS/tremclad-254940.pdf?raw=true|3.78 L Semi-Gloss Black=https://raw.githubusercontent.com/kinggoff/NewSteelesImages/main/PDFs/SDS/tremclad-270S26X155.pdf?raw=true,,,,429d39c683ade4f903f83d7e9a52f05933755a70602f6eeaff872081411fc082,34dddc755508ada1ba827ce64d09ebd7533e629ed925c0a131e7cd6848637092
simple,Tremclad Rust Paint Gloss Black,186,TR-000000186,,"Tremclad Rust Paint Gloss Black protects metal from rust while adding a durable finish, making it a strong choice for railings, tools, equipment and exterior metal surfaces. Confirm preparation, compatibility, application, coverage and recoat requirements in the current label or technical data sheet.",Previously Described,Paints > Specialty Paints,"rust-preventive paint, metal paint, protective enamel, anti-corrosion coating",Tremclad,FLE01-S,https://raw.githubusercontent.com/kinggoff/NewSteelesImages/main/review-images/legacy-tr-000000186-tremcladrustpaintglossblack_specialtypaint_tremclad.png?raw=true,Image already existed,,,,,,,,,237 mL Gloss Black=https://raw.githubusercontent.com/kinggoff/NewSteelesImages/main/PDFs/SDS/tremclad-27026X125.pdf?raw=true|946 mL Gloss Black=https://raw.githubusercontent.com/kinggoff/NewSteelesImages/main/PDFs/SDS/tremclad-254926.pdf?raw=true|3.78 L Gloss Black=https://raw.githubusercontent.com/kinggoff/NewSteelesImages/main/PDFs/SDS/tremclad-27026X155.pdf?raw=true,,237 mL Gloss Black=https://raw.githubusercontent.com/kinggoff/NewSteelesImages/main/PDFs/SDS/tremclad-27026X125.pdf?raw=true|946 mL Gloss Black=https://raw.githubusercontent.com/kinggoff/NewSteelesImages/main/PDFs/SDS/tremclad-254926.pdf?raw=true|3.78 L Gloss Black=https://raw.githubusercontent.com/kinggoff/NewSteelesImages/main/PDFs/SDS/tremclad-27026X155.pdf?raw=true,,,,879cb35b8fec8372eb11390480b2387c36737b98be361eccf7c11da3e6b2fbba,cff9fe5e85f7b06e86bce94b960b688753ddc50d63c521d267d5baf81682f9ee
simple,Tremclad Rust Paint Flat Black,187,TR-000000187,,"Tremclad Rust Paint Flat Black protects metal from rust while adding a durable finish, making it a strong choice for railings, tools, equipment and exterior metal surfaces. Confirm preparation, compatibility, application, coverage and recoat requirements in the current label or technical data sheet.",Previously Described,Paints > Specialty Paints,"rust-preventive paint, metal paint, protective enamel, anti-corrosion coating",Tremclad,FLE01-S,https://raw.githubusercontent.com/kinggoff/NewSteelesImages/main/review-images/legacy-tr-000000187-tremcladrustpaintflatblack_specialtypaint_tremclad.png?raw=true,Image already existed,,,,,,,,,237 mL Flat Black=https://raw.githubusercontent.com/kinggoff/NewSteelesImages/main/PDFs/SDS/tremclad-27048X125.pdf?raw=true|946 mL Flat Black=https://raw.githubusercontent.com/kinggoff/NewSteelesImages/main/PDFs/SDS/tremclad-254932.pdf?raw=true|3.78 L Flat Black=https://raw.githubusercontent.com/kinggoff/NewSteelesImages/main/PDFs/SDS/tremclad-27048X155.pdf?raw=true,,237 mL Flat Black=https://raw.githubusercontent.com/kinggoff/NewSteelesImages/main/PDFs/SDS/tremclad-27048X125.pdf?raw=true|946 mL Flat Black=https://raw.githubusercontent.com/kinggoff/NewSteelesImages/main/PDFs/SDS/tremclad-254932.pdf?raw=true|3.78 L Flat Black=https://raw.githubusercontent.com/kinggoff/NewSteelesImages/main/PDFs/SDS/tremclad-27048X155.pdf?raw=true,,,,a75cd09083711f880f84fab090a0046f82e5e299a6d3b438b8d3a2ca37689db5,4e5cbdb8ef1039b18a225c42735cd7f7db1d907c2bca6ad7f9d9e652252e75b0
simple,Tremclad Rust Paint Gloss Aluminum,188,TR-000000188,,"Tremclad Rust Paint Gloss Aluminum protects metal from rust while adding a durable finish, making it a strong choice for railings, tools, equipment and exterior metal surfaces. Confirm preparation, compatibility, application, coverage and recoat requirements in the current label or technical data sheet.",Previously Described,Paints > Specialty Paints,"rust-preventive paint, metal paint, protective enamel, anti-corrosion coating",Tremclad,FLE01-S,https://raw.githubusercontent.com/kinggoff/NewSteelesImages/main/review-images/legacy-tr-000000188-tremcladrustpaintglossaluminum_specialtypaint_tremclad.png?raw=true,Image already existed,,,,,,,,,237 mL Gloss Aluminum=https://raw.githubusercontent.com/kinggoff/NewSteelesImages/main/PDFs/SDS/tremclad-27006X125.pdf?raw=true|946 mL Gloss Aluminum=https://raw.githubusercontent.com/kinggoff/NewSteelesImages/main/PDFs/SDS/tremclad-254904.pdf?raw=true|3.78 L Gloss Aluminum=https://raw.githubusercontent.com/kinggoff/NewSteelesImages/main/PDFs/SDS/tremclad-27006X155.pdf?raw=true,,237 mL Gloss Aluminum=https://raw.githubusercontent.com/kinggoff/NewSteelesImages/main/PDFs/SDS/tremclad-27006X125.pdf?raw=true|946 mL Gloss Aluminum=https://raw.githubusercontent.com/kinggoff/NewSteelesImages/main/PDFs/SDS/tremclad-254904.pdf?raw=true|3.78 L Gloss Aluminum=https://raw.githubusercontent.com/kinggoff/NewSteelesImages/main/PDFs/SDS/tremclad-27006X155.pdf?raw=true,,,,c7d07e3f374b82f3ab9a59b81296c1114818f8b98f56cac2c81146e6ea3cbe7e,39d4d613b99baa593c04d2d2449c88f6c838fbf31f125d7268687e9a68205fde
simple,Tremclad Rust Preventative Coating Flat Grey (Gallon),189,TR-000000189,,"Tremclad Rust Preventative Coating Flat Grey (Gallon) protects metal from rust while adding a durable finish, making it a strong choice for railings, tools, equipment and exterior metal surfaces. Confirm preparation, compatibility, application, coverage and recoat requirements in the current label or technical data sheet.",Previously Described,Paints > Specialty Paints,"rust-preventive paint, metal paint, protective enamel, anti-corrosion coating",Tremclad,FLE01-S,https://raw.githubusercontent.com/kinggoff/NewSteelesImages/main/review-images/legacy-tr-000000189-tremcladrustpreventativecoatingflatgreygallon_specialtypaint_tremclad.png?raw=true,Image already existed,,,,,,,,,3.78 L Flat Grey=https://raw.githubusercontent.com/kinggoff/NewSteelesImages/main/PDFs/SDS/tremclad-274103155.pdf?raw=true,,3.78 L Flat Grey=https://raw.githubusercontent.com/kinggoff/NewSteelesImages/main/PDFs/SDS/tremclad-274103155.pdf?raw=true,,,,628f7edc1358a7404fe94386daa85f917c43373d3b78541fca3f6bf19fb6de09,d5f870476fff48aea7b959598f681aa76b1dfe0c40be8ff9eee89f6bb0582392
simple,Tremclad Rust Preventative Coating Flat Red Oxide (Gallon),190,TR-000000190,,"Tremclad Rust Preventative Coating Flat Red Oxide (Gallon) protects metal from rust while adding a durable finish, making it a strong choice for railings, tools, equipment and exterior metal surfaces. Confirm preparation, compatibility, application, coverage and recoat requirements in the current label or technical data sheet.",Previously Described,Paints > Specialty Paints,"rust-preventive paint, metal paint, protective enamel, anti-corrosion coating",Tremclad,FLE01-S,https://raw.githubusercontent.com/kinggoff/NewSteelesImages/main/review-images/legacy-tr-000000190-tremcladrustpreventativecoatingflatredoxidegallon_specialtypaint_tremclad.png?raw=true,Image already existed,,,,,,,,,3.78 L Flat Red Oxide=https://raw.githubusercontent.com/kinggoff/NewSteelesImages/main/PDFs/SDS/tremclad-274102155.pdf?raw=true,,3.78 L Flat Red Oxide=https://raw.githubusercontent.com/kinggoff/NewSteelesImages/main/PDFs/SDS/tremclad-274102155.pdf?raw=true,,,,de62d8df34fe6fe135fad8ba53f736d17b67baf0e743cd940f8db6b237b31950,f48618e85513528d175586e7509687c3b11ec121171a30576018e3c6d5943441
simple,Zinsser Mould Stop Primer,191,ZI-000000191,,"Zinsser Mould Stop Primer helps prime surfaces while blocking mould and mildew growth, creating a better base for interior or exterior topcoats. Check the current manufacturer label or technical data sheet before use. Confirm the exact item and package before ordering. Follow the current manufacturer instructions for the intended job.",Previously Described,Paints > Primers,"mould-resistant primer, stain-blocking primer, interior primer, primer sealer, primer, surface preparation coating, basecoat",Zinsser,FLE01-S,https://raw.githubusercontent.com/kinggoff/NewSteelesImages/main/review-images/legacy-zi-000000191-zinssermouldstopprimer_primer_zinsser.png?raw=true,Image already existed,,,,,,,,,3.78 L White=https://raw.githubusercontent.com/kinggoff/NewSteelesImages/main/PDFs/SDS/zinsser-336961.pdf?raw=true|946 mL White=https://raw.githubusercontent.com/kinggoff/NewSteelesImages/main/PDFs/SDS/zinsser-336964.pdf?raw=true,Mould Stop Primer=https://raw.githubusercontent.com/kinggoff/NewSteelesImages/main/PDFs/TDS/zinsser-336964_Mould-Stop-Primer-TDS-EN.ashx.pdf?raw=true,3.78 L White=https://raw.githubusercontent.com/kinggoff/NewSteelesImages/main/PDFs/SDS/zinsser-336961.pdf?raw=true|946 mL White=https://raw.githubusercontent.com/kinggoff/NewSteelesImages/main/PDFs/SDS/zinsser-336964.pdf?raw=true,,Mould Stop Primer=https://raw.githubusercontent.com/kinggoff/NewSteelesImages/main/PDFs/TDS/zinsser-336964_Mould-Stop-Primer-TDS-EN.ashx.pdf?raw=true,,0d5975188463e3dc419c3008a63e213d6835af239d171ea03d3b5e1479cb1eab,c6b120d67c210732507d8090699ff7635f4d0bdcfa149d1f6298473e06108c43
simple,Zinsser Bulls Eye 1-2-3 Spray Primer,192,ZI-000000192,,"Zinsser Bulls Eye 1-2-3 Spray Primer helps seal surfaces, block stains and improve topcoat adhesion so paint finishes look smoother and last longer. Check the current manufacturer label or technical data sheet before use. Confirm the exact item and package before ordering. Follow the current manufacturer instructions for the intended job.",Previously Described,Paints > Aerosols,"spray primer, aerosol primer, primer, surface preparation coating, primer sealer, basecoat",Zinsser,FLE01-S,https://raw.githubusercontent.com/kinggoff/NewSteelesImages/main/review-images/legacy-zi-000000192-zinsserbullseye123sprayprimer_primer_zinsser.png?raw=true,Image already existed,,,,,,,,,369 g Aerosol White=https://raw.githubusercontent.com/kinggoff/NewSteelesImages/main/PDFs/SDS/zinsser-267189.pdf?raw=true,Bulls Eye 1-2-3 Aerosol=https://raw.githubusercontent.com/kinggoff/NewSteelesImages/main/PDFs/TDS/zinsser-BEY123-01-Zinsser-Bulls-Eye-1-2-3-Water-based-Primer-TDS-EN-21.pdf?raw=true,369 g Aerosol White=https://raw.githubusercontent.com/kinggoff/NewSteelesImages/main/PDFs/SDS/zinsser-267189.pdf?raw=true,,Bulls Eye 1-2-3 Aerosol=https://raw.githubusercontent.com/kinggoff/NewSteelesImages/main/PDFs/TDS/zinsser-BEY123-01-Zinsser-Bulls-Eye-1-2-3-Water-based-Primer-TDS-EN-21.pdf?raw=true,,a4330537fb3778c13c5ea7f7af28ed847cad6ed2d16d9b7c9fae4812e62e1ad8,7ddfd7853ed5c8b5b5f32b9844892de134ab56206334943fa0457b2bf9935162
simple,Tremclad Rust Preventative Coating Flat Grey (946 mL),193,TR-000000193,,"Tremclad Rust Preventative Coating Flat Grey (946 mL) protects metal from rust while adding a durable finish, making it a strong choice for railings, tools, equipment and exterior metal surfaces. Confirm preparation, compatibility, application, coverage and recoat requirements in the current label or technical data sheet.",Previously Described,Paints > Specialty Paints,"rust-preventive paint, metal paint, protective enamel, anti-corrosion coating",Tremclad,FLE01-S,https://raw.githubusercontent.com/kinggoff/NewSteelesImages/main/review-images/legacy-tr-000000193-tremcladrustpreventativecoatingflatgrey946ml_specialtypaint_tremclad.png?raw=true,Image already existed,,,,,,,,,946 mL Flat Grey=https://raw.githubusercontent.com/kinggoff/NewSteelesImages/main/PDFs/SDS/tremclad-254895.pdf?raw=true,,946 mL Flat Grey=https://raw.githubusercontent.com/kinggoff/NewSteelesImages/main/PDFs/SDS/tremclad-254895.pdf?raw=true,,,,fc4efce4dd064240d55b83df31dbc782f3eb32b2c99912d55089a410665491b5,c1d06c9f215b8bf924ff316ccf351030e50b00a6be6b9c215926aabd47a32f97
simple,Tremclad Rust Preventative Coating Flat Red Oxide (946 mL),194,TR-000000194,,"Tremclad Rust Preventative Coating Flat Red Oxide (946 mL) protects metal from rust while adding a durable finish, making it a strong choice for railings, tools, equipment and exterior metal surfaces. Confirm preparation, compatibility, application, coverage and recoat requirements in the current label or technical data sheet.",Previously Described,Paints > Specialty Paints,"rust-preventive paint, metal paint, protective enamel, anti-corrosion coating",Tremclad,FLE01-S,https://raw.githubusercontent.com/kinggoff/NewSteelesImages/main/review-images/legacy-tr-000000194-tremcladrustpreventativecoatingflatredoxide946ml_specialtypaint_tremclad.png?raw=true,Image already existed,,,,,,,,,946 mL Flat Red Oxide=https://raw.githubusercontent.com/kinggoff/NewSteelesImages/main/PDFs/SDS/tremclad-254894.pdf?raw=true,,946 mL Flat Red Oxide=https://raw.githubusercontent.com/kinggoff/NewSteelesImages/main/PDFs/SDS/tremclad-254894.pdf?raw=true,,,,fb40da815c0dee2230a207d3b5a4431680dc7789da3f2a4b82c931a56144d770,3f6c717305431cd40035836d9e1307bcd7cd1f69c71b9ff4dfc7730cc35567c8
simple,Zinsser Odorless Oil-Based Stain Blocker,195,ZI-000000195,,"Zinsser Odorless Oil-Based Stain Blocker helps seal surfaces, block stains and improve topcoat adhesion so paint finishes look smoother and last longer. Colour and sheen can vary with wood species, porosity and preparation, so a representative test area is recommended. Confirm preparation, compatibility, application, coverage and recoat requirements in the current label or technical data sheet.",Previously Described,Paints > Primers,"stain-blocking primer, odour-blocking primer, primer sealer, surface preparation coating",Zinsser,FLE01-S,https://raw.githubusercontent.com/kinggoff/NewSteelesImages/main/review-images/legacy-zi-000000195-zinsserodorlessoilbasedstainblocker_primer_zinsser.png?raw=true,Image already existed,,,,,,,,,946 mL White=https://raw.githubusercontent.com/kinggoff/NewSteelesImages/main/PDFs/SDS/zinsser-248264.pdf?raw=true|3.7 L White=https://raw.githubusercontent.com/kinggoff/NewSteelesImages/main/PDFs/SDS/zinsser-248263.pdf?raw=true,Odorless Oil-Base Stain Blocker Liquid=https://raw.githubusercontent.com/kinggoff/NewSteelesImages/main/PDFs/TDS/zinsser-OLS-01_Odorless_Interior_Oil_Base_Stain_Blocker_TDS_2.ashx.pdf?raw=true,946 mL White=https://raw.githubusercontent.com/kinggoff/NewSteelesImages/main/PDFs/SDS/zinsser-248264.pdf?raw=true|3.7 L White=https://raw.githubusercontent.com/kinggoff/NewSteelesImages/main/PDFs/SDS/zinsser-248263.pdf?raw=true,,Odorless Oil-Base Stain Blocker Liquid=https://raw.githubusercontent.com/kinggoff/NewSteelesImages/main/PDFs/TDS/zinsser-OLS-01_Odorless_Interior_Oil_Base_Stain_Blocker_TDS_2.ashx.pdf?raw=true,,23fce27ba381721af749c4f54b4268368da396ef836bcccfcc9d63e42285840a,f55e8976057ed43520c86e27b12b4d603bba2696e811e70e20181457690e4fbd
simple,Zinsser Bulls Eye 1-2-3 Primer Grey,196,ZI-000000196,,"Zinsser Bulls Eye 1-2-3 Primer Grey helps seal surfaces, block stains and improve topcoat adhesion so paint finishes look smoother and last longer. Check the current manufacturer label or technical data sheet before use. Confirm the exact item and package before ordering. Follow the current manufacturer instructions for the intended job.",Previously Described,Paints > Primers,"primer, primer sealer, surface preparation coating, basecoat",Zinsser,FLE01-S,https://raw.githubusercontent.com/kinggoff/NewSteelesImages/main/review-images/legacy-zi-000000196-zinsserbullseye123primergrey_primer_zinsser.png?raw=true,Image already existed,,,,,,,,,946 mL Grey=https://raw.githubusercontent.com/kinggoff/NewSteelesImages/main/PDFs/SDS/zinsser-201746.pdf?raw=true|3.7 L Grey=https://raw.githubusercontent.com/kinggoff/NewSteelesImages/main/PDFs/SDS/zinsser-201791.pdf?raw=true,Bulls Eye 1-2-3 Grey Primer=https://raw.githubusercontent.com/kinggoff/NewSteelesImages/main/PDFs/TDS/zinsser-BEY123-10_Bulls-Eye_1-2-3_Primer_For_All_Surfaces_TDS.ashx.pdf?raw=true,946 mL Grey=https://raw.githubusercontent.com/kinggoff/NewSteelesImages/main/PDFs/SDS/zinsser-201746.pdf?raw=true|3.7 L Grey=https://raw.githubusercontent.com/kinggoff/NewSteelesImages/main/PDFs/SDS/zinsser-201791.pdf?raw=true,,Bulls Eye 1-2-3 Grey Primer=https://raw.githubusercontent.com/kinggoff/NewSteelesImages/main/PDFs/TDS/zinsser-BEY123-10_Bulls-Eye_1-2-3_Primer_For_All_Surfaces_TDS.ashx.pdf?raw=true,,baefeaa48d128a1d748d7bcbb150f629693028941e265ac1d6bdcadcbab78a6c,536fada7aa61466d8a827733aa25fafab0e3cb1f1b6fc67fc57f286be0698169
simple,Tremclad Rust Paint Flat Leather Brown,197,TR-000000197,,"Tremclad Rust Paint Flat Leather Brown protects metal from rust while adding a durable finish, making it a strong choice for railings, tools, equipment and exterior metal surfaces. Confirm preparation, compatibility, application, coverage and recoat requirements in the current label or technical data sheet.",Previously Described,Paints > Specialty Paints,"rust-preventive paint, metal paint, protective enamel, anti-corrosion coating",Tremclad,FLE01-S,https://raw.githubusercontent.com/kinggoff/NewSteelesImages/main/review-images/legacy-tr-000000197-tremcladrustpaintflatleatherbrown_specialtypaint_tremclad.png?raw=true,Image already existed,,,,,,,,,237 mL Flat Leather Brown=https://raw.githubusercontent.com/kinggoff/NewSteelesImages/main/PDFs/SDS/tremclad-27091X125.pdf?raw=true|946 mL Flat Leather Brown=https://raw.githubusercontent.com/kinggoff/NewSteelesImages/main/PDFs/SDS/tremclad-254919.pdf?raw=true|3.78 L Flat Leather Brown=https://raw.githubusercontent.com/kinggoff/NewSteelesImages/main/PDFs/SDS/tremclad-27091X155.pdf?raw=true,,237 mL Flat Leather Brown=https://raw.githubusercontent.com/kinggoff/NewSteelesImages/main/PDFs/SDS/tremclad-27091X125.pdf?raw=true|946 mL Flat Leather Brown=https://raw.githubusercontent.com/kinggoff/NewSteelesImages/main/PDFs/SDS/tremclad-254919.pdf?raw=true|3.78 L Flat Leather Brown=https://raw.githubusercontent.com/kinggoff/NewSteelesImages/main/PDFs/SDS/tremclad-27091X155.pdf?raw=true,,,,ecf00fc5a7d28303748c652972b1c920a76430cfe8a6c79cd7fa4f1883dbeb1a,0fd8a0f48327b2904b40e846c8baf38af60bff0a34650d5db2f5ca879dabbd81
simple,Tremclad Rust Paint Gloss Green,198,TR-000000198,,"Tremclad Rust Paint Gloss Green protects metal from rust while adding a durable finish, making it a strong choice for railings, tools, equipment and exterior metal surfaces. Confirm preparation, compatibility, application, coverage and recoat requirements in the current label or technical data sheet.",Previously Described,Paints > Specialty Paints,"rust-preventive paint, metal paint, protective enamel, anti-corrosion coating",Tremclad,FLE01-S,https://raw.githubusercontent.com/kinggoff/NewSteelesImages/main/review-images/legacy-tr-000000198-tremcladrustpaintglossgreen_specialtypaint_tremclad.png?raw=true,Image already existed,,,,,,,,,237 mL Gloss Green=https://raw.githubusercontent.com/kinggoff/NewSteelesImages/main/PDFs/SDS/tremclad-27029X125.pdf?raw=true|946 mL Gloss Green=https://raw.githubusercontent.com/kinggoff/NewSteelesImages/main/PDFs/SDS/tremclad-254909.pdf?raw=true|3.78 L Gloss Green=https://raw.githubusercontent.com/kinggoff/NewSteelesImages/main/PDFs/SDS/tremclad-27029X155.pdf?raw=true,,237 mL Gloss Green=https://raw.githubusercontent.com/kinggoff/NewSteelesImages/main/PDFs/SDS/tremclad-27029X125.pdf?raw=true|946 mL Gloss Green=https://raw.githubusercontent.com/kinggoff/NewSteelesImages/main/PDFs/SDS/tremclad-254909.pdf?raw=true|3.78 L Gloss Green=https://raw.githubusercontent.com/kinggoff/NewSteelesImages/main/PDFs/SDS/tremclad-27029X155.pdf?raw=true,,,,1adfaca5e4317a527c14498cfc0ecea336bc539430e3360d9d827e0573a3e333,3617b8874aac69ded4fba01cb213be72f62d953284026dfe32f25912ebee1e0d
simple,Tremclad Rust Paint Gloss White,199,TR-000000199,,"Tremclad Rust Paint Gloss White protects metal from rust while adding a durable finish, making it a strong choice for railings, tools, equipment and exterior metal surfaces. Confirm preparation, compatibility, application, coverage and recoat requirements in the current label or technical data sheet.",Previously Described,Paints > Specialty Paints,"rust-preventive paint, metal paint, protective enamel, anti-corrosion coating",Tremclad,FLE01-S,https://raw.githubusercontent.com/kinggoff/NewSteelesImages/main/review-images/legacy-tr-000000199-tremcladrustpaintglosswhite_specialtypaint_tremclad.png?raw=true,Image already existed,,,,,,,,,237 mL Gloss White=https://raw.githubusercontent.com/kinggoff/NewSteelesImages/main/PDFs/SDS/tremclad-27025X125.pdf?raw=true|946 mL Gloss White=https://raw.githubusercontent.com/kinggoff/NewSteelesImages/main/PDFs/SDS/tremclad-254924.pdf?raw=true|3.78 L Gloss White=https://raw.githubusercontent.com/kinggoff/NewSteelesImages/main/PDFs/SDS/tremclad-27025X155.pdf?raw=true,,237 mL Gloss White=https://raw.githubusercontent.com/kinggoff/NewSteelesImages/main/PDFs/SDS/tremclad-27025X125.pdf?raw=true|946 mL Gloss White=https://raw.githubusercontent.com/kinggoff/NewSteelesImages/main/PDFs/SDS/tremclad-254924.pdf?raw=true|3.78 L Gloss White=https://raw.githubusercontent.com/kinggoff/NewSteelesImages/main/PDFs/SDS/tremclad-27025X155.pdf?raw=true,,,,fdec219cfb6ede7b4c5d2d581f03cc101c1a47dcea18d3fa64667a598c9e2bf9,4c9d327275ff577b6523d456aa0df4d4db05aa912c7703282f0f5bc9195a5c99
simple,Blue Dolphin Axis APT Advanced Washi Painter's Tape 36mm (3 Pack),200,BD-000000201,,"Blue Dolphin Axis APT Advanced Washi Painter's Tape 36mm (3 Pack) is designed to provide professional-quality performance, durability, and reliable results for painting, finishing, surface preparation, or coating applications. Review the listed format and current manufacturer instructions to confirm compatibility, safe use, cleaning and storage for the intended job.",Previously Described,Painting Tools & Accessories > Tools,"masking tape, painter's tape, pressure-sensitive tape, painting accessory",Blue Dolphin,PIN02-S,https://raw.githubusercontent.com/kinggoff/NewSteelesImages/main/review-images/legacy-bd-000000201-axisaptadvancedwashipainterstape36mm3pack_painttoolsaccessories_bluedolphin.png?raw=true,Image already existed,,,,,,,,,,,,,,,26ad925635d5c2729ac16cce438ba91fb2f24571c90f19fbb34547e9387bbdc2,6f98f32a8d5bd704eb79698af9227e88b593b35d1a6c5f437abfe72839df487e
simple,Blue Dolphin Axis APT Advanced Washi Painter's Tape 48mm x 50m,201,BD-000000202,,"Blue Dolphin Axis APT Advanced Washi Painter's Tape 48mm x 50m is designed to provide professional-quality performance, durability, and reliable results for painting, finishing, surface preparation, or coating applications. Review the listed format and current manufacturer instructions to confirm compatibility, safe use, cleaning and storage for the intended job.",Previously Described,Painting Tools & Accessories > Tools,"masking tape, painter's tape, pressure-sensitive tape, painting accessory",Blue Dolphin,PIN02-S,https://raw.githubusercontent.com/kinggoff/NewSteelesImages/main/review-images/legacy-bd-000000202-axisaptadvancedwashipainterstape48mmx50m_painttoolsaccessories_bluedolphin.png?raw=true,Image already existed,,,,,,,,,,,,,,,971b94f96db70e4644ea9b3cdb36eedaccb2fc16375f5f6486dfffcf85f34c4a,ec3e33d4b03724082dcc0faff73d5fa03e6843622dfcd59ed168b406e70707df
simple,Blue Dolphin Axis APT Advanced Washi Painter's Tape 36mm x 50m,202,BD-000000203,,"Blue Dolphin Axis APT Advanced Washi Painter's Tape 36mm x 50m is designed to provide professional-quality performance, durability, and reliable results for painting, finishing, surface preparation, or coating applications. Review the listed format and current manufacturer instructions to confirm compatibility, safe use, cleaning and storage for the intended job.",Previously Described,Painting Tools & Accessories > Tools,"masking tape, painter's tape, pressure-sensitive tape, painting accessory",Blue Dolphin,PIN02-S,https://raw.githubusercontent.com/kinggoff/NewSteelesImages/main/review-images/legacy-bd-000000203-axisaptadvancedwashipainterstape36mmx50m_painttoolsaccessories_bluedolphin.png?raw=true,Image already existed,,,,,,,,,,,,,,,8f1c35f0e18f50712a94e807fa8bc675804870799057bde4b2842ffa91c1a9de,b75c20b7873e1b1ae879774434f04fb6a888fa5fbfe3e558b1b9ac57408419f1
simple,Blue Dolphin Axis APT Advanced Washi Painter's Tape 24mm x 50m,203,BD-000000204,,"Blue Dolphin Axis APT Advanced Washi Painter's Tape 24mm x 50m is designed to provide professional-quality performance, durability, and reliable results for painting, finishing, surface preparation, or coating applications. Review the listed format and current manufacturer instructions to confirm compatibility, safe use, cleaning and storage for the intended job.",Previously Described,Painting Tools & Accessories > Tools,"masking tape, painter's tape, pressure-sensitive tape, painting accessory",Blue Dolphin,PIN02-S,https://raw.githubusercontent.com/kinggoff/NewSteelesImages/main/review-images/legacy-bd-000000204-axisaptadvancedwashipainterstape24mmx50m_painttoolsaccessories_bluedolphin.png?raw=true,Image already existed,,,,,,,,,,,,,,,dfa665d047df4ad4c20a8688d265afc0196a99c86089eefea618731d500bd9da,2255e2e7b08b508ffc9fadfe1c850361da1d575ffa151465ed8f20dc32dcf45f
simple,Everlok Extension Pole 3 ft to 6 ft,204,EV-000000205,,"Everlok Extension Pole 3 ft to 6 ft extends your reach for painting walls, ceilings, and hard-to-access areas, featuring a comfortable foam grip and a secure locking mechanism for reliable, twist-free performance. Choose the listed size for the surface and coating, then clean or dispose of the applicator according to current product guidance.",Previously Described,Painting Tools & Accessories > Tools,"paint roller extension pole, telescoping pole, paint applicator accessory, painting tool",Everlok,PIN02-S,https://raw.githubusercontent.com/kinggoff/NewSteelesImages/main/review-images/legacy-ev-000000205-everlokextensionpole3ftto6ft_painttoolsaccessories_everlok.png?raw=true,Image already existed,,,,,,,,,,,,,,,5d7addfb4b571634520971c2ee11954b05d14c40f0ded1ac109bf9a10173762b,04cf64d527451f6c4ddbfbe85f73c705277bf8028ce29d3025da36ac9a0a8334
simple,Everlok Extension Pole 2 ft to 4 ft,205,EV-000000206,,"Everlok Extension Pole 2 ft to 4 ft extends your reach for painting walls, ceilings, and hard-to-access areas, featuring a comfortable foam grip and a secure locking mechanism for reliable, twist-free performance. Choose the listed size for the surface and coating, then clean or dispose of the applicator according to current product guidance.",Previously Described,Painting Tools & Accessories > Tools,"paint roller extension pole, telescoping pole, paint applicator accessory, painting tool",Everlok,PIN02-S,https://raw.githubusercontent.com/kinggoff/NewSteelesImages/main/review-images/legacy-ev-000000206-everlokextensionpole2ftto4ft_painttoolsaccessories_everlok.png?raw=true,Image already existed,,,,,,,,,,,,,,,e3a2772e5a38fe84cb74b0c324399ed85844cda624144023be922420c8400c46,f82b236dbbfc5ffd1a540422680af491fbf33fb52f7c2131614b5f90335bd165
simple,Pintar Heavy Duty Pro 5-Wire 9.5 Roller Frame,206,PI-000000207,,"Pintar 4 Inch Roller Frame provides a sturdy, comfortable grip and secure roller support for smooth, controlled paint application on trim, doors, cabinets, and other smaller surfaces. Choose the listed size for the surface and coating, then clean or dispose of the applicator according to current product guidance.",Previously Described,Painting Tools & Accessories > Tools,"paint roller frame, roller handle, paint applicator, painting tool",Pintar,PIN02-S,https://raw.githubusercontent.com/kinggoff/NewSteelesImages/main/review-images/legacy-pi-000000207-pintar4inchrollerframe_painttoolsaccessories_pintar.png?raw=true,Image already existed,,,,,,,,,,,,,,,18530b58fbd78e20c3619d76aad8984909c52d27fda07fe8cab3f5fb383da158,e5de648ef15a5c7b06208fa1d03d564641b39ee13ec4d073ef4c2c116355a4d5
simple,Everlok Extension Pole 1 ft to 2 ft,207,EV-000000208,,"Everlok Extension Pole 1 ft to 2 ft extends your reach for painting walls, ceilings, and hard-to-access areas, featuring a comfortable foam grip and a secure locking mechanism for reliable, twist-free performance. Choose the listed size for the surface and coating, then clean or dispose of the applicator according to current product guidance.",Previously Described,Painting Tools & Accessories > Tools,"paint roller extension pole, telescoping pole, paint applicator accessory, painting tool",Everlok,PIN02-S,https://raw.githubusercontent.com/kinggoff/NewSteelesImages/main/review-images/legacy-ev-000000208-everlokextensionpole1ftto2ft_painttoolsaccessories_everlok.png?raw=true,Image already existed,,,,,,,,,,,,,,,325df9792d997c5783f7a6a709879ac8e42444edcf48a6aaa4d7a61eeb50d1fe,bf7f9224ee04dbbad3afabd0b58d2ad6a3e53576ea344d0325744b81ad703fd5
simple,Everlok Extension Pole 4 ft to 8 ft,208,EV-000000209,,"Everlok Extension Pole 4 ft to 8 ft extends your reach for painting walls, ceilings, and hard-to-access areas, featuring a comfortable foam grip and a secure locking mechanism for reliable, twist-free performance. Choose the listed size for the surface and coating, then clean or dispose of the applicator according to current product guidance.",Previously Described,Painting Tools & Accessories > Tools,"paint roller extension pole, telescoping pole, paint applicator accessory, painting tool",Everlok,PIN02-S,https://raw.githubusercontent.com/kinggoff/NewSteelesImages/main/review-images/legacy-ev-000000209-everlokextensionpole4ftto8ft_painttoolsaccessories_everlok.png?raw=true,Image already existed,,,,,,,,,,,,,,,38b0fdf6c1c664b2faedf623212288a267afd3a2c20c506a331c2d0287710682,7f7abd6ef9c46c0f29893d736bc5408eafde06444b1408f4fd5840385426f868
simple,"Pintar Soft Grip Heavy Duty 9.5"" Roller Frame",209,PI-000000210,,"Pintar Soft Grip Heavy Duty 9.5"" Roller Frame provides a comfortable grip and sturdy roller support for smooth, controlled paint application across walls, ceilings, and other large surfaces. Choose the listed size for the surface and coating, then clean or dispose of the applicator according to current product guidance.",Previously Described,Painting Tools & Accessories > Tools,"paint roller frame, roller handle, paint applicator, painting tool",Pintar,PIN02-S,https://raw.githubusercontent.com/kinggoff/NewSteelesImages/main/review-images/legacy-pi-000000210-wirecagerollerframe_painttoolsaccessories_pintar.png?raw=true,Image already existed,,,,,,,,,,,,,,,1ef845f673dd949dddd37ef970b1477b2d925e17a3b47a169fcc33a563ed8aee,67b1d6ee19042d5cd1fcbb82ee9a40b12bb7f625f3fccfedc536b62409fc2acd
simple,"Pintar Lint-Free Trim Roller 4""",210,PI-000000211,,"Pintar Lint-Free Trim Roller 4"" delivers a smooth, lint-free finish on trim, doors, cabinets, and other detailed surfaces, helping achieve clean, professional-quality paint results. Choose the listed size for the surface and coating, then clean or dispose of the applicator according to current product guidance.",Previously Described,Painting Tools & Accessories > Tools,"paint roller cover, paint roller refill, paint applicator, painting tool",Pintar,PIN02-S,https://raw.githubusercontent.com/kinggoff/NewSteelesImages/main/review-images/legacy-pi-000000211-minirollercover_painttoolsaccessories_pintar.png?raw=true,Image already existed,,,,,,,,,,,,,,,0c106ef702b311ae81640b7723a61c9069ba20d8242fa1c38acca36d989aec32,aa557d21097b5053f53f0082787ba04290f69c88f3620b7bc89c264656300fa0
simple,Advance Equipment Vinyl Wallcovering Trimmer,211,AE-000000212,,"Vinyl Wallcovering Trimmer is designed to provide professional-quality performance, durability, and reliable results for painting, finishing, surface preparation, or coating applications. Review the listed format and current manufacturer instructions to confirm compatibility, safe use, cleaning and storage for the intended job.",Previously Described,Painting Tools & Accessories > Tools,"wallpaper trimmer, wallcovering cutting tool, installation tool, hand tool",Advance Equipment,ADV01-S,https://raw.githubusercontent.com/kinggoff/NewSteelesImages/main/review-images/legacy-ae-000000212-vinylwallcoveringtrimmer_painttoolsaccessories_advanceequipment.png?raw=true,Image already existed,,,,,,,,,,,,,,,0472a323705db712c7189f2cbf427ebf7352ca3ff0fcbcc434d0edf0008043e3,48ff4df5704bd7d601cfa9f6462dc7a00dc0b30e7816e63f4cef6de9feb3cdca
simple,Advance Equipment Qwikpaster Tabletop Pasting Machine,212,AE-000000213,,"Qwikpaster Tabletop Pasting Machine is designed to provide professional-quality performance, durability, and reliable results for painting, finishing, surface preparation, or coating applications. Review the listed format and current manufacturer instructions to confirm compatibility, safe use, cleaning and storage for the intended job.",Previously Described,Painting Tools & Accessories > Tools,"wallpaper pasting machine, wallcovering tool, adhesive applicator, installation equipment",Advance Equipment,ADV01-S,https://raw.githubusercontent.com/kinggoff/NewSteelesImages/main/review-images/legacy-ae-000000213-qwikpastertabletoppastingmachine_painttoolsaccessories_advanceequipment.png?raw=true,Image already existed,,,,,,,,,,,,,,,2242545f61873af95d71acd722d5a8a7caf58d940330bb1d1fc1b283a9667b13,5f14d6c86ed399310cb069513c35f214e193bd6381b565ae99b0aafe0caa8691
simple,Advance Equipment Pasting Syringe,213,AE-000000214,,"Pasting Syringe is designed to provide professional-quality performance, durability, and reliable results for painting, finishing, surface preparation, or coating applications. Review the listed format and current manufacturer instructions to confirm compatibility, safe use, cleaning and storage for the intended job.",Previously Described,Painting Tools & Accessories > Tools,"adhesive syringe, wallpaper repair tool, wallcovering tool, adhesive applicator",Advance Equipment,ADV01-S,https://raw.githubusercontent.com/kinggoff/NewSteelesImages/main/review-images/legacy-ae-000000214-pastingsyringe_painttoolsaccessories_advanceequipment.png?raw=true,Image already existed,,,,,,,,,,,,,,,b25b721435241029b93ff544f957cc0f0f1957a669dfdcdb630d6300ca3f1988,dd77f3af44ce1b2f164a89c1168e389b0d6b76146d194cecf12490cc15c0afee
simple,Advance Equipment Plastic Corner Roller,214,AE-000000215,,"Plastic Corner Roller is designed to provide professional-quality performance, durability, and reliable results for painting, finishing, surface preparation, or coating applications. Choose the listed size for the surface and coating, then clean or dispose of the applicator according to current product guidance.",Previously Described,Painting Tools & Accessories > Tools,"corner roller, paint roller, paint applicator, painting tool",Advance Equipment,ADV01-S,https://raw.githubusercontent.com/kinggoff/NewSteelesImages/main/review-images/legacy-ae-000000215-plasticcornerroller_painttoolsaccessories_advanceequipment.png?raw=true,Image already existed,,,,,,,,,,,,,,,5d6806fcfd3b76aa1d82cbd4ee5f223ccaaa974b592d75909170767dcd1310a5,f83e2f35b351766e16dcf33e091f50ae7630bf44231f7712416fe99610d968e2
simple,Advance Equipment Corner Bead Applicator,215,AE-000000216,,"Corner Bead Applicator is designed to provide professional-quality performance, durability, and reliable results for painting, finishing, surface preparation, or coating applications. Choose the listed size for the surface and coating, then clean or dispose of the applicator according to current product guidance.",Previously Described,Painting Tools & Accessories > Tools,"corner bead applicator, drywall tool, adhesive applicator, installation tool",Advance Equipment,ADV01-S,https://raw.githubusercontent.com/kinggoff/NewSteelesImages/main/review-images/legacy-ae-000000216-cornerbeadapplicator_painttoolsaccessories_advanceequipment.png?raw=true,Image already existed,,,,,,,,,,,,,,,0aae47f95ddbc6866e74682b342222fe98c3a1a09befc7a90d114b4eb89cac38,57ac00065f27ca5a2ec2e2db8547f7ef0523079c656bc4c6f902f6102a0a6e41
simple,Saman Oil Based Hybrid Floor Varnish ,226,SA-000000227,,"Saman Oil Based Hybrid Floor Varnish - Semi-Gloss is a protective varnish designed to provide durable protection and a long-lasting finish for wood surfaces. The master lists Flat, Semi-Gloss, or Gloss finish options. Confirm preparation, compatibility, application, coverage and recoat requirements in the current label or technical data sheet.",Previously Described,Paints > Stains & Varnishes,"floor varnish, wood floor finish, clear wood finish, protective coating",Saman,SAMAN,https://raw.githubusercontent.com/kinggoff/NewSteelesImages/main/review-images/legacy-sa-000000227-samanoilbasedhybridfloorvarnishsemigloss_stains_saman.png?raw=true,Image already existed,Finishes,Flat | Semi-Gloss | Gloss,,,,,,,Flat / Satin / Semi-Gloss / Gloss=https://raw.githubusercontent.com/kinggoff/NewSteelesImages/main/PDFs/SDS/saman-SDS_SAM-505-SAM-535-SAM-565-SAM-595.pdf?raw=true,Flat / Satin / Semi-Gloss / Gloss=https://raw.githubusercontent.com/kinggoff/NewSteelesImages/main/PDFs/TDS/saman-TDS-ANG_-SAM-505-535-565-595.pdf?raw=true,Flat / Satin / Semi-Gloss / Gloss=https://raw.githubusercontent.com/kinggoff/NewSteelesImages/main/PDFs/SDS/saman-SDS_SAM-505-SAM-535-SAM-565-SAM-595.pdf?raw=true,,Flat / Satin / Semi-Gloss / Gloss=https://raw.githubusercontent.com/kinggoff/NewSteelesImages/main/PDFs/TDS/saman-TDS-ANG_-SAM-505-535-565-595.pdf?raw=true,,88388d6946fee80a7ecf1d4928d5a03b281a29a095dc0dede850ac1de1333dc5,60e23111d835f7ec54648063ebde1605e25e276dc54958911bd27f01ac63b9b5
simple,Saman Water-Based Wood Stain - Urban Grey,228,SA-000000229,,"Saman Water-Based Wood Stain - Urban Grey 099 is a stain designed to enhance the natural appearance of wood while providing rich, consistent colour. Colour and sheen can vary with wood species, porosity and preparation, so a representative test area is recommended. Confirm preparation, compatibility, application, coverage and recoat requirements in the current label or technical data sheet.",Previously Described,Paints > Stains & Varnishes,"water-based wood stain, wood stain, interior wood finish, water-based finish",Saman,SAMAN,https://raw.githubusercontent.com/kinggoff/NewSteelesImages/main/review-images/legacy-sa-000000229-samanwaterbasedwoodstainurbangrey_stains_saman.png?raw=true,Image already existed,,,,,,,,,Urban Grey 099 / TEW Series=https://raw.githubusercontent.com/kinggoff/NewSteelesImages/main/PDFs/SDS/saman-SDS_Water-based-wood-stain.pdf?raw=true,Urban Grey 099 / TEW Series=https://raw.githubusercontent.com/kinggoff/NewSteelesImages/main/PDFs/TDS/saman-TDS-ANG_TEW.pdf?raw=true,Urban Grey 099 / TEW Series=https://raw.githubusercontent.com/kinggoff/NewSteelesImages/main/PDFs/SDS/saman-SDS_Water-based-wood-stain.pdf?raw=true,,Urban Grey 099 / TEW Series=https://raw.githubusercontent.com/kinggoff/NewSteelesImages/main/PDFs/TDS/saman-TDS-ANG_TEW.pdf?raw=true,,e816a6c9bd98a7175e6b7e3c87b96870ad92a138a337ca9da5e25b2be6c71fc6,e0b9554d9e9314422c327ee8fa41310b7400f3be8afdc4a38f37703c5527f7b0
simple,Saman Waterbased Dead Flat Varnish,219,SA-000000220,,"Saman Waterbased Dead Flat Varnish is a protective varnish designed to provide durable protection and a long-lasting finish for wood surfaces. Colour and sheen can vary with wood species, porosity and preparation, so a representative test area is recommended. Confirm preparation, compatibility, application, coverage and recoat requirements in the current label or technical data sheet.",Previously Described,Paints > Stains & Varnishes,"flat varnish, water-based varnish, clear wood finish, protective coating",Saman,SAMAN,https://raw.githubusercontent.com/kinggoff/NewSteelesImages/main/review-images/legacy-sa-000000220-samanwaterbaseddeadflatvarnish_stains_saman.png?raw=true,Image already existed,,,,,,,,,Dead Flat SAM-801=https://raw.githubusercontent.com/kinggoff/NewSteelesImages/main/PDFs/SDS/saman-SDS_SAM-801.pdf?raw=true,Dead Flat SAM-801=https://raw.githubusercontent.com/kinggoff/NewSteelesImages/main/PDFs/TDS/saman-TDS-ANG_SAM-801.pdf?raw=true,Dead Flat SAM-801=https://raw.githubusercontent.com/kinggoff/NewSteelesImages/main/PDFs/SDS/saman-SDS_SAM-801.pdf?raw=true,,Dead Flat SAM-801=https://raw.githubusercontent.com/kinggoff/NewSteelesImages/main/PDFs/TDS/saman-TDS-ANG_SAM-801.pdf?raw=true,,6d147ef3a4f68b3d81c8e706a6bae874822cfce326c2190afa97596cd0a02261,014895bad257ccc5d8cb76995babfac63db609ec1ee951f8e6737c5f20df7784
simple,Saman Waterbased Exterior Clear Coat ,216,SA-000000217,,"Saman Waterbased Exterior Clear Coat - Semi-Gloss is a protective clear coat designed to help shield exterior wood surfaces from weather, moisture, and UV exposure. The master lists Flat, Satin, or Semi-Gloss finish options. Confirm preparation, compatibility, application, coverage and recoat requirements in the current label or technical data sheet.",Previously Described,Paints > Stains & Varnishes,"exterior varnish, water-based varnish, clear wood finish, uv-resistant finish, clear finish, protective coating, clear coat, wood finish",Saman,SAMAN,https://raw.githubusercontent.com/kinggoff/NewSteelesImages/main/review-images/legacy-sa-000000217-samanwaterbasedexteriorclearcoatsemigloss_stains_saman.png?raw=true,Image already existed,Finishes,Flat | Satin | Semi-Gloss,,,,,,,Flat / Satin / Semi-Gloss SAM-805 / SAM-830 / SAM-870=https://raw.githubusercontent.com/kinggoff/NewSteelesImages/main/PDFs/SDS/saman-SDS_SAM-805-SAM-830-and-SAM-870.pdf?raw=true,Satin / Semi-Gloss SAM-830 / SAM-870=https://raw.githubusercontent.com/kinggoff/NewSteelesImages/main/PDFs/TDS/saman-TDS-ANG_SAM-830-870.pdf?raw=true,Flat / Satin / Semi-Gloss SAM-805 / SAM-830 / SAM-870=https://raw.githubusercontent.com/kinggoff/NewSteelesImages/main/PDFs/SDS/saman-SDS_SAM-805-SAM-830-and-SAM-870.pdf?raw=true,,Satin / Semi-Gloss SAM-830 / SAM-870=https://raw.githubusercontent.com/kinggoff/NewSteelesImages/main/PDFs/TDS/saman-TDS-ANG_SAM-830-870.pdf?raw=true,,f9f48a3d336e136adefe87f1ce8acdc99b84c07d92c8c0bacc257669a38d4175,ff45b04f01791b322bdc78eaf5199e477a222d6f6d09ae4212e417420cff0598
simple,Saman Waterbased Floor Varnish ,220,SA-000000221,,"Saman Waterbased Floor Varnish - Semi-Gloss is a protective varnish designed to provide durable protection and a long-lasting finish for wood surfaces. The master lists Flat, Satin, Semi-Gloss, or Gloss finish options. Confirm preparation, compatibility, application, coverage and recoat requirements in the current label or technical data sheet.",Previously Described,Paints > Stains & Varnishes,"floor varnish, wood floor finish, clear wood finish, protective coating",Saman,SAMAN,https://raw.githubusercontent.com/kinggoff/NewSteelesImages/main/review-images/legacy-sa-000000221-samanwaterbasedfloorvarnishsemigloss_stains_saman.png?raw=true,Image already existed,Finishes,Flat | Satin | Semi-Gloss | Gloss,,,,,,,Flat / Satin / Semi-Gloss / Gloss 160 Series=https://raw.githubusercontent.com/kinggoff/NewSteelesImages/main/PDFs/SDS/saman-SDS_160-005-160-031-160-051-160-091.pdf?raw=true,Flat / Satin / Semi-Gloss / Gloss 160 Series=https://raw.githubusercontent.com/kinggoff/NewSteelesImages/main/PDFs/TDS/saman-TDS-ANG_varnish-160.pdf?raw=true,Flat / Satin / Semi-Gloss / Gloss 160 Series=https://raw.githubusercontent.com/kinggoff/NewSteelesImages/main/PDFs/SDS/saman-SDS_160-005-160-031-160-051-160-091.pdf?raw=true,,Flat / Satin / Semi-Gloss / Gloss 160 Series=https://raw.githubusercontent.com/kinggoff/NewSteelesImages/main/PDFs/TDS/saman-TDS-ANG_varnish-160.pdf?raw=true,,55ee403b01a36472137ad2367829817e164af726b3cab5baacc81fa1379d29ec,198fba8779656044379f5a38b6d8edc7f06e4f92fc7f1f4eb91def60ff270483
simple,Swing TSP Heavy Duty Cleaner,230,SW-000000231,,"Swing TSP Heavy Duty Cleaner is designed to provide professional-quality performance, durability, and reliable results for painting, finishing, surface preparation, or coating applications. Check the current manufacturer label or technical data sheet before use. Confirm the exact item and package before ordering.",Previously Described,Painting Tools & Accessories > Paint Prep & Repairs,"tsp cleaner, surface preparation cleaner, degreaser, paint preparation chemical",Swing,MUM01,https://raw.githubusercontent.com/kinggoff/NewSteelesImages/main/review-images/legacy-sw-000000231-swingtspheavydutycleaner_painttoolsaccessories_swing.png?raw=true,Image already existed,,,,,,,,,,,,,,,2bd4a468e904d1153eafc144102a6ac180a6f6c9be8f02f5971ac5c6c989037f,f0be275f03a5c0db8d38a1ef0a24c8197cda532d1f682b640fe5717efd9750aa
simple,Swing Wallpaper Pre-Coat Universal Primer Sealer,231,SW-000000232,,"Swing Wallpaper Pre-Coat Universal Primer Sealer is a primer designed to improve adhesion, create a uniform surface, and support better topcoat performance. Check the current manufacturer label or technical data sheet before use. Confirm the exact item and package before ordering. Follow the current manufacturer instructions for the intended job.",Previously Described,Paints > Primers,"wallcovering primer, primer sealer, wall preparation coating, interior primer, primer, surface preparation coating, basecoat",Swing,MUM01,https://raw.githubusercontent.com/kinggoff/NewSteelesImages/main/review-images/legacy-sw-000000232-swingwallpaperprecoatuniversalprimersealer_primer_swing.png?raw=true,Image already existed,,,,,,,,,,,,,,,ce2be1df1f34f7c95f170df0c5e0d0dfda71eab03a5d1fae3b9b59093a9b3d35,e63a1851503444151fd4b74ec8aa78f961be1807dc9b6e4cf4d5ca9909491ade
simple,Swing Prime+ Universal Primer Sealer,232,SW-000000233,,"Swing Prime+ Universal Primer Sealer is a primer designed to improve adhesion, create a uniform surface, and support better topcoat performance. Check the current manufacturer label or technical data sheet before use. Confirm the exact item and package before ordering. Follow the current manufacturer instructions for the intended job.",Previously Described,Paints > Primers,"primer, primer sealer, surface preparation coating, basecoat",Swing,MUM01,https://raw.githubusercontent.com/kinggoff/NewSteelesImages/main/review-images/legacy-sw-000000233-swingprimeuniversalprimersealer_primer_swing.png?raw=true,Image already existed,,,,,,,,,,,,,,,742b7e130debc7402b0225e27ca6591d50de361a867b99f23c44f8cdb1b231c4,f98ee5e688cb521731e2a3f98753cec2d21be321274c61fc9db15d7d8bc97940
simple,Circa 1850 Heavy Body Paint & Varnish Remover,233,CI-000000234,,"Circa 1850 Heavy Body Paint & Varnish Remover is a protective varnish designed to provide durable protection and a long-lasting finish for wood surfaces. Its role is to leave the surface ready for the next repair or coating step without assuming compatibility with every material. Test first, then follow the label for dilution, dwell time, rinsing, ventilation and protective equipment.",Previously Described,Painting Tools & Accessories > Cleaners & Removers,"coating remover, paint remover, finish stripper, surface preparation chemical",Circa 1850,YHD01,https://raw.githubusercontent.com/kinggoff/NewSteelesImages/main/review-images/legacy-ci-000000234-circa1850heavybodypaintvarnishremover_painttoolsaccessories_circa1850.png?raw=true,Image already existed,,,,,,,,,,,,,,,a211e1a2ad38a71ad8e0b7ff50c96b62807c3717b66cf92d91195a64dc9ca456,712081ffbdea62d736e29610271bbace9933ccf47f76fc8639f513a3d3e5cd9e
simple,Circa 1850 Furniture Stripper,234,CI-000000235,,"Circa 1850 Furniture Stripper is designed to provide professional-quality performance, durability, and reliable results for painting, finishing, surface preparation, or coating applications. Check the current manufacturer label or technical data sheet before use. Confirm the exact item and package before ordering.",Previously Described,Painting Tools & Accessories > Cleaners & Removers,"coating remover, paint remover, finish stripper, surface preparation chemical",Circa 1850,YHD01,https://raw.githubusercontent.com/kinggoff/NewSteelesImages/main/review-images/legacy-ci-000000235-circa1850furniturestripper_painttoolsaccessories_circa1850.png?raw=true,Image already existed,,,,,,,,,,,,,,,1940ae8848524403e6b4446d574e1b90184c41eae99488cb678fb018984eabb7,234d8eb1e573fb8d5eff3228deef09d17d5050254f4de35f3fa128bd34e2d285
simple,Zeraus ZeraBrite CL-121 Polyaspartic Coating,235,ZE-000000236,,"Zeraus ZeraBrite CL-121 Polyaspartic Coating is designed to provide professional-quality performance, durability, and reliable results for painting, finishing, surface preparation, or coating applications. Confirm preparation, compatibility, application, coverage and recoat requirements in the current label or technical data sheet.",Previously Described,Commercial & Industrial > Epoxy,"polyaspartic coating, clear floor coating, two-component coating, protective coating",Zeraus,ZPI01,https://raw.githubusercontent.com/kinggoff/NewSteelesImages/main/review-images/legacy-ze-000000236-zerabritecl121polyasparticcoating_commercialpaint_zeraus.png?raw=true,Image already existed,,,,,,,,,ZeraBrite CL-121 Parts A and B=https://raw.githubusercontent.com/kinggoff/NewSteelesImages/main/PDFs/SDS/zeraus-ZeraBrite_SD.pdf?raw=true,ZeraBrite CL-121=https://raw.githubusercontent.com/kinggoff/NewSteelesImages/main/PDFs/TDS/zeraus-ZeraBrite_CL-121_tds.pdf?raw=true,ZeraBrite CL-121 Parts A and B=https://raw.githubusercontent.com/kinggoff/NewSteelesImages/main/PDFs/SDS/zeraus-ZeraBrite_SD.pdf?raw=true,,ZeraBrite CL-121=https://raw.githubusercontent.com/kinggoff/NewSteelesImages/main/PDFs/TDS/zeraus-ZeraBrite_CL-121_tds.pdf?raw=true,,9f4847620c38f444844433921578e453c748a1198771188751f7661228b55aff,873dd9510aebbb5f96d97cc32b9a3a8e22bf714fe22fadc8ce5f12fed0c13ee5
simple,Zeraus ZeraBond Type 3 Epoxy Adhesive Gel,236,ZE-000000237,,"Zeraus ZeraBond Type 3 Epoxy Adhesive Gel is an epoxy coating designed to provide exceptional durability, abrasion resistance, and long-term surface protection. Check the current manufacturer label or technical data sheet before use. Confirm the exact item and package before ordering. Follow the current manufacturer instructions for the intended job.",Previously Described,Commercial & Industrial > Epoxy,"epoxy adhesive, epoxy gel, two-part epoxy, structural adhesive",Zeraus,ZPI01,https://raw.githubusercontent.com/kinggoff/NewSteelesImages/main/review-images/legacy-ze-000000237-zerabondtype3epoxyadhesivegel_commercialpaint_zeraus.png?raw=true,Image already existed,,,,,,,,,,,,,,,f35998e589e70f3df86aec21a3741e4676ca11254b9f58f9821833b9b8d502bc,c07ec27c136c76f5e2b13bbf9a777c6c90df7774a9e8aae34a0d572dd171b6f2
simple,Zeraus ZeraKlear SC Clear Epoxy Coating,237,ZE-000000238,,"Zeraus ZeraKlear SC Clear Epoxy Coating is an epoxy coating designed to provide exceptional durability, abrasion resistance, and long-term surface protection. The final appearance and service performance depend on the substrate, preparation, film build and complete coating system. Follow the label for component mixing, pot life, film thickness, application conditions and full cure before service.",Previously Described,Commercial & Industrial > Epoxy,"clear epoxy coating, epoxy floor coating, two-part epoxy, protective coating",Zeraus,ZPI01,https://raw.githubusercontent.com/kinggoff/NewSteelesImages/main/review-images/legacy-ze-000000238-zeraklearscclearepoxycoating_commercialpaint_zeraus.png?raw=true,Image already existed,,,,,,,,,,,,,,,0a9673dc8c429f161f1519371b9aaa22840bcb2ef526c678906a5ede7c03f503,983ff2502b0105862c4056caf1946352cdc502a177c3975f7a67dbedbe4f5ce4
simple,Zeraus ZeraDur 100 Epoxy Floor Coating,238,ZE-000000239,,"Zeraus ZeraDur 100 Epoxy Floor Coating is an epoxy coating designed to provide exceptional durability, abrasion resistance, and long-term surface protection. The final appearance and service performance depend on the substrate, preparation, film build and complete coating system. Follow the label for component mixing, pot life, film thickness, application conditions and full cure before service.",Previously Described,Commercial & Industrial > Epoxy,"epoxy floor coating, 100% solids epoxy, two-part epoxy, industrial floor coating",Zeraus,ZPI01,https://raw.githubusercontent.com/kinggoff/NewSteelesImages/main/review-images/legacy-ze-000000239-zeradur100epoxyfloorcoating_commercialpaint_zeraus.png?raw=true,Image already existed,,,,,,,,,ZeraDur 100 Parts A and B=https://raw.githubusercontent.com/kinggoff/NewSteelesImages/main/PDFs/SDS/zeraus-ZeraDur-100_SD.pdf?raw=true,ZeraDur 100=https://raw.githubusercontent.com/kinggoff/NewSteelesImages/main/PDFs/TDS/zeraus-ZeraDur-100_TDS.pdf?raw=true,ZeraDur 100 Parts A and B=https://raw.githubusercontent.com/kinggoff/NewSteelesImages/main/PDFs/SDS/zeraus-ZeraDur-100_SD.pdf?raw=true,,ZeraDur 100=https://raw.githubusercontent.com/kinggoff/NewSteelesImages/main/PDFs/TDS/zeraus-ZeraDur-100_TDS.pdf?raw=true,,dcabe03ccef6c534bf0ce51c89376fa2870d3f339571d0b1f950c281e4635c06,8bd6dc6334db5666948432be098f9cf9c42f4da49f045b1c83711b7890c2d459
simple,3M Super77 Spray Adhesive,239,3M-000000240,,"3M Super77 Spray Adhesive is a multipurpose aerosol adhesive for bonding lightweight materials such as paper, fabric, foam, cardboard, plastic, metal and wood. Apply to clean, compatible surfaces and follow the label for spray distance, open time, bonding, ventilation and cure. Confirm the exact item and package before ordering.",,Painting Tools & Accessories > Tools,"spray adhesive, aerosol adhesive, contact adhesive, multi-purpose glue",3M,3MC01,https://raw.githubusercontent.com/kinggoff/NewSteelesImages/main/review-images/3M-000000240-3m-super77-spray-adhesive.png?raw=true,Image Added,,,,,,,,,,,,,,,528c568ef675970368e75899468388357150ae623497567ae6c3cda5ef10c463,a3249a0f0fd4a050f3231f4459cf2e1a773eab8e658ca490b549080f044033b0
simple,3M Multi-Gas/Vapour Cartridge 6006,240,3M-000000241,,"3M Multi-Gas/Vapour Cartridge 6006 is a replacement gas-and-vapour cartridge for compatible 3M reusable respirators, intended for hazards covered by the selected cartridge and an approved respiratory-protection program. Confirm fit, compatibility and required protection before use, and follow the current safety instructions for the actual workplace hazard.",,Painting Tools & Accessories > Clothing & Safety,"multi-gas cartridge, vapour cartridge, respirator cartridge, respiratory protection accessory",3M,3MC01,https://raw.githubusercontent.com/kinggoff/NewSteelesImages/main/review-images/01-3m-000000241-3m-multi-gas-vapour-cartridge-6006.png?raw=true,Image Added,,,,,,,,,,,,,,,a7a792e8262343529cb070400e6410dc3a25769cbcb176c80880bb7bad287c63,e45dc73cde2eed58f5c68ef535b127362bf81ce2bea67f4a995158d04bae2712
simple,3M Scotch-Brite General Purpose Hand Pad 7447,241,3M-000000242,,"3M Scotch-Brite General Purpose Hand Pad 7447 is a hand or machine surface-preparation abrasive for scuffing, cleaning, smoothing or finishing compatible materials. Review the listed format and current manufacturer instructions to confirm compatibility, safe use, cleaning and storage for the intended job.",,Painting Tools & Accessories > Paint Prep & Repairs,"abrasive hand pad, nonwoven abrasive, surface preparation pad, scuffing pad",3M,3MC01,https://raw.githubusercontent.com/kinggoff/NewSteelesImages/main/review-images/3M-000000242-3m-scotch-brite-general-purpose-hand-pad-7447.png?raw=true,Image Added,,,,,Variants,Single Pad | 20PK,1,1,,,,,,,926a51710e319f8120aa67ba00d1b785872e0619a8a28bd5daa94110fd4365f4,922dc0fca6f09408771b9a377412f66ad1a01ab206c83b248a1770db5bde0f0b
simple,3M Replacement Lens Covers,242,3M-000000243,,"3M Replacement Lens Covers is a replaceable protective cover intended to help shield the lens of a compatible full-face respirator from overspray, dust and jobsite wear. Apply to a clean, sound surface and follow the label for mixing, layer depth, drying or cure, sanding and topcoating. Confirm the exact item and package before ordering.",,Painting Tools & Accessories > Clothing & Safety,"respirator lens cover, protective lens film, respirator accessory, face shield accessory",3M,3MC01,https://raw.githubusercontent.com/kinggoff/NewSteelesImages/main/review-images/3M-000000243-3m-replacement-lens-covers-v2.png?raw=true,Image Added,,,,,,,,,,,,,,,c1fe536ed794150861f4938010aa4a1a668c0fd4d6e4af7e05a8fc69f9f00c42,fdc5534cf15c43f01e1f94fc7cf365a700b9905fd28b4706686c158d2cb655fd
simple,3M New Safe Release Blue 3M Canad,243,3M-000000244,,"3M New Safe Release Blue 3M Canad is a masking or project tape for defining paint lines, securing protection or joining compatible materials during preparation and finishing work. Review the listed format and current manufacturer instructions to confirm compatibility, safe use, cleaning and storage for the intended job.",,Painting Tools & Accessories > Paint Prep & Repairs,"masking tape, painter's tape, clean-release tape, painting accessory",3M,3MC01,https://raw.githubusercontent.com/kinggoff/NewSteelesImages/main/review-images/3M-000000244-3m-new-safe-release-blue-3m-canad.png?raw=true,Images for Review,,,,,,,,,,,,,,,c4594e3344fdf6b5b664a8c3611194f297462e283f8a46e181ef5c005869743c,6287141cf1ece473fdb52aecf379be0557d6eda973b10b9e1dc1acd1fb634036
simple,3M Performance Green Masking Tape,244,3M-000000245,,"3M Performance Green Masking Tape is a masking or project tape for defining paint lines, securing protection or joining compatible materials during preparation and finishing work. Review the listed format and current manufacturer instructions to confirm compatibility, safe use, cleaning and storage for the intended job.",,Painting Tools & Accessories > Paint Prep & Repairs,"masking tape, painter's tape, pressure-sensitive tape, painting accessory",3M,3MC01,https://raw.githubusercontent.com/kinggoff/NewSteelesImages/main/review-images/02-3m-000000245-3m-performance-green-masking-tape.png?raw=true,Image Added,,,,,Variants,"1"" 6 PACK | 1 1/2""",1,1,,,,,,,3d28ce117e47f2a11b664417cebac7eace9051518bddd8e973010fb131406af5,d3e677a767c1eae0e2346c8a91b8dc5977ca0989f33f4d73439c7bf463723334
simple,3M Filter P100,245,3M-000000246,,"3M Filter P100 is a particulate filter for compatible 3M reusable respirator systems; selection depends on the airborne hazard, facepiece and approved workplace protection plan. Confirm fit, compatibility and required protection before use, and follow the current safety instructions for the actual workplace hazard.",,Painting Tools & Accessories > Clothing & Safety,"p100 filter, particulate filter, respirator filter, respiratory protection accessory",3M,3MC01,https://raw.githubusercontent.com/kinggoff/NewSteelesImages/main/review-images/3M-000000246-3m-filter-p100-v2.png?raw=true,Images for Review,,,,,,,,,,,,,,,3ff06e743f5e336908003e8b448e88f7a78f874c01d55a17372c65091930711d,28f79fca63ec788de5d140f407555064fb55a5c67ad5f8025833c2c011962452
simple,3M Blue Long Mask,246,3M-000000247,,"3M Blue Long Mask is a blue painter's masking tape for protecting compatible painted trim, woodwork, glass and metal while defining coating lines. Review the listed format and current manufacturer instructions to confirm compatibility, safe use, cleaning and storage for the intended job. Confirm the exact item and package before ordering.",,Painting Tools & Accessories > Clothing & Safety,"masking tape, painter's tape, blue masking tape, painting accessory",3M,3MC01,https://raw.githubusercontent.com/kinggoff/NewSteelesImages/main/review-images/3M-000000247-3m-blue-long-mask-v2.png?raw=true,Images for Review,,,,,,,,,,,,,,,07e5e577d9d73ff22a2bb4dc91bd8f93c55e00f003b2b04c17e53a7f09787d7f,b7d560d9f634734fef9665adef1052977517256a4927f845019ce09cb13ffb32
simple,"3M Hand-Masker 12"" Film Blade",247,3M-000000248,,"3M Hand-Masker 12"" Film Blade is a replacement cutting or scraping blade for the compatible hand tool named in the product; blade style and size should match the holder and task. Match it to the surface, work progressively, and use suitable eye, hand and respiratory protection for the material being removed.",,Painting Tools & Accessories > Paint Prep & Repairs,"masking film blade, dispenser blade, masking tool accessory, replacement blade",3M,3MC01,https://raw.githubusercontent.com/kinggoff/NewSteelesImages/main/review-images/3M-000000248-3m-hand-masker-12-film-blade.png?raw=true,Image Added,,,,,,,,,,,,,,,4c61e1fbc25ed142885b2e64233f3ff5defcf4cd3c72529d3ce2920d5f08c487,22d126edc7d663959daf5b6a59ef685b0eecd319a8838938188679fac2ab2d60
simple,3M Cutoff Blade,248,3M-000000249,,"3M Cutoff Blade is a replacement cutting or scraping blade for the compatible hand tool named in the product; blade style and size should match the holder and task. Match it to the surface, work progressively, and use suitable eye, hand and respiratory protection for the material being removed. Confirm the exact item and package before ordering.",,Painting Tools & Accessories > Paint Prep & Repairs,"replacement blade, scraper blade, cutting accessory, hand tool accessory",3M,3MC01,https://raw.githubusercontent.com/kinggoff/NewSteelesImages/main/review-images/3M-000000249-3m-cutoff-blade.png?raw=true,Images for Review,,,,,,,,,,,,,,,f544142064c83a166e7dfaa95b10595f80e30677e6832b5ebd8d02c76d148760,4d1a509a0500e30e48e69de9cc09d87d78fc30fd128b95e680766d505585d35c
simple,W-10 Wood Scraper,249,RIC-000000250,,"W-10 Wood Scraper from Richard is a hand scraper for removing loose paint, adhesive residue, coatings or surface buildup during preparation and cleanup. Match it to the surface, work progressively, and use suitable eye, hand and respiratory protection for the material being removed. Confirm the exact item and package before ordering.",,Painting Tools & Accessories > Tools,"scraper, surface preparation tool, hand tool, painting tool",Richard,ARICHAR,https://raw.githubusercontent.com/kinggoff/NewSteelesImages/main/review-images/RIC-000000250-w-10-wood-scraper.png?raw=true,Image Added,,,,,,,,,,,,,,,52637e9ce05fd2ee0d0a5767b5d52e7cfceae4271d1627d8ce6d084a37dbdb56,c5e5b006f83f237512789905390e78cf7867c0ab3cdde7c4352ec7f5006cc24d
simple,W 1 3/4 Blade,250,RIC-000000251,,"W 1 3/4 Blade from Richard is a replacement cutting or scraping blade for the compatible hand tool named in the product; blade style and size should match the holder and task. Match it to the surface, work progressively, and use suitable eye, hand and respiratory protection for the material being removed.",,Painting Tools & Accessories > Tools,"replacement blade, scraper blade, cutting accessory, hand tool accessory",Richard,ARICHAR,https://raw.githubusercontent.com/kinggoff/NewSteelesImages/main/review-images/RIC-000000251-w-1-3-4-blade.png?raw=true,Images for Review,,,,,,,,,,,,,,,7f610c14f11d95b6978d281ed7836d0b5638120d6e1047abecf18c71862dde52,d5fa7568054184c82dfb350be37861e6845853591fdc7c640c48785f3b196c12
simple,U-S-10 Richard Lever Bar,251,RIC-000000252,,"U-S-10 Richard Lever Bar from Richard is a compact hand lever for prying, lifting and removing trim or other jobsite materials during preparation and repair. Match it to the surface, work progressively, and use suitable eye, hand and respiratory protection for the material being removed. Confirm the exact item and package before ordering.",,Painting Tools & Accessories > Tools,"pry bar, lever tool, hand tool, surface preparation tool",Richard,ARICHAR,https://raw.githubusercontent.com/kinggoff/NewSteelesImages/main/review-images/RIC-000000252-u-s-10-richard-lever-bar.png?raw=true,Image Added,,,,,,,,,,,,,,,78f67876aa834e43e8f706224f96a756ec9bfd04399f80adb3b1fae61c036748,dc9f085ed1533b487e16f46e171ceaa823f3f93d53579abe0c20ece5086088c1
simple,Sp2 Sash Painter,252,RIC-000000253,,"Sp2 Sash Painter from Richard is a purpose-shaped brush for controlled application of compatible paint, stain or decorative coating; its filament style and profile suit the task named in the product. Review the listed format and current manufacturer instructions to confirm compatibility, safe use, cleaning and storage for the intended job.",,Painting Tools & Accessories > Tools,"angled paint brush, sash brush, paint applicator, painting tool",Richard,ARICHAR,https://raw.githubusercontent.com/kinggoff/NewSteelesImages/main/review-images/RIC-000000253-sp2-sash-painter.png?raw=true,Images for Review,,,,,,,,,,,,,,,56e5f73d75a98a52e11fbe3f50b779179c54d1406bcbbcc5d78b368f29366797,25c7e1c68362d9e5be5e04abbdf5b6c44537a0bb0c304dafc16b221533a02d5e
simple,Sp1 Sash Painter,253,RIC-000000254,,"Sp1 Sash Painter from Richard is a purpose-shaped brush for controlled application of compatible paint, stain or decorative coating; its filament style and profile suit the task named in the product. Review the listed format and current manufacturer instructions to confirm compatibility, safe use, cleaning and storage for the intended job.",,Painting Tools & Accessories > Tools,"angled paint brush, sash brush, paint applicator, painting tool",Richard,ARICHAR,https://raw.githubusercontent.com/kinggoff/NewSteelesImages/main/review-images/RIC-000000254-sp1-sash-painter.png?raw=true,Image Added,,,,,,,,,,,,,,,b9f13315f3b08a152b12695d6021bdcd7e40be7f4586b9e87dc4c53991c9a352,76a7465e9b3a6ae85e8bde5f4c76b5c7ceade45458a0c35d21e6b41e0f4474fa
simple,Rubber Sanding Block,254,RIC-000000255,,"Rubber Sanding Block from Richard is a manual sanding holder or replacement pad for keeping abrasive material supported while smoothing walls, wood or repaired surfaces. Match it to the surface, work progressively, and use suitable eye, hand and respiratory protection for the material being removed.",,Painting Tools & Accessories > Tools,"sanding block, hand sander, surface preparation tool, abrasive tool",Richard,ARICHAR,https://raw.githubusercontent.com/kinggoff/NewSteelesImages/main/review-images/RIC-000000255-rubber-sanding-block.png?raw=true,Image Added,,,,,,,,,,,,,,,5433dc32cceef65cf3f5aa31511dc97de7b831bbdddf8763c4216984db35adc5,35868250e292267af8c5a7941ed4f0bac29c99040f8e262fb62ba739ff0025ab
simple,Richard Wallpaper Smoother,255,RIC-000000256,,"Richard Wallpaper Smoother is a hand-finishing tool for applying, shaping or smoothing patching compound, joint compound, filler or wallcovering material. Review the listed format and current manufacturer instructions to confirm compatibility, safe use, cleaning and storage for the intended job. Confirm the exact item and package before ordering.",,Painting Tools & Accessories > Tools,"wallpaper smoother, wallcovering tool, smoothing tool, installation tool",Richard,ARICHAR,https://raw.githubusercontent.com/kinggoff/NewSteelesImages/main/review-images/RIC-000000256-richard-wallpaper-smoother-605.png?raw=true,Images for Review,,,,,,,,,,,,,,,645ec465facacb6433baf56d195b4a00c46639b7187c066bc33216dec51ee6c0,5878da0e6cce51775fff81505ae7956dada45ae0594ce4a7f9e9732dd2ec1462
simple,Richard Utility Blades U-1-B,256,RIC-000000257,,"Richard Utility Blades U-1-B is a replacement cutting or scraping blade for the compatible hand tool named in the product; blade style and size should match the holder and task. Match it to the surface, work progressively, and use suitable eye, hand and respiratory protection for the material being removed.",,Painting Tools & Accessories > Tools,"utility knife blade, replacement blade, cutting accessory, hand tool accessory",Richard,ARICHAR,https://raw.githubusercontent.com/kinggoff/NewSteelesImages/main/review-images/RIC-000000257-richard-utility-blades-u-1-b.png?raw=true,Image Added,,,,,,,,,,,,,,,4b8c768598159e52939fad73d64ac189c4bb13eb0b3e4ecd4757688d7344084e,39d1412597adb17ec7769102c6b5293955491fec6d0ff940acb7339565b4e932
simple,Richard Stir Whip Mixer,257,RIC-000000258,,"Richard Stir Whip Mixer is a mixing accessory for blending compatible paint, compound or sealant to a more uniform consistency before application. Match it to the surface, work progressively, and use suitable eye, hand and respiratory protection for the material being removed. Confirm the exact item and package before ordering.",,Painting Tools & Accessories > Tools,"paint mixer, drill mixing attachment, coating mixing tool, painting tool",Richard,ARICHAR,https://raw.githubusercontent.com/kinggoff/NewSteelesImages/main/review-images/RIC-000000258-richard-18-stirwhip-mixer.png?raw=true,Image Added,,,,,,,,,,,,,,,1e0512323baf775067565339517ef15bd31fe50c408834ff2cad853c789c0a8b,331bcdde47f4a92841b474e5c4ab74e346b5928c5bb12bb0db92d24f06d1fd11
simple,Richard H.D. Plastic Tray Liner,258,RIC-000000259,,"Richard H.D. Plastic Tray Liner is a disposable liner sized for the matching paint tray, helping contain coating and reduce tray cleanup between colours or products. Choose the listed size for the surface and coating, then clean or dispose of the applicator according to current product guidance. Confirm the exact item and package before ordering.",,Painting Tools & Accessories > Tools,"paint tray, paint container, painting accessory, paint tray liner",Richard,ARICHAR,https://raw.githubusercontent.com/kinggoff/NewSteelesImages/main/review-images/RIC-000000259-richard-hd-plastic-tray-liner-92068.png?raw=true,Image Added,,,,,,,,,,,,,,,ca0a98d334b7e76c9334f5e5b30cee73cd7aa5910970548de12b1ed2a26cea5f,e709f4a850342963bb9e749b7e17a50a7a558efdf758389d43848be8e19894bc
simple,Richard H.D. Jumbo Plastic Tray,259,RIC-000000260,,"Richard H.D. Jumbo Plastic Tray is a paint tray or tray set for loading rollers and holding a practical working quantity of coating during application. Choose the listed size for the surface and coating, then clean or dispose of the applicator according to current product guidance. Confirm the exact item and package before ordering.",,Painting Tools & Accessories > Tools,"paint tray, paint container, painting accessory, paint roller tray",Richard,ARICHAR,https://raw.githubusercontent.com/kinggoff/NewSteelesImages/main/review-images/RIC-000000260-richard-hd-jumbo-plastic-tray.png?raw=true,Image Added,,,,,,,,,,,,,,,0ee800599ec296639f5e086cae9430357fbfaa3a38f4e302c6e356e88af5db80,e5f0c071af966e2c1a9bbb4c221b447fc0836a41cf5b36dbc79c4f106deae8ee
simple,"Richard Fat Boy 2 1/2"" Oval Angle Brush",260,RIC-000000261,,"Richard Fat Boy 2 1/2"" Oval Angle Brush is a purpose-shaped brush for controlled application of compatible paint, stain or decorative coating; its filament style and profile suit the task named in the product. Choose the listed size for the surface and coating, then clean or dispose of the applicator according to current product guidance.",,Painting Tools & Accessories > Tools,"angled paint brush, sash brush, paint applicator, painting tool",Richard,ARICHAR,https://raw.githubusercontent.com/kinggoff/NewSteelesImages/main/review-images/RIC-000000261-richard-fat-boy-2-5-oval-angle-brush.png?raw=true,Image Added,,,,,,,,,,,,,,,c09b879e670cf9ec683341b3c832b2550b72e1a9e8c2f19234e195f619c76300,6da4a9832ed41a76221b34095ffc2f1550e1db562aeaa4baf147a46e0cfc6b42
simple,Richard Ergo-Grip Hand Sander Rub-18350,261,RIC-000000262,,"Richard Ergo-Grip Hand Sander Rub-18350 is a manual sanding holder or replacement pad for keeping abrasive material supported while smoothing walls, wood or repaired surfaces. Match it to the surface, work progressively, and use suitable eye, hand and respiratory protection for the material being removed.",,Painting Tools & Accessories > Tools,"hand sander, surface preparation tool, abrasive tool, painting tool",Richard,ARICHAR,https://raw.githubusercontent.com/kinggoff/NewSteelesImages/main/review-images/RIC-000000262-richard-ergo-grip-hand-sander-rub-18350.png?raw=true,Image Added,,,,,,,,,,,,,,,b290529055f64b4377835cfdd5f81b83af4de73ad2d4b365f4b20982bac362b4,be703836e95d595beed28476c8ad027122f94f839be055126807edf3335287f4
simple,Richard Drywall Saw Ergo-Grip,262,RIC-000000263,,"Richard Drywall Saw Ergo-Grip is a hand saw for making controlled cut-outs in drywall during repair and installation work. Selection should be based on the specific task, material, working conditions and compatible products in the complete system. Match it to the surface, work progressively, and use suitable eye, hand and respiratory protection for the material being removed.",,Painting Tools & Accessories > Tools,"drywall saw, jab saw, cutting tool, hand tool",Richard,ARICHAR,https://raw.githubusercontent.com/kinggoff/NewSteelesImages/main/review-images/RIC-000000263-richard-drywall-saw-ergo-grip-18828.png?raw=true,Image Added,,,,,,,,,,,,,,,76839145d72f0f06208c29b56d7fe44713a9e372839c91920bd47913c84c23d2,a9263197941eacb63808a4ab4ec4ae1b37c6f017a3d1968aabef63b75f1dcd5a
simple,Richard Drywall Patch 18204,263,RIC-000000264,,"Richard Drywall Patch 18204 is a repair material for filling, patching, glazing, rebuilding or stabilizing the compatible wood, drywall, window or masonry surface indicated by the product name. Apply to a clean, sound surface and follow the label for mixing, layer depth, drying or cure, sanding and topcoating.",,Painting Tools & Accessories > Tools,"drywall patch, wall repair product, patching material, surface repair product",Richard,ARICHAR,https://raw.githubusercontent.com/kinggoff/NewSteelesImages/main/review-images/RIC-000000264-richard-drywall-patch-18204.png?raw=true,Image Added,,,,,,,,,,,,,,,7551212bbbcd8c067abfd4019fe8321af29aac072cca4e74600bb71741d44166,10944bd3c3be9efd136911a516b49ef9ab04124256fc3aa846e1eea015c2deaf
simple,Richard Aluminum Pole Sander,264,RIC-000000265,,"Richard Aluminum Pole Sander is a manual sanding holder or replacement pad for keeping abrasive material supported while smoothing walls, wood or repaired surfaces. Choose the listed size for the surface and coating, then clean or dispose of the applicator according to current product guidance. Confirm the exact item and package before ordering.",,Painting Tools & Accessories > Tools,"pole sander, drywall sander, surface preparation tool, hand sander",Richard,ARICHAR,https://raw.githubusercontent.com/kinggoff/NewSteelesImages/main/review-images/RIC-000000265-richard-aluminum-pole-sander-18393.png?raw=true,Images for Review,,,,,,,,,,,,,,,75a5b5df419195e6f21d6b3c717f4e6a4e7c598979359bac6718e2bbc3b09861,6e57c55c77ebb311cd8fc46a05d108ece22e640f5c503ed71177a2a42538dff8
simple,Richard Aluminum Round Pole Sander,265,RIC-000000266,,"Richard Aluminum Round Pole Sander is a manual sanding holder or replacement pad for keeping abrasive material supported while smoothing walls, wood or repaired surfaces. Choose the listed size for the surface and coating, then clean or dispose of the applicator according to current product guidance.",,Painting Tools & Accessories > Tools,"pole sander, drywall sander, surface preparation tool, hand sander",Richard,ARICHAR,https://raw.githubusercontent.com/kinggoff/NewSteelesImages/main/review-images/03-ric-000000266-richard-aluminum-round-pole-sander.webp?raw=true,Image Added,,,,,,,,,,,,,,,61c4ddbe3addf469d50acbb21973c2daee118aa51097866d0db39393a05b0844,df5c1378197b8b7dfc3ee9c2ea7f84e7c492abe7557f28645a672f3290747da6
simple,Richard Ergo-Grip Taping Knife,266,RIC-000000267,,"Richard Ergo-Grip Taping Knife is a hand-finishing tool for applying, shaping or smoothing patching compound, joint compound, filler or wallcovering material. Match it to the surface, work progressively, and use suitable eye, hand and respiratory protection for the material being removed. Confirm the exact item and package before ordering.",,Painting Tools & Accessories > Tools,"drywall taping knife, drywall finishing tool, hand tool, surface repair tool",Richard,ARICHAR,https://raw.githubusercontent.com/kinggoff/NewSteelesImages/main/review-images/RIC-000000267-richard-ergo-grip-taping-knife.png?raw=true,Images for Review,,,,,,,,,,,,,,,16ef021ce04ecb6f2cc978a08362b3260a1c5288614f295407db11203b01b41e,7b0a0b9748a7623bc0b781eb546abb9f092caf1ee5ab6caf99b090bcb23257d0
simple,Richard Heavy Duty Floor Scraper,267,RIC-000000268,,"Richard Heavy Duty Floor Scraper is a hand scraper for removing loose paint, adhesive residue, coatings or surface buildup during preparation and cleanup. Match it to the surface, work progressively, and use suitable eye, hand and respiratory protection for the material being removed. Confirm the exact item and package before ordering.",,Painting Tools & Accessories > Tools,"scraper, surface preparation tool, hand tool, painting tool",Richard,ARICHAR,https://raw.githubusercontent.com/kinggoff/NewSteelesImages/main/review-images/04-ric-000000268-richard-heavy-duty-floor-scraper.png?raw=true,Image Added,,,,,,,,,,,,,,,4b8fe24a37fb8aa1089a4539dc02a849b7f962c4a1f3c21088f5ee1c59b26ecb,e7dce7ae4178e97afa4131f663ad00008b8b934b1e65e613fd89308fb0fd6009
simple,Richard Floor Scraper Blade,268,RIC-000000269,,"Richard Floor Scraper Blade is a replacement cutting or scraping blade for the compatible hand tool named in the product; blade style and size should match the holder and task. Match it to the surface, work progressively, and use suitable eye, hand and respiratory protection for the material being removed.",,Painting Tools & Accessories > Tools,"scraper, surface preparation tool, hand tool, painting tool, replacement blade, scraper blade, cutting accessory, hand tool accessory",Richard,ARICHAR,https://raw.githubusercontent.com/kinggoff/NewSteelesImages/main/review-images/RIC-000000269-richard-floor-scraper-blade-13304.png?raw=true,Images for Review,,,,,,,,,,,,,,,8bc69b5b237b31c0839c992c942952c34d6b9767da685554d678d3d630b56d9b,917154bc74bf0a7fcb1f2a60caf0dd370c75b9fd83b4062bceb40c11480ef05e
simple,Richard Scraper Pro Series Rub-114,269,RIC-000000270,,"Richard Scraper Pro Series Rub-114 is a hand scraper for removing loose paint, adhesive residue, coatings or surface buildup during preparation and cleanup. Match it to the surface, work progressively, and use suitable eye, hand and respiratory protection for the material being removed. Confirm the exact item and package before ordering.",,Painting Tools & Accessories > Tools,"scraper, surface preparation tool, hand tool, painting tool",Richard,ARICHAR,https://raw.githubusercontent.com/kinggoff/NewSteelesImages/main/review-images/RIC-000000270-richard-rub-114-taping-knife.png?raw=true,Image Added,,,,,,,,,,,,,,,27085303b4dd724b3ba731c374f265de5c92d7f968c0dfe7def6e286c16d0757,7eba6bbf3b1d767d3daf2eae84e4d2b8c9d3f97740f2ee0b8c622be2f16caf50
simple,Richard Stainless Steel Putty Knife,270,RIC-000000271,,"Richard Stainless Steel Putty Knife is a hand-finishing tool for applying, shaping or smoothing patching compound, joint compound, filler or wallcovering material. Match it to the surface, work progressively, and use suitable eye, hand and respiratory protection for the material being removed. Confirm the exact item and package before ordering.",,Painting Tools & Accessories > Tools,"putty knife, filling knife, surface repair tool, hand tool",Richard,ARICHAR,https://raw.githubusercontent.com/kinggoff/NewSteelesImages/main/review-images/RIC-000000271-richard-stainless-steel-putty-knife.png?raw=true,Images for Review,,,,,,,,,,,,,,,109f1dc272d5b000d122db06d1a627da57ea61000fe536ceb51662a5a82f2a52,19e6cb50b92c1476c362a75c649b6bbbcd2d7767dd569b7b26f568a929b6e18b
simple,"Richard 2 1/2"" Goose Neck Flexible Paint Brush",271,RIC-000000272,,"Richard 2 1/2"" Goose Neck Flexible Paint Brush is a purpose-shaped brush for controlled application of compatible paint, stain or decorative coating; its filament style and profile suit the task named in the product. Choose the listed size for the surface and coating, then clean or dispose of the applicator according to current product guidance.",,Painting Tools & Accessories > Tools,"angled paint brush, sash brush, paint applicator, painting tool, paint brush, bristle brush",Richard,ARICHAR,https://raw.githubusercontent.com/kinggoff/NewSteelesImages/main/review-images/RIC-000000272-richard-goose-neck-brush-80833.png?raw=true,Image Added,,,,,,,,,,,,,,,63e5cc021c8a02b941258ce234e9828b7434e66f8237715d2f1d6a7f6e96b842,ed796a5c543196bc88284a6cf8f7ad802c23041fc03a1baba4079ebc23fc6d98
simple,Richard Ergo-Grip Scraper,272,RIC-000000273,,"Richard Ergo-Grip Scraper is a hand scraper for removing loose paint, adhesive residue, coatings or surface buildup during preparation and cleanup. Match it to the surface, work progressively, and use suitable eye, hand and respiratory protection for the material being removed. Confirm the exact item and package before ordering.",,Painting Tools & Accessories > Tools,"scraper, surface preparation tool, hand tool, painting tool",Richard,ARICHAR,https://raw.githubusercontent.com/kinggoff/NewSteelesImages/main/review-images/RIC-000000273-richard-ergo-grip-razor-scraper.png?raw=true,Images for Review,,,,,,,,,,,,,,,f51423b1aa03be681324deaa352d80e9703442eceabb7bb65263954b91a43781,f25982f1760faeb37a8f077e87a89d8df45615ec31b2ea740ddb7828e4da1a71
simple,Richard New Plastic Pole Sander,273,RIC-000000274,,"Richard New Plastic Pole Sander is a manual sanding holder or replacement pad for keeping abrasive material supported while smoothing walls, wood or repaired surfaces. Choose the listed size for the surface and coating, then clean or dispose of the applicator according to current product guidance. Confirm the exact item and package before ordering.",,Painting Tools & Accessories > Tools,"pole sander, drywall sander, surface preparation tool, hand sander",Richard,ARICHAR,https://raw.githubusercontent.com/kinggoff/NewSteelesImages/main/review-images/RIC-000000274-richard-plastic-pole-sander-18300.png?raw=true,Image Added,,,,,,,,,,,,,,,ee2d6492f633c0bc1cf8ae44901c3f55616f7e49a886bd5413a4a404b3072f1b,4c06ce9c5b7ffe50b6d031732c05ac016b35de7d4b1ec41e0e0c04729d941618
simple,Richard Mini Wire Brush,274,RIC-000000275,,"Richard Mini Wire Brush is a paint or decorative-finish brush whose stated shape, filament and size are intended to provide control for the named application. Choose the listed size for the surface and coating, then clean or dispose of the applicator according to current product guidance. Confirm the exact item and package before ordering.",,Painting Tools & Accessories > Tools,"wire brush, surface preparation brush, rust-removal tool, hand tool",Richard,ARICHAR,https://raw.githubusercontent.com/kinggoff/NewSteelesImages/main/review-images/RIC-000000275-richard-mini-wire-brush-03281.png?raw=true,Images for Review,,,,,,,,,,,,,,,7294bf1aa3a934d0dcd10b8dd047e6ed347ea6c39216ae578f72a0f89784b1f2,d87e6839980f9f2dd23c3a30e45c979fed0f018d4d2ac3b360c321c225e4d542
simple,Paint Pad Sp2,275,RIC-000000276,,"Paint Pad Sp2 from Richard is a pad-style applicator for spreading compatible paint, stain or finish across flat surfaces with direct hand control. It is intended to give the applicator practical control over loading, placement and finish on the matching surface area. Choose the listed size for the surface and coating, then clean or dispose of the applicator according to current product guidance.",,Painting Tools & Accessories > Tools,"paint pad, flat paint applicator, painting tool, coating applicator",Richard,ARICHAR,https://raw.githubusercontent.com/kinggoff/NewSteelesImages/main/review-images/RIC-000000276-richard-paint-pad-sp2.png?raw=true,Image Added,,,,,,,,,,,,,,,0a46c764afb6f6f2464cfa87d4523190bc6a391ef86b8ad5ba4eb725846d042b,3cb5e73bdf1605122a1babe63fc0a103d2df9d4a5e924c5bda61290f65172c9d
simple,Window Scraper Blades,276,RIC-000000277,,"Window Scraper Blades from Richard is a replacement cutting or scraping blade for the compatible hand tool named in the product; blade style and size should match the holder and task. Match it to the surface, work progressively, and use suitable eye, hand and respiratory protection for the material being removed.",,Painting Tools & Accessories > Tools,"scraper, surface preparation tool, hand tool, painting tool, replacement blade, scraper blade, cutting accessory, hand tool accessory",Richard,ARICHAR,https://raw.githubusercontent.com/kinggoff/NewSteelesImages/main/review-images/RIC-000000277-richard-window-scraper-blades.png?raw=true,Images for Review,,,,,,,,,,,,,,,dc79209893d95d6def4b568076365f6ea00026e650fed5a488dec163213af10a,e9b3b2ac108fd68010dfd289b5fab7a4735894250fe1249cc4664ee0510332d0
simple,Drywall Knife Richard Rub-Rw-10-Ab,277,RIC-000000278,,"Drywall Knife Richard Rub-Rw-10-Ab from Richard is a hand-finishing tool for applying, shaping or smoothing patching compound, joint compound, filler or wallcovering material. Match it to the surface, work progressively, and use suitable eye, hand and respiratory protection for the material being removed.",,Painting Tools & Accessories > Tools,"drywall taping knife, drywall finishing tool, hand tool, surface repair tool",Richard,ARICHAR,https://raw.githubusercontent.com/kinggoff/NewSteelesImages/main/review-images/RIC-000000278-richard-rw-10-ab-drywall-knife.png?raw=true,Image Added,,,,,,,,,,,,,,,5495044b0ce09090801e61aea4c6ed77dbb948854267c6df81cdabcfe422842d,b517baa525d95d4bbb995fcf3a7c569786ca55f46c2d96a813ec3bfba9f1aa9f
simple,Seam Buster Double Cutter Advance,278,AE-000000279,,"Seam Buster Double Cutter Advance from Advance Equipment is a wallcovering installation tool for pressing seams or making controlled double cuts during wallpaper application. Review the listed format and current manufacturer instructions to confirm compatibility, safe use, cleaning and storage for the intended job.",,Painting Tools & Accessories > Tools,"wallpaper seam cutter, double-cut tool, wallcovering tool, cutting tool",Advance Equipment,ADV01-S,https://raw.githubusercontent.com/kinggoff/NewSteelesImages/main/review-images/AE-000000279-advance-seam-buster-51101.png?raw=true,Image Added,,,,,,,,,,,,,,,61e040d7b31a065eed7873b900da4d734d8733520d273439a0c982af9b0f7ded,5c87536ba4c1e2e9aa47b6a0770e9526d39ea127b1a0e2b3b33e7bf0e1a984fd
simple,Advance Quick Truss Door Painting Stands,279,AE-000000280,,"Advance Quick Truss Door Painting Stands from Advance Equipment is a coating formulated for the interior, exterior, specialty or industrial use indicated by its product name and category. Review the listed format and current manufacturer instructions to confirm compatibility, safe use, cleaning and storage for the intended job.",,Painting Tools & Accessories > Tools,"door painting stand, work support, painting accessory, finishing stand",Advance Equipment,ADV01-S,https://raw.githubusercontent.com/kinggoff/NewSteelesImages/main/review-images/AE-000000280-advance-quicktruss-q300-door-painting-stands.png?raw=true,Image Added,,,,,,,,,,,,,,,5b51680bc283434a5fb4bc589813465a3d71875293512e6cf4aca38973a3822f,1b176e4cefefc7a2ee3eb39d62817fa99f5c7a5d4a1a6193e2195c60706d7d01
simple,"Advance Equipment 2"" Stainless Steel Seam Roller",280,AE-000000281,,"Advance Equipment 2"" Stainless Steel Seam Roller is a wallcovering installation tool for pressing seams or making controlled double cuts during wallpaper application. Choose the listed size for the surface and coating, then clean or dispose of the applicator according to current product guidance. Confirm the exact item and package before ordering.",,Painting Tools & Accessories > Tools,"wallpaper seam roller, wallcovering tool, smoothing roller, installation tool",Advance Equipment,ADV01-S,https://raw.githubusercontent.com/kinggoff/NewSteelesImages/main/review-images/AE-000000281-advance-684-stainless-steel-seam-roller.png?raw=true,Image Added,,,,,,,,,,,,,,,620d7c80c2ebf1bda842b3f5491c150cd2cb4fa741c9384bd54ded3bfb02fddd,e62ca86dc5b24cb6afb4087fa6cc8ab1326baa5d18fefbf957c72ea33b0ec7f2
simple,"Advance Equipment 2"" Plastic Oval Seam Roller",281,AE-000000282,,"Advance Equipment 2"" Plastic Oval Seam Roller is a wallcovering installation tool for pressing seams or making controlled double cuts during wallpaper application. Choose the listed size for the surface and coating, then clean or dispose of the applicator according to current product guidance. Confirm the exact item and package before ordering.",,Painting Tools & Accessories > Tools,"wallpaper seam roller, wallcovering tool, smoothing roller, installation tool",Advance Equipment,ADV01-S,https://raw.githubusercontent.com/kinggoff/NewSteelesImages/main/review-images/AE-000000282-advance-695-plastic-oval-seam-roller.png?raw=true,Image Added,,,,,,,,,,,,,,,0dd5d865b915ccb38f866b5b8c476f47b3ae3ff9f32da56fe5ce6c13e6c405f1,675bc5229d07712317a138f2b2aafc417b765048dda0e913376ad6267fc42ac8
simple,Advance Equipment Plastic Flat Seam Roller,282,AE-000000283,,"Advance Equipment Plastic Flat Seam Roller is a wallcovering installation tool for pressing seams or making controlled double cuts during wallpaper application. Choose the listed size for the surface and coating, then clean or dispose of the applicator according to current product guidance. Confirm the exact item and package before ordering.",,Painting Tools & Accessories > Tools,"wallpaper seam roller, wallcovering tool, smoothing roller, installation tool",Advance Equipment,ADV01-S,https://raw.githubusercontent.com/kinggoff/NewSteelesImages/main/review-images/AE-000000283-advance-694-plastic-flat-seam-roller.png?raw=true,Image Added,,,,,Variants,"1 1/2"" | 2""",1,1,,,,,,,2ff5feac39f61c0f03f391112aaa9f21a06d4aebb5890ae2d143962383bf396c,d2b3ba85f86a6cd0e3a84b9b637019c20daee8e55b5fde854c0ab230964fb749
simple,Floor Guard 400 Sq Ft Wide,283,ANC-000000284,,"Floor Guard 400 Sq Ft Wide from Anchor is a temporary surface-protection material for covering floors, furniture or adjacent areas against dust, drips and ordinary painting debris. Lay it over a clean, dry area, secure the edges safely, and confirm that any adhesive or film suits the underlying finish.",,Painting Tools & Accessories > Paint Prep & Repairs,"floor protection, surface protection material, protective paper, painting accessory",Anchor,ANC01,https://raw.githubusercontent.com/kinggoff/NewSteelesImages/main/review-images/ANC-000000284-floor-guard-400-sq-ft.png?raw=true,Image Added,,,,,,,,,,,,,,,489a78ea0d909f0b798e60d781814ba0447291c1be2d011ea98ad81b9267b29c,24d54381a53bcfdf4f61368277f22e242382559b759f255687ee98725f237526
simple,Anchored Rubber Coated Paper (86),284,ANC-000000285,,"Anchored Rubber Coated Paper (86) is a temporary surface-protection material for covering floors, furniture or adjacent areas against dust, drips and ordinary painting debris. Lay it over a clean, dry area, secure the edges safely, and confirm that any adhesive or film suits the underlying finish. Confirm the exact item and package before ordering.",,Painting Tools & Accessories > Paint Prep & Repairs,"floor protection, surface protection material, protective paper, painting accessory",Anchor,ANC01,https://raw.githubusercontent.com/kinggoff/NewSteelesImages/main/review-images/ANC-000000285-anchored-rubberized-floor-paper.png?raw=true,Images for Review,,,,,,,,,,,,,,,8a7bd508b7de1912d088851bfe5a50621f365083b5337238df9a2c5a5bcf1360,779d2651b8482e7760a68b3a2bb61a9411c471aefd652486b6fd8257e456bd9a
simple,ANCHORED COATED PAPER 700sq ft W(77),285,ANC-000000286,,"ANCHORED COATED PAPER 700sq ft W(77) is a temporary surface-protection material for covering floors, furniture or adjacent areas against dust, drips and ordinary painting debris. Lay it over a clean, dry area, secure the edges safely, and confirm that any adhesive or film suits the underlying finish.",,Painting Tools & Accessories > Paint Prep & Repairs,"floor protection, surface protection material, protective paper, painting accessory",Anchor,ANC01,https://raw.githubusercontent.com/kinggoff/NewSteelesImages/main/review-images/ANC-000000286-anchored-coated-paper-700-sq-ft.png?raw=true,Images for Review,,,,,,,,,,,,,,,8a7bd508b7de1912d088851bfe5a50621f365083b5337238df9a2c5a5bcf1360,0708433c542f24df5f2fcc0672b913c3a5a64e148fb660507a1708264addb3c4
simple,Wonder Wipes 100,286,ATR-000000287,,"Wonder Wipes 100 from Atrium is a wiping material for removing dust, grime or light jobsite residue during surface preparation and cleanup. Review the listed format and current manufacturer instructions to confirm compatibility, safe use, cleaning and storage for the intended job. Confirm the exact item and package before ordering.",,Painting Tools & Accessories > Paint Prep & Repairs,"cleaning wipes, multi-purpose wipes, surface cleaning product, pre-moistened wipes",Atrium,ATRIUM,https://raw.githubusercontent.com/kinggoff/NewSteelesImages/main/review-images/ATR-000000287-everbuild-wonder-wipes-100.png?raw=true,Image Added,,,,,,,,,,,,,,,45ca1e30e7c1053f1048a1c918021cd7672c5a227dcd32012544b667504f2fd0,8efc94d86a48c0cd09dc340b7dcbff90aa307ae5491e62b3bcde4448c7736768
simple,Mitre Bond Adhesive,287,ATR-000000288,,"Mitre Bond Adhesive from Atrium is an adhesive or repair compound for joining compatible materials; bond strength depends on surface preparation, fit, cure and the specific substrates involved. Prepare both surfaces and follow the label for mixing where required, open or working time, assembly, clamping and cure.",,Painting Tools & Accessories > Paint Prep & Repairs,"instant adhesive, cyanoacrylate adhesive, two-part adhesive system, woodworking adhesive",Atrium,ATRIUM,https://raw.githubusercontent.com/kinggoff/NewSteelesImages/main/review-images/ATR-000000288-everbuild-mitre-fast-bonding-kit.png?raw=true,Images for Review,,,,,,,,,,,,,,,9014a002b6f262d2d361c6211fc8199f76f40603d7e006d81b370907a464a030,0c5ff78e668f09d631df0803706ce4f49780b8cc38f108e2f7cc5d3f11bbad69
simple,Mammoth Double Sided Tape 2.5 Meters,288,ATR-000000289,,"Mammoth Double Sided Tape 2.5 Meters from Atrium is a masking or project tape for defining paint lines, securing protection or joining compatible materials during preparation and finishing work. Review the listed format and current manufacturer instructions to confirm compatibility, safe use, cleaning and storage for the intended job.",,Painting Tools & Accessories > Paint Prep & Repairs,"double-sided tape, mounting tape, pressure-sensitive adhesive, repair tape",Atrium,ATRIUM,https://raw.githubusercontent.com/kinggoff/NewSteelesImages/main/review-images/ATR-000000289-everbuild-mammoth-double-sided-tape-25mm-x-2-5m.png?raw=true,Images for Review,,,,,,,,,,,,,,,524a1c28a33860368a071def8f98051372634ac2d1d24513b8d5a28f49f58a2f,70e084710fd49252e400a1f0c00f82306cf8d6e204af25f77cc56ec65c994901
simple,Insl-X Fire Retardant Latex - Flat White,289,I-000000290,,"Insl-X Fire Retardant Latex - Flat White is a coating formulated for the interior, exterior, specialty or industrial use indicated by its product name and category. Confirm preparation, compatibility, application, coverage and recoat requirements in the current label or technical data sheet. Confirm the exact item and package before ordering.",,Paints > Interior,"fire-retardant paint, protective coating, interior coating, architectural paint",Insl-X,MOO01,https://raw.githubusercontent.com/kinggoff/NewSteelesImages/main/review-images/I-000000290-insl-x-fire-retardant-flat-white.png?raw=true,Image Added,,,,,,,,,Flat White FR-210=https://raw.githubusercontent.com/kinggoff/NewSteelesImages/main/PDFs/SDS/insl-x-FR-2100_SDS_EN.pdf?raw=true,Flat White FR-210=https://raw.githubusercontent.com/kinggoff/NewSteelesImages/main/PDFs/TDS/insl-x-FR-210_TDS_EN.pdf?raw=true,Flat White FR-210=https://raw.githubusercontent.com/kinggoff/NewSteelesImages/main/PDFs/SDS/insl-x-FR-2100_SDS_EN.pdf?raw=true,,Flat White FR-210=https://raw.githubusercontent.com/kinggoff/NewSteelesImages/main/PDFs/TDS/insl-x-FR-210_TDS_EN.pdf?raw=true,,089a660785f475f6f3295f4efe0f7610e68e5d9eda4143ed5f7d05a86b99c60e,3f45f1543a3c31e2827f994990ec8bc0b0ab7e30e5f28ed7246aa66263bb7f1e
simple,Benjamin Moore High Performance Epoxy Floor Sealer,290,BM-000000291,,"Benjamin Moore High Performance Epoxy Floor Sealer is an epoxy coating or repair system for the compatible floor, concrete, wood or assembly application named in the product. Follow the label for component mixing, pot life, film thickness, application conditions and full cure before service. Confirm the exact item and package before ordering.",,Commercial & Industrial > Epoxy,"epoxy floor sealer, concrete sealer, industrial floor coating, two-part epoxy",Benjamin Moore,MOO01,https://raw.githubusercontent.com/kinggoff/NewSteelesImages/main/review-images/BM-000000291-benjamin-moore-hp1560-epoxy-floor-sealer.png?raw=true,Image Added,,,,,,,,,HP1560-00FR Clear Sealer=https://raw.githubusercontent.com/kinggoff/NewSteelesImages/main/PDFs/SDS/benjamin-moore-HP1560-00FR_SDS_EN.pdf?raw=true|HP1560-90FR Catalyst=https://raw.githubusercontent.com/kinggoff/NewSteelesImages/main/PDFs/SDS/benjamin-moore-HP1560-90FR_SDS_EN.pdf?raw=true,HP1560FR=https://raw.githubusercontent.com/kinggoff/NewSteelesImages/main/PDFs/TDS/benjamin-moore-HP1560_TDS_CE.pdf?raw=true,HP1560-00FR Clear Sealer=https://raw.githubusercontent.com/kinggoff/NewSteelesImages/main/PDFs/SDS/benjamin-moore-HP1560-00FR_SDS_EN.pdf?raw=true|HP1560-90FR Catalyst=https://raw.githubusercontent.com/kinggoff/NewSteelesImages/main/PDFs/SDS/benjamin-moore-HP1560-90FR_SDS_EN.pdf?raw=true,,HP1560FR=https://raw.githubusercontent.com/kinggoff/NewSteelesImages/main/PDFs/TDS/benjamin-moore-HP1560_TDS_CE.pdf?raw=true,,b28a875803fafee7cd2e89b3295865170993ee0554fbd1debcc410ea4c402801,c7b7a4bd2b63bf8a7847889726d622515afb9c32a9f02448abaaff4c6b51f660
simple,Benjamin Moore High Performance Alkyd Urethane,291,BM-000000292,,"Benjamin Moore High Performance Alkyd Urethane is a high-performance alkyd-urethane coating for compatible prepared commercial and industrial surfaces where a hard service finish is required. Confirm preparation, compatibility, application, coverage and recoat requirements in the current label or technical data sheet.",,Commercial & Industrial > Paints,"alkyd urethane coating, industrial enamel, protective coating, industrial paint",Benjamin Moore,MOO01,https://raw.githubusercontent.com/kinggoff/NewSteelesImages/main/review-images/BM-000000292-benjamin-moore-hp2210-alkyd-urethane.png?raw=true,Images for Review,Finishes,Gloss | Semi-Gloss,1,1,,,,,HP2210-01FR White=https://raw.githubusercontent.com/kinggoff/NewSteelesImages/main/PDFs/SDS/benjamin-moore-HP2210-01FR_SDS_EN.pdf?raw=true|HP2210-7BFR Base=https://raw.githubusercontent.com/kinggoff/NewSteelesImages/main/PDFs/SDS/benjamin-moore-HP2210-7BFR_SDS_EN.pdf?raw=true|HP2210-80FR Black=https://raw.githubusercontent.com/kinggoff/NewSteelesImages/main/PDFs/SDS/benjamin-moore-HP2210-80FR_SDS_EN.pdf?raw=true|HP2210-8BFR Base=https://raw.githubusercontent.com/kinggoff/NewSteelesImages/main/PDFs/SDS/benjamin-moore-HP2210-8BFR_SDS_EN.pdf?raw=true|HP2210-9BFR Clear Base=https://raw.githubusercontent.com/kinggoff/NewSteelesImages/main/PDFs/SDS/benjamin-moore-HP2210-9BFR_SDS_EN.pdf?raw=true,HP2210FR Semi-Gloss=https://raw.githubusercontent.com/kinggoff/NewSteelesImages/main/PDFs/TDS/benjamin-moore-HP2210_TDS_CE.pdf?raw=true,HP2210-01FR White=https://raw.githubusercontent.com/kinggoff/NewSteelesImages/main/PDFs/SDS/benjamin-moore-HP2210-01FR_SDS_EN.pdf?raw=true|HP2210-7BFR Base=https://raw.githubusercontent.com/kinggoff/NewSteelesImages/main/PDFs/SDS/benjamin-moore-HP2210-7BFR_SDS_EN.pdf?raw=true|HP2210-80FR Black=https://raw.githubusercontent.com/kinggoff/NewSteelesImages/main/PDFs/SDS/benjamin-moore-HP2210-80FR_SDS_EN.pdf?raw=true|HP2210-8BFR Base=https://raw.githubusercontent.com/kinggoff/NewSteelesImages/main/PDFs/SDS/benjamin-moore-HP2210-8BFR_SDS_EN.pdf?raw=true|HP2210-9BFR Clear Base=https://raw.githubusercontent.com/kinggoff/NewSteelesImages/main/PDFs/SDS/benjamin-moore-HP2210-9BFR_SDS_EN.pdf?raw=true,,HP2210FR Semi-Gloss=https://raw.githubusercontent.com/kinggoff/NewSteelesImages/main/PDFs/TDS/benjamin-moore-HP2210_TDS_CE.pdf?raw=true,,097a1f1ca4350311dbda33867992de953a6693b09b2625d61bbe164dd85b4c7c,8c572e3f37faf3d3086500952382502ad07382de22623b6510bd2d3839f4114c
simple,Benjamin Moore High Performance Quick-Dry Alkyd Enamel,292,BM-000000293,,"Benjamin Moore High Performance Quick-Dry Alkyd Enamel is a coating formulated for the interior, exterior, specialty or industrial use indicated by its product name and category. Confirm preparation, compatibility, application, coverage and recoat requirements in the current label or technical data sheet.",,Commercial & Industrial > Paints,"alkyd enamel, industrial enamel, protective coating, industrial paint",Benjamin Moore,MOO01,https://raw.githubusercontent.com/kinggoff/NewSteelesImages/main/review-images/BM-000000293-benjamin-moore-hp2300-quick-dry-alkyd-enamel.png?raw=true,Image Added,,,,,,,,,HP2300-01FR White=https://raw.githubusercontent.com/kinggoff/NewSteelesImages/main/PDFs/SDS/benjamin-moore-HP2300-01FR_SDS_EN.pdf?raw=true,HP2300FR Gloss=https://raw.githubusercontent.com/kinggoff/NewSteelesImages/main/PDFs/TDS/benjamin-moore-HP2300_TDS_CE.pdf?raw=true,HP2300-01FR White=https://raw.githubusercontent.com/kinggoff/NewSteelesImages/main/PDFs/SDS/benjamin-moore-HP2300-01FR_SDS_EN.pdf?raw=true,,HP2300FR Gloss=https://raw.githubusercontent.com/kinggoff/NewSteelesImages/main/PDFs/TDS/benjamin-moore-HP2300_TDS_CE.pdf?raw=true,,71c3e46d253a14f7c0039e195198f717d36dd5c357b8bacf068b9e664b292efb,9d574cf2977cd0dfaaec632d2675d68c8c17863c4ccb2108b4c3015da694ecfb
simple,Benjamin Moore High Performance Rapid-Dry Alkyd Enamel,293,BM-000000294,,"Benjamin Moore High Performance Rapid-Dry Alkyd Enamel is a coating formulated for the interior, exterior, specialty or industrial use indicated by its product name and category. Confirm preparation, compatibility, application, coverage and recoat requirements in the current label or technical data sheet.",,Commercial & Industrial > Paints,"alkyd enamel, industrial enamel, protective coating, industrial paint",Benjamin Moore,MOO01,https://raw.githubusercontent.com/kinggoff/NewSteelesImages/main/review-images/BM-000000294-benjamin-moore-hp2400-rapid-dry-alkyd-enamel.png?raw=true,Image Added,,,,,,,,,HP2400-7BFR=https://raw.githubusercontent.com/kinggoff/NewSteelesImages/main/PDFs/SDS/benjamin-moore-HP2400-7BFR_SDS_EN.pdf?raw=true|HP2400-10FR=https://raw.githubusercontent.com/kinggoff/NewSteelesImages/main/PDFs/SDS/benjamin-moore-HP2400-10FR_SDS_EN.pdf?raw=true|HP2400-80FR=https://raw.githubusercontent.com/kinggoff/NewSteelesImages/main/PDFs/SDS/benjamin-moore-HP2400-80FR_SDS_EN.pdf?raw=true|HP2400-9BFR=https://raw.githubusercontent.com/kinggoff/NewSteelesImages/main/PDFs/SDS/benjamin-moore-HP2400-9BFR_SDS_EN.pdf?raw=true|HP2400-8BFR=https://raw.githubusercontent.com/kinggoff/NewSteelesImages/main/PDFs/SDS/benjamin-moore-HP2400-8BFR_SDS_EN.pdf?raw=true,HP2400FR Gloss=https://raw.githubusercontent.com/kinggoff/NewSteelesImages/main/PDFs/TDS/benjamin-moore-HP2400_TDS_CE.pdf?raw=true,HP2400-7BFR=https://raw.githubusercontent.com/kinggoff/NewSteelesImages/main/PDFs/SDS/benjamin-moore-HP2400-7BFR_SDS_EN.pdf?raw=true|HP2400-10FR=https://raw.githubusercontent.com/kinggoff/NewSteelesImages/main/PDFs/SDS/benjamin-moore-HP2400-10FR_SDS_EN.pdf?raw=true|HP2400-80FR=https://raw.githubusercontent.com/kinggoff/NewSteelesImages/main/PDFs/SDS/benjamin-moore-HP2400-80FR_SDS_EN.pdf?raw=true|HP2400-9BFR=https://raw.githubusercontent.com/kinggoff/NewSteelesImages/main/PDFs/SDS/benjamin-moore-HP2400-9BFR_SDS_EN.pdf?raw=true|HP2400-8BFR=https://raw.githubusercontent.com/kinggoff/NewSteelesImages/main/PDFs/SDS/benjamin-moore-HP2400-8BFR_SDS_EN.pdf?raw=true,,HP2400FR Gloss=https://raw.githubusercontent.com/kinggoff/NewSteelesImages/main/PDFs/TDS/benjamin-moore-HP2400_TDS_CE.pdf?raw=true,,dc8bd8cdfa8067ccd74018203eeb494e56e72f140bf70cfa02ca171e2407b0ee,37152db2849b2d849940408e0eb84889147af8e41e6f37e8ad207e45fc5299dc
simple,Benjamin Moore High Performance Waterborne Epoxy,294,BM-000000295,,"Benjamin Moore High Performance Waterborne Epoxy is an epoxy coating or repair system for the compatible floor, concrete, wood or assembly application named in the product. Prepare both surfaces and follow the label for mixing where required, open or working time, assembly, clamping and cure. Confirm the exact item and package before ordering.",,Commercial & Industrial > Epoxy,"epoxy coating, two-part epoxy, protective coating, industrial coating",Benjamin Moore,MOO01,https://raw.githubusercontent.com/kinggoff/NewSteelesImages/main/review-images/BM-000000295-benjamin-moore-hp4400-waterborne-epoxy.png?raw=true,Images for Review,,,,,,,,,HP4400-00FR=https://raw.githubusercontent.com/kinggoff/NewSteelesImages/main/PDFs/SDS/benjamin-moore-HP4400-00FR_SDS_EN.pdf?raw=true|HP4400-7XFR=https://raw.githubusercontent.com/kinggoff/NewSteelesImages/main/PDFs/SDS/benjamin-moore-HP4400-7XFR_SDS_EN.pdf?raw=true|HP4400-8XFR=https://raw.githubusercontent.com/kinggoff/NewSteelesImages/main/PDFs/SDS/benjamin-moore-HP4400-8XFR_SDS_EN.pdf?raw=true|HP4400-9XFR=https://raw.githubusercontent.com/kinggoff/NewSteelesImages/main/PDFs/SDS/benjamin-moore-HP4400-9XFR_SDS_EN.pdf?raw=true|HP4400-70FR=https://raw.githubusercontent.com/kinggoff/NewSteelesImages/main/PDFs/SDS/benjamin-moore-HP4400-70FR_SDS_EN.pdf?raw=true|HP4400-75FR=https://raw.githubusercontent.com/kinggoff/NewSteelesImages/main/PDFs/SDS/benjamin-moore-HP4400-75FR_SDS_EN.pdf?raw=true|HP4400-90FR Catalyst=https://raw.githubusercontent.com/kinggoff/NewSteelesImages/main/PDFs/SDS/benjamin-moore-HP4400-90FR_SDS_EN.pdf?raw=true,HP4400FR Gloss=https://raw.githubusercontent.com/kinggoff/NewSteelesImages/main/PDFs/TDS/benjamin-moore-HP4400_TDS_CE.pdf?raw=true,HP4400-00FR=https://raw.githubusercontent.com/kinggoff/NewSteelesImages/main/PDFs/SDS/benjamin-moore-HP4400-00FR_SDS_EN.pdf?raw=true|HP4400-7XFR=https://raw.githubusercontent.com/kinggoff/NewSteelesImages/main/PDFs/SDS/benjamin-moore-HP4400-7XFR_SDS_EN.pdf?raw=true|HP4400-8XFR=https://raw.githubusercontent.com/kinggoff/NewSteelesImages/main/PDFs/SDS/benjamin-moore-HP4400-8XFR_SDS_EN.pdf?raw=true|HP4400-9XFR=https://raw.githubusercontent.com/kinggoff/NewSteelesImages/main/PDFs/SDS/benjamin-moore-HP4400-9XFR_SDS_EN.pdf?raw=true|HP4400-70FR=https://raw.githubusercontent.com/kinggoff/NewSteelesImages/main/PDFs/SDS/benjamin-moore-HP4400-70FR_SDS_EN.pdf?raw=true|HP4400-75FR=https://raw.githubusercontent.com/kinggoff/NewSteelesImages/main/PDFs/SDS/benjamin-moore-HP4400-75FR_SDS_EN.pdf?raw=true|HP4400-90FR Catalyst=https://raw.githubusercontent.com/kinggoff/NewSteelesImages/main/PDFs/SDS/benjamin-moore-HP4400-90FR_SDS_EN.pdf?raw=true,,HP4400FR Gloss=https://raw.githubusercontent.com/kinggoff/NewSteelesImages/main/PDFs/TDS/benjamin-moore-HP4400_TDS_CE.pdf?raw=true,,1ec9bf2fa3b0d135ae465946ab2d9503e7a55c2e84c79c587bca1f03175a2c45,2afe111179408db4ab9d9360b35e48aaf1b20a09be690048e2bd9232f36c983e
simple,Benjamin Moore Woodluxe Stain Remover,295,BM-000000296,,"Benjamin Moore Woodluxe Stain Remover is a surface-preparation or cleanup product for removing the residue named in the product from compatible materials before refinishing. Test first, then follow the label for dilution, dwell time, rinsing, ventilation and protective equipment. Confirm the exact item and package before ordering.",,Paints > Stains & Varnishes,"wood stain remover, exterior wood stripper, wood finish remover, surface preparation chemical",Benjamin Moore,MOO01,https://raw.githubusercontent.com/kinggoff/NewSteelesImages/main/review-images/05-bm-000000296-benjamin-moore-woodluxe-stain-remover.png?raw=true,Image Added,,,,,,,,,,,,,,,382049b66462ecf09ec1e3f5fd0d1bc1bff2770a3de9db5b9140193c06c288f3,f59f7fed03f43fbede6f08dce15e22ef9351bd3009361638bec4bc0c2e9a376c
simple,Benjamin Moore Woodluxe Wood Restorer,296,BM-000000297,,"Benjamin Moore Woodluxe Wood Restorer is a wood-finishing product for colouring, conditioning or protecting the compatible interior or exterior wood surface named in the product. Confirm preparation, compatibility, application, coverage and recoat requirements in the current label or technical data sheet.",,Paints > Stains & Varnishes,"wood restorer, wood treatment, wood restoration product, surface preparation chemical",Benjamin Moore,MOO01,https://raw.githubusercontent.com/kinggoff/NewSteelesImages/main/review-images/06-bm-000000297-benjamin-moore-woodluxe-wood-restorer.png?raw=true,Image Added,,,,,,,,,,,,,,,9be28294d7cd78245aec3e86862123218c267d9a33da2ec47dd28c513533bddf,404da4b8dfa7e200b30912dc64bc3a5c38cd8fdb6df09e3b0d6f84a80e579299
simple,Benjamin Moore Woodluxe Wood Brightener/Neutralizer,297,BM-000000298,,"Benjamin Moore Woodluxe Wood Brightener/Neutralizer is a wood-finishing product for colouring, conditioning or protecting the compatible interior or exterior wood surface named in the product. Confirm preparation, compatibility, application, coverage and recoat requirements in the current label or technical data sheet.",,Paints > Stains & Varnishes,"wood brightener, wood neutralizer, wood restoration product, surface preparation chemical",Benjamin Moore,MOO01,https://raw.githubusercontent.com/kinggoff/NewSteelesImages/main/review-images/07-bm-000000298-benjamin-moore-woodluxe-wood-brightener-neutralizer.png?raw=true,Image Added,,,,,,,,,,,,,,,4fab66b6d2256104634ce454e5c56f54c12ebc01f7a87872c8c7ff89ae8cfa90,07ffc629bcf1920cab1c7773afc69ce60dfda12487e86343d56dae9fbd01b7db
simple,Benjamin Moore Woodluxe Wood Cleaner,298,BM-000000299,,"Benjamin Moore Woodluxe Wood Cleaner is a surface-preparation or cleanup product for removing the residue named in the product from compatible materials before refinishing. Test first, then follow the label for dilution, dwell time, rinsing, ventilation and protective equipment. Confirm the exact item and package before ordering.",,Paints > Stains & Varnishes,"wood cleaner, wood preparation cleaner, wood restoration product, surface preparation chemical",Benjamin Moore,MOO01,https://raw.githubusercontent.com/kinggoff/NewSteelesImages/main/review-images/08-bm-000000299-benjamin-moore-woodluxe-wood-cleaner.png?raw=true,Image Added,,,,,,,,,,,,,,,ab43caa4ee238cf3b82048e9b21e9a4e29b9728244c6aa649b46311b148ef465,442584362b298aec4e28ec87cb7d2e5701237a8678ea0185935ac4b7f0d5c880
simple,Benjamin Moore Ultra Spec Elastomeric Coating,299,BM-000000300,,"Benjamin Moore Ultra Spec Elastomeric Coating is a coating formulated for the interior, exterior, specialty or industrial use indicated by its product name and category. Confirm preparation, compatibility, application, coverage and recoat requirements in the current label or technical data sheet. Confirm the exact item and package before ordering.",,Paints > Exterior,"elastomeric coating, masonry coating, exterior wall coating, waterproof coating",Benjamin Moore,MOO01,https://raw.githubusercontent.com/kinggoff/NewSteelesImages/main/review-images/09-bm-000000300-benjamin-moore-ultra-spec-elastomeric-coating.png?raw=true,Image Added,,,,,,,,,K359-01 Flat White=https://raw.githubusercontent.com/kinggoff/NewSteelesImages/main/PDFs/SDS/benjamin-moore-K35901_SDS_EN.pdf?raw=true|K359-1X Base 1=https://raw.githubusercontent.com/kinggoff/NewSteelesImages/main/PDFs/SDS/benjamin-moore-K3591X_SDS_EN.pdf?raw=true|K359-2X Base 2=https://raw.githubusercontent.com/kinggoff/NewSteelesImages/main/PDFs/SDS/benjamin-moore-K3592X_SDS_EN.pdf?raw=true|K359-3X Base 3=https://raw.githubusercontent.com/kinggoff/NewSteelesImages/main/PDFs/SDS/benjamin-moore-K3593X_SDS_EN.pdf?raw=true|K359-4X Base 4=https://raw.githubusercontent.com/kinggoff/NewSteelesImages/main/PDFs/SDS/benjamin-moore-K3594X_SDS_EN.pdf?raw=true,K359 Flat=https://raw.githubusercontent.com/kinggoff/NewSteelesImages/main/PDFs/TDS/benjamin-moore-K359_TDS_CE.pdf?raw=true,K359-01 Flat White=https://raw.githubusercontent.com/kinggoff/NewSteelesImages/main/PDFs/SDS/benjamin-moore-K35901_SDS_EN.pdf?raw=true|K359-1X Base 1=https://raw.githubusercontent.com/kinggoff/NewSteelesImages/main/PDFs/SDS/benjamin-moore-K3591X_SDS_EN.pdf?raw=true|K359-2X Base 2=https://raw.githubusercontent.com/kinggoff/NewSteelesImages/main/PDFs/SDS/benjamin-moore-K3592X_SDS_EN.pdf?raw=true|K359-3X Base 3=https://raw.githubusercontent.com/kinggoff/NewSteelesImages/main/PDFs/SDS/benjamin-moore-K3593X_SDS_EN.pdf?raw=true|K359-4X Base 4=https://raw.githubusercontent.com/kinggoff/NewSteelesImages/main/PDFs/SDS/benjamin-moore-K3594X_SDS_EN.pdf?raw=true,,K359 Flat=https://raw.githubusercontent.com/kinggoff/NewSteelesImages/main/PDFs/TDS/benjamin-moore-K359_TDS_CE.pdf?raw=true,,9f2f1773d249cee39cd72a741ff1afa97d83a9047aebd46413352d32bfb01aba,2229408e6a19cee1bfafc0b17e4ee2c04bebbd68ded24b12ec2c8aae8b9efb56
simple,Benjamin Moore Latex Dryfall,300,BM-000000301,,"Benjamin Moore Latex Dryfall is a coating formulated for the interior, exterior, specialty or industrial use indicated by its product name and category. Confirm preparation, compatibility, application, coverage and recoat requirements in the current label or technical data sheet. Confirm the exact item and package before ordering.",,Paints > Interior,"dryfall paint, interior coating, commercial paint, spray-applied coating",Benjamin Moore,MOO01,https://raw.githubusercontent.com/kinggoff/NewSteelesImages/main/review-images/BM-000000301-benjamin-moore-latex-dry-fall-flat.png?raw=true,Images for Review,,,,,,,,,K395-01=https://raw.githubusercontent.com/kinggoff/NewSteelesImages/main/PDFs/SDS/benjamin-moore-K39501_SDS_EN.pdf?raw=true|K395-1X=https://raw.githubusercontent.com/kinggoff/NewSteelesImages/main/PDFs/SDS/benjamin-moore-K3951X_SDS_EN.pdf?raw=true|K395-2X=https://raw.githubusercontent.com/kinggoff/NewSteelesImages/main/PDFs/SDS/benjamin-moore-K3952X_SDS_EN.pdf?raw=true|K395-80=https://raw.githubusercontent.com/kinggoff/NewSteelesImages/main/PDFs/SDS/benjamin-moore-K395380_SDS_EN.pdf?raw=true|K395-4X=https://raw.githubusercontent.com/kinggoff/NewSteelesImages/main/PDFs/SDS/benjamin-moore-K3954X_SDS_EN.pdf?raw=true|K395-3X=https://raw.githubusercontent.com/kinggoff/NewSteelesImages/main/PDFs/SDS/benjamin-moore-K3953X_SDS_EN.pdf?raw=true,K395 Flat=https://raw.githubusercontent.com/kinggoff/NewSteelesImages/main/PDFs/TDS/benjamin-moore-K395_TDS_CE.pdf?raw=true,K395-01=https://raw.githubusercontent.com/kinggoff/NewSteelesImages/main/PDFs/SDS/benjamin-moore-K39501_SDS_EN.pdf?raw=true|K395-1X=https://raw.githubusercontent.com/kinggoff/NewSteelesImages/main/PDFs/SDS/benjamin-moore-K3951X_SDS_EN.pdf?raw=true|K395-2X=https://raw.githubusercontent.com/kinggoff/NewSteelesImages/main/PDFs/SDS/benjamin-moore-K3952X_SDS_EN.pdf?raw=true|K395-80=https://raw.githubusercontent.com/kinggoff/NewSteelesImages/main/PDFs/SDS/benjamin-moore-K395380_SDS_EN.pdf?raw=true|K395-4X=https://raw.githubusercontent.com/kinggoff/NewSteelesImages/main/PDFs/SDS/benjamin-moore-K3954X_SDS_EN.pdf?raw=true|K395-3X=https://raw.githubusercontent.com/kinggoff/NewSteelesImages/main/PDFs/SDS/benjamin-moore-K3953X_SDS_EN.pdf?raw=true,,K395 Flat=https://raw.githubusercontent.com/kinggoff/NewSteelesImages/main/PDFs/TDS/benjamin-moore-K395_TDS_CE.pdf?raw=true,,f6a97bedf1edff207a51c57c5ba7ebb34561b09899e0603f9ecf820c2809b651,f52fe14c618d37f19db28ae4d78751342abfcf92afb4ca9817682ffb68c058c1
simple,Benjamin Moore Paint Extender,301,BM-000000302,,"Benjamin Moore Paint Extender is a coating formulated for the interior, exterior, specialty or industrial use indicated by its product name and category. Confirm preparation, compatibility, application, coverage and recoat requirements in the current label or technical data sheet. Confirm the exact item and package before ordering.",,Paints > Interior,"paint additive, paint conditioner, latex paint additive, flow and levelling additive",Benjamin Moore,MOO01,https://raw.githubusercontent.com/kinggoff/NewSteelesImages/main/review-images/BM-000000302-benjamin-moore-paint-extender-518.png?raw=true,Image Added,,,,,,,,,,,,,,,dcdbd8877844048d1c9254a3500449ba3d38ba1300df8083ef2224cc412fc67a,7f593601cef44a0ec8a5e3379676e7f7293e64c5776390c49b402f92b277222a
simple,Insl-X Sure Step Anti-Slip Coating - Knight Gray,302,I-000000303,,"Insl-X Sure Step Anti-Slip Coating - Knight Gray is a coating formulated for the interior, exterior, specialty or industrial use indicated by its product name and category. Confirm preparation, compatibility, application, coverage and recoat requirements in the current label or technical data sheet.",,Paints > Exterior,"floor paint, porch and patio paint, concrete floor coating, protective coating, anti-slip coating, floor coating, protective sealer, specialty coating",Insl-X,MOO01,https://raw.githubusercontent.com/kinggoff/NewSteelesImages/main/review-images/I-000000303-insl-x-sure-step-anti-slip-knight-gray.png?raw=true,Images for Review,,,,,,,,,Knight Gray NSU-1007FR=https://raw.githubusercontent.com/kinggoff/NewSteelesImages/main/PDFs/SDS/insl-x-NSU-1007FR_SDS_EN.pdf?raw=true,Sure Step NSU-10XXFR=https://raw.githubusercontent.com/kinggoff/NewSteelesImages/main/PDFs/TDS/insl-x-NSU-10XX_TDS_CAE.pdf?raw=true,Knight Gray NSU-1007FR=https://raw.githubusercontent.com/kinggoff/NewSteelesImages/main/PDFs/SDS/insl-x-NSU-1007FR_SDS_EN.pdf?raw=true,,Sure Step NSU-10XXFR=https://raw.githubusercontent.com/kinggoff/NewSteelesImages/main/PDFs/TDS/insl-x-NSU-10XX_TDS_CAE.pdf?raw=true,,4c5a084dbed943ad8ee179d71f27a9118bd1e288dd9a94c6e6dc3f55bd1bf875,19f0d6613f5eef69fca1ae29fc0a4469be7d15c08865630d7b9bc6a1e08669bb
simple,Coronado Rust-A-Void - Semi-Gloss White,303,COR-000000304,,"Coronado Rust-A-Void - Semi-Gloss White is a coating formulated for the interior, exterior, specialty or industrial use indicated by its product name and category. Confirm preparation, compatibility, application, coverage and recoat requirements in the current label or technical data sheet. Confirm the exact item and package before ordering.",,Paints > Exterior,"exterior paint, architectural paint, weather-resistant coating, exterior coating, rust-preventive paint, metal paint, protective enamel, anti-corrosion coating",Coronado,MOO01,https://raw.githubusercontent.com/kinggoff/NewSteelesImages/main/review-images/10-cor-000000304-coronado-rust-a-void---semi-gloss-white.png?raw=true,Image Added,,,,,,,,,R13-1FR Semi-Gloss White=https://raw.githubusercontent.com/kinggoff/NewSteelesImages/main/PDFs/SDS/coronado-R13-1FR_SDS_EN.pdf?raw=true,R13 Semi-Gloss=https://raw.githubusercontent.com/kinggoff/NewSteelesImages/main/PDFs/TDS/coronado-R13_TDS_US.pdf?raw=true,R13-1FR Semi-Gloss White=https://raw.githubusercontent.com/kinggoff/NewSteelesImages/main/PDFs/SDS/coronado-R13-1FR_SDS_EN.pdf?raw=true,,R13 Semi-Gloss=https://raw.githubusercontent.com/kinggoff/NewSteelesImages/main/PDFs/TDS/coronado-R13_TDS_US.pdf?raw=true,,4a500180e40de6469f1c9618942e54a1c57869f849755c4a3ad40c78a34f77fb,69bf4c8487a9a8ac283692293c7e6c234345b7b8ce340b0844b8825b05bdba08
simple,Insl-X Latex Zone Marking Paint,304,I-000000305,,"Insl-X Latex Zone Marking Paint is a marking coating for compatible pavement or traffic-control applications, with the listed colour supporting layout, safety or line-renewal work. Confirm preparation, compatibility, application, coverage and recoat requirements in the current label or technical data sheet.",,Commercial & Industrial > Traffic Paints,"traffic marking paint, line marking paint, industrial coating, pavement marking paint",Insl-X,MOO01,https://raw.githubusercontent.com/kinggoff/NewSteelesImages/main/review-images/I-000000305-insl-x-latex-traffic-marking-paint-white.png?raw=true,Images for Review,,,,,,,,,TP-2210F White=https://raw.githubusercontent.com/kinggoff/NewSteelesImages/main/PDFs/SDS/insl-x-TP-2210F_SDS_EN.pdf?raw=true,TP-22XXF Latex Traffic Paint=https://raw.githubusercontent.com/kinggoff/NewSteelesImages/main/PDFs/TDS/insl-x-TP-22XX_CAE.pdf?raw=true,TP-2210F White=https://raw.githubusercontent.com/kinggoff/NewSteelesImages/main/PDFs/SDS/insl-x-TP-2210F_SDS_EN.pdf?raw=true,,TP-22XXF Latex Traffic Paint=https://raw.githubusercontent.com/kinggoff/NewSteelesImages/main/PDFs/TDS/insl-x-TP-22XX_CAE.pdf?raw=true,,0d181b6af766de99a7464f2184a71a6bd8ea77a8b1a4a8f549bc07eee076a768,856a3efcb961652ae9984a69b98d62e7beef6e55dfaecab9567cbaf9b738dcaf
simple,Benjamin Moore Fresh Start Exterior Wood Primer,305,BM-000000306,,"Benjamin Moore Fresh Start Exterior Wood Primer is a preparatory coating for the substrate or problem condition named in the product, helping create a more uniform surface for compatible topcoats. Confirm preparation, compatibility, application, coverage and recoat requirements in the current label or technical data sheet.",,Paints > Primers,"wood primer, exterior primer, primer sealer, surface preparation coating, primer, basecoat",Benjamin Moore,MOO01,https://raw.githubusercontent.com/kinggoff/NewSteelesImages/main/review-images/11-bm-000000306-benjamin-moore-fresh-start-exterior-wood-primer.png?raw=true,Image Added,,,,,,,,,K100-00 White=https://raw.githubusercontent.com/kinggoff/NewSteelesImages/main/PDFs/SDS/benjamin-moore-K10000_EN_SDS.pdf?raw=true|K100-04 Deep Base=https://raw.githubusercontent.com/kinggoff/NewSteelesImages/main/PDFs/SDS/benjamin-moore-K10004_MSDS_EN.pdf?raw=true,K100 Exterior Wood Primer=https://raw.githubusercontent.com/kinggoff/NewSteelesImages/main/PDFs/TDS/benjamin-moore-20200110-K100-TDS-CE-OKF.pdf?raw=true,K100-00 White=https://raw.githubusercontent.com/kinggoff/NewSteelesImages/main/PDFs/SDS/benjamin-moore-K10000_EN_SDS.pdf?raw=true|K100-04 Deep Base=https://raw.githubusercontent.com/kinggoff/NewSteelesImages/main/PDFs/SDS/benjamin-moore-K10004_MSDS_EN.pdf?raw=true,,K100 Exterior Wood Primer=https://raw.githubusercontent.com/kinggoff/NewSteelesImages/main/PDFs/TDS/benjamin-moore-20200110-K100-TDS-CE-OKF.pdf?raw=true,,f50c9f8102ca0e8e15ae59c73efa8a2f7b6aba13a588299350a22ac1ddfeccb3,9954a9a92141693ea91ad3920d32f36043e177175a794dd3b8aece4d34643040
simple,White Taklon Short,306,BEN-000000307,,"White Taklon Short from Bennett is a purpose-shaped brush for controlled application of compatible paint, stain or decorative coating; its filament style and profile suit the task named in the product. Review the listed format and current manufacturer instructions to confirm compatibility, safe use, cleaning and storage for the intended job.",,Painting Tools & Accessories > Tools,"artist brush, fine-detail brush, paint brush, painting tool",Bennett,BEN01-S,https://raw.githubusercontent.com/kinggoff/NewSteelesImages/main/review-images/BEN-000000307-bennett-white-taklon-short-flat-3-4.png?raw=true,Images for Review,,,,,,,,,,,,,,,01e720763bb1283d8fcf08a11f5cd57516821caf0774587c60677f6c43681ec4,b8c9d7d83f6ef63f340e25bd81da1d6d4ff7cb4b8279b0596f213eff0d9a796c
simple,White Taklon Round,307,BEN-000000308,,"White Taklon Round from Bennett is a purpose-shaped brush for controlled application of compatible paint, stain or decorative coating; its filament style and profile suit the task named in the product. Review the listed format and current manufacturer instructions to confirm compatibility, safe use, cleaning and storage for the intended job.",,Painting Tools & Accessories > Tools,"artist brush, fine-detail brush, paint brush, painting tool",Bennett,BEN01-S,https://raw.githubusercontent.com/kinggoff/NewSteelesImages/main/review-images/BEN-000000308-bennett-white-taklon-round-3-pack.png?raw=true,Images for Review,,,,,,,,,,,,,,,a5c502ffaf3202238762ecfabcbfbd8e2b5d92f49a4f973e2ad24e5f3d1f5f37,ad0d46b671324808418de73411fd6b5ec5c1bd8d3d636ec8c0009510e678de8d
simple,TRAY LINER FOR TRAY,308,BEN-000000309,,"TRAY LINER FOR TRAY from Bennett is a disposable liner sized for the matching paint tray, helping contain coating and reduce tray cleanup between colours or products. Choose the listed size for the surface and coating, then clean or dispose of the applicator according to current product guidance. Confirm the exact item and package before ordering.",,Painting Tools & Accessories > Tools,"paint tray, paint container, painting accessory, paint tray liner",Bennett,BEN01-S,https://raw.githubusercontent.com/kinggoff/NewSteelesImages/main/review-images/BEN-000000309-bennett-tray-liner-tpl-4.png?raw=true,Images for Review,,,,,,,,,,,,,,,d36fbd7f66ab8fa86e1851dad056aed50e08c33e0366c3623ac4824d6d66831e,6418bad31d9608cd365d796e1631aafacfa39c13b827498f09cd57e40c4df0cd
simple,"Rounded, Flat Artist Brushes",309,BEN-000000310,,"Rounded, Flat Artist Brushes from Bennett is a purpose-shaped brush for controlled application of compatible paint, stain or decorative coating; its filament style and profile suit the task named in the product. Choose the listed size for the surface and coating, then clean or dispose of the applicator according to current product guidance.",,Painting Tools & Accessories > Tools,"artist brush, fine-detail brush, paint brush, painting tool",Bennett,BEN01-S,https://raw.githubusercontent.com/kinggoff/NewSteelesImages/main/review-images/BEN-000000310-bennett-flat-professional-artist-brushes-3-pack.png?raw=true,Images for Review,,,,,,,,,,,,,,,edc68afe96aed527a63d7368ceafec17fafd59778d8871aba751af4e58376cd3,564dcdbf39bf406f0e4b880c1beea7787664b1167cac459b5cd82d0d46af37cb
simple,"Bennett Perfection 2 1/2"" Soft Latex Brush",310,BEN-000000311,,"Bennett Perfection 2 1/2"" Soft Latex Brush is a purpose-shaped brush for controlled application of compatible paint, stain or decorative coating; its filament style and profile suit the task named in the product. Choose the listed size for the surface and coating, then clean or dispose of the applicator according to current product guidance.",,Painting Tools & Accessories > Tools,"paint brush, paint applicator, painting tool, bristle brush",Bennett,BEN01-S,https://raw.githubusercontent.com/kinggoff/NewSteelesImages/main/review-images/BEN-000000311-bennett-perfection-2-5-soft-latex-brush.png?raw=true,Image Added,,,,,,,,,,,,,,,2a89b7ab0e48473aeb6253bebb383cbe3fab07878a40e8388582c8efa123b869,0c09c6126e6c0a87915e88874edd642f7eaba3cb13b7bf979537358c1b3274cf
simple,Pad Painter Replacement,311,BEN-000000312,,"Pad Painter Replacement from Bennett is a pad-style applicator for spreading compatible paint, stain or finish across flat surfaces with direct hand control. Choose the listed size for the surface and coating, then clean or dispose of the applicator according to current product guidance. Confirm the exact item and package before ordering.",,Painting Tools & Accessories > Tools,"paint pad, flat paint applicator, painting tool, coating applicator",Bennett,BEN01-S,https://raw.githubusercontent.com/kinggoff/NewSteelesImages/main/review-images/BEN-000000312-bennett-7-inch-replacement-pad.png?raw=true,Images for Review,,,,,,,,,,,,,,,5f86f905cc7eeb67d3943785fcda6bbbf4358361ab454ecab99a5f5a28f1c6fb,c66ac514e8168da52d1316b95e3083c75dbb108eddc86e8a8cf7826fb3764a98
simple,Metal Sander Head,312,BEN-000000313,,"Metal Sander Head from Bennett is a metal sanding head for holding compatible abrasive sheets during manual wall and ceiling preparation. Match it to the surface, work progressively, and use suitable eye, hand and respiratory protection for the material being removed. Confirm the exact item and package before ordering.",,Painting Tools & Accessories > Tools,"sander head, sandpaper holder, hand sander, surface preparation tool",Bennett,BEN01-S,https://raw.githubusercontent.com/kinggoff/NewSteelesImages/main/review-images/BEN-000000313-bennett-aluminum-pole-sander-head.png?raw=true,Image Added,,,,,,,,,,,,,,,1b50126cf3c07c03511c3a11ddb2ebf47b9a9507267212db5ee70363250f5544,bf0a3def8fb77204f07258efa44e5dd4ca742fbd5fb5c669b0356319a6696b4d
simple,FOAM CORNER ROLLER,313,BEN-000000314,,"FOAM CORNER ROLLER from Bennett is a shaped paint roller for coating corners, pipes, trim or other areas that are awkward to reach with a standard wall roller. Choose the listed size for the surface and coating, then clean or dispose of the applicator according to current product guidance. Confirm the exact item and package before ordering.",,Painting Tools & Accessories > Tools,"corner roller, paint roller, paint applicator, painting tool",Bennett,BEN01-S,https://raw.githubusercontent.com/kinggoff/NewSteelesImages/main/review-images/BEN-000000314-bennett-foam-corner-roller.png?raw=true,Image Added,,,,,,,,,,,,,,,b17c58c0432c2f4cd553cd80c363d7c25aae94423fc6a833dfab623dc23bd34b,0a56b48c05abf1c6d0626fa6d15c966955601de26df4fd418d9953634cd7cbdf
simple,Flat White Taklon,314,BEN-000000315,,"Flat White Taklon from Bennett is a purpose-shaped brush for controlled application of compatible paint, stain or decorative coating; its filament style and profile suit the task named in the product. Review the listed format and current manufacturer instructions to confirm compatibility, safe use, cleaning and storage for the intended job.",,Painting Tools & Accessories > Tools,"artist brush, fine-detail brush, paint brush, painting tool",Bennett,BEN01-S,https://raw.githubusercontent.com/kinggoff/NewSteelesImages/main/review-images/BEN-000000310-bennett-flat-professional-artist-brushes-3-pack.png?raw=true,Images for Review,,,,,,,,,,,,,,,edc68afe96aed527a63d7368ceafec17fafd59778d8871aba751af4e58376cd3,05ba6fefea079c87cc983358a3dc201b241c3dbee0486ae9d8895963945568f8
simple,Dualon German Roller,315,BEN-000000316,,"Dualon German Roller from Bennett is a paint-roller cover or refill for applying compatible coatings; its stated fabric, width and nap help determine finish texture, loading and surface reach. Choose the listed size for the surface and coating, then clean or dispose of the applicator according to current product guidance.",,Painting Tools & Accessories > Tools,"paint roller cover, paint roller refill, paint applicator, painting tool",Bennett,BEN01-S,https://raw.githubusercontent.com/kinggoff/NewSteelesImages/main/review-images/BEN-000000316-bennett-dualon-blue-stripe-10-inch-roller.png?raw=true,Images for Review,,,,,,,,,,,,,,,ade7ee19177734ff1e463f3acd32103b2ded0d3be8625509dcd37a6a400a04b4,d871e8a133daf0c5ecf32d5adb97ef0675417cbf691650fc36bd5bff8694aef4
simple,Cheese Cloth,316,BEN-000000317,,"Cheese Cloth from Bennett is a wiping material for removing dust, grime or light jobsite residue during surface preparation and cleanup. Review the listed format and current manufacturer instructions to confirm compatibility, safe use, cleaning and storage for the intended job. Confirm the exact item and package before ordering.",,Painting Tools & Accessories > Paint Prep & Repairs,"tack cloth, surface preparation cloth, dust-removal cloth, painting accessory",Bennett,BEN01-S,https://raw.githubusercontent.com/kinggoff/NewSteelesImages/main/review-images/BEN-000000317-bennett-lint-free-cheese-cloth.png?raw=true,Images for Review,,,,,,,,,,,,,,,094f0e0d8d6d80cc06699cd7f797e01345c5a74713938c62cfc0a122c3c59db8,2e6245398262ffcefdb5f2a704601e42349d375d67f6d6f58cf15fbedca33598
simple,CanPro Cotton Drop Sheet,317,CAN-000000318,,"CanPro Cotton Drop Sheet is a temporary surface-protection material for covering floors, furniture or adjacent areas against dust, drips and ordinary painting debris. Lay it over a clean, dry area, secure the edges safely, and confirm that any adhesive or film suits the underlying finish. Confirm the exact item and package before ordering.",,Painting Tools & Accessories > Paint Prep & Repairs,"drop cloth, surface protection, painting cover, painting accessory",CanPro,BEN01-S,https://raw.githubusercontent.com/kinggoff/NewSteelesImages/main/review-images/CAN-000000318-allpro-canvas-drop-cloth.png?raw=true,Images for Review,,,,,Variants,4X12 | 8X12 | 14X12,1,1,,,,,,,dbee99b1f99e5568cc1f5469cbe0381c9514b841d380673b470ee57329926c03,71d60be01d3920b4de8906b0dcf04cf362045f359c5f744f143c46f81e97880b
simple,Black Goat Hair Artist Brush 555,318,BEN-000000319,,"Black Goat Hair Artist Brush 555 from Bennett is a purpose-shaped brush for controlled application of compatible paint, stain or decorative coating; its filament style and profile suit the task named in the product. Choose the listed size for the surface and coating, then clean or dispose of the applicator according to current product guidance.",,Painting Tools & Accessories > Tools,"artist brush, fine-detail brush, paint brush, painting tool",Bennett,BEN01-S,https://raw.githubusercontent.com/kinggoff/NewSteelesImages/main/review-images/BEN-000000319-linzer-a555-artist-brush-set.png?raw=true,Images for Review,,,,,,,,,,,,,,,1a0f7a30a344cd25c0642fa858bd6da9da848d725361cbf066adcd4e62430dc2,8bbb605f489ced06ea84cf5573d90cb1a06594cf7d17873f380db22bfa3d2133
simple,Bennett Small Plastic Tray Liner,319,BEN-000000320,,"Bennett Small Plastic Tray Liner is a disposable liner sized for the matching paint tray, helping contain coating and reduce tray cleanup between colours or products. Choose the listed size for the surface and coating, then clean or dispose of the applicator according to current product guidance. Confirm the exact item and package before ordering.",,Painting Tools & Accessories > Tools,"paint tray, paint container, painting accessory, paint tray liner",Bennett,BEN01-S,https://raw.githubusercontent.com/kinggoff/NewSteelesImages/main/review-images/BEN-000000320-bennett-small-paint-tray-liner.png?raw=true,Images for Review,,,,,,,,,,,,,,,1e6b1921999209402fcf48b68c399e38a5288f05a1e55b9500c453e6af012147,d63dbb5c8bd061ad99859ac027078c0f99418f7bd2e1bc4852bbad10b1e41ef1
simple,Bennett Small Plastic Tray,320,BEN-000000321,,"Bennett Small Plastic Tray is a paint tray or tray set for loading rollers and holding a practical working quantity of coating during application. Choose the listed size for the surface and coating, then clean or dispose of the applicator according to current product guidance. Confirm the exact item and package before ordering.",,Painting Tools & Accessories > Tools,"paint tray, paint container, painting accessory, paint roller tray",Bennett,BEN01-S,https://raw.githubusercontent.com/kinggoff/NewSteelesImages/main/review-images/BEN-000000321-bennett-small-paint-tray.png?raw=true,Images for Review,,,,,,,,,,,,,,,4877dfffe7830516468fd4bfa7352f1e07888ef53038f18d496d92ab99c47dd1,fa0af2aeffb7a2b2c7fca8228230cea7f6a74b0dcb77229f3bce16dd27717759
simple,Bennett Plastic XL Tray Liner,321,BEN-000000322,,"Bennett Plastic XL Tray Liner is a disposable liner sized for the matching paint tray, helping contain coating and reduce tray cleanup between colours or products. Choose the listed size for the surface and coating, then clean or dispose of the applicator according to current product guidance. Confirm the exact item and package before ordering.",,Painting Tools & Accessories > Tools,"paint tray, paint container, painting accessory, paint tray liner",Bennett,BEN01-S,https://raw.githubusercontent.com/kinggoff/NewSteelesImages/main/review-images/BEN-000000322-bennett-xxl-plastic-tray-liner.png?raw=true,Image Added,,,,,,,,,,,,,,,4c82d49674581b71a6d71331d6eb962a3bf6a92d9aceef1f4e483cba4127603d,4e9004354736501a272424b92953a3862adb630d877913c616906567c2496974
simple,Bennett One Stroke Taklon,322,BEN-000000323,,"Bennett One Stroke Taklon is a purpose-shaped brush for controlled application of compatible paint, stain or decorative coating; its filament style and profile suit the task named in the product. Review the listed format and current manufacturer instructions to confirm compatibility, safe use, cleaning and storage for the intended job.",,Painting Tools & Accessories > Tools,"artist brush, fine-detail brush, paint brush, painting tool",Bennett,BEN01-S,https://raw.githubusercontent.com/kinggoff/NewSteelesImages/main/review-images/BEN-000000310-bennett-flat-professional-artist-brushes-3-pack.png?raw=true,Images for Review,,,,,,,,,,,,,,,edc68afe96aed527a63d7368ceafec17fafd59778d8871aba751af4e58376cd3,2023d26a290e539b9980d4dec72bff069f9cb784c22e21af35eb70ccfcff44da
simple,Bennett Micropro Refill,323,BEN-000000324,,"Bennett Micropro Refill is a paint-roller cover or refill for applying compatible coatings; its stated fabric, width and nap help determine finish texture, loading and surface reach. Review the listed format and current manufacturer instructions to confirm compatibility, safe use, cleaning and storage for the intended job.",,Painting Tools & Accessories > Tools,"paint roller cover, paint roller refill, paint applicator, painting tool",Bennett,BEN01-S,https://raw.githubusercontent.com/kinggoff/NewSteelesImages/main/review-images/BEN-000000324-bennett-micropro-15mm-10-pack.png?raw=true,Image Added,,,,,Variants,15MM x 10PK | 15MM,1,1,,,,,,,7303a45db4580098b7ee973e09c4eb3e0a9dd8e4d3ba0a95a3ebe94ec8c49af7,6974526234826663c2d9c6f89a3c36346bfbff4d7dbcf22f0688ff1efc0b497a
simple,Bennett Liner For Tray,324,BEN-000000325,,"Bennett Liner For Tray is a disposable liner sized for a compatible paint tray, helping contain coating and reduce cleanup between products or colours. Choose the listed size for the surface and coating, then clean or dispose of the applicator according to current product guidance. Confirm the exact item and package before ordering.",,Painting Tools & Accessories > Tools,"paint tray, paint container, painting accessory, paint tray liner",Bennett,BEN01-S,https://raw.githubusercontent.com/kinggoff/NewSteelesImages/main/review-images/BEN-000000325-bennett-tpl-8-tray-liner.png?raw=true,Images for Review,,,,,,,,,,,,,,,9ea74343ef91777ecc994a13a78b00d722a5ec338d2c958125188dbaaba1d2e1,55865dfccdce233b89f902d579ffc64518e88cd2b85c4f75a701e46d9d831384
simple,Bennett Large Sea Sponge,325,BEN-000000326,,"Bennett Large Sea Sponge is a natural-style sponge applicator for decorative painting, glazing and mottled texture effects on compatible prepared surfaces. Review the listed format and current manufacturer instructions to confirm compatibility, safe use, cleaning and storage for the intended job. Confirm the exact item and package before ordering.",,Painting Tools & Accessories > Tools,"natural sea sponge, decorative paint applicator, texture sponge, painting tool",Bennett,BEN01-S,https://raw.githubusercontent.com/kinggoff/NewSteelesImages/main/review-images/BEN-000000326-bennett-large-natural-sea-sponge.png?raw=true,Image Added,,,,,,,,,,,,,,,a3b4dfac93fec0196ff08cb86af0262e847f36c69fc344c0e2a6c29d068e8eba,1e06246a45f1f4078452f5136a46b48c0f283679e234dca17da5e3744ffdc88b
simple,Bennett Jumbo XL Plastic Tray,326,BEN-000000327,,"Bennett Jumbo XL Plastic Tray is a paint tray or tray set for loading rollers and holding a practical working quantity of coating during application. Choose the listed size for the surface and coating, then clean or dispose of the applicator according to current product guidance. Confirm the exact item and package before ordering.",,Painting Tools & Accessories > Tools,"paint tray, paint container, painting accessory, paint roller tray",Bennett,BEN01-S,https://raw.githubusercontent.com/kinggoff/NewSteelesImages/main/review-images/BEN-000000327-bennett-jumbo-xl-plastic-tray.png?raw=true,Image Added,,,,,,,,,,,,,,,1b2312747dd51c45af277bbbe0a274637f4510c85213f7d020baa874d71be2f4,0c01f66a4ca1bedfd32d9ad311cb569bfc5d5eaa9dfd6e84cc297e8ee65c501f
simple,Bennett Gallon Paint Grid,327,BEN-000000328,,"Bennett Gallon Paint Grid is a roller grid for removing excess coating and distributing paint evenly on a roller used from a compatible pail or container. Choose the listed size for the surface and coating, then clean or dispose of the applicator according to current product guidance. Confirm the exact item and package before ordering.",,Painting Tools & Accessories > Tools,"paint grid, roller grid, paint bucket accessory, painting tool",Bennett,BEN01-S,https://raw.githubusercontent.com/kinggoff/NewSteelesImages/main/review-images/BEN-000000328-bennett-one-gallon-metal-paint-grid.png?raw=true,Image Added,,,,,,,,,,,,,,,8cebacf8c8c7cd4b72cf8f19b416a2aed4c7e91b7b97e9e9d77bdaca8945b67c,349716a6312e6f99961a3343a297da612ad710302cf7925d0fa0c77ef2684c41
simple,Bennett Disposable Coverall Large,328,BEN-000000329,,"Bennett Disposable Coverall Large is jobsite clothing or personal protective wear intended to help keep ordinary paint, dust and surface-preparation debris off the user. Confirm fit, compatibility and required protection before use, and follow the current safety instructions for the actual workplace hazard.",,Painting Tools & Accessories > Clothing & Safety,"painter clothing, workwear, protective clothing, coveralls",Bennett,BEN01-S,https://raw.githubusercontent.com/kinggoff/NewSteelesImages/main/review-images/BEN-000000329-bennett-coveralls-large.png?raw=true,Image Added,,,,,,,,,,,,,,,61c02c1e3ccb00a12fab0ca1db18a7ff48546c1616d0ad8120a8ab7ba0699557,9aa09309687c42d818d6924d3b38fe6227426ccf3aa4dc3c2ec591ed7012887a
simple,Bennett Brass Mini Wire Brush,329,BEN-000000330,,"Bennett Brass Mini Wire Brush is a paint or decorative-finish brush whose stated shape, filament and size are intended to provide control for the named application. Choose the listed size for the surface and coating, then clean or dispose of the applicator according to current product guidance. Confirm the exact item and package before ordering.",,Painting Tools & Accessories > Tools,"wire brush, surface preparation brush, rust-removal tool, hand tool",Bennett,BEN01-S,https://raw.githubusercontent.com/kinggoff/NewSteelesImages/main/review-images/BEN-000000330-bennett-mini-brass-wire-brush.png?raw=true,Image Added,,,,,,,,,,,,,,,b524ec4b96931506c5c1fa4f128ae2be80302992b5b071401b40e455a7204377,612ebd24c7f9a727c3f9edfcb2f52edf87eef050faad41bff842fdb27feebba6
simple,Bennett Mini Red Tray,330,BEN-000000331,,"Bennett Mini Red Tray is a paint tray or tray set for loading rollers and holding a practical working quantity of coating during application. Selection should be based on the specific task, material, working conditions and compatible products in the complete system. Choose the listed size for the surface and coating, then clean or dispose of the applicator according to current product guidance.",,Painting Tools & Accessories > Tools,"paint tray, paint container, painting accessory, paint roller tray",Bennett,BEN01-S,https://raw.githubusercontent.com/kinggoff/NewSteelesImages/main/review-images/BEN-000000331-bennett-mini-red-tray.png?raw=true,Image Added,,,,,,,,,,,,,,,050393f1e7c3ec017b7f7246d40e627c1d536c6f7581611990f00a3cc642b6bb,d9c819daccd4336248efd0bf63f46c5430af8ee5fa83f18f6aa92de2044bb7df
simple,Bennett Fiberglass Pole,331,BEN-000000332,,"Bennett Fiberglass Pole is an extension pole for increasing the reach of compatible rollers, sanding heads or other threaded painting tools. Selection should be based on the specific task, material, working conditions and compatible products in the complete system. Choose the listed size for the surface and coating, then clean or dispose of the applicator according to current product guidance.",,Painting Tools & Accessories > Tools,"paint roller extension pole, telescoping pole, paint applicator accessory, painting tool",Bennett,BEN01-S,https://raw.githubusercontent.com/kinggoff/NewSteelesImages/main/review-images/BEN-000000332-bennett-pro-glas-fiberglass-pole.png?raw=true,Images for Review,,,,,Variants,"72"" | 54""",1,1,,,,,,,bb249ef5c0380734219f9f29552ffcd4f0b1f0f2e685be161b80d10af198c41c,97e03515c349881ff7019e57b1c9f29382db7d51e6a94eb17a5dccee88f4d404
simple,Bennett Pad Painter,332,BEN-000000333,,"Bennett Pad Painter is a pad-style applicator for spreading compatible paint, stain or finish across flat surfaces with direct hand control. It is intended to give the applicator practical control over loading, placement and finish on the matching surface area. Choose the listed size for the surface and coating, then clean or dispose of the applicator according to current product guidance.",,Painting Tools & Accessories > Tools,"paint pad, flat paint applicator, painting tool, coating applicator",Bennett,BEN01-S,https://raw.githubusercontent.com/kinggoff/NewSteelesImages/main/review-images/BEN-000000333-bennett-7-inch-pad-painter.png?raw=true,Image Added,,,,,,,,,,,,,,,c7208485530257d7946fe385daf7310b4eac87d15fce2cf487ce8d061a970e84,753700c43a2be4720cd361bcd5254d3cb51476ae0f669197a5e5739d0606cf04
simple,Bennett Twist Fiberglass,333,BEN-000000334,,"Bennett Twist Fiberglass is an extension pole for increasing the reach of compatible rollers, sanding heads or other threaded painting tools. Review the listed format and current manufacturer instructions to confirm compatibility, safe use, cleaning and storage for the intended job. Confirm the exact item and package before ordering.",,Painting Tools & Accessories > Tools,"paint roller extension pole, telescoping pole, paint applicator accessory, painting tool",Bennett,BEN01-S,https://raw.githubusercontent.com/kinggoff/NewSteelesImages/main/review-images/BEN-000000334-bennett-twist-fiberglass-pole-6-12.png?raw=true,Images for Review,,,,,Variants,6'-12' | 4'-8',1,1,,,,,,,f2165327f69dbabf6284956f51c93358ce01040a38f02ea4ce320acd83de8bd3,256a3d259031938a8b8beb2a84e09a221c97a1bd70dfa2f25b2959ffe1fde9b6
simple,Bennett Red Tray,334,BEN-000000335,,"Bennett Red Tray is a paint tray or tray set for loading rollers and holding a practical working quantity of coating during application. Selection should be based on the specific task, material, working conditions and compatible products in the complete system. Choose the listed size for the surface and coating, then clean or dispose of the applicator according to current product guidance.",,Painting Tools & Accessories > Tools,"paint tray, paint container, painting accessory, paint roller tray",Bennett,BEN01-S,https://raw.githubusercontent.com/kinggoff/NewSteelesImages/main/review-images/BEN-000000335-bennett-t8-red-paint-tray-v2.png?raw=true,Images for Review,,,,,,,,,,,,,,,da0712cadf642cf6449bc1d471868d775de067fedf394a32ac4596080e24142d,528ad66c761c90f93651ca8aca26a50cdf0391f9fb4d73acd046c76ea211630e
simple,Bennett Pure Bristle Chip Brush,335,BEN-000000336,,"Bennett Pure Bristle Chip Brush is a purpose-shaped brush for controlled application of compatible paint, stain or decorative coating; its filament style and profile suit the task named in the product. Choose the listed size for the surface and coating, then clean or dispose of the applicator according to current product guidance.",,Painting Tools & Accessories > Tools,"chip brush, utility paint brush, paint applicator, painting tool",Bennett,BEN01-S,https://raw.githubusercontent.com/kinggoff/NewSteelesImages/main/review-images/BEN-000000336-bennett-c60-3-pure-bristle-brush.png?raw=true,Images for Review,,,,,,,,,,,,,,,f5262c310abc5252ffe87fa2c118da747ab66e6e762435d755862909056f2a0e,a1180cd78f5200065f99eab16b648bee06dec2dc1520abedb9843ada8783329d
simple,Bennett Micropro Tray Set,336,BEN-000000337,,"Bennett Micropro Tray Set is a paint tray or tray set for loading rollers and holding a practical working quantity of coating during application. Choose the listed size for the surface and coating, then clean or dispose of the applicator according to current product guidance. Confirm the exact item and package before ordering.",,Painting Tools & Accessories > Tools,"paint roller kit, paint tray set, paint applicator kit, painting tool",Bennett,BEN01-S,https://raw.githubusercontent.com/kinggoff/NewSteelesImages/main/review-images/BEN-000000337-bennett-micropro-5-piece-tray-set.png?raw=true,Image Added,,,,,,,,,,,,,,,8c99c1c34e8fe8064a1f4f4f35d0b51e8fc25d9c32e7d17d130d403a87a20d7e,bf4ff5452af08bd06a2f7c41b54db57d497e672315ae64f78c00aadd68e9c905
simple,Bennett Micropro Refills,337,BEN-000000338,,"Bennett Micropro Refills is a paint-roller refill for applying compatible coatings, with the product family and selected nap determining loading, release and surface texture. Review the listed format and current manufacturer instructions to confirm compatibility, safe use, cleaning and storage for the intended job.",,Painting Tools & Accessories > Tools,"paint roller cover, paint roller refill, paint applicator, painting tool",Bennett,BEN01-S,https://raw.githubusercontent.com/kinggoff/NewSteelesImages/main/review-images/BEN-000000338-bennett-micropro-13mm-roller-3-pack.png?raw=true,Images for Review,,,,,,,,,,,,,,,84cb55dd966a92aa021cb11703d38e6b08b38023f443bdd8cbd1435cea756ae9,6167d50ca701a5432733e1fe373d958a9c26d765b847266ba0bf024b408e16af
simple,Bennett Foam Refills,338,BEN-000000339,,"Bennett Foam Refills is a paint-roller cover or refill for applying compatible coatings; its stated fabric, width and nap help determine finish texture, loading and surface reach. Review the listed format and current manufacturer instructions to confirm compatibility, safe use, cleaning and storage for the intended job.",,Painting Tools & Accessories > Tools,"paint roller cover, paint roller refill, paint applicator, painting tool, foam roller cover",Bennett,BEN01-S,https://raw.githubusercontent.com/kinggoff/NewSteelesImages/main/review-images/BEN-000000339-bennett-high-density-foam-refills-10-pack.png?raw=true,Image Added,,,,,,,,,,,,,,,8d31d23d9046a5b7b099833e98d02ae7921d0c01d5e6cdb120cd873d70285de1,d97615946c1c85f6380afa45257322909d7f6657817841ad566f6db3e2ab59f7
simple,Bennett Foam Brush,339,BEN-000000340,,"Bennett Foam Brush is a purpose-shaped brush for controlled application of compatible paint, stain or decorative coating; its filament style and profile suit the task named in the product. Choose the listed size for the surface and coating, then clean or dispose of the applicator according to current product guidance.",,Painting Tools & Accessories > Tools,"foam brush, disposable paint brush, paint applicator, painting tool",Bennett,BEN01-S,https://raw.githubusercontent.com/kinggoff/NewSteelesImages/main/review-images/BEN-000000340-bennett-foam-brushes-10-pack.png?raw=true,Images for Review,,,,,,,,,,,,,,,237ec470deca6f76bec4d57191a8c985867011aac52e83138598ed290fe71318,c357bdd1603582d94aede233029097a6c053da80d9b8ea828745d7a9e8944c68
simple,Bennett 4X12 Cotton Drop Sheet,340,BEN-000000341,,"Bennett 4X12 Cotton Drop Sheet is a temporary surface-protection material for covering floors, furniture or adjacent areas against dust, drips and ordinary painting debris. Lay it over a clean, dry area, secure the edges safely, and confirm that any adhesive or film suits the underlying finish. Confirm the exact item and package before ordering.",,Painting Tools & Accessories > Tools,"drop cloth, surface protection, painting cover, painting accessory",Bennett,BEN01-S,https://raw.githubusercontent.com/kinggoff/NewSteelesImages/main/review-images/BEN-000000341-bennett-4x12-cotton-drop-cloth.png?raw=true,Image Added,,,,,,,,,,,,,,,8529d2f6deba6e30b9e05006ad0ec57f6651391e0947a54f97c427a84d0dc535,db33bfbb0d96af973dc1f424d1ac3aa72a4072666eab1bf86bfcbb3e1649bb45
simple,Bennett Drill Mixer,341,BEN-000000342,,"Bennett Drill Mixer is a mixing accessory for blending compatible paint, compound or sealant to a more uniform consistency before application. Selection should be based on the specific task, material, working conditions and compatible products in the complete system. Match it to the surface, work progressively, and use suitable eye, hand and respiratory protection for the material being removed.",,Painting Tools & Accessories > Tools,"paint mixer, drill mixing attachment, coating mixing tool, painting tool",Bennett,BEN01-S,https://raw.githubusercontent.com/kinggoff/NewSteelesImages/main/review-images/BEN-000000342-bennett-mix60-drill-mixer.png?raw=true,Images for Review,,,,,Variants,2 GALLON | 1 GALLON,1,1,,,,,,,c809a358f7174f83f393b36f6308f117e1644f1d9ab5ffaf7182ee69df9d8550,eb7acc14f985c60dffea541757aeb317310db41648e00dc6480592b360e275b4
simple,Bennett Mini Roller Handle,342,BEN-000000343,,"Bennett Mini Roller Handle is a reusable roller frame or handle for mounting a compatible cover and applying paint to the intended surface area. It is intended to give the applicator practical control over loading, placement and finish on the matching surface area. Choose the listed size for the surface and coating, then clean or dispose of the applicator according to current product guidance.",,Painting Tools & Accessories > Tools,"paint roller frame, roller handle, paint applicator, painting tool",Bennett,BEN01-S,https://raw.githubusercontent.com/kinggoff/NewSteelesImages/main/review-images/BEN-000000343-bennett-mini-roller-frame.png?raw=true,Image Added,,,,,,,,,,,,,,,60441298807a1cb31d4147dd1e21ea28827e34c3274ccb004855e1274347e6cc,2ed2484b0f3d5820944d9ab0c1ac5a3ad102267c8cd9524ad98efb2faa994e4f
simple,Bennett Putty Knife,343,BEN-000000344,,"Bennett Putty Knife is a hand-finishing tool for applying, shaping or smoothing patching compound, joint compound, filler or wallcovering material. Match it to the surface, work progressively, and use suitable eye, hand and respiratory protection for the material being removed. Confirm the exact item and package before ordering.",,Painting Tools & Accessories > Tools,"putty knife, filling knife, surface repair tool, hand tool",Bennett,BEN01-S,https://raw.githubusercontent.com/kinggoff/NewSteelesImages/main/review-images/12-ben-000000344-bennett-putty-knife.webp?raw=true,Image Added,,,,,,,,,,,,,,,414a16ef4dae84a2c3b4e4277e0785121654de1ca8758dd95d4cc3fa34eb66eb,5e6afdb10caf30fd7b5ecb3b4998af92a23306b2c2dc12e26fa81d7956446222
simple,Bennett 5-Wire Cage,344,BEN-000000345,,"Bennett 5-Wire Cage is a reusable roller frame or handle for mounting a compatible cover and applying paint to the intended surface area. Review the listed format and current manufacturer instructions to confirm compatibility, safe use, cleaning and storage for the intended job. Confirm the exact item and package before ordering.",,Painting Tools & Accessories > Tools,"paint roller frame, roller handle, paint applicator, painting tool",Bennett,BEN01-S,https://raw.githubusercontent.com/kinggoff/NewSteelesImages/main/review-images/BEN-000000345-bennett-five-wire-roller-cage.png?raw=true,Image Added,,,,,,,,,,,,,,,70515b9de506b847b234d0b9706aae1dcaba3b9738c3e44aa2fb545a2551bc33,2d0bd0b4d3ef779fc6b16c43fc6be8564cb7d927f6b327fc9fc543de6995e534
simple,8 X 12 Plastic Drop Sheet,345,BEN-000000346,,"8 X 12 Plastic Drop Sheet from Bennett is a temporary surface-protection material for covering floors, furniture or adjacent areas against dust, drips and ordinary painting debris. Lay it over a clean, dry area, secure the edges safely, and confirm that any adhesive or film suits the underlying finish.",,Painting Tools & Accessories > Tools,"drop cloth, surface protection, painting cover, painting accessory",Bennett,BEN01-S,https://raw.githubusercontent.com/kinggoff/NewSteelesImages/main/review-images/BEN-000000346-bennett-8x12-medium-plastic-drop-sheet.png?raw=true,Image Added,,,,,,,,,,,,,,,c7a823ca8fe1a8566a75a59ecdbac1d96f6f6248f2257d166356607ac69d4ad2,74579dbf2c4f18238e4d8b090384dff293de5da07688b137b82fce926e3d710e
simple,CHIP BRUSH CHIP,346,BEN-000000347,,"CHIP BRUSH CHIP from Bennett is a purpose-shaped brush for controlled application of compatible paint, stain or decorative coating; its filament style and profile suit the task named in the product. Choose the listed size for the surface and coating, then clean or dispose of the applicator according to current product guidance.",,Painting Tools & Accessories > Tools,"chip brush, utility paint brush, paint applicator, painting tool",Bennett,BEN01-S,https://raw.githubusercontent.com/kinggoff/NewSteelesImages/main/review-images/BEN-000000336-bennett-c60-3-pure-bristle-brush.png?raw=true,Images for Review,,,,,,,,,,,,,,,f5262c310abc5252ffe87fa2c118da747ab66e6e762435d755862909056f2a0e,d2d463e1aade53b61b55b1ee47294053fdd497512a0cc5a5ca7c173cf4b78406
simple,Plastic Putty Knife,347,BEN-000000348,,"Plastic Putty Knife from Bennett is a hand-finishing tool for applying, shaping or smoothing patching compound, joint compound, filler or wallcovering material. Match it to the surface, work progressively, and use suitable eye, hand and respiratory protection for the material being removed. Confirm the exact item and package before ordering.",,Painting Tools & Accessories > Tools,"putty knife, filling knife, surface repair tool, hand tool",Bennett,BEN01-S,https://raw.githubusercontent.com/kinggoff/NewSteelesImages/main/review-images/13-ben-000000348-plastic-putty-knife.png?raw=true,Image Added,,,,,,,,,,,,,,,bf8487f20c4ea2c5ac3dd74c45136e79ab603f242d2a32cd96566fc7a96e2c93,bc7360480e9d3e76b391fa7ed9d023a6b8c493f5f994a13c984926f9cbfa0466
simple,Bennett Red Bee Chip Brush,348,BEN-000000349,,"Bennett Red Bee Chip Brush is a purpose-shaped brush for controlled application of compatible paint, stain or decorative coating; its filament style and profile suit the task named in the product. Choose the listed size for the surface and coating, then clean or dispose of the applicator according to current product guidance.",,Painting Tools & Accessories > Tools,"chip brush, utility paint brush, paint applicator, painting tool",Bennett,BEN01-S,https://raw.githubusercontent.com/kinggoff/NewSteelesImages/main/review-images/BEN-000000349-bennett-red-bee-3-inch-brush.png?raw=true,Images for Review,,,,,,,,,,,,,,,539cc0317ba7334068384bc6b65097a8f47b15b5b6bbcd4c2189cdf5f9e6fdae,72c1fd3f0a726f04c7f4dbdf2cd9be94bdcbd5cf887f3f3d3b67bf672990f6b2
simple,High Density Foam,349,BEN-000000350,,"High Density Foam from Bennett is a high-density foam applicator refill for laying down compatible smooth coatings on trim, doors and other suitable surfaces. Review the listed format and current manufacturer instructions to confirm compatibility, safe use, cleaning and storage for the intended job.",,Painting Tools & Accessories > Tools,"foam roller cover, paint roller refill, high-density foam applicator, paint applicator",Bennett,BEN01-S,https://raw.githubusercontent.com/kinggoff/NewSteelesImages/main/review-images/BEN-000000339-bennett-high-density-foam-refills-10-pack.png?raw=true,Images for Review,,,,,,,,,,,,,,,8d31d23d9046a5b7b099833e98d02ae7921d0c01d5e6cdb120cd873d70285de1,7bb788fa0c9b844300b4803006720d74defbd96a47941868f37f62f79124fefc
simple,Lint-Free Tray Set,350,BEN-000000351,,"Lint-Free Tray Set from Bennett is a paint tray or tray set for loading rollers and holding a practical working quantity of coating during application. Choose the listed size for the surface and coating, then clean or dispose of the applicator according to current product guidance. Confirm the exact item and package before ordering.",,Painting Tools & Accessories > Tools,"paint roller kit, paint tray set, paint applicator kit, painting tool",Bennett,BEN01-S,https://raw.githubusercontent.com/kinggoff/NewSteelesImages/main/review-images/BEN-000000351-bennett-lf-240hp-lint-free-tray-set.png?raw=true,Image Added,,,,,,,,,,,,,,,b1b816e2e0a22e6d6335623536c7ceb4e90a8e447b9c5c2d7ffd7cd7a6f2036a,62a56cf7b28708ff4809489b4c45e84b49ab115f3fdb645a00af3c8183cb43e6
simple,Bennett Lint Free Rollers,351,BEN-000000352,,"Bennett Lint Free Rollers is a paint-roller cover or refill for applying compatible coatings; its stated fabric, width and nap help determine finish texture, loading and surface reach. Choose the listed size for the surface and coating, then clean or dispose of the applicator according to current product guidance.",,Painting Tools & Accessories > Tools,"paint roller cover, paint roller refill, paint applicator, painting tool",Bennett,BEN01-S,https://raw.githubusercontent.com/kinggoff/NewSteelesImages/main/review-images/BEN-000000352-bennett-lint-free-10mm-roller-cover.png?raw=true,Images for Review,,,,,,,,,,,,,,,90ab4f8030d8bdc07580655777727d1b7b54ee3053464901b3d2e4f327d5786a,7d07abc6a854e2dead96d3b7a048382690336a18bdfed90534928c6e62ff0959
simple,Angular White Taklon,352,BEN-000000353,,"Angular White Taklon from Bennett is a purpose-shaped brush for controlled application of compatible paint, stain or decorative coating; its filament style and profile suit the task named in the product. Review the listed format and current manufacturer instructions to confirm compatibility, safe use, cleaning and storage for the intended job.",,Painting Tools & Accessories > Tools,"artist brush, fine-detail brush, paint brush, painting tool",Bennett,BEN01-S,https://raw.githubusercontent.com/kinggoff/NewSteelesImages/main/review-images/BEN-000000353-bennett-angular-white-taklon-brush-set.png?raw=true,Images for Review,,,,,,,,,,,,,,,2698ba4b5973ea2f9869144824e09bb60fd48bedcef5ccf42098e2d7869d5d98,bcbf5ce5047ae4d5e624c7104535f53ea878255db8920f36fbb192ec9559b6bd
simple,High Density Foam Brush,353,BEN-000000354,,"High Density Foam Brush from Bennett is a purpose-shaped brush for controlled application of compatible paint, stain or decorative coating; its filament style and profile suit the task named in the product. Choose the listed size for the surface and coating, then clean or dispose of the applicator according to current product guidance.",,Painting Tools & Accessories > Tools,"foam brush, high-density foam brush, paint applicator, painting tool",Bennett,BEN01-S,https://raw.githubusercontent.com/kinggoff/NewSteelesImages/main/review-images/BEN-000000354-bennett-high-density-foam-brush.png?raw=true,Images for Review,,,,,,,,,,,,,,,ad86d5c8059f662dfc95ef21a71a5405e0f443186148bfdf5e797bee7ab32f83,ee41d8a5c2cfa80ecc828290968e98951a004dc081eb5e3478362185599a4e51
simple,Red X Pro Red Blocker,354,CAN-000000355,,"Red X Pro Red Blocker from Canlak is a stain-blocking preparation product for isolating compatible red dyes or colourants before a new finish is applied. Review the listed format and current manufacturer instructions to confirm compatibility, safe use, cleaning and storage for the intended job. Confirm the exact item and package before ordering.",,Painting Tools & Accessories > Paint Prep & Repairs,"stain blocker, colour bleed blocker, wood finishing sealer, wood coating basecoat",Canlak,CANLAK,https://raw.githubusercontent.com/kinggoff/NewSteelesImages/main/review-images/CAN-000000355-absco-red-x-pro-red-blocker.png?raw=true,Image Added,,,,,,,,,,,,,,,f364fd56e88577b4d636288ed0064b820caa3a5a4fc2ea8712e8996c1ef464c4,5d447ca40983a929c7f869cfe2905b172dc9c55a98ed2cdbf4240eb039a4de92
simple,Canlak White Dry Glaze,355,CAN-000000356,,"Canlak White Dry Glaze is a decorative or finishing glaze used to adjust colour, accent detail or create visual depth on a compatible prepared coating system. Confirm preparation, compatibility, application, coverage and recoat requirements in the current label or technical data sheet. Confirm the exact item and package before ordering.",,Lacquer and Millwork Coatings > Canlak,"decorative glaze, wood finishing glaze, toning finish, decorative coating",Canlak,CANLAK,https://raw.githubusercontent.com/kinggoff/NewSteelesImages/main/review-images/CAN-000000358-canlak-industrial-pail.png?raw=true,Images for Review,,,,,,,,,,,,,,,336374e424eb3bb5848b7bdc18a44e2bc7ba934cbd4f1b564a9df01973a5772d,8b1505c1e8fe77fc60d34b88c3988b714c581a107120e903e37ad1cd9c2338a8
simple,Canlak WB Lacquer 10% Sheen,356,CAN-000000357,,"Canlak WB Lacquer 10% Sheen is a clear or translucent finish for building the sheen and protection appropriate to the compatible surface and coating system. Confirm preparation, compatibility, application, coverage and recoat requirements in the current label or technical data sheet. Confirm the exact item and package before ordering.",,Lacquer and Millwork Coatings > Canlak,"water-based lacquer, clear wood finish, millwork coating, low-sheen lacquer",Canlak,CANLAK,https://raw.githubusercontent.com/kinggoff/NewSteelesImages/main/review-images/CAN-000000358-canlak-industrial-pail.png?raw=true,Images for Review,,,,,,,,,,,,,,,336374e424eb3bb5848b7bdc18a44e2bc7ba934cbd4f1b564a9df01973a5772d,344f3ad88303e18d8feb542037ed5daec81e55b2908e67319ccb6b1dd43c72c7
simple,Canlak Varnish Thinner,357,CAN-000000358,,"Canlak Varnish Thinner is a surface-preparation or cleanup product for removing the residue named in the product from compatible materials before refinishing. Colour and sheen can vary with wood species, porosity and preparation, so a representative test area is recommended. Test first, then follow the label for dilution, dwell time, rinsing, ventilation and protective equipment.",,Lacquer and Millwork Coatings > Canlak,"varnish thinner, coating reducer, finishing solvent, paint solvent",Canlak,CANLAK,https://raw.githubusercontent.com/kinggoff/NewSteelesImages/main/review-images/CAN-000000358-canlak-industrial-pail.png?raw=true,Images for Review,,,,,,,,,,,,,,,336374e424eb3bb5848b7bdc18a44e2bc7ba934cbd4f1b564a9df01973a5772d,2508e0c2b8eed5962920094b271efbffac0ee7b591775207b4560650a617dee8
simple,Canlak Thinner,358,CAN-000000359,,"Canlak Thinner is a surface-preparation or cleanup product for removing the residue named in the product from compatible materials before refinishing. Selection should be based on the specific task, material, working conditions and compatible products in the complete system. Test first, then follow the label for dilution, dwell time, rinsing, ventilation and protective equipment.",,Lacquer and Millwork Coatings > Canlak,"coating thinner, wood finishing solvent, coating reducer, equipment cleaning solvent",Canlak,CANLAK,https://raw.githubusercontent.com/kinggoff/NewSteelesImages/main/review-images/CAN-000000358-canlak-industrial-pail.png?raw=true,Images for Review,,,,,,,,,,,,,,,336374e424eb3bb5848b7bdc18a44e2bc7ba934cbd4f1b564a9df01973a5772d,5c6130e21d86eb0600ae4e2e9a17cee2323657a16ee094e79e4f3db621ee2362
simple,Canlak Post-Cat Clear 10% Sheen,359,CAN-000000360,,"Canlak Post-Cat Clear 10% Sheen is a clear or translucent finish for building the sheen and protection appropriate to the compatible surface and coating system. Confirm preparation, compatibility, application, coverage and recoat requirements in the current label or technical data sheet. Confirm the exact item and package before ordering.",,Lacquer and Millwork Coatings > Canlak,"catalyzed lacquer, wood lacquer, clear wood finish, professional wood coating",Canlak,CANLAK,https://raw.githubusercontent.com/kinggoff/NewSteelesImages/main/review-images/CAN-000000358-canlak-industrial-pail.png?raw=true,Images for Review,,,,,,,,,,,,,,,336374e424eb3bb5848b7bdc18a44e2bc7ba934cbd4f1b564a9df01973a5772d,ec77de90dd9bfefb9e4b8fc4841e362d64ed95af6ab2c28b588333c5601093fe
simple,Canlak High Build Post-Catalyzed White Primer,360,CAN-000000361,,"Canlak High Build Post-Catalyzed White Primer is a preparatory coating for the substrate or problem condition named in the product, helping create a more uniform surface for compatible topcoats. Confirm preparation, compatibility, application, coverage and recoat requirements in the current label or technical data sheet.",,Lacquer and Millwork Coatings > Canlak,"post-catalyzed primer, high-build wood primer, white millwork primer, professional wood coating",Canlak,CANLAK,https://raw.githubusercontent.com/kinggoff/NewSteelesImages/main/review-images/CAN-000000358-canlak-industrial-pail.png?raw=true,Images for Review,,,,,,,,,,,,,,,336374e424eb3bb5848b7bdc18a44e2bc7ba934cbd4f1b564a9df01973a5772d,d46e0185c13fa3d6a96f17be1ee59c4e0f00db95f62b90b5ba70f5242790eb20
simple,Canlak Clear Perma-Shine50% Sheen,361,CAN-000000362,,"Canlak Clear Perma-Shine50% Sheen is a clear or translucent finish for building the sheen and protection appropriate to the compatible surface and coating system. Confirm preparation, compatibility, application, coverage and recoat requirements in the current label or technical data sheet. Confirm the exact item and package before ordering.",,Lacquer and Millwork Coatings > Canlak,"clear millwork finish, semi-gloss clear coat, protective wood coating, professional wood finish",Canlak,CANLAK,https://raw.githubusercontent.com/kinggoff/NewSteelesImages/main/review-images/CAN-000000358-canlak-industrial-pail.png?raw=true,Images for Review,,,,,,,,,,,,,,,336374e424eb3bb5848b7bdc18a44e2bc7ba934cbd4f1b564a9df01973a5772d,7fa67f155a58b996c0ee81d532c56ec4579a52ecca3a8e11144ce41da9a5f83d
simple,Canlak Black Wet Glaze,362,CAN-000000363,,"Canlak Black Wet Glaze is a decorative or finishing glaze used to adjust colour, accent detail or create visual depth on a compatible prepared coating system. Confirm preparation, compatibility, application, coverage and recoat requirements in the current label or technical data sheet. Confirm the exact item and package before ordering.",,Lacquer and Millwork Coatings > Canlak,"decorative glaze, wood finishing glaze, toning finish, decorative coating",Canlak,CANLAK,https://raw.githubusercontent.com/kinggoff/NewSteelesImages/main/review-images/CAN-000000358-canlak-industrial-pail.png?raw=true,Images for Review,,,,,,,,,,,,,,,336374e424eb3bb5848b7bdc18a44e2bc7ba934cbd4f1b564a9df01973a5772d,ff41c88095b8f65d4375fd854920496d004daa2a0b5d9dd71ae02b00e442acc9
simple,Chapin Xtreme Concrete Sprayer,363,CHA-000000364,,"Chapin Xtreme Concrete Sprayer is a portable sprayer for applying compatible liquid materials in a controlled pattern; seals, nozzle and pressure range must suit the product being sprayed. Review the listed format and current manufacturer instructions to confirm compatibility, safe use, cleaning and storage for the intended job.",,Painting Tools & Accessories > Tools,"concrete sprayer, chemical sprayer, pump sprayer, coating application equipment",Chapin,CHAPIN,https://raw.githubusercontent.com/kinggoff/NewSteelesImages/main/review-images/CHA-000000364-chapin-19049-xtreme-concrete-sprayer.png?raw=true,Images for Review,,,,,,,,,,,,,,,4c8c50569a17fe113ad9407161002c7d202c341b883c18bd9635b13963c0db7e,fa73e2875ad328045307b59b96a11529fcce3dd9b5ae1e82c16ebbe3483a9aab
simple,Allpro Mini Wallpaper Sprayer,364,AP-000000365,,"Allpro Mini Wallpaper Sprayer is a portable sprayer for applying compatible liquid materials in a controlled pattern; seals, nozzle and pressure range must suit the product being sprayed. Review the listed format and current manufacturer instructions to confirm compatibility, safe use, cleaning and storage for the intended job.",,Painting Tools & Accessories > Tools,"wallpaper sprayer, pump sprayer, wallcovering removal tool, chemical application equipment",AllPro,CHAPIN,https://raw.githubusercontent.com/kinggoff/NewSteelesImages/main/review-images/AP-000000365-allpro-48oz-wallpaper-sprayer.png?raw=true,Images for Review,,,,,,,,,,,,,,,8d11174f59a2715a4c70142293271b6d6d9177232d028f86f3acdd205b031e17,a347111e9b93293e838f643df68fc571939c06eeb80483e1df121370f67dbda2
simple,Corona Ultraweave Roller,365,COR-000000366,,"Corona Ultraweave Roller is a paint-roller cover or refill for applying compatible coatings; its stated fabric, width and nap help determine finish texture, loading and surface reach. Choose the listed size for the surface and coating, then clean or dispose of the applicator according to current product guidance.",,Painting Tools & Accessories > Tools,"paint roller cover, paint roller refill, paint applicator, painting tool",Corona,COR02-S,https://raw.githubusercontent.com/kinggoff/NewSteelesImages/main/review-images/COR-000000366-corona-ultraweave-9-inch-half-inch-nap.png?raw=true,Images for Review,,,,,Variants,"1/2"" x 3PK | 1/2""",1,1,,,,,,,ee6c6ce0bf247303debe5dffafa8f1ca82cad743bcf63c6d604dab765572d465,e219d837e3491feb435d5ea3a8e993cc96d9269facc0f3c0072301684fa2058a
simple,Corona Ultrafast,366,COR-000000367,,"Corona Ultrafast is a paint-roller refill for applying compatible coatings, with the product family and selected nap determining loading, release and surface texture. Review the listed format and current manufacturer instructions to confirm compatibility, safe use, cleaning and storage for the intended job.",,Painting Tools & Accessories > Tools,"paint roller cover, paint roller refill, fabric roller cover, paint applicator",Corona,COR02-S,https://raw.githubusercontent.com/kinggoff/NewSteelesImages/main/review-images/COR-000000367-corona-ultrafast-9-inch-half-inch-nap.png?raw=true,Images for Review,,,,,,,,,,,,,,,f85a95b643eea46795ddbf049cc89b09cfacfe2c09db2365a77ef5f684eceb1f,b991a8eee9004f975d47704aaa1ca369ed3b9340051f7e39113613d2d2030426
simple,Corona Glasskoter Mohair,367,COR-000000368,,"Corona Glasskoter Mohair is a paint-roller cover or refill for applying compatible coatings; its stated fabric, width and nap help determine finish texture, loading and surface reach. Review the listed format and current manufacturer instructions to confirm compatibility, safe use, cleaning and storage for the intended job.",,Painting Tools & Accessories > Tools,"paint roller cover, paint roller refill, paint applicator, painting tool, mohair roller cover",Corona,COR02-S,https://raw.githubusercontent.com/kinggoff/NewSteelesImages/main/review-images/COR-000000368-corona-glasskoter-mohair-roller-cover.png?raw=true,Images for Review,,,,,,,,,,,,,,,9a1a5564c0bded46e33b283a7093cb29c846e1da89f7eea37c64900adc1f4e4c,c6cee4e6d22f62afc6e4a05dfa62600342466579b36c8d68ef1db9040b85c696
simple,Cortez Latex Brush Corona,368,COR-000000369,,"Cortez Latex Brush Corona from Corona is a purpose-shaped brush for controlled application of compatible paint, stain or decorative coating; its filament style and profile suit the task named in the product. Choose the listed size for the surface and coating, then clean or dispose of the applicator according to current product guidance.",,Painting Tools & Accessories > Tools,"paint brush, paint applicator, painting tool, bristle brush",Corona,COR02-S,https://raw.githubusercontent.com/kinggoff/NewSteelesImages/main/review-images/COR-000000369-corona-cortez-2-5-inch-angle-brush.png?raw=true,Images for Review,,,,,,,,,,,,,,,d43fa89b0c50b90142480674d592cd6672b512248e0edb2ad1d7c5ebc1d8feee,61dfbf0e6cc24a7d2730f2768a2f02738714dfb0e33b4ac307ab38a5b1430c30
simple,Shelby Latex Brush,369,COR-000000370,,"Shelby Latex Brush from Corona is a purpose-shaped brush for controlled application of compatible paint, stain or decorative coating; its filament style and profile suit the task named in the product. Choose the listed size for the surface and coating, then clean or dispose of the applicator according to current product guidance.",,Painting Tools & Accessories > Tools,"paint brush, paint applicator, painting tool, bristle brush",Corona,COR02-S,https://raw.githubusercontent.com/kinggoff/NewSteelesImages/main/review-images/COR-000000370-corona-shelby-2-5-inch-angle-brush.png?raw=true,Images for Review,,,,,,,,,,,,,,,845b2ae4a0756e95ef4a5bd6382dcced47b06b69b37b4466c6caeb78eec6b667,d2f34b555cd21143c9249e533d25afcaee685149dee414ed2b9c7fe924e6484b
simple,Excalibur Chinex Brush Corona,370,COR-000000371,,"Excalibur Chinex Brush Corona from Corona is a purpose-shaped brush for controlled application of compatible paint, stain or decorative coating; its filament style and profile suit the task named in the product. Choose the listed size for the surface and coating, then clean or dispose of the applicator according to current product guidance.",,Painting Tools & Accessories > Tools,"paint brush, paint applicator, painting tool, bristle brush",Corona,COR02-S,https://raw.githubusercontent.com/kinggoff/NewSteelesImages/main/review-images/COR-000000371-corona-excalibur-3-inch-chinex-brush.png?raw=true,Images for Review,,,,,,,,,,,,,,,33b53d30151fabd7ed2ee20cdcea9250d283a6b7a186383277aa2a38f6db169d,56a6d0194bc5ebc922634da902d530bf3164a6667fb2280d157bb8e25c30949f
simple,Corona Ryan Chinex Brush,371,COR-000000372,,"Corona Ryan Chinex Brush is a purpose-shaped brush for controlled application of compatible paint, stain or decorative coating; its filament style and profile suit the task named in the product. Choose the listed size for the surface and coating, then clean or dispose of the applicator according to current product guidance.",,Painting Tools & Accessories > Tools,"paint brush, paint applicator, painting tool, bristle brush",Corona,COR02-S,https://raw.githubusercontent.com/kinggoff/NewSteelesImages/main/review-images/COR-000000372-corona-ryan-2-5-inch-chinex-brush.png?raw=true,Images for Review,,,,,,,,,,,,,,,eb43d4c317bebcef74b4976403f12522cc353d3ec39a3e8837557d98bc1a4de0,c1f47bb2c60763ccf3137801430abb7eb1fca0c6e9bbea932a3d0148f67e8be3
simple,Vegas Latex Brush,372,COR-000000373,,"Vegas Latex Brush from Corona is a purpose-shaped brush for controlled application of compatible paint, stain or decorative coating; its filament style and profile suit the task named in the product. Choose the listed size for the surface and coating, then clean or dispose of the applicator according to current product guidance.",,Painting Tools & Accessories > Tools,"paint brush, paint applicator, painting tool, bristle brush",Corona,COR02-S,https://raw.githubusercontent.com/kinggoff/NewSteelesImages/main/review-images/COR-000000373-corona-vegas-2-5-inch-brush.png?raw=true,Images for Review,,,,,,,,,,,,,,,2e2cc6cecf27e7653d8a920b20d8da9239f2555ad53fa4b8df1dd7d74af5ebf7,3fc10c3708f4cfce28adb08739aa247c3d0096d9a99c98ea4d39c77e74edda3b
simple,Sabre Brush Corona,373,COR-000000374,,"Sabre Brush Corona from Corona is a paint or decorative-finish brush whose stated shape, filament and size are intended to provide control for the named application. Choose the listed size for the surface and coating, then clean or dispose of the applicator according to current product guidance. Confirm the exact item and package before ordering.",,Painting Tools & Accessories > Tools,"paint brush, paint applicator, painting tool, bristle brush",Corona,COR02-S,https://raw.githubusercontent.com/kinggoff/NewSteelesImages/main/review-images/COR-000000374-corona-sabre-2-5-inch-angle-brush.png?raw=true,Images for Review,,,,,,,,,,,,,,,172da389666d13cc6a5e49d6785ca87de6267a3fc46aa016332d0038b9225bcb,d3ad361d12e03b9f9096a91df7db82ed844476ebb6dcad09a1f8ebacf3499888
simple,Corona Classic Smoother,374,COR-000000375,,"Corona Classic Smoother is a hand-finishing tool for applying, shaping or smoothing patching compound, joint compound, filler or wallcovering material. Review the listed format and current manufacturer instructions to confirm compatibility, safe use, cleaning and storage for the intended job. Confirm the exact item and package before ordering.",,Painting Tools & Accessories > Tools,"wallpaper smoother, wallcovering tool, smoothing tool, installation tool",Corona,COR02-S,https://raw.githubusercontent.com/kinggoff/NewSteelesImages/main/review-images/COR-000000375-corona-classic-smoother-12-inch.png?raw=true,Images for Review,,,,,,,,,,,,,,,9e047f25326e9644e9680001c2771c8e99654d946ac51088ea92e7cb5663c840,d685950932e20a16f49964c8c66790d9b0adcbf408292b912891cb01081e93eb
simple,Cutek Extreme,375,CUT-000000376,,"Cutek Extreme is a wood-finishing product for colouring, conditioning or protecting the compatible interior or exterior wood surface named in the product. Confirm preparation, compatibility, application, coverage and recoat requirements in the current label or technical data sheet. Confirm the exact item and package before ordering.",,Paints > Exterior,"penetrating wood oil, exterior wood finish, wood preservative, oil-based wood finish",Cutek,CUTEK,https://raw.githubusercontent.com/kinggoff/NewSteelesImages/main/review-images/CUT-000000376-cutek-extreme-3-6l.png?raw=true,Images for Review,,,,,,,,,CUTEK Extreme Canada/US=https://raw.githubusercontent.com/kinggoff/NewSteelesImages/main/PDFs/SDS/cutek-CUTEK-Extreme-EN-Canada-US-SDS-2025-03-30-2.pdf?raw=true,CUTEK Extreme Canada=https://raw.githubusercontent.com/kinggoff/NewSteelesImages/main/PDFs/TDS/cutek-CUTEK--Extreme-TDS-Canada-English-Web.pdf?raw=true,CUTEK Extreme Canada/US=https://raw.githubusercontent.com/kinggoff/NewSteelesImages/main/PDFs/SDS/cutek-CUTEK-Extreme-EN-Canada-US-SDS-2025-03-30-2.pdf?raw=true,,CUTEK Extreme Canada=https://raw.githubusercontent.com/kinggoff/NewSteelesImages/main/PDFs/TDS/cutek-CUTEK--Extreme-TDS-Canada-English-Web.pdf?raw=true,,1a2f55178c110de344e223c7238652ddc068ae02e06a3ab955061a6eada5c284,15cffbf0d7eab29b019cc2d12f08fbf3bd08394aa522562ae878a5543b71508d
simple,Dynaflex 50Yr Caulking White,376,DAP-000000377,,"Dynaflex 50Yr Caulking White from DAP is a gap-filling sealant for compatible joints and seams; substrate, movement, moisture exposure and paintability should be checked for the application. Use on clean, compatible joints and follow the label for gap size, tooling, cure, moisture exposure and paintability.",,Painting Tools & Accessories > Paint Prep & Repairs,"sealant, caulk, joint sealant, gap-filling compound, elastomeric sealant, paintable caulk",DAP,DAP,https://raw.githubusercontent.com/kinggoff/NewSteelesImages/main/review-images/DAP-000000377-dynaflex-230-50-year-white-caulk.png?raw=true,Images for Review,,,,,,,,,,,,,,,7cb19a2509761eabc416026cea56add39d50db3dc7e0fb3923000b0cf1000dac,8bf2ddc53020d3e5eda4d2ce9f1e3120e4fa1b4e0fd9450cb8a0612502237a1e
simple,Drydex Spackling,377,DAP-000000378,,"Drydex Spackling from DAP is a repair material for filling, patching, glazing, rebuilding or stabilizing the compatible wood, drywall, window or masonry surface indicated by the product name. Apply to a clean, sound surface and follow the label for mixing, layer depth, drying or cure, sanding and topcoating.",,Painting Tools & Accessories > Paint Prep & Repairs,"spackling compound, wall repair filler, patching compound, surface repair product",DAP,DAP,https://raw.githubusercontent.com/kinggoff/NewSteelesImages/main/review-images/14-dap-000000378-drydex-spackling.png?raw=true,Image Added,,,,,,,,,,,,,,,ace386b347dc8e1022cae5cc34bd445116975bb7b2dd379f73a82603d07d7e77,207986bd42a40b28fc04e305d68438c46281a4c70cc3f05304975f1636355d1b
simple,DAP Silicone Caulk White,378,DAP-000000379,,"DAP Silicone Caulk White is a gap-filling sealant for compatible joints and seams; substrate, movement, moisture exposure and paintability should be checked for the application. Use on clean, compatible joints and follow the label for gap size, tooling, cure, moisture exposure and paintability. Confirm the exact item and package before ordering.",,Painting Tools & Accessories > Paint Prep & Repairs,"sealant, caulk, joint sealant, gap-filling compound, silicone sealant, waterproof caulk",DAP,DAP,https://raw.githubusercontent.com/kinggoff/NewSteelesImages/main/review-images/DAP-000000379-100-percent-silicone-white-caulk.png?raw=true,Images for Review,,,,,,,,,,,,,,,77249bf6425befad1e6e5fe0cf0d98fa9d3732c1943d7466120383eeb5b036cf,89310f2ab72d7faeec1230bc287b81f7b06170513a81defddfb2793fe0ad05d0
simple,DAP Premium Wood Filler,379,DAP-000000380,,"DAP Premium Wood Filler is a repair material for filling, patching, glazing, rebuilding or stabilizing the compatible wood, drywall, window or masonry surface indicated by the product name. Apply to a clean, sound surface and follow the label for mixing, layer depth, drying or cure, sanding and topcoating.",,Painting Tools & Accessories > Paint Prep & Repairs,"wood filler, wood repair compound, grain filler, surface repair product",DAP,DAP,https://raw.githubusercontent.com/kinggoff/NewSteelesImages/main/review-images/DAP-000000380-premium-wood-filler-16oz.png?raw=true,Images for Review,,,,,,,,,,,,,,,c45caa873c9995a96df0075a529fde1833943074173bc18fdc4949cf6d72fce4,8a0bf150a24851ae67a2850d654f38553f1d3d6600008c7a9d1a2168aa0d70f4
simple,DAP Platinum Patch,380,DAP-000000381,,"DAP Platinum Patch is a repair material for filling, patching, glazing, rebuilding or stabilizing the compatible wood, drywall, window or masonry surface indicated by the product name. Apply to a clean, sound surface and follow the label for mixing, layer depth, drying or cure, sanding and topcoating.",,Painting Tools & Accessories > Paint Prep & Repairs,"spackling compound, wall repair filler, patching compound, surface repair product",DAP,DAP,https://raw.githubusercontent.com/kinggoff/NewSteelesImages/main/review-images/DAP-000000381-platinum-patch-946ml.png?raw=true,Images for Review,,,,,Variants,Quart | 207ML,1,1,,,,,,,4125d92b6350114f6b892813648228c503f0fe54fb1a9a2225aedc3072234436,a7d038efd6bdf4cceacca74a015c28361b46ba434dda613b3534cbd3d434be48
simple,DAP Natural WoodPro Wood Filler - Squeeze Tube,381,DAP-000000382,,"DAP Natural WoodPro Wood Filler - Squeeze Tube is a repair material for filling, patching, glazing, rebuilding or stabilizing the compatible wood, drywall, window or masonry surface indicated by the product name. Apply to a clean, sound surface and follow the label for mixing, layer depth, drying or cure, sanding and topcoating.",,Painting Tools & Accessories > Paint Prep & Repairs,"wood filler, wood repair compound, grain filler, surface repair product",DAP,DAP,https://raw.githubusercontent.com/kinggoff/NewSteelesImages/main/review-images/DAP-000000382-natural-woodpro-wood-filler-85g.png?raw=true,Images for Review,,,,,,,,,,,,,,,9211d25db6266e439a8e38de5ed9970530b59a038a769c0841630fa4d0a968ea,7e3837af7b8b46fb87b9cf8a024c1d938d34709ea89ef34ba601c6185b38ad8e
simple,DAP Kwik Seal Ultra White,382,DAP-000000383,,"DAP Kwik Seal Ultra White is a gap-filling sealant for compatible joints and seams; substrate, movement, moisture exposure and paintability should be checked for the application. Review the listed format and current manufacturer instructions to confirm compatibility, safe use, cleaning and storage for the intended job.",,Painting Tools & Accessories > Paint Prep & Repairs,"sealant, caulk, joint sealant, gap-filling compound, kitchen and bath sealant, acrylic latex caulk",DAP,DAP,https://raw.githubusercontent.com/kinggoff/NewSteelesImages/main/review-images/15-dap-000000383-dap-kwik-seal-ultra-white.png?raw=true,Image Added,,,,,,,,,,,,,,,787ae9e2cfe203088d7ad4e21b8e1101028a9851d813f3ec8d803372e24ca5c5,35f29728ef37caf8420b4a9e8a85d377740fea9d07c61fb01ecf59c396047121
simple,DAP Kwik Seal,383,DAP-000000384,,"DAP Kwik Seal is a gap-filling sealant for compatible joints and seams; substrate, movement, moisture exposure and paintability should be checked for the application. Review the listed format and current manufacturer instructions to confirm compatibility, safe use, cleaning and storage for the intended job.",,Painting Tools & Accessories > Paint Prep & Repairs,"sealant, caulk, joint sealant, gap-filling compound, kitchen and bath sealant, acrylic latex caulk",DAP,DAP,https://raw.githubusercontent.com/kinggoff/NewSteelesImages/main/review-images/DAP-000000384-kwik-seal-white-5-5oz.png?raw=true,Images for Review,,,,,,,,,,,,,,,77535d9035888f78821ce6f2cbb2b50413a901d66482c7545b25b008d6378c85,40718b8ace2a2be3b890638c4ed7c503553af1c534c4094ce2edff7cc523ad60
simple,DAP Fast'N Final Filler,384,DAP-000000385,,"DAP Fast'N Final Filler is a repair material for filling, patching, glazing, rebuilding or stabilizing the compatible wood, drywall, window or masonry surface indicated by the product name. Apply to a clean, sound surface and follow the label for mixing, layer depth, drying or cure, sanding and topcoating.",,Painting Tools & Accessories > Paint Prep & Repairs,"spackling compound, wall repair filler, patching compound, surface repair product",DAP,DAP,https://raw.githubusercontent.com/kinggoff/NewSteelesImages/main/review-images/DAP-000000385-fast-n-final-16oz.png?raw=true,Images for Review,,,,,,,,,,,,,,,934bb9442beebb72509e914cf1383c595a9dfd9addecc841975ca99de7ee0b11,82102bd0e5c3aca7eff4680fb35471f7f431ff91b61e465c94540af85a8a5727
simple,DAP Fast Dry Premium Spackling,385,DAP-000000386,,"DAP Fast Dry Premium Spackling is a repair material for filling, patching, glazing, rebuilding or stabilizing the compatible wood, drywall, window or masonry surface indicated by the product name. Apply to a clean, sound surface and follow the label for mixing, layer depth, drying or cure, sanding and topcoating.",,Painting Tools & Accessories > Paint Prep & Repairs,"spackling compound, wall repair filler, patching compound, surface repair product",DAP,DAP,https://raw.githubusercontent.com/kinggoff/NewSteelesImages/main/review-images/DAP-000000386-fast-dry-premium-spackling-32oz.png?raw=true,Images for Review,,,,,,,,,,,,,,,b1ab95a3c3c878f32cbc78e4e0dd2a3bbe97dd39d10efdf1249ea0a678be49d6,60c022ebb750b4612210f34bc441372739170177c234100f07edd67205a61fbd
simple,DAP Alex Flex Spackling,386,DAP-000000387,,"DAP Alex Flex Spackling is a repair material for filling, patching, glazing, rebuilding or stabilizing the compatible wood, drywall, window or masonry surface indicated by the product name. Apply to a clean, sound surface and follow the label for mixing, layer depth, drying or cure, sanding and topcoating.",,Painting Tools & Accessories > Paint Prep & Repairs,"spackling compound, wall repair filler, patching compound, surface repair product",DAP,DAP,https://raw.githubusercontent.com/kinggoff/NewSteelesImages/main/review-images/DAP-000000387-alex-flex-spackling-473ml.png?raw=true,Images for Review,,,,,,,,,,,,,,,0a08903541a763d797c8e73c41037afc8bf263e356d901d58ad5c5a8241919cd,9d79a0f242d91c8ebb2fba81f3c243221a6377a867dfb987a525749ef3c99d65
simple,DAP Alex Fast Dry Contractor,387,DAP-000000388,,"DAP Alex Fast Dry Contractor is a gap-filling sealant for compatible joints and seams; substrate, movement, moisture exposure and paintability should be checked for the application. Review the listed format and current manufacturer instructions to confirm compatibility, safe use, cleaning and storage for the intended job.",,Painting Tools & Accessories > Paint Prep & Repairs,"sealant, caulk, joint sealant, gap-filling compound",DAP,DAP,https://raw.githubusercontent.com/kinggoff/NewSteelesImages/main/review-images/16-dap-000000388-dap-alex-fast-dry-contractor.png?raw=true,Image Added,,,,,,,,,,,,,,,05f848314ab11de26db12d98c46d66679d02ed80080557ee1df88e39aacf4b1a,8d15033d7e2f2b624815b4cce10c1e6c424212cca1ee2d771bc199fc9ba28259
simple,DAP Alex Fast Dry Caulk Squeeze Tube,388,DAP-000000389,,"DAP Alex Fast Dry Caulk Squeeze Tube is a gap-filling sealant for compatible joints and seams; substrate, movement, moisture exposure and paintability should be checked for the application. Use on clean, compatible joints and follow the label for gap size, tooling, cure, moisture exposure and paintability.",,Painting Tools & Accessories > Paint Prep & Repairs,"sealant, caulk, joint sealant, gap-filling compound",DAP,DAP,https://raw.githubusercontent.com/kinggoff/NewSteelesImages/main/review-images/DAP-000000389-alex-fast-dry-white-162ml-squeeze-tube.png?raw=true,Images for Review,,,,,,,,,,,,,,,4aa16ee87d252009f2e854d69ae631332d0050cd4b9c907eb0f5042181025a05,a2bacb416d6acff14b501ace469ae46eebebcbd1586d2e8b1b3821cb199839b6
simple,DAP Alex Fast Dry Caulk Squeeze,389,DAP-000000390,,"DAP Alex Fast Dry Caulk Squeeze is a gap-filling sealant for compatible joints and seams; substrate, movement, moisture exposure and paintability should be checked for the application. Use on clean, compatible joints and follow the label for gap size, tooling, cure, moisture exposure and paintability.",,Painting Tools & Accessories > Paint Prep & Repairs,"sealant, caulk, joint sealant, gap-filling compound",DAP,DAP,https://raw.githubusercontent.com/kinggoff/NewSteelesImages/main/review-images/17-dap-000000390-dap-alex-fast-dry-caulk-squeeze.png?raw=true,Image Added,,,,,,,,,,,,,,,2ca5a2e58e783c9f2113c76c7bed12cbb24e1f375c7a6b35d71539f2d4390809,7e43d4c5719cd0e57bbe926d46eae3385468004973310b5004bac3a1f5ccf356
simple,DAP Alex Fast Dry,390,DAP-000000391,,"DAP Alex Fast Dry is a gap-filling sealant for compatible joints and seams; substrate, movement, moisture exposure and paintability should be checked for the application. Review the listed format and current manufacturer instructions to confirm compatibility, safe use, cleaning and storage for the intended job.",,Painting Tools & Accessories > Paint Prep & Repairs,"sealant, caulk, joint sealant, gap-filling compound",DAP,DAP,https://raw.githubusercontent.com/kinggoff/NewSteelesImages/main/review-images/18-dap-000000391-dap-alex-fast-dry.png?raw=true,Image Added,,,,,,,,,,,,,,,05f848314ab11de26db12d98c46d66679d02ed80080557ee1df88e39aacf4b1a,cb051966cfade6e18b12c3190d1d2e1e8a0c89b24548381164fa0d0cdfcd3daf
simple,DAP 33 Glazing,391,DAP-000000392,,"DAP 33 Glazing is a repair material for filling, patching, glazing, rebuilding or stabilizing the compatible wood, drywall, window or masonry surface indicated by the product name. Review the listed format and current manufacturer instructions to confirm compatibility, safe use, cleaning and storage for the intended job.",,Painting Tools & Accessories > Paint Prep & Repairs,"window glazing putty, glazing compound, window repair material, oil-based putty",DAP,DAP,https://raw.githubusercontent.com/kinggoff/NewSteelesImages/main/review-images/DAP-000000392-dap-33-glazing-half-pint.png?raw=true,Images for Review,,,,,Variants,1LT | 4 Litres,1,1,,,,,,,3ab7a8b6ee9505fad67a02e6089c593730bed7de03249f4d58fc6cd0bd44a5a0,c50c367a5fac87c6e0cd9dd0f1c6c5014a074f206f5fab206b29d41d4d989bb3
simple,Plaster Of Paris,392,DAP-000000393,,"Plaster Of Paris from DAP is a repair material for filling, patching, glazing, rebuilding or stabilizing the compatible wood, drywall, window or masonry surface indicated by the product name. Apply to a clean, sound surface and follow the label for mixing, layer depth, drying or cure, sanding and topcoating.",,Painting Tools & Accessories > Paint Prep & Repairs,"plaster of paris, patching plaster, repair compound, gypsum plaster",DAP,DAP,https://raw.githubusercontent.com/kinggoff/NewSteelesImages/main/review-images/DAP-000000393-plaster-of-paris-25lb-bag.png?raw=true,Images for Review,,,,,,,,,,,,,,,8ef4692a29fbd9f5c72bf3b1179fbaa7c6c2640461a3099050bc01879e958728,e99344b2a82c0e0495acd348cfa39f936aae1400969c216999920751d1fe3e34
simple,Decozi Window Film,393,DEC-000000394,,"Decozi Window Film is a decorative window film for changing the appearance or privacy of compatible glass without applying a liquid coating. Selection should be based on the specific task, material, working conditions and compatible products in the complete system. Confirm preparation, compatibility, application, coverage and recoat requirements in the current label or technical data sheet.",,Specialty & Decorative Products > Window Films,"decorative window film, self-adhesive film, privacy film, window covering",Decozi,DECOZI,https://raw.githubusercontent.com/kinggoff/NewSteelesImages/main/review-images/DEC-000000394-decozi-window-film-dso-02.png?raw=true,Images for Review,,,,,Variants,"48"" | 36""",1,1,,,,,,,5ebb8cae7a85101b6caeff28667899aa3af8e6a55888395f08b112e98a897662,43dcc9daa59debe15650e81b145c0d8a18aa06c1f1d5a7c1f19b83bf1b3d7587
simple,Full Body Harness With Lanyard,394,DEG-000000395,,"Full Body Harness With Lanyard from Degil is a fall-protection harness and lanyard assembly for trained users working in a properly designed fall-arrest system. Confirm fit, compatibility and required protection before use, and follow the current safety instructions for the actual workplace hazard. Confirm the exact item and package before ordering.",,Painting Tools & Accessories > Clothing & Safety,"fall-arrest harness, safety lanyard, fall protection, jobsite safety gear",Degil,DEG01,https://raw.githubusercontent.com/kinggoff/NewSteelesImages/main/review-images/DEG-000000395-degil-full-body-harness-lanyard-kit.png?raw=true,Images for Review,,,,,,,,,,,,,,,e124f72e4efa88d21d0687890fe1c4f11b18e0852f04fe3c9c806445017969b0,27e3233a481cce24d8107eaf7a7a04bbb7014706d51126f12dd140f58adbd422
simple,Hard Hat,395,DEG-000000396,,"Hard Hat from Degil is head protection for worksites where compatible, properly fitted protective equipment is required. Selection should be based on the specific task, material, working conditions and compatible products in the complete system. Confirm fit, compatibility and required protection before use, and follow the current safety instructions for the actual workplace hazard.",,Painting Tools & Accessories > Clothing & Safety,"hard hat, head protection, jobsite safety gear, personal protective equipment",Degil,DEG01,https://raw.githubusercontent.com/kinggoff/NewSteelesImages/main/review-images/DEG-000000396-degil-type-1-white-hard-hat.png?raw=true,Images for Review,,,,,,,,,,,,,,,898f3a23211195c2d2ac3e94a3434105dcf352853c3be8bbcd7421a13af46d70,5c0047d476ac91ae86fbc960052161936a34d9cbb83327c3be9d81ddc863942f
simple,Citation 932 Safety Glasses Gray,396,DEN-000000397,,"Citation 932 Safety Glasses Gray from Dentec is protective eyewear for general jobsite tasks where flying particles, dust or incidental splash may be present. Confirm fit, compatibility and required protection before use, and follow the current safety instructions for the actual workplace hazard. Confirm the exact item and package before ordering.",,Painting Tools & Accessories > Clothing & Safety,"safety glasses, eye protection, protective eyewear, jobsite safety gear",Dentec,DENTEC,https://raw.githubusercontent.com/kinggoff/NewSteelesImages/main/review-images/DEN-000000397-dentec-citation-932-gray-safety-glasses.png?raw=true,Images for Review,,,,,,,,,,,,,,,4b2c114f4ecf4b9fda31ec47c388eba4733925d6170a93dd8d021b5ebb6fadcd,69a048b6042810eaae905b9972de334623361b585967d9eb8190941c2e6fd6ba
simple,DICKIES PAINTERS OVERALLS 34x30,397,DIC-000000398,,"DICKIES PAINTERS OVERALLS 34x30 is jobsite clothing or personal protective wear intended to help keep ordinary paint, dust and surface-preparation debris off the user. Confirm fit, compatibility and required protection before use, and follow the current safety instructions for the actual workplace hazard.",,Painting Tools & Accessories > Clothing & Safety,"painter clothing, workwear, protective clothing, coveralls",Dickies,DICKIES,https://raw.githubusercontent.com/kinggoff/NewSteelesImages/main/review-images/DIC-000000398-dickies-white-painters-bib-overalls.png?raw=true,Images for Review,,,,,,,,,,,,,,,62dade375b0278932c614f01531c3b428b0f1b780ecf3550fee12cf59136fc42,d20b8626cf351ac25e69a8bdbe96ed35d576f1309b9aa28f59c521bf3ff34287
simple,Dickies Painter Shorts Size 34,398,DIC-000000399,,"Dickies Painter Shorts Size 34 is jobsite clothing or personal protective wear intended to help keep ordinary paint, dust and surface-preparation debris off the user. Review the listed format and current manufacturer instructions to confirm compatibility, safe use, cleaning and storage for the intended job.",,Painting Tools & Accessories > Clothing & Safety,"painter clothing, workwear, protective clothing, painter workwear",Dickies,DICKIES,https://raw.githubusercontent.com/kinggoff/NewSteelesImages/main/review-images/DIC-000000399-dickies-white-painter-shorts.png?raw=true,Images for Review,,,,,,,,,,,,,,,1919b909c43e95e5011deb09bbe2a8df58d881eb738379e8ba18cadfc6f58a2a,4f568cd02195136b82d8d790a1cb603b7a78b040ebfa3b5d933d54d1eb937837
simple,Dickies Painter Pants 32X30,399,DIC-000000400,,"Dickies Painter Pants 32X30 is jobsite clothing or personal protective wear intended to help keep ordinary paint, dust and surface-preparation debris off the user. Review the listed format and current manufacturer instructions to confirm compatibility, safe use, cleaning and storage for the intended job.",,Painting Tools & Accessories > Clothing & Safety,"painter clothing, workwear, protective clothing, painter workwear",Dickies,DICKIES,https://raw.githubusercontent.com/kinggoff/NewSteelesImages/main/review-images/DIC-000000400-dickies-white-painter-pants-32x30.png?raw=true,Images for Review,,,,,,,,,,,,,,,198d49e2ca7cb42c9399ba868f090d6dadeb9616a9bc2c7c584c9de1544e4d99,3f498d3b2d4c8e59745d4f63d685c91b9030b00399927c8db92ffcfc7019fc02
simple,Trade Secret Furniture Polish&Cleaner 4,400,TS-000000401,,"Trade Secret Furniture Polish&Cleaner 4 is a surface-preparation or cleanup product for removing the residue named in the product from compatible materials before refinishing. Test first, then follow the label for dilution, dwell time, rinsing, ventilation and protective equipment. Confirm the exact item and package before ordering.",,Painting Tools & Accessories > Paint Prep & Repairs,"furniture polish, furniture cleaner, wood care product, polishing cleaner",Trade Secret,DOVER,https://raw.githubusercontent.com/kinggoff/NewSteelesImages/main/review-images/TS-000000401-trade-secret-furniture-polish-cleaner-236ml.png?raw=true,Images for Review,,,,,,,,,,,,,,,9c23502efe200755159823e5fb3365811a7ab590cfa872d8dbb7de21095e4e79,8c239bffd857792024be8b97d510b23d70ba15aa2f8d254387a558fb2789333f
simple,Trac Safe Anti Slip Sealer,401,TRA-000000402,,"Trac Safe Anti Slip Sealer from TracSafe is a coating formulated for the interior, exterior, specialty or industrial use indicated by its product name and category. Confirm preparation, compatibility, application, coverage and recoat requirements in the current label or technical data sheet. Confirm the exact item and package before ordering.",,Paints > Specialty Paints,"anti-slip coating, floor coating, protective sealer, specialty coating",TracSafe,DOVER,https://raw.githubusercontent.com/kinggoff/NewSteelesImages/main/review-images/TRA-000000402-tracsafe-anti-slip-sealer-3-78l.png?raw=true,Images for Review,,,,,,,,,TracSafe Anti-Slip Sealer=https://raw.githubusercontent.com/kinggoff/NewSteelesImages/main/PDFs/SDS/tracsafe-SDS-TracSafe-Anti-Slip-Sealer-ENG.pdf?raw=true,TracSafe Anti-Slip Sealer Instruction Sheet=https://raw.githubusercontent.com/kinggoff/NewSteelesImages/main/PDFs/TDS/tracsafe-TracSafe-Anti-Slip-Sealer-Instructions.pdf?raw=true,,TracSafe Anti-Slip Sealer=https://raw.githubusercontent.com/kinggoff/NewSteelesImages/main/PDFs/SDS/tracsafe-SDS-TracSafe-Anti-Slip-Sealer-ENG.pdf?raw=true,TracSafe Anti-Slip Sealer Instruction Sheet=https://raw.githubusercontent.com/kinggoff/NewSteelesImages/main/PDFs/TDS/tracsafe-TracSafe-Anti-Slip-Sealer-Instructions.pdf?raw=true,,a594adc500bd3e3608088d02a1432552da40e7ea60eeed7c661bb99ba0549da7,f0600963f4533a85b4fb60fcee80a9515023132015a8735fd3fd32816c22bf17
simple,Dover Touch-Up Marker 24-Piece Set,402,DOV-000000403,,"Dover Touch-Up Marker 24-Piece Set is a furniture and millwork touch-up product for disguising small scratches, chips or colour loss on a compatible finished surface. Review the listed format and current manufacturer instructions to confirm compatibility, safe use, cleaning and storage for the intended job.",,Painting Tools & Accessories > Paint Prep & Repairs,"touch-up marker, wood repair marker, colour repair pen, finishing tool",Dover,DOVER,https://raw.githubusercontent.com/kinggoff/NewSteelesImages/main/review-images/DOV-000000403-dover-pump-touch-up-marker-set.png?raw=true,Images for Review,,,,,,,,,,,,,,,969f342532a0e3832d8d81bcf56f83036291e6b6fa966d19772b890a45c5bd38,79ccc45d38e468e38c29cefeb16cf5f27793c12d6c11fc228a21ec4c79e4bd1d
simple,Terrazzo Decorative Silverado,403,TER-000000404,,"Terrazzo Decorative Silverado is a coating formulated for the interior, exterior, specialty or industrial use indicated by its product name and category. Confirm preparation, compatibility, application, coverage and recoat requirements in the current label or technical data sheet. Confirm the exact item and package before ordering.",,Paints > Specialty Paints,"granite resurfacer, decorative floor resurfacer, anti-slip floor coating, acrylic floor coating",Terrazzo,DOVER,https://raw.githubusercontent.com/kinggoff/NewSteelesImages/main/review-images/TER-000000404-terrazzo-silverado-3-gallon.png?raw=true,Images for Review,,,,,,,,,Terrazzo Decorative Granite Coating=https://raw.githubusercontent.com/kinggoff/NewSteelesImages/main/PDFs/SDS/terrazzo-SDS-Terrazzo-Coating-ENG.pdf?raw=true,Terrazzo Installation Instructions=https://raw.githubusercontent.com/kinggoff/NewSteelesImages/main/PDFs/TDS/terrazzo-Terrazzo-Installation-Instructions.pdf?raw=true,,Terrazzo Decorative Granite Coating=https://raw.githubusercontent.com/kinggoff/NewSteelesImages/main/PDFs/SDS/terrazzo-SDS-Terrazzo-Coating-ENG.pdf?raw=true,Terrazzo Installation Instructions=https://raw.githubusercontent.com/kinggoff/NewSteelesImages/main/PDFs/TDS/terrazzo-Terrazzo-Installation-Instructions.pdf?raw=true,,c1d89a764d87e63d34126fdf486223d4c9036861dfa6d6ce82c940a0819ad154,a73363f9f4d95d1b156eb567ca5ff60d1d5928947fd890ea18e3a7d0cd7464a4
simple,Trade Secret Scratch Remover,404,TS-000000405,,"Trade Secret Scratch Remover is a surface-preparation or cleanup product for removing the residue named in the product from compatible materials before refinishing. Its role is to leave the surface ready for the next repair or coating step without assuming compatibility with every material. Test first, then follow the label for dilution, dwell time, rinsing, ventilation and protective equipment.",,Painting Tools & Accessories > Paint Prep & Repairs,"scratch remover, furniture repair product, wood finish restorer, surface polishing compound",Trade Secret,DOVER,https://raw.githubusercontent.com/kinggoff/NewSteelesImages/main/review-images/TS-000000405-trade-secret-scratch-remover-dark-236ml.png?raw=true,Images for Review,Finishes,Dark | Light,1,1,,,,,,,,,,,756f45e67a650de835b6638f95fb325ad74f04c9c7bef879cc41250a5f0a86e3,1a81ac8963e77cac81c885a2fbc5106515ee26bc0ff9389f2f787fe31e7641ff
simple,Howard Wax It All,405,HOW-000000406,,"Howard Wax It All is a clear or translucent finish for building the sheen and protection appropriate to the compatible surface and coating system. Review the listed format and current manufacturer instructions to confirm compatibility, safe use, cleaning and storage for the intended job. Confirm the exact item and package before ordering.",,Painting Tools & Accessories > Paint Prep & Repairs,"protective wax, paste wax, furniture wax, surface polish",Howard,DOVER,https://raw.githubusercontent.com/kinggoff/NewSteelesImages/main/review-images/HOW-000000406-howard-wax-it-all-9oz.png?raw=true,Images for Review,,,,,,,,,,,,,,,7dd7ad2d0c601b977bd75f8e5d08af38e501978b992961f705da139f75df69d5,185ce190b8aeac8a24b26dbb6e1bf04eeaa9d1374610b796f551592846e42496
simple,Dover Classic Fill Sticks,406,PC-000000407,,"Dover Classic Fill Sticks from PC Products is a furniture and millwork touch-up product for disguising small scratches, chips or colour loss on a compatible finished surface. Review the listed format and current manufacturer instructions to confirm compatibility, safe use, cleaning and storage for the intended job.",,Painting Tools & Accessories > Paint Prep & Repairs,"fill stick, wax repair stick, wood repair filler, furniture touch-up product",PC Products,DOVER,https://raw.githubusercontent.com/kinggoff/NewSteelesImages/main/review-images/PC-000000407-dover-classic-fill-sticks.png?raw=true,Images for Review,,,,,,,,,,,,,,,5a8971f22c4c3df3ea350c6f42622d20e14e9602d4b890497676ca4c1aaba6be,13fa983b92623d1a018084536ae4ba3d66d5676d485d0a70883cd552a89be9b2
simple,Caulking Smoothing Finger,407,DOV-000000408,,"Caulking Smoothing Finger from Dover is a gap-filling sealant for compatible joints and seams; substrate, movement, moisture exposure and paintability should be checked for the application. Use on clean, compatible joints and follow the label for gap size, tooling, cure, moisture exposure and paintability.",,Painting Tools & Accessories > Tools,"caulk finishing tool, sealant smoothing tool, hand tool, caulking accessory",Dover,DOVER,https://raw.githubusercontent.com/kinggoff/NewSteelesImages/main/review-images/DOV-000000408-the-caulking-finger-front.png?raw=true,Images for Review,,,,,,,,,,,,,,,854a8e3e6cf02d5345d676cd3a26f3554ba7fa6c163ac208393735b7be76bf9f,174694a14ec52024417096594cb90e1647185d18bdc06b715769817f78044f5e
simple,Dover Pump Touch-Up Marker - White,408,DOV-000000409,,"Dover Pump Touch-Up Marker - White is a furniture and millwork touch-up product for disguising small scratches, chips or colour loss on a compatible finished surface. Confirm preparation, compatibility, application, coverage and recoat requirements in the current label or technical data sheet. Confirm the exact item and package before ordering.",,Lacquer and Millwork Coatings > Dover,"touch-up marker, wood repair marker, colour repair pen, finishing tool",Dover,DOVER,https://raw.githubusercontent.com/kinggoff/NewSteelesImages/main/review-images/DOV-000000409-dover-pump-touch-up-marker-white-review.png?raw=true,Images for Review,,,,,,,,,,,,,,,0c5ad9e75b73284e7132dacf0661c5ddbba193fccfa44483e8a289dfb5209144,af0ec22ab325b7a62a9bb8a8a849630ccbaf0184bcf06598306eb386ae177a54
simple,Dover Empty Stain Marker Pen Refill,409,DOV-000000410,,"Dover Empty Stain Marker Pen Refill is a paint-roller cover or refill for applying compatible coatings; its stated fabric, width and nap help determine finish texture, loading and surface reach. Confirm preparation, compatibility, application, coverage and recoat requirements in the current label or technical data sheet.",,Lacquer and Millwork Coatings > Dover,"touch-up marker, wood repair marker, colour repair pen, finishing tool",Dover,DOVER,https://raw.githubusercontent.com/kinggoff/NewSteelesImages/main/review-images/DOV-000000410-dover-fill-your-own-empty-marker.png?raw=true,Images for Review,,,,,,,,,,,,,,,10233c5c1b960c78ab2181b1fd528e0ec57d407b8495c4f45898342528a74058,927a9c6fec2c4f5efa9e310819d1f5106bb016cbf9a1f8d87eea2dca92e3734f
simple,Dover Spray Universal Walnut,410,DOV-000000411,,"Dover Spray Universal Walnut is an aerosol coating or treatment for the colour, effect or repair task stated in the product name on a compatible prepared surface. Confirm preparation, compatibility, application, coverage and recoat requirements in the current label or technical data sheet. Confirm the exact item and package before ordering.",,Lacquer and Millwork Coatings > Dover,"touch-up spray, aerosol wood coating, furniture repair finish, spray lacquer",Dover,DOVER,https://raw.githubusercontent.com/kinggoff/NewSteelesImages/main/review-images/DOV-000000411-dover-pro-finish-toner-walnut-family.png?raw=true,Images for Review,,,,,,,,,,,,,,,8fe635fec5554b69503a1fc618f1fa780e8f92e1a60b1084a7a1c1702a81d4d1,45cc323f759f4be1c34b3b92c813529f9a2876ec37a633f95da6a34793328a81
simple,Dover Spray Gloss White,411,DOV-000000412,,"Dover Spray Gloss White is an aerosol coating or treatment for the colour, effect or repair task stated in the product name on a compatible prepared surface. Confirm preparation, compatibility, application, coverage and recoat requirements in the current label or technical data sheet. Confirm the exact item and package before ordering.",,Lacquer and Millwork Coatings > Dover,"touch-up spray, aerosol wood coating, furniture repair finish, spray lacquer",Dover,DOVER,https://raw.githubusercontent.com/kinggoff/NewSteelesImages/main/review-images/DOV-000000412-dover-pro-finish-opaque-white-family.png?raw=true,Images for Review,,,,,,,,,,,,,,,497e74c968896de541c6478a469f23dfabad995bda20d7335f30bfadc0c9b60e,ebdab761595232943ede5c025a084bb6f5c86c88f9228cee7bf6535dc9a6ed1c
simple,Dover Clear Satin Lacquer,412,DOV-000000413,,"Dover Clear Satin Lacquer is a clear or translucent finish for building the sheen and protection appropriate to the compatible surface and coating system. Colour and sheen can vary with wood species, porosity and preparation, so a representative test area is recommended. Confirm preparation, compatibility, application, coverage and recoat requirements in the current label or technical data sheet.",,Lacquer and Millwork Coatings > Dover,"clear finish, protective coating, clear coat, wood finish, lacquer, wood coating, fast-drying finish, solvent-based finish",Dover,DOVER,https://raw.githubusercontent.com/kinggoff/NewSteelesImages/main/review-images/DOV-000000413-dover-pro-finish-clear-satin-family.png?raw=true,Images for Review,,,,,,,,,,,,,,,9607bc1dc71e5dd18e4d6e5dd49fa06e2c96af273d96f5f03da3d2c5ae293f65,02e14e644ba9fbe20aaf02898eaf29717b74e6471c2d0e17eaf3d4c5806c22ee
simple,Dover Blush Stopper/Leveler,413,DOV-000000414,,"Dover Blush Stopper/Leveler is a lacquer repair additive used to address compatible finish defects such as blushing or poor flow in an appropriate coating system. Confirm preparation, compatibility, application, coverage and recoat requirements in the current label or technical data sheet. Confirm the exact item and package before ordering.",,Lacquer and Millwork Coatings > Dover,"lacquer retarder, blush eliminator, finish additive, lacquer additive",Dover,DOVER,https://raw.githubusercontent.com/kinggoff/NewSteelesImages/main/review-images/DOV-000000414-dover-pro-finish-blush-stopper-family.png?raw=true,Image Added,,,,,,,,,,,,,,,2d8530b4f494756e42cb3ba760518efc0c9b6ed5c01108d27f21f590fab74300,3c3be317880829069f7297f8eb563c8227cffd6684232e572e4e10316ecbb7dc
simple,Skrapr + Skrapr Jr,414,SKR-000000415,,"Skrapr + Skrapr Jr is a hand scraper for removing loose paint, adhesive residue, coatings or surface buildup during preparation and cleanup. Review the listed format and current manufacturer instructions to confirm compatibility, safe use, cleaning and storage for the intended job. Confirm the exact item and package before ordering.",,Painting Tools & Accessories > Tools,"scraper, surface preparation tool, hand tool, painting tool",Skrapr,DOVER,https://raw.githubusercontent.com/kinggoff/NewSteelesImages/main/review-images/SKR-000000415-skrapr-and-skrapr-jr.png?raw=true,Image Added,,,,,,,,,,,,,,,bb1e9c78224b4c40a8420d0687fb6a3c9796e3c1568503cb589cdf35c1372372,7cf509e400f19c38e638fd2b835e43d9e061ca7d88482db314699ebef7b8b71e
simple,Allpro Dripless Caulking Gun 3000,415,AP-000000416,,"Allpro Dripless Caulking Gun 3000 is a manual caulking gun for dispensing compatible cartridge sealants and adhesives with controlled pressure at joints, gaps and seams. Use on clean, compatible joints and follow the label for gap size, tooling, cure, moisture exposure and paintability. Confirm the exact item and package before ordering.",,Painting Tools & Accessories > Tools,"caulking gun, sealant applicator, cartridge applicator, hand tool",AllPro,CANPRO,https://raw.githubusercontent.com/kinggoff/NewSteelesImages/main/review-images/AP-000000416-allpro-gold-pro-3000-caulk-gun.png?raw=true,Image Added,,,,,,,,,,,,,,,c1e4a19586051af8cf46a0724127c2214d3c2262a08e8840ef03866514a8b7a7,6a3f5da44a49f932d45242188a1fc012c3627d5418a21eb243ce309f52aada07
simple,Allpro Dripless Caulking Gun 2000,416,AP-000000417,,"Allpro Dripless Caulking Gun 2000 is a manual caulking gun for dispensing compatible cartridge sealants and adhesives with controlled pressure at joints, gaps and seams. Use on clean, compatible joints and follow the label for gap size, tooling, cure, moisture exposure and paintability. Confirm the exact item and package before ordering.",,Painting Tools & Accessories > Tools,"caulking gun, sealant applicator, cartridge applicator, hand tool",AllPro,CANPRO,https://raw.githubusercontent.com/kinggoff/NewSteelesImages/main/review-images/AP-000000417-allpro-gold-pro-2000-caulk-gun.png?raw=true,Image Added,,,,,,,,,,,,,,,c5ecfe741a8b5b09a958f17b136eea506411ed46d7e9eff2199484ddf4aadaf9,91338d608a15f23ea66847997178825c29a7c1524435130db745ccb35e50e8cd
simple,Allpro Consumer Dripless Gun,417,AP-000000418,,"Allpro Consumer Dripless Gun is a manual caulking gun for dispensing compatible cartridge sealants and adhesives with controlled pressure at joints, gaps and seams. Review the listed format and current manufacturer instructions to confirm compatibility, safe use, cleaning and storage for the intended job.",,Painting Tools & Accessories > Tools,"caulking gun, sealant applicator, cartridge applicator, hand tool",AllPro,CANPRO,https://raw.githubusercontent.com/kinggoff/NewSteelesImages/main/review-images/AP-000000418-allpro-100c-consumer-caulk-gun.png?raw=true,Image Added,,,,,,,,,,,,,,,5d05f8705ea4c7ea139fe37934a9f374668888c10eee0738211c3e8037729db5,126d03a50968b79e8f19d85584381f38eb8109f7116890242fc7147c6a3cad4a
simple,Watchdog Wipe Out Graffiti Remover 1,418,DU-000000419,,"Watchdog Wipe Out Graffiti Remover 1 from Dumond is a surface-preparation or cleanup product for removing the residue named in the product from compatible materials before refinishing. Test first, then follow the label for dilution, dwell time, rinsing, ventilation and protective equipment. Confirm the exact item and package before ordering.",,Painting Tools & Accessories > Paint Prep & Repairs,"graffiti remover, coating remover, surface cleaner, solvent cleaner",Dumond,MUM01,https://raw.githubusercontent.com/kinggoff/NewSteelesImages/main/review-images/DU-000000419-dumond-watch-dog-wipe-out-8402.png?raw=true,Images for Review,,,,,,,,,,,,,,,0e865c5fd518125830287e2347759cd4b9b67ada0d835786dec7adda81e9f93f,3b7fd1dbe2235e17605cc6780083b8f4f159259f13c8980b9e1b7705ff10b891
simple,Dura Seal Quick Coat Rosewood,419,DUR-000000420,,"Dura Seal Quick Coat Rosewood from DuraSeal is a coating formulated for the interior, exterior, specialty or industrial use indicated by its product name and category. Confirm preparation, compatibility, application, coverage and recoat requirements in the current label or technical data sheet. Confirm the exact item and package before ordering.",,Paints > Interior,"wood floor stain, oil-based wood stain, quick-dry wood stain, interior wood finish",DuraSeal,BHF01,https://raw.githubusercontent.com/kinggoff/NewSteelesImages/main/review-images/DUR-000000420-duraseal-quick-coat-rosewood-quart.png?raw=true,Image Added,,,,,,,,,Quick Coat Rosewood Quart 861390000=https://raw.githubusercontent.com/kinggoff/NewSteelesImages/main/PDFs/SDS/duraseal-Quick-Coat-Rosewood-861390000-SDS.pdf?raw=true,Quick Coat Rosewood Quart 861390000 PDS=https://raw.githubusercontent.com/kinggoff/NewSteelesImages/main/PDFs/TDS/duraseal-Quick-Coat-861390000-PDS.pdf?raw=true,Quick Coat Rosewood Quart 861390000=https://raw.githubusercontent.com/kinggoff/NewSteelesImages/main/PDFs/SDS/duraseal-Quick-Coat-Rosewood-861390000-SDS.pdf?raw=true,,Quick Coat Rosewood Quart 861390000 PDS=https://raw.githubusercontent.com/kinggoff/NewSteelesImages/main/PDFs/TDS/duraseal-Quick-Coat-861390000-PDS.pdf?raw=true,,7341f30684b1189987567c5c6011f66a7891a3c993dbb9b69565cfbd57156dc0,cc9e1cffcd568c510a9b705daa632d646971baf816287e8f30ed60dae4a2126d
simple,Famowood Water-Based Wood Filler,420,FAM-000000421,,"Famowood Water-Based Wood Filler is a repair material for filling, patching, glazing, rebuilding or stabilizing the compatible wood, drywall, window or masonry surface indicated by the product name. Apply to a clean, sound surface and follow the label for mixing, layer depth, drying or cure, sanding and topcoating.",,Painting Tools & Accessories > Paint Prep & Repairs,"wood filler, wood repair compound, grain filler, surface repair product",Famowood,ECLECTI,https://raw.githubusercontent.com/kinggoff/NewSteelesImages/main/review-images/FAM-000000421-famowood-water-based-natural-24oz.png?raw=true,Images for Review,,,,,Variants,24 OZ | Gallon,1,1,,,,,,,75a32dee233596f7232783d6375b26329deac868e99f71f9882c0e7d556a4db7,81a8892ab786684a2b65f0c9831fa0f56d238d5b8f4bdb897b88e5a59e2ef85e
simple,Ennis Traffic Paint Fed. Yellow,421,EF-000000422,,"Ennis Traffic Paint Fed. Yellow from Ennis-Flint is a marking coating for compatible pavement or traffic-control applications, with the listed colour supporting layout, safety or line-renewal work. Confirm preparation, compatibility, application, coverage and recoat requirements in the current label or technical data sheet.",,Commercial & Industrial > Traffic Paints,"traffic marking paint, line marking paint, industrial coating, pavement marking paint",Ennis-Flint,ENN01,https://raw.githubusercontent.com/kinggoff/NewSteelesImages/main/review-images/EF-000000422-ennis-flint-traffic-paint-family.png?raw=true,Images for Review,,,,,,,,,985202-5P Federal Yellow=https://raw.githubusercontent.com/kinggoff/NewSteelesImages/main/PDFs/SDS/ennis-flint-985202-5P-Federal-Yellow-SDS.pdf?raw=true,EF Series Fast Dry Waterborne 1952E/F Type I-II=https://raw.githubusercontent.com/kinggoff/NewSteelesImages/main/PDFs/TDS/ennis-flint-EF-Series-Fast-Dry-Waterborne-Traffic-Paint-PDS.pdf?raw=true,,985202-5P Federal Yellow=https://raw.githubusercontent.com/kinggoff/NewSteelesImages/main/PDFs/SDS/ennis-flint-985202-5P-Federal-Yellow-SDS.pdf?raw=true,EF Series Fast Dry Waterborne 1952E/F Type I-II=https://raw.githubusercontent.com/kinggoff/NewSteelesImages/main/PDFs/TDS/ennis-flint-EF-Series-Fast-Dry-Waterborne-Traffic-Paint-PDS.pdf?raw=true,,384f99c1cec6d5175d998811843fb3b52d32dbcfaf110a72d39e9514013fa19b,0ea98cbe2810667842d3c2b038137019ca19b185dd0a9937fbd10190ed661255
simple,Ennis Traffic Paint Fed. White - P,422,EF-000000423,,"Ennis Traffic Paint Fed. White - P from Ennis-Flint is a marking coating for compatible pavement or traffic-control applications, with the listed colour supporting layout, safety or line-renewal work. Confirm preparation, compatibility, application, coverage and recoat requirements in the current label or technical data sheet.",,Commercial & Industrial > Traffic Paints,"traffic marking paint, line marking paint, industrial coating, pavement marking paint",Ennis-Flint,ENN01,https://raw.githubusercontent.com/kinggoff/NewSteelesImages/main/review-images/EF-000000422-ennis-flint-traffic-paint-family.png?raw=true,Images for Review,,,,,,,,,985201-5P Federal White=https://raw.githubusercontent.com/kinggoff/NewSteelesImages/main/PDFs/SDS/ennis-flint-985201-5P-Federal-White-SDS.pdf?raw=true,EF Series Fast Dry Waterborne 1952E/F Type I-II=https://raw.githubusercontent.com/kinggoff/NewSteelesImages/main/PDFs/TDS/ennis-flint-EF-Series-Fast-Dry-Waterborne-Traffic-Paint-PDS.pdf?raw=true,,985201-5P Federal White=https://raw.githubusercontent.com/kinggoff/NewSteelesImages/main/PDFs/SDS/ennis-flint-985201-5P-Federal-White-SDS.pdf?raw=true,EF Series Fast Dry Waterborne 1952E/F Type I-II=https://raw.githubusercontent.com/kinggoff/NewSteelesImages/main/PDFs/TDS/ennis-flint-EF-Series-Fast-Dry-Waterborne-Traffic-Paint-PDS.pdf?raw=true,,384f99c1cec6d5175d998811843fb3b52d32dbcfaf110a72d39e9514013fa19b,5527a20373a3d6c77a0088595e4f40864b419ae34af976c62dcc26b8e0341535
simple,Ennis Low VOC Red Traffic Paint,423,EF-000000424,,"Ennis Low VOC Red Traffic Paint from Ennis-Flint is a marking coating for compatible pavement or traffic-control applications, with the listed colour supporting layout, safety or line-renewal work. Confirm preparation, compatibility, application, coverage and recoat requirements in the current label or technical data sheet.",,Commercial & Industrial > Traffic Paints,"traffic marking paint, line marking paint, industrial coating, pavement marking paint",Ennis-Flint,ENN01,https://raw.githubusercontent.com/kinggoff/NewSteelesImages/main/review-images/EF-000000422-ennis-flint-traffic-paint-family.png?raw=true,Images for Review,,,,,,,,,,,,,,,384f99c1cec6d5175d998811843fb3b52d32dbcfaf110a72d39e9514013fa19b,930223dfd3af370e5481aa2cc60c94253778b976ee50b1f371b5171ace8a9bad
simple,Ennis Low VOC Green Traffic Paint,424,EF-000000425,,"Ennis Low VOC Green Traffic Paint from Ennis-Flint is a marking coating for compatible pavement or traffic-control applications, with the listed colour supporting layout, safety or line-renewal work. Confirm preparation, compatibility, application, coverage and recoat requirements in the current label or technical data sheet.",,Commercial & Industrial > Traffic Paints,"traffic marking paint, line marking paint, industrial coating, pavement marking paint",Ennis-Flint,ENN01,https://raw.githubusercontent.com/kinggoff/NewSteelesImages/main/review-images/EF-000000422-ennis-flint-traffic-paint-family.png?raw=true,Images for Review,,,,,,,,,,,,,,,384f99c1cec6d5175d998811843fb3b52d32dbcfaf110a72d39e9514013fa19b,8708e242296f58382152e8f24c34fb433ba68be25ce33d3b0b985d1205050e6a
simple,Ennis Handicap Blue Safety Paint,425,EF-000000426,,"Ennis Handicap Blue Safety Paint from Ennis-Flint is a coating formulated for the interior, exterior, specialty or industrial use indicated by its product name and category. Confirm preparation, compatibility, application, coverage and recoat requirements in the current label or technical data sheet.",,Commercial & Industrial > Traffic Paints,"traffic marking paint, line marking paint, industrial coating, pavement marking paint",Ennis-Flint,ENN01,https://raw.githubusercontent.com/kinggoff/NewSteelesImages/main/review-images/EF-000000422-ennis-flint-traffic-paint-family.png?raw=true,Images for Review,,,,,,,,,985205-5P Handicap Blue=https://raw.githubusercontent.com/kinggoff/NewSteelesImages/main/PDFs/SDS/ennis-flint-985205-5P-Handicap-Blue-SDS.pdf?raw=true,EF Series Fast Dry Waterborne 1952E/F Type I-II=https://raw.githubusercontent.com/kinggoff/NewSteelesImages/main/PDFs/TDS/ennis-flint-EF-Series-Fast-Dry-Waterborne-Traffic-Paint-PDS.pdf?raw=true,,985205-5P Handicap Blue=https://raw.githubusercontent.com/kinggoff/NewSteelesImages/main/PDFs/SDS/ennis-flint-985205-5P-Handicap-Blue-SDS.pdf?raw=true,EF Series Fast Dry Waterborne 1952E/F Type I-II=https://raw.githubusercontent.com/kinggoff/NewSteelesImages/main/PDFs/TDS/ennis-flint-EF-Series-Fast-Dry-Waterborne-Traffic-Paint-PDS.pdf?raw=true,,384f99c1cec6d5175d998811843fb3b52d32dbcfaf110a72d39e9514013fa19b,c8faeea0c58e79647b538bdaeb5ddb5f7c44926a0f54182b18a182d32a4f876a
simple,Blackout Ennis Traffic Paint,426,EF-000000427,,"Blackout Ennis Traffic Paint from Ennis-Flint is a marking coating for compatible pavement or traffic-control applications, with the listed colour supporting layout, safety or line-renewal work. Confirm preparation, compatibility, application, coverage and recoat requirements in the current label or technical data sheet.",,Commercial & Industrial > Traffic Paints,"traffic marking paint, line marking paint, industrial coating, pavement marking paint",Ennis-Flint,ENN01,https://raw.githubusercontent.com/kinggoff/NewSteelesImages/main/review-images/EF-000000422-ennis-flint-traffic-paint-family.png?raw=true,Images for Review,,,,,,,,,,,,,,,384f99c1cec6d5175d998811843fb3b52d32dbcfaf110a72d39e9514013fa19b,ce1e71f05133c4aa1587505ab6e13810dad902e45adc58a141c344c2a5c14d97
simple,Featherlite Fiberglass Ladder Grade 1,427,FEA-000000428,,"Featherlite Fiberglass Ladder Grade 1 is jobsite access equipment for creating an elevated working position during painting, repair or maintenance tasks. Review the listed format and current manufacturer instructions to confirm compatibility, safe use, cleaning and storage for the intended job. Confirm the exact item and package before ordering.",,Painting Tools & Accessories > Tools,"step ladder, portable ladder, access equipment, jobsite equipment",Featherlite,FEA01,https://raw.githubusercontent.com/kinggoff/NewSteelesImages/main/review-images/FEA-000000428-featherlite-fl-3110-04-fiberglass-step-ladder.png?raw=true,Image Added,,,,,,,,,,,,,,,8752030a2f24c8e6527a41a6cca7b1f33181721d3d39766642b39c682ffc396b,f48ff0ae22d2860cda2ed89020f1124f9b252796c55be2a1134028fb46a1aa1c
simple,Step Ladder Lite,428,FEA-000000429,,"Step Ladder Lite from Featherlite is jobsite access equipment for creating an elevated working position during painting, repair or maintenance tasks. Review the listed format and current manufacturer instructions to confirm compatibility, safe use, cleaning and storage for the intended job. Confirm the exact item and package before ordering.",,Painting Tools & Accessories > Tools,"step ladder, portable ladder, access equipment, jobsite equipment",Featherlite,TOO01,https://raw.githubusercontent.com/kinggoff/NewSteelesImages/main/review-images/FEA-000000429-lite-five-foot-aluminum-step-ladder.png?raw=true,Images for Review,,,,,,,,,,,,,,,cf877ab51613b0a3575b80465a4cdb340048c0c45be9d44f02154646ab518c16,0c54120a18e70988e19d3b3dca27615196e0286ef20b326874ce896df8407fd1
simple,filter bag SC-FIS-CT MINI/MIDI -2/5,429,FES-000000430,,"filter bag SC-FIS-CT MINI/MIDI -2/5 from Festool is a replacement dust-collection filter bag for the compatible Festool mobile dust extractor listed in the product name. Review the listed format and current manufacturer instructions to confirm compatibility, safe use, cleaning and storage for the intended job.",,Painting Tools & Accessories > Festool,"dust extractor bag, vacuum filter bag, dust collection accessory, replacement filter bag",Festool,FESTOOL,https://raw.githubusercontent.com/kinggoff/NewSteelesImages/main/review-images/FES-000000430-festool-204308-selfclean-filter-bags.png?raw=true,Image Added,,,,,,,,,,,,,,,46c57a74fa8c9d63bbf075a400533736a00aa504abbe288538e28b87faf0398f,876d394e0efc7ad14760a50ea5050bbb350542ff8e10e2e75c79e5d1eda457c4
simple,Stickfix sandpa STF D225/8 P40 GR/25,430,FES-000000431,,"Stickfix sandpa STF D225/8 P40 GR/25 from Festool is an abrasive product for levelling, smoothing or keying surfaces during staged preparation; the stated grit determines how aggressively it cuts. Review the listed format and current manufacturer instructions to confirm compatibility, safe use, cleaning and storage for the intended job.",,Painting Tools & Accessories > Festool,"sandpaper, coated abrasive, surface preparation abrasive, sanding material",Festool,FESTOOL,https://raw.githubusercontent.com/kinggoff/NewSteelesImages/main/review-images/FES-000000431-festool-205653-d225-p40-granat-disc.png?raw=true,Images for Review,,,,,,,,,,,,,,,452b8b4f8d7c896b1912d619b0e821d5e27217a0d1cb7ddf4663282976d3fae0,d26398278e0b307062c4359cb33c6fc337f3078dfbf209e31bdac864057603a2
simple,Stickfix qty. STF 80x133 P 40 GR 50X,431,FES-000000432,,"Stickfix qty. STF 80x133 P 40 GR 50X from Festool is an abrasive product for levelling, smoothing or keying surfaces during staged preparation; the stated grit determines how aggressively it cuts. Review the listed format and current manufacturer instructions to confirm compatibility, safe use, cleaning and storage for the intended job.",,Painting Tools & Accessories > Festool,"sandpaper, coated abrasive, surface preparation abrasive, sanding material",Festool,FESTOOL,https://raw.githubusercontent.com/kinggoff/NewSteelesImages/main/review-images/FES-000000432-festool-497117-80x133-p40-granat-sheet.png?raw=true,Image Added,,,,,,,,,,,,,,,9610b3f7ec20b74db2228bc4d4044b84e634352da6ebe165a2d4950aea871ac1,87acfca268b4478dfcbc84cfc3ab49bde36e8e1a26d0a8f8f37c921f73f121f0
simple,sandpaper STF D125/8 P 40 GR 50X,432,FES-000000433,,"sandpaper STF D125/8 P 40 GR 50X from Festool is an abrasive product for levelling, smoothing or keying surfaces during staged preparation; the stated grit determines how aggressively it cuts. Match it to the surface, work progressively, and use suitable eye, hand and respiratory protection for the material being removed.",,Painting Tools & Accessories > Festool,"sandpaper, coated abrasive, surface preparation abrasive, sanding material",Festool,FESTOOL,https://raw.githubusercontent.com/kinggoff/NewSteelesImages/main/review-images/FES-000000433-festool-497165-d125-p40-granat-disc.png?raw=true,Image Added,,,,,,,,,,,,,,,c679a8002358836620e711acbb6fe88a7e0498e86f2b79f59fcf55166d3a05c5,e6611aeaaf923bf080f9143530963ba071240d3b34ac0ba576c50d01b713d052
simple,Stickfix sandpa STF D90/6 P 40 GR / 50,433,FES-000000434,,"Stickfix sandpa STF D90/6 P 40 GR / 50 from Festool is an abrasive product for levelling, smoothing or keying surfaces during staged preparation; the stated grit determines how aggressively it cuts. Review the listed format and current manufacturer instructions to confirm compatibility, safe use, cleaning and storage for the intended job.",,Painting Tools & Accessories > Festool,"sandpaper, coated abrasive, surface preparation abrasive, sanding material",Festool,FESTOOL,https://raw.githubusercontent.com/kinggoff/NewSteelesImages/main/review-images/FES-000000434-festool-497363-d90-p40-granat-disc.png?raw=true,Image Added,,,,,,,,,,,,,,,ca1b02ea676ed5c8af8f19ba48c13b5dfaa24bc7abca60c159ca4229b30d7c71,efb841f4bbe0d198118fa82eb3981a6e7e745958eca2a1e5e50496e7978199fa
simple,sandpaper STF V93/6 P 40 GR / 50,434,FES-000000435,,"sandpaper STF V93/6 P 40 GR / 50 from Festool is an abrasive product for levelling, smoothing or keying surfaces during staged preparation; the stated grit determines how aggressively it cuts. Match it to the surface, work progressively, and use suitable eye, hand and respiratory protection for the material being removed.",,Painting Tools & Accessories > Festool,"sandpaper, coated abrasive, surface preparation abrasive, sanding material",Festool,FESTOOL,https://raw.githubusercontent.com/kinggoff/NewSteelesImages/main/review-images/FES-000000435-festool-497390-v93-p40-granat-sheet.png?raw=true,Image Added,,,,,,,,,,,,,,,67dd274dfa8fe050e00933efdd81608c8e927dfcbd0d0d70e5131e6c6679d5af,2647ad4c483964a8d8b9d81bccf856f208ba38e1fd6ad42a23019322e9b88a89
simple,sanding discs STF D150/48 P40 GR/50,435,FES-000000436,,"sanding discs STF D150/48 P40 GR/50 from Festool is an abrasive product for levelling, smoothing or keying surfaces during staged preparation; the stated grit determines how aggressively it cuts. Match it to the surface, work progressively, and use suitable eye, hand and respiratory protection for the material being removed.",,Painting Tools & Accessories > Festool,"sandpaper, coated abrasive, surface preparation abrasive, sanding material",Festool,FESTOOL,https://raw.githubusercontent.com/kinggoff/NewSteelesImages/main/review-images/FES-000000436-festool-575160-d150-p40-granat-disc.png?raw=true,Image Added,,,,,,,,,,,,,,,452b8b4f8d7c896b1912d619b0e821d5e27217a0d1cb7ddf4663282976d3fae0,6d5f18f91530f81665ba216dd211194dc4ab6ce1a3335b15927264d1f3d8f074
simple,Long-reach sand PLANEX LHS 225 EQ-Plus,436,FES-000000437,,"Long-reach sand PLANEX LHS 225 EQ-Plus from Festool is a long-reach drywall sander designed to smooth walls and ceilings while working with compatible abrasives and dust extraction. Review the listed format and current manufacturer instructions to confirm compatibility, safe use, cleaning and storage for the intended job.",,Painting Tools & Accessories > Festool,"long-reach drywall sander, power sander, surface preparation tool, dust-extraction sander",Festool,FESTOOL,https://raw.githubusercontent.com/kinggoff/NewSteelesImages/main/review-images/FES-000000437-festool-planex-lhs-225-eq-plus.png?raw=true,Images for Review,,,,,,,,,,,,,,,271c772a7189b6c8201de32f79f55256f0a79289e7f5921e6b0f2142b9e62520,45287d273c0122fa1dd7d3f1f6ecb8914585b5192d1561c55223d10d37333615
simple,Rotex RO 150 FEQ-Plus USA 120V,437,FES-000000438,,"Rotex RO 150 FEQ-Plus USA 120V from Festool is a powered sander for controlled surface preparation using the compatible abrasive format and grit specified for the task. Review the listed format and current manufacturer instructions to confirm compatibility, safe use, cleaning and storage for the intended job.",,Painting Tools & Accessories > Festool,"power sander, orbital sander, surface preparation tool, power tool",Festool,FESTOOL,https://raw.githubusercontent.com/kinggoff/NewSteelesImages/main/review-images/FES-000000438-festool-ro-150-feq-plus-us.png?raw=true,Image Added,,,,,,,,,,,,,,,bddfe70141a6b50ea10fd09fb67e1eed60224370221d8698df13d3eb708dc656,a2c8986d71f8c45eed62c9216c770a1c9669f2e4865f97d332adc560cb2bc786
simple,Rotex RO 125 FEQ Plus USA 120V,438,FES-000000439,,"Rotex RO 125 FEQ Plus USA 120V from Festool is a powered sander for controlled surface preparation using the compatible abrasive format and grit specified for the task. Review the listed format and current manufacturer instructions to confirm compatibility, safe use, cleaning and storage for the intended job.",,Painting Tools & Accessories > Festool,"power sander, orbital sander, surface preparation tool, power tool",Festool,FESTOOL,https://raw.githubusercontent.com/kinggoff/NewSteelesImages/main/review-images/FES-000000439-festool-ro-125-feq-plus-us.png?raw=true,Image Added,,,,,,,,,,,,,,,694c5a8d02cc36c94edb01826afa7fc9143ece3459f484151077f5b8c9245cf1,4efd3e80f27ff540fb56913c0f052389369e88cd868d8752888b115b04c4f232
simple,Orbital sander RTS 400 REQ-Plus USA,439,FES-000000440,,"Orbital sander RTS 400 REQ-Plus USA from Festool is a powered sander for controlled surface preparation using the compatible abrasive format and grit specified for the task. Match it to the surface, work progressively, and use suitable eye, hand and respiratory protection for the material being removed.",,Painting Tools & Accessories > Festool,"power sander, orbital sander, surface preparation tool, power tool",Festool,FESTOOL,https://raw.githubusercontent.com/kinggoff/NewSteelesImages/main/review-images/FES-000000440-festool-rts-400-req-plus-us.png?raw=true,Image Added,,,,,,,,,,,,,,,76149332877c66b978130e199a93d03ccd524a38bb44d10e61b3be7d23a83bcc,2440a4fda9234577eef6e74550a79a5c423ad83088794bf866d53969240268ea
simple,FESTOOL ETS 125 REQ-Plus orbital sander,440,FES-000000441,,"FESTOOL ETS 125 REQ-Plus orbital sander is a powered sander for controlled surface preparation using the compatible abrasive format and grit specified for the task. Match it to the surface, work progressively, and use suitable eye, hand and respiratory protection for the material being removed. Confirm the exact item and package before ordering.",,Painting Tools & Accessories > Festool,"power sander, orbital sander, surface preparation tool, power tool",Festool,FESTOOL,https://raw.githubusercontent.com/kinggoff/NewSteelesImages/main/review-images/19-fes-000000441-festool-ets-125-req-plus-orbital-sander.png?raw=true,Image Added,,,,,,,,,,,,,,,bb17d208806f45a5169ff35c36499afd596205f6bfdd438e1f92f4ca3b3e9abe,54629efece4ee6979f8e65de6996fe0b4c9ea82e6757663267f0bb3cf883a091
simple,Rotex RO 90 DX FEQ-Plus USA120,441,FES-000000442,,"Rotex RO 90 DX FEQ-Plus USA120 from Festool is a powered sander for controlled surface preparation using the compatible abrasive format and grit specified for the task. Review the listed format and current manufacturer instructions to confirm compatibility, safe use, cleaning and storage for the intended job.",,Painting Tools & Accessories > Festool,"power sander, orbital sander, surface preparation tool, power tool",Festool,FESTOOL,https://raw.githubusercontent.com/kinggoff/NewSteelesImages/main/review-images/FES-000000442-festool-ro-90-dx-feq-plus-us.png?raw=true,Image Added,,,,,,,,,,,,,,,f0dacfbfd2748b036bdd1c2e09282cb1518d2fc3fea2029dd47132bce1f5c2c4,bd9e339a604f44c719cf9c1029379ada44250a6da347e39edd7a5131d9088fc5
simple,Orbital sander ETS EC150/3 EQ-Plus,442,FES-000000443,,"Orbital sander ETS EC150/3 EQ-Plus from Festool is a powered sander for controlled surface preparation using the compatible abrasive format and grit specified for the task. Match it to the surface, work progressively, and use suitable eye, hand and respiratory protection for the material being removed.",,Painting Tools & Accessories > Festool,"power sander, orbital sander, surface preparation tool, power tool",Festool,FESTOOL,https://raw.githubusercontent.com/kinggoff/NewSteelesImages/main/review-images/FES-000000443-festool-ets-ec150-3-eq-plus-us.png?raw=true,Image Added,,,,,,,,,,,,,,,2f201b8e2992d7163f099db594008c2e0867ccd31242b37f80ac11210527efe3,a74fabf8a2fff6a40cef122a051f59fb024b8305b2cae3fba2d749fa30cfc779
simple,Ecc. grinder ETS EC125/3 EQ-PLUS USA,443,FES-000000444,,"Ecc. grinder ETS EC125/3 EQ-PLUS USA from Festool is a powered sander for controlled surface preparation using the compatible abrasive format and grit specified for the task. Review the listed format and current manufacturer instructions to confirm compatibility, safe use, cleaning and storage for the intended job.",,Painting Tools & Accessories > Festool,"power sander, orbital sander, surface preparation tool, power tool",Festool,FESTOOL,https://raw.githubusercontent.com/kinggoff/NewSteelesImages/main/review-images/FES-000000444-festool-ets-ec125-3-eq-plus-us.png?raw=true,Image Added,,,,,,,,,,,,,,,76460372c8c5d01cccf9a3ccd48cda66b23c043a1234efc605c0d8ba22da4b75,23c9c4418e245e77a0925bc4df1fa7fd8235d82639746b59434a65503b304eaa
simple,Diamond grinder RG 130 ECI-Plus RENOFIX,444,FES-000000445,,"Diamond grinder RG 130 ECI-Plus RENOFIX from Festool is a surface-renovation grinder for removing or levelling compatible mineral coatings and substrates with the correct diamond tooling and dust extraction. Review the listed format and current manufacturer instructions to confirm compatibility, safe use, cleaning and storage for the intended job.",,Painting Tools & Accessories > Festool,"concrete grinder, diamond grinder, surface preparation machine, power tool",Festool,FESTOOL,https://raw.githubusercontent.com/kinggoff/NewSteelesImages/main/review-images/FES-000000445-festool-rg-130-eci-plus-us.png?raw=true,Image Added,,,,,,,,,,,,,,,af2e377066cd5968e115da5c465ad5b29edb2c20ec0c89d401fca99452fb73b1,9064e738a5a14ad4510504ac01d7f93749f7e13906d4b09c0d7e270d6bc5e1c4
simple,"cordl. d.sander DTSC 400 Li 3,1-Plus USA",445,FES-000000446,,"cordl. d.sander DTSC 400 Li 3,1-Plus USA from Festool is a powered sander for controlled surface preparation using the compatible abrasive format and grit specified for the task. Match it to the surface, work progressively, and use suitable eye, hand and respiratory protection for the material being removed.",,Painting Tools & Accessories > Festool,"power sander, orbital sander, surface preparation tool, power tool",Festool,FESTOOL,https://raw.githubusercontent.com/kinggoff/NewSteelesImages/main/review-images/FES-000000446-festool-dtsc-400-3-0-i-plus-us.png?raw=true,Images for Review,,,,,,,,,,,,,,,a418a41df08edd4e4cf6e05649a8ab07bdae46f385fffc365b96e173f6a129e3,96129ccb630bbb33e49fbfb7be204131080706613c6f736d3bf359b4866cf639
simple,Delta sander DTS 400 REQ-Plus USA,446,FES-000000447,,"Delta sander DTS 400 REQ-Plus USA from Festool is a powered sander for controlled surface preparation using the compatible abrasive format and grit specified for the task. Match it to the surface, work progressively, and use suitable eye, hand and respiratory protection for the material being removed.",,Painting Tools & Accessories > Festool,"power sander, orbital sander, surface preparation tool, power tool",Festool,FESTOOL,https://raw.githubusercontent.com/kinggoff/NewSteelesImages/main/review-images/FES-000000447-festool-dts-400-req-plus-us.png?raw=true,Image Added,,,,,,,,,,,,,,,721fcc7bafd557b8abda7630e0fa1406dc8ef5e44c097dce08d5ec1b111492c4,2f971040f52841687bc972f724129bfd19607c6b33778dd317bdf072ab9d9882
simple,sandpaper STF DELTA/7 P 40 GR 50X,447,FES-000000448,,"sandpaper STF DELTA/7 P 40 GR 50X from Festool is an abrasive product for levelling, smoothing or keying surfaces during staged preparation; the stated grit determines how aggressively it cuts. Match it to the surface, work progressively, and use suitable eye, hand and respiratory protection for the material being removed.",,Painting Tools & Accessories > Festool,"sandpaper, coated abrasive, surface preparation abrasive, sanding material",Festool,FESTOOL,https://raw.githubusercontent.com/kinggoff/NewSteelesImages/main/review-images/FES-000000448-festool-577542-delta-p40-granat-sheet.png?raw=true,Images for Review,,,,,,,,,,,,,,,6c2b3ad6703ae754699537d7e4fe8e2f33ee81a83b51bc1e7b248d919bc6a714,53b65c50a0fced1d7928cde763fec6ad53e217214f15b8046dcacd24ebdfa8c7
simple,"cordless drill T18+3 HPC 4,0 I-Set",448,PC-000000449,,"cordless drill T18+3 HPC 4,0 I-Set from PC Products is a cordless drilling and fastening tool for installation, assembly and general jobsite work with compatible bits, batteries and accessories. Review the listed format and current manufacturer instructions to confirm compatibility, safe use, cleaning and storage for the intended job.",,Painting Tools & Accessories > Festool,"cordless drill, drill driver, power tool, battery tool",PC Products,FESTOOL,https://raw.githubusercontent.com/kinggoff/NewSteelesImages/main/review-images/PC-000000449-festool-t18-plus-3-hpc-4-0-i-set-us.png?raw=true,Image Added,,,,,,,,,,,,,,,d3b5b85e0960ed62e3f0ada227e78c0127426d93eed787aa2b98127e5d10f6aa,d9af66a55c5299612e6a59cea2ce7ef2b1bd07f63fb964c27779a95fe5a470a9
simple,Festool Cordless Impact Drill TID 18 Basic,449,FES-000000450,,"Festool Cordless Impact Drill TID 18 Basic is a cordless drilling and fastening tool for installation, assembly and general jobsite work with compatible bits, batteries and accessories. Review the listed format and current manufacturer instructions to confirm compatibility, safe use, cleaning and storage for the intended job.",,Painting Tools & Accessories > Festool,"cordless impact driver, impact drill, power tool, battery tool",Festool,FESTOOL,https://raw.githubusercontent.com/kinggoff/NewSteelesImages/main/review-images/FES-000000450-festool-tid-18-basic-us.png?raw=true,Image Added,,,,,,,,,,,,,,,3fa68b20b65db6266acea16252991a4804016796c839e640b6d5d48e05339251,ca0ba56419f0f7b3950cef33807c2fa301a1a8356bddae1bca6e4206fe717f4c
simple,"cordless impact drill TID 18 HPC 4,0 set",450,PC-000000451,,"cordless impact drill TID 18 HPC 4,0 set from PC Products is a cordless drilling and fastening tool for installation, assembly and general jobsite work with compatible bits, batteries and accessories. Review the listed format and current manufacturer instructions to confirm compatibility, safe use, cleaning and storage for the intended job.",,Painting Tools & Accessories > Festool,"cordless impact driver, impact drill, power tool, battery tool",PC Products,FESTOOL,https://raw.githubusercontent.com/kinggoff/NewSteelesImages/main/review-images/20-pc-000000451-cordless-impact-drill-tid-18-hpc-4-0-set.png?raw=true,Image Added,,,,,,,,,,,,,,,2c1bc7558aab201b6d65bbafcf5905a64ce96789b6edde5649f992bee99eb18b,cc1d4fdeb7d34dff666d6766848565fd612abf9263a949f5ecb5c105d514eefd
simple,Dust Extractor Ct48 E Ac Hepa,451,FES-000000452,,"Dust Extractor Ct48 E Ac Hepa from Festool is a mobile dust extractor for collecting compatible sanding and jobsite dust when connected to the correct tool, hose and filter system. Review the listed format and current manufacturer instructions to confirm compatibility, safe use, cleaning and storage for the intended job.",,Painting Tools & Accessories > Festool,"dust extractor, hepa vacuum, power tool, dust collection equipment",Festool,FESTOOL,https://raw.githubusercontent.com/kinggoff/NewSteelesImages/main/review-images/FES-000000452-festool-ct-48-e-ac-hepa.png?raw=true,Image Added,,,,,,,,,,,,,,,7ef33930eac14204e6996a81bf524d0ce521fcc9f1752396e34f082bfce3cf8d,c764c444bccaa6f832e329fb6070fe0598e304bc80e610a5aa23f101de9c3768
simple,Mobil Dust Extr Ct15,452,FES-000000453,,"Mobil Dust Extr Ct15 from Festool is a mobile dust extractor for collecting compatible sanding and jobsite dust when connected to the correct tool, hose and filter system. Review the listed format and current manufacturer instructions to confirm compatibility, safe use, cleaning and storage for the intended job.",,Painting Tools & Accessories > Festool,"dust extractor, hepa vacuum, power tool, dust collection equipment",Festool,FESTOOL,https://raw.githubusercontent.com/kinggoff/NewSteelesImages/main/review-images/FES-000000453-festool-ct-15-hepa-us.png?raw=true,Image Added,,,,,,,,,,,,,,,c24ac000c6e8497ce9651081d52cd15516a3b8555a8e79c6a36a32934463a35c,331665a99e8dda37994fbce60a48c7661dd27cc371d449a7f694408e8e2c5390
simple,mobil dust extr CT MIDI USA HEPA,453,FES-000000454,,"mobil dust extr CT MIDI USA HEPA from Festool is a mobile dust extractor for collecting compatible sanding and jobsite dust when connected to the correct tool, hose and filter system. Review the listed format and current manufacturer instructions to confirm compatibility, safe use, cleaning and storage for the intended job.",,Painting Tools & Accessories > Festool,"dust extractor, hepa vacuum, power tool, dust collection equipment",Festool,FESTOOL,https://raw.githubusercontent.com/kinggoff/NewSteelesImages/main/review-images/FES-000000454-festool-ct-midi-i-hepa-us.png?raw=true,Images for Review,,,,,,,,,,,,,,,f5f6652fe7e2760a8cbc0a2e1781e72f3bce421f8afdace5a7f36aa9c6f9ff4c,0ff49b61dd1385a0230937d112b90d3895cacae0e34f9e9ad3b1f1dc88720796
simple,"Flame Control Finish Coat Low,Semi,High",454,FC-000000455,,"Flame Control Finish Coat Low,Semi,High is a coating formulated for the interior, exterior, specialty or industrial use indicated by its product name and category. Confirm preparation, compatibility, application, coverage and recoat requirements in the current label or technical data sheet. Confirm the exact item and package before ordering.",,Paints > Specialty Paints,"fire-retardant paint, protective coating, interior coating, architectural paint",Flame Control,FLA01-S,https://raw.githubusercontent.com/kinggoff/NewSteelesImages/main/review-images/FC-000000455-flame-control-finish-coat.png?raw=true,Images for Review,Finishes,Low Sheen | Semi-Gloss | High Gloss,1,1,,,,,Flame Control No. 141 High Gloss polyurethane varnish=https://raw.githubusercontent.com/kinggoff/NewSteelesImages/main/PDFs/SDS/flame-control-Flame-Control-No-141-High-Gloss-SDS.pdf?raw=true,"Flame Control No. 141 polyurethane varnish - Low, Semi and High Gloss=https://raw.githubusercontent.com/kinggoff/NewSteelesImages/main/PDFs/TDS/flame-control-Flame-Control-No-141-Varnish-TDS.pdf?raw=true",Flame Control No. 141 High Gloss polyurethane varnish=https://raw.githubusercontent.com/kinggoff/NewSteelesImages/main/PDFs/SDS/flame-control-Flame-Control-No-141-High-Gloss-SDS.pdf?raw=true,,"Flame Control No. 141 polyurethane varnish - Low, Semi and High Gloss=https://raw.githubusercontent.com/kinggoff/NewSteelesImages/main/PDFs/TDS/flame-control-Flame-Control-No-141-Varnish-TDS.pdf?raw=true",,1d9e2c100a26f77ed51f87577354e116e2339e6469aace0d5a086c91aeacf5d4,cf15e6dca5bf9316ad9d0a0e100ff4df5df37f54fc67f437f64abab6a17409fd
simple,Radius 360 Sanding Tool,455,R3-000000456,,"Radius 360 Sanding Tool is a manual sanding holder or replacement pad for keeping abrasive material supported while smoothing walls, wood or repaired surfaces. Match it to the surface, work progressively, and use suitable eye, hand and respiratory protection for the material being removed. Confirm the exact item and package before ordering.",,Painting Tools & Accessories > Tools,"drywall sander, round sanding tool, hand sander, surface preparation tool",Radius 360,CANPRO,https://raw.githubusercontent.com/kinggoff/NewSteelesImages/main/review-images/21-r3-000000456-radius-360-sanding-tool.png?raw=true,Image Added,,,,,,,,,,,,,,,eba649e50271e33f04595eac1f34aac6c35f7ce3f828ddc41a5b9bf6730c9ea6,8368b9bb890ba38c84f54a6e258ea037a1c039db0b045d294fc963d39ecfefa5
simple,Radius 360 Sanding Disc 100 Grit,456,R3-000000457,,"Radius 360 Sanding Disc 100 Grit is an abrasive product for levelling, smoothing or keying surfaces during staged preparation; the stated grit determines how aggressively it cuts. Match it to the surface, work progressively, and use suitable eye, hand and respiratory protection for the material being removed.",,Painting Tools & Accessories > Tools,"sandpaper, coated abrasive, surface preparation abrasive, sanding material",Radius 360,CANPRO,https://raw.githubusercontent.com/kinggoff/NewSteelesImages/main/review-images/R3-000000457-level360-sd100-5-100-grit-discs.png?raw=true,Image Added,,,,,,,,,,,,,,,ad0ba23a04207474c7e38f5df923b57c1f72137e786553c7b7e888f35c993bab,ae3a7a95a4b5316e9753eceb0e9411c4a0eaf7e3b9852fe3152a5c19574fce12
simple,Full Circle Flex Edge Replacement Pad,457,R3-000000458,,"Full Circle Flex Edge Replacement Pad from Radius 360 is a manual sanding holder or replacement pad for keeping abrasive material supported while smoothing walls, wood or repaired surfaces. Apply to a clean, sound surface and follow the label for mixing, layer depth, drying or cure, sanding and topcoating.",,Painting Tools & Accessories > Tools,"sander replacement pad, sanding tool accessory, backing pad, surface preparation accessory",Radius 360,CANPRO,https://raw.githubusercontent.com/kinggoff/NewSteelesImages/main/review-images/R3-000000458-full-circle-flex-edge-2-replacement-pad.png?raw=true,Images for Review,,,,,,,,,,,,,,,34301164f4c4fc875316b78a280ddf7e56adc760579bc6d17a38f85b64178aa5,bda63d29fd82c774c40f323eb10a0ae1f4c061e453bf5ec0fddd38dd608a5137
simple,Drive Kote 10 Year Driveway Sealer,458,GI-000000459,,"Drive Kote 10 Year Driveway Sealer from GH International is a sealer or treatment for compatible concrete, asphalt, paving stone or masonry surfaces as indicated by the product name. Confirm preparation, compatibility, application, coverage and recoat requirements in the current label or technical data sheet.",,Paints > Driveway Coatings,"driveway sealer, asphalt sealer, protective pavement coating, exterior coating",GH International,GHI01,https://raw.githubusercontent.com/kinggoff/NewSteelesImages/main/review-images/GI-000000459-black-jack-drive-kote-500.png?raw=true,Images for Review,,,,,,,,,Black Jack Drive-Kote 500 Blacktop Driveway Sealer - 6452-9-30=https://raw.githubusercontent.com/kinggoff/NewSteelesImages/main/PDFs/SDS/gh-international-Black-Jack-Drive-Kote-500-6452-SDS.pdf?raw=true,Black Jack Drive-Kote 500 Blacktop Driveway Sealer - 6452=https://raw.githubusercontent.com/kinggoff/NewSteelesImages/main/PDFs/TDS/gh-international-Black-Jack-Drive-Kote-500-6452-TDS.pdf?raw=true,Black Jack Drive-Kote 500 Blacktop Driveway Sealer - 6452-9-30=https://raw.githubusercontent.com/kinggoff/NewSteelesImages/main/PDFs/SDS/gh-international-Black-Jack-Drive-Kote-500-6452-SDS.pdf?raw=true,,Black Jack Drive-Kote 500 Blacktop Driveway Sealer - 6452=https://raw.githubusercontent.com/kinggoff/NewSteelesImages/main/PDFs/TDS/gh-international-Black-Jack-Drive-Kote-500-6452-TDS.pdf?raw=true,,ad3a74fb17d0104cac706258af6ba9d30614fa1cd66d818f8ad5fbb52cdb61c2,e0901cdbfb45ff7ca3749a3b913215031a851c1ec9263fe7a8d7f145630b6952
simple,Gorilla Wood Glue,459,GOR-000000460,,"Gorilla Wood Glue is an adhesive or repair compound for joining compatible materials; bond strength depends on surface preparation, fit, cure and the specific substrates involved. Prepare both surfaces and follow the label for mixing where required, open or working time, assembly, clamping and cure.",,Painting Tools & Accessories > Paint Prep & Repairs,"wood glue, woodworking adhesive, pva adhesive, interior and exterior adhesive",Gorilla,CANPRO,https://raw.githubusercontent.com/kinggoff/NewSteelesImages/main/review-images/GOR-000000460-gorilla-wood-glue-8oz.png?raw=true,Images for Review,,,,,,,,,,,,,,,1fcd26ef59a78bac73a576c8389e2bda56584c1cb6329f77aba5552b956bb13a,fc4b9901bee46ade19c89f153690988d1826eef9620e5bd50826a68f7dcdc5e9
simple,Gorilla Tape Crystal Clear,460,GOR-000000461,,"Gorilla Tape Crystal Clear is a clear repair tape for sealing and patching compatible materials where a less visible tape line is preferred. Review the listed format and current manufacturer instructions to confirm compatibility, safe use, cleaning and storage for the intended job. Confirm the exact item and package before ordering.",,Painting Tools & Accessories > Paint Prep & Repairs,"clear repair tape, waterproof tape, pressure-sensitive tape, repair tape",Gorilla,CANPRO,https://raw.githubusercontent.com/kinggoff/NewSteelesImages/main/review-images/22-gor-000000461-gorilla-tape-crystal-clear.png?raw=true,Image Added,,,,,,,,,,,,,,,c4339128af2a5f7c90146dfd67e27e141cc32ffc8e77017145415c690f71341d,309fbe0e2de0f894766ca71d75ea77a59c071b776e493a63d47fb1a20b52ffc6
simple,Gorilla Mounting Tape,461,GOR-000000462,,"Gorilla Mounting Tape is a strong project tape for mounting, sealing or repairing compatible materials where the named tape format suits the load and surface. Review the listed format and current manufacturer instructions to confirm compatibility, safe use, cleaning and storage for the intended job.",,Painting Tools & Accessories > Paint Prep & Repairs,"double-sided tape, mounting tape, pressure-sensitive adhesive, repair tape",Gorilla,CANPRO,https://raw.githubusercontent.com/kinggoff/NewSteelesImages/main/review-images/23-gor-000000462-gorilla-mounting-tape.png?raw=true,Image Added,,,,,,,,,,,,,,,5161a33146d35008bf480c12fc1cdf693ac7483b4ed4fbd67612de7a5d7e2595,e13f7ff0d43f102a7a547967d3fe0a669a61b087433db698dbd4cb459b3f786b
simple,Gorilla Glue Original,462,GOR-000000463,,"Gorilla Glue Original is an adhesive or repair compound for joining compatible materials; bond strength depends on surface preparation, fit, cure and the specific substrates involved. Prepare both surfaces and follow the label for mixing where required, open or working time, assembly, clamping and cure.",,Painting Tools & Accessories > Paint Prep & Repairs,"polyurethane adhesive, multi-purpose glue, moisture-curing adhesive, repair adhesive",Gorilla,CANPRO,https://raw.githubusercontent.com/kinggoff/NewSteelesImages/main/review-images/24-gor-000000463-gorilla-glue-original.png?raw=true,Image Added,,,,,,,,,,,,,,,b7446a14958b323143ec371b2073d4ecaade1c247984e5deb4b3129406a69cc2,dc9ffeeb1527f7afc796355271791fbcf0358b16cec94c248c44f56c88206e21
simple,Gorilla Epoxy,463,GOR-000000464,,"Gorilla Epoxy is an adhesive or repair compound for joining compatible materials; bond strength depends on surface preparation, fit, cure and the specific substrates involved. Prepare both surfaces and follow the label for mixing where required, open or working time, assembly, clamping and cure. Confirm the exact item and package before ordering.",,Painting Tools & Accessories > Paint Prep & Repairs,"epoxy adhesive, two-part epoxy, repair adhesive, structural adhesive",Gorilla,CANPRO,https://raw.githubusercontent.com/kinggoff/NewSteelesImages/main/review-images/GOR-000000464-gorilla-epoxy-clear.png?raw=true,Image Added,,,,,,,,,,,,,,,85521ac2a5dfd132c0af2acefd6d330c24e179e932a7b4e46202bc45e7e9d59f,22ad7d7679bcfd3e1ece46b0c0c825cb533114490f8cc484e9032464041487bb
simple,E-Z Mix Cups,464,EZ-000000465,,"E-Z Mix Cups is a reusable work container for holding, measuring or mixing compatible paint and finishing materials during preparation and application. Review the listed format and current manufacturer instructions to confirm compatibility, safe use, cleaning and storage for the intended job. Confirm the exact item and package before ordering.",,Painting Tools & Accessories > Tools,"mixing cup, paint mixing container, graduated cup, painting accessory",E-Z Mix,GOE01,https://raw.githubusercontent.com/kinggoff/NewSteelesImages/main/review-images/EZ-000000465-ez-mix-70032-one-quart-cup.png?raw=true,Images for Review,,,,,Variants,2 1/2 QUART | 1 PINT | 1 QUART,1,1,,,,,,,349b4c1bdb7e71198e3b91d9c70360aadb116d8b3f0fd378bf0eb5db689b6a74,6eeb41f11abdf5592c107c5afe18d53dcf154c992923bcc8fd9fb1fc737ce0bf
simple,Slik Bottle Fisheye Eliminator,465,GY-000000466,,"Slik Bottle Fisheye Eliminator from Goudey is a coating additive intended to reduce fisheye defects in compatible lacquer or finishing systems when contamination cannot otherwise be eliminated. Confirm preparation, compatibility, application, coverage and recoat requirements in the current label or technical data sheet.",,Lacquer and Millwork Coatings > Goudey,"coating additive, fisheye eliminator, finish additive, paint additive",Goudey,GOE01,https://raw.githubusercontent.com/kinggoff/NewSteelesImages/main/review-images/GY-000000466-slik-bottle-fisheye-eliminator.png?raw=true,Images for Review,,,,,,,,,,,,,,,60e17cd4beedcee6ce1dab6a5f9c930b9a8e4cb10dd1bc0e7d6b3ed8cb1c35ac,de737fca1896282f2ffc8a6f20e3ce96ef169e805c7ec41baddc2dd96177b52c
simple,Nationale Silver Leaf 500 Sheet Box,466,NAT-000000467,,"Nationale Silver Leaf 500 Sheet Box is a decorative gilding material or system component for creating metallic leaf finishes on compatible prepared surfaces. Confirm preparation, compatibility, application, coverage and recoat requirements in the current label or technical data sheet. Confirm the exact item and package before ordering.",,Specialty & Decorative Products > Gold Leaf,"silver leaf, metal leaf, gilding material, decorative finish",Nationale,GOE01,https://raw.githubusercontent.com/kinggoff/NewSteelesImages/main/review-images/NAT-000000467-nazionale-silver-leaf-500-sheet-pack.png?raw=true,Image Added,,,,,,,,,,,,,,,0bb3e7319de6d96a6fa1fe34c7d3d28aeb2a52a0582b3b44d711984343ab1c64,013a03eb7ed3508932fa1a5483ff65e794dbfb5d003a55a8eef3d9a4ec6ac904
simple,Nationale Gold Leaf 500 Sheet Box,467,NAT-000000468,,"Nationale Gold Leaf 500 Sheet Box is a decorative gilding material or system component for creating metallic leaf finishes on compatible prepared surfaces. Confirm preparation, compatibility, application, coverage and recoat requirements in the current label or technical data sheet. Confirm the exact item and package before ordering.",,Specialty & Decorative Products > Gold Leaf,"gold leaf, metal leaf, gilding material, decorative finish",Nationale,GOE01,https://raw.githubusercontent.com/kinggoff/NewSteelesImages/main/review-images/NAT-000000468-nazionale-composition-gold-leaf-500-sheet-pack.png?raw=true,Image Added,,,,,,,,,,,,,,,6f7f1754273871b088658ed188dc450159c97add7b38de8907db51e7f25de02e,80acd5044ad5732bbbc049e9d159cbaaa6b2828aa725a9b402160c625e5e6070
simple,Goudey NGR Stain - Red,468,GY-000000469,,"Goudey NGR Stain - Red is a wood-finishing product for colouring, conditioning or protecting the compatible interior or exterior wood surface named in the product. Confirm preparation, compatibility, application, coverage and recoat requirements in the current label or technical data sheet. Confirm the exact item and package before ordering.",,Lacquer and Millwork Coatings > Goudey,"non-grain-raising stain, dye stain, solvent-based wood stain, wood finish",Goudey,GOE01,https://raw.githubusercontent.com/kinggoff/NewSteelesImages/main/review-images/GY-000000469-goudey-ngr-stain-red.png?raw=true,Images for Review,,,,,,,,,,,,,,,caae3ee93a0603eccc8be335617cb3d6c489ab85969b7b7ae55e500b0dd9f142,c20964295175f02f43526ee41fc2473c7db9dfcbb7c1bf7b65086445b631ccea
simple,Goudey Natural Paste Wood Filler,469,GY-000000470,,"Goudey Natural Paste Wood Filler is a repair material for filling, patching, glazing, rebuilding or stabilizing the compatible wood, drywall, window or masonry surface indicated by the product name. Apply to a clean, sound surface and follow the label for mixing, layer depth, drying or cure, sanding and topcoating.",,Lacquer and Millwork Coatings > Goudey,"wood filler, wood repair compound, grain filler, surface repair product",Goudey,GOE01,https://raw.githubusercontent.com/kinggoff/NewSteelesImages/main/review-images/GY-000000470-goudey-natural-paste-wood-filler.png?raw=true,Images for Review,,,,,,,,,,,,,,,cb3889404323acd63ba6dffb09d445ce16f744d5eb2b53b12cf9854a3e18b8b3,ac746d2ff4689b92a903d8e9173a2c7c58cbd00e13d834821b8aa2bc0a5837d6
simple,Goudey Acetone,470,GY-000000471,,"Goudey Acetone is a surface-preparation or cleanup product for removing the residue named in the product from compatible materials before refinishing. Selection should be based on the specific task, material, working conditions and compatible products in the complete system. Test first, then follow the label for dilution, dwell time, rinsing, ventilation and protective equipment.",,Lacquer and Millwork Coatings > Goudey,"acetone, finishing solvent, cleaning solvent, surface preparation solvent",Goudey,GOE01,https://raw.githubusercontent.com/kinggoff/NewSteelesImages/main/review-images/GY-000000471-goudey-acetone.png?raw=true,Image Added,,,,,,,,,,,,,,,c424e43271ebd7d17daf19fc3921824d21f6996621e0ea4857fe49bc3820a579,de3714ccf580c7d75d7d9fc4e116135d60f3f9f087c8e3c229f1394edf0f2023
simple,Dux Water-Based Gilding Size,471,GY-000000472,,"Dux Water-Based Gilding Size from Goudey is a decorative gilding material or system component for creating metallic leaf finishes on compatible prepared surfaces. Confirm preparation, compatibility, application, coverage and recoat requirements in the current label or technical data sheet. Confirm the exact item and package before ordering.",,Lacquer and Millwork Coatings > Goudey,"gilding size, metal leaf adhesive, water-based adhesive, decorative finishing product",Goudey,GOE01,https://raw.githubusercontent.com/kinggoff/NewSteelesImages/main/review-images/GY-000000472-dux-water-based-gilding-size-8oz.png?raw=true,Images for Review,,,,,,,,,,,,,,,90d0702406f1d4f67522275baad4421133a73de9bf3d363f2767016548d229c0,8117603f4f43f4becad84992a5dd93e677774fb40f6b38d23e31aa9493dc3e0c
simple,Graco Tip HD,472,GRA-000000473,,"Graco Tip HD is an airless spray tip that controls fan width and material flow; the exact tip size must be matched to the coating, sprayer and desired finish. Confirm model compatibility and pressure rating, then follow the equipment manual for setup, flushing, maintenance and safe operation. Confirm the exact item and package before ordering.",,Spray Equipment Sales & Service > Graco,"airless spray tip, sprayer nozzle, paint sprayer accessory, coating application part",Graco,GRA01-S,https://raw.githubusercontent.com/kinggoff/NewSteelesImages/main/review-images/GRA-000000473-graco-tip-hd.png?raw=true,Images for Review,,,,,,,,,,,,,,,ce1471c6f21018504e0c788e7fbf5a2e4636c5def3d18f7f3e254051807c9b7e,912aad59bb20c1c4f86c48d3a3a5cb5b2139e5bdc6b74e8c47f0f9a36de8f8e3
simple,Graco Throat Seal,473,GRA-000000474,,"Graco Throat Seal is a maintenance fluid used with compatible airless sprayer pump packings to help protect the displacement rod and wet-cup area. Confirm model compatibility and pressure rating, then follow the equipment manual for setup, flushing, maintenance and safe operation. Confirm the exact item and package before ordering.",,Spray Equipment Sales & Service > Graco,"sprayer throat seal, pump seal, paint sprayer replacement part, spray equipment part",Graco,GRA01-S,https://raw.githubusercontent.com/kinggoff/NewSteelesImages/main/review-images/GRA-000000474-graco-206994-tsl-throat-seal-liquid.png?raw=true,Images for Review,,,,,,,,,,,,,,,bacae1251e4e751ce36e87df752bba609f2d0c30042800a0632e6671b05c6239,15e21f08701518aad78119cc2377c358e424f157039b2c54bae3fbf57abf0e03
simple,Graco Rac 10 Tip,474,GRA-000000475,,"Graco Rac 10 Tip is an airless spray tip that controls fan width and material flow; the exact tip size must be matched to the coating, sprayer and desired finish. Confirm model compatibility and pressure rating, then follow the equipment manual for setup, flushing, maintenance and safe operation. Confirm the exact item and package before ordering.",,Spray Equipment Sales & Service > Graco,"airless spray tip, sprayer nozzle, paint sprayer accessory, coating application part",Graco,GRA01-S,https://raw.githubusercontent.com/kinggoff/NewSteelesImages/main/review-images/GRA-000000475-graco-rac-10-tip.png?raw=true,Images for Review,,,,,,,,,,,,,,,269cf609d4bffca1d1cc7ac4aeb968351bd1bc9be4167a9de9b4f2b536b56df0,1e3b75272180ee1006dd6daa0d58d5ba5776c9a957cec375f36ae5ccb84a0511
simple,Graco Quickshot 3,475,GRA-000000476,,"Graco Quickshot 3 is a professional paint-spray system for applying compatible architectural or finishing coatings; capacity and setup should be matched to the material and project. Confirm model compatibility and pressure rating, then follow the equipment manual for setup, flushing, maintenance and safe operation.",,Spray Equipment Sales & Service > Graco,"electric airless spray gun, paint sprayer, coating application equipment, professional spray equipment",Graco,GRA01-S,https://raw.githubusercontent.com/kinggoff/NewSteelesImages/main/review-images/GRA-000000476-graco-ultra-quickshot-20b473.png?raw=true,Images for Review,,,,,,,,,,,,,,,a1fdfd9e373fb9f9fa81689c7167372184f4f64d204d98e8b8b9fabab5d44120,eda45eebaf5c1314d586083f1ad9365b62e420f6001c0f42d1c1f10dfadcac38
simple,Graco Linelazer Rac 5 Switch Tip,476,GRA-000000477,,"Graco Linelazer Rac 5 Switch Tip is an airless spray tip that controls fan width and material flow; the exact tip size must be matched to the coating, sprayer and desired finish. Confirm model compatibility and pressure rating, then follow the equipment manual for setup, flushing, maintenance and safe operation.",,Spray Equipment Sales & Service > Graco,"airless spray tip, sprayer nozzle, paint sprayer accessory, coating application part",Graco,GRA01-S,https://raw.githubusercontent.com/kinggoff/NewSteelesImages/main/review-images/GRA-000000477-graco-ll5315-linelazer-rac-5-switchtip.png?raw=true,Images for Review,,,,,,,,,,,,,,,08e39e4eedbcb97fc055e2c7c1f0448d158c8e1b399302f23b991591bac6844d,6f9265832e34f94ae229c626ad26a4716c614d64b3240706fcb1eb9806d3876f
simple,Graco Flat Tip,477,GRA-000000478,,"Graco Flat Tip is an airless spray tip that controls fan width and material flow; the exact tip size must be matched to the coating, sprayer and desired finish. Confirm model compatibility and pressure rating, then follow the equipment manual for setup, flushing, maintenance and safe operation. Confirm the exact item and package before ordering.",,Spray Equipment Sales & Service > Graco,"airless spray tip, sprayer nozzle, paint sprayer accessory, coating application part",Graco,GRA01-S,https://raw.githubusercontent.com/kinggoff/NewSteelesImages/main/review-images/GRA-000000478-graco-flat-tip.png?raw=true,Images for Review,,,,,,,,,,,,,,,b39dec4f7bb480ff6d8040a859208fe96730840f16f69ea160184da3d29e3b58,7b7453d3c20b4e0819963e0e4f33d2c43cacd63f5632226679c4f7de8903b6ca
simple,Graco Finishpro Gx19 120V,478,GRA-000000479,,"Graco Finishpro Gx19 120V is a professional paint-spray system for applying compatible architectural or finishing coatings; capacity and setup should be matched to the material and project. Confirm model compatibility and pressure rating, then follow the equipment manual for setup, flushing, maintenance and safe operation.",,Spray Equipment Sales & Service > Graco,"paint sprayer, airless paint sprayer, coating application equipment, professional spray equipment",Graco,GRA01-S,https://raw.githubusercontent.com/kinggoff/NewSteelesImages/main/review-images/GRA-000000479-graco-finishpro-gx19-17f924.png?raw=true,Image Added,,,,,,,,,,,,,,,c4c271c0fa91da53fdcf9f9f04cf9fc60240ed589de004403b26717b3fbd191f,c2f66df8306bf34a99b126b8fa4d213e70c655c8014ea2bad0e005c30a9a7483
simple,Graco Fine Finish Tip 107,479,GRA-000000480,,"Graco Fine Finish Tip 107 is an airless spray tip that controls fan width and material flow; the exact tip size must be matched to the coating, sprayer and desired finish. Confirm model compatibility and pressure rating, then follow the equipment manual for setup, flushing, maintenance and safe operation.",,Spray Equipment Sales & Service > Graco,"airless spray tip, sprayer nozzle, paint sprayer accessory, coating application part",Graco,GRA01-S,https://raw.githubusercontent.com/kinggoff/NewSteelesImages/main/review-images/GRA-000000480-graco-fflp108-fine-finish-switchtip.png?raw=true,Images for Review,,,,,,,,,,,,,,,e8ae6a4e65250653ba8b9f540796c64f2e629a938b960bf687b55dc8182576d1,2b790e97e075e7715f776071a39134806728dad6aa8dfa938c4a09482011e038
simple,Graco Filter,480,GRA-000000481,,"Graco Filter is a replacement spray-gun or system filter that helps screen coating debris and reduce tip clogs in compatible equipment. Selection should be based on the specific task, material, working conditions and compatible products in the complete system. Confirm model compatibility and pressure rating, then follow the equipment manual for setup, flushing, maintenance and safe operation.",,Spray Equipment Sales & Service > Graco,"spray gun filter, paint sprayer filter, spray equipment accessory, replacement filter",Graco,GRA01-S,https://raw.githubusercontent.com/kinggoff/NewSteelesImages/main/review-images/GRA-000000481-graco-filter.png?raw=true,Images for Review,,,,,,,,,,,,,,,40f6e897d6fe63482437c7e8097621fe2f11ceda9b5f3dfdeb454d1fda7a7514,ca867c3baf14535d4e88e9a009bafb6653a5554cee27a9fa32dc87e58537f2e7
simple,Graco Contractor Powershot Gun,481,GRA-000000482,,"Graco Contractor Powershot Gun is a paint-spray gun or gun package for delivering compatible coatings through the specified spray system. Selection should be based on the specific task, material, working conditions and compatible products in the complete system. Confirm model compatibility and pressure rating, then follow the equipment manual for setup, flushing, maintenance and safe operation.",,Spray Equipment Sales & Service > Graco,"airless spray gun, paint spray gun, coating application equipment, professional spray equipment",Graco,GRA01-S,https://raw.githubusercontent.com/kinggoff/NewSteelesImages/main/review-images/GRA-000000482-graco-contractor-powershot-xt-18h301.png?raw=true,Images for Review,,,,,,,,,,,,,,,0193c36772749c2e711474b472ca78b9a16e4997373e1157e451a776a1966013,41c56681496f7cc4fae65d022ae8adacc98e465a5b4265f31fb549950a703842
simple,Graco Ext,482,GRA-000000483,,"Graco Ext is a spray-gun extension for reaching ceilings, walls and other elevated or recessed areas with compatible airless equipment. Selection should be based on the specific task, material, working conditions and compatible products in the complete system. Confirm model compatibility and pressure rating, then follow the equipment manual for setup, flushing, maintenance and safe operation.",,Spray Equipment Sales & Service > Graco,"spray gun extension, paint sprayer accessory, extension wand, coating application part",Graco,GRA01-S,https://raw.githubusercontent.com/kinggoff/NewSteelesImages/main/review-images/GRA-000000483-graco-extension.png?raw=true,Images for Review,,,,,,,,,,,,,,,9d09c495458271422c812eb49f422abbba25e82793333c684fadd88ec4fb1535,c6ec02ea44086470a66d2e8713a862c023fa3b7fe3875c4999d5d07981b44285
simple,Purple Max Cleaner + Degreaser Concentrate,483,GE-000000484,,"Purple Max Cleaner + Degreaser Concentrate from Grime Eater is a surface-preparation or cleanup product for removing the residue named in the product from compatible materials before refinishing. Test first, then follow the label for dilution, dwell time, rinsing, ventilation and protective equipment.",,Painting Tools & Accessories > Cleaners & Removers,"degreaser, heavy-duty cleaner, surface preparation cleaner, concentrated cleaner",Grime Eater,GRIME,https://raw.githubusercontent.com/kinggoff/NewSteelesImages/main/review-images/GE-000000484-purple-max-cleaner-degreaser.png?raw=true,Image Added,,,,,,,,,,,,,,,010ef52ac52dea1d29346074807ff57a12b9222575df41b811cca055df7fbef0,a6dff41bd334620d26f59b13c08dc842715100d1c558f44e7fead66125ae7e65
simple,Power Maxx Hand Cleaner,484,GE-000000485,,"Power Maxx Hand Cleaner from Grime Eater is a surface-preparation or cleanup product for removing the residue named in the product from compatible materials before refinishing. Test first, then follow the label for dilution, dwell time, rinsing, ventilation and protective equipment. Confirm the exact item and package before ordering.",,Painting Tools & Accessories > Cleaners & Removers,"hand cleaner, industrial hand cleaner, degreasing soap, personal cleaning product",Grime Eater,GRIME,https://raw.githubusercontent.com/kinggoff/NewSteelesImages/main/review-images/GE-000000485-power-maxx-hand-cleaner.png?raw=true,Images for Review,,,,,,,,,,,,,,,f0bed633b1615a9ba042ca369c4e42b248f848799de9b6fe9c9a888295adf278,271b92cea25a7f7a3798dda62489150f0d75a9d59c2290b5e38b756a0261aa37
simple,Power Maxx Hand Cleaner - Gal,485,GE-000000486,,"Power Maxx Hand Cleaner - Gal from Grime Eater is a surface-preparation or cleanup product for removing the residue named in the product from compatible materials before refinishing. Test first, then follow the label for dilution, dwell time, rinsing, ventilation and protective equipment. Confirm the exact item and package before ordering.",,Painting Tools & Accessories > Cleaners & Removers,"hand cleaner, industrial hand cleaner, degreasing soap, personal cleaning product",Grime Eater,GRIME,https://raw.githubusercontent.com/kinggoff/NewSteelesImages/main/review-images/GE-000000485-power-maxx-hand-cleaner.png?raw=true,Images for Review,,,,,,,,,,,,,,,f0bed633b1615a9ba042ca369c4e42b248f848799de9b6fe9c9a888295adf278,ba7832efb01edf73e94df560fe4761a10f9530be9d08e083d0201edcd8e6a581
simple,Grime Eater Orange Hand Cleaner,486,GE-000000487,,"Grime Eater Orange Hand Cleaner is a surface-preparation or cleanup product for removing the residue named in the product from compatible materials before refinishing. Test first, then follow the label for dilution, dwell time, rinsing, ventilation and protective equipment. Confirm the exact item and package before ordering.",,Painting Tools & Accessories > Cleaners & Removers,"degreaser, heavy-duty cleaner, surface preparation cleaner, concentrated cleaner, hand cleaner, industrial hand cleaner, degreasing soap, personal cleaning product",Grime Eater,GRIME,https://raw.githubusercontent.com/kinggoff/NewSteelesImages/main/review-images/GE-000000487-grime-eater-orange-hand-cleaner.png?raw=true,Image Added,,,,,,,,,,,,,,,a0c67434e3a55e5ede9125dcd4d0634488e471b151cd685697b1a8b5541e2b58,3fc651a7166c673e84ec43cdf1cdc9e3e532f6d3c24d3eceec8bb5abfa67eb71
simple,Handy Paint Pail,487,HPP-000000488,,"Handy Paint Pail is a reusable work container for holding, measuring or mixing compatible paint and finishing materials during preparation and application. Review the listed format and current manufacturer instructions to confirm compatibility, safe use, cleaning and storage for the intended job. Confirm the exact item and package before ordering.",,Painting Tools & Accessories > Tools,"paint pail, paint container, mixing container, painting accessory",Handy Paint Pail,CANPRO,https://raw.githubusercontent.com/kinggoff/NewSteelesImages/main/review-images/25-hpp-000000488-handy-paint-pail.png?raw=true,Image Added,,,,,,,,,,,,,,,37628336d1a941f5b682702837451ede5c2c68f7f5af2e4d4b649a0217d86137,533908f92118465b0038761cb7be8540b669637f2e71871a2da0d40b1ac8af74
simple,Handy Pail Liners,488,HPP-000000489,,"Handy Pail Liners from Handy Paint Pail is a disposable liner for the matching handheld paint pail, helping speed colour changes and simplify cleanup. Review the listed format and current manufacturer instructions to confirm compatibility, safe use, cleaning and storage for the intended job. Confirm the exact item and package before ordering.",,Painting Tools & Accessories > Tools,"paint container liner, disposable liner, painting accessory, paint pail accessory",Handy Paint Pail,CANPRO,https://raw.githubusercontent.com/kinggoff/NewSteelesImages/main/review-images/HPP-000000489-handy-pail-liners.png?raw=true,Image Added,,,,,,,,,,,,,,,7c3c5a608c2d5206a0af6bd88adabbe103a1b205e50281186622d72ecf884150,ff18178a71088f3a844f72ff7d8035a820b30c33322981938d2236062a357f8e
simple,Shoppro Cordless Led Tripod Worklight,489,HOL-000000490,,"Shoppro Cordless Led Tripod Worklight from Holland is a portable LED work light for illuminating walls, ceilings and work areas during preparation, coating and inspection. Review the listed format and current manufacturer instructions to confirm compatibility, safe use, cleaning and storage for the intended job.",,Painting Tools & Accessories > Tools,"work light, led work light, jobsite lighting, portable light",Holland,HOLLAND,https://raw.githubusercontent.com/kinggoff/NewSteelesImages/main/review-images/HOL-000000490-shoppro-cordless-led-tripod-worklight.png?raw=true,Image Added,,,,,,,,,,,,,,,c3321ec66e3a0dfb8f31159c50dc1437e23d1a203a7bc5b36dfedfecd4d82aa3,69ebbed8c56ef9fa30e4e1a073ffd1cd16dc9fea697b47ec69ce3461c97b6ed6
simple,360 Degree Cannon Work Light,490,HOL-000000491,,"360 Degree Cannon Work Light from Holland is a portable LED work light for illuminating walls, ceilings and work areas during preparation, coating and inspection. Review the listed format and current manufacturer instructions to confirm compatibility, safe use, cleaning and storage for the intended job.",,Painting Tools & Accessories > Tools,"work light, led work light, jobsite lighting, portable light",Holland,HOLLAND,https://raw.githubusercontent.com/kinggoff/NewSteelesImages/main/review-images/HOL-000000491-shoppro-360-cannon-work-light.png?raw=true,Image Added,,,,,,,,,,,,,,,9fa5412f8f8bde29e37862d3d2437574f2719e11aed1f5d330b19c146e93ceb5,c4a5b42892329f2ffd139a7f90ee535784efcb3d6f60b9013300feb73b93c8b4
simple,J-B Weld Superweld Epoxy,491,JBW-000000492,,"J-B Weld Superweld Epoxy is an adhesive or repair compound for joining compatible materials; bond strength depends on surface preparation, fit, cure and the specific substrates involved. Prepare both surfaces and follow the label for mixing where required, open or working time, assembly, clamping and cure.",,Painting Tools & Accessories > Paint Prep & Repairs,"epoxy adhesive, two-part epoxy, repair adhesive, structural adhesive",J-B Weld,MUM01,https://raw.githubusercontent.com/kinggoff/NewSteelesImages/main/review-images/JBW-000000492-jb-weld-superweld-instant-adhesive.png?raw=true,Images for Review,,,,,,,,,,,,,,,ff39998dd44fac09907b58085d07c9f5120a79a37270a0fd0983f2d329544517,0f75fc8fd630c126ffa6cc4b5feefd920fc4e52cb86a390c377eefe907ceb34e
simple,J-B Weld Original Cold Weld,492,JBW-000000493,,"J-B Weld Original Cold Weld is an adhesive or repair compound for joining compatible materials; bond strength depends on surface preparation, fit, cure and the specific substrates involved. Prepare both surfaces and follow the label for mixing where required, open or working time, assembly, clamping and cure.",,Painting Tools & Accessories > Paint Prep & Repairs,"epoxy adhesive, two-part epoxy, repair adhesive, structural adhesive",J-B Weld,MUM01,https://raw.githubusercontent.com/kinggoff/NewSteelesImages/main/review-images/JBW-000000493-jb-weld-original-cold-weld-8265s.png?raw=true,Images for Review,,,,,,,,,,,,,,,e6e07b5ee93304a0c5f8e0af3492f157fdf142ff720c4f8291e469dfe6f61f39,7e44883630137492adebab88a846d046acf1b0fc0c837af6938fcd900a2c8768
simple,J-B Weld Minuteweld Epoxy Syringe,493,JBW-000000494,,"J-B Weld Minuteweld Epoxy Syringe is an adhesive or repair compound for joining compatible materials; bond strength depends on surface preparation, fit, cure and the specific substrates involved. Prepare both surfaces and follow the label for mixing where required, open or working time, assembly, clamping and cure.",,Painting Tools & Accessories > Paint Prep & Repairs,"epoxy adhesive, two-part epoxy, repair adhesive, structural adhesive",J-B Weld,MUM01,https://raw.githubusercontent.com/kinggoff/NewSteelesImages/main/review-images/JBW-000000494-jb-weld-minuteweld-syringe-50101.png?raw=true,Image Added,,,,,,,,,,,,,,,d55083e901cd3fc35d8db2d4141212622dce2a04ffbfa321765cf9cf948c0835,350d66cc2343bda451188703eceffa6a0bda5df2de93b06dd638a7276120127b
simple,"Jen 2"" Foam Brush",494,JEN-000000495,,"Jen 2"" Foam Brush is a purpose-shaped brush for controlled application of compatible paint, stain or decorative coating; its filament style and profile suit the task named in the product. Choose the listed size for the surface and coating, then clean or dispose of the applicator according to current product guidance.",,Painting Tools & Accessories > Tools,"foam brush, disposable paint brush, paint applicator, painting tool",Jen,CANPRO,https://raw.githubusercontent.com/kinggoff/NewSteelesImages/main/review-images/JEN-000000495-jen-2-inch-foam-brush.png?raw=true,Image Added,,,,,,,,,,,,,,,b3b303b565f81c0d95a48edaa5a89f22d37ba32e3363ab247351b0d008b31a15,b7559166cab2f6ff26154fd37a7cba09ff9608ced3a798e798857d68e7e4fd62
simple,Wet Sanding Paper 1500 Grit,495,KLI-000000496,,"Wet Sanding Paper 1500 Grit from Klingspor is an abrasive product for levelling, smoothing or keying surfaces during staged preparation; the stated grit determines how aggressively it cuts. Match it to the surface, work progressively, and use suitable eye, hand and respiratory protection for the material being removed.",,Painting Tools & Accessories > Paint Prep & Repairs,"sandpaper, coated abrasive, surface preparation abrasive, sanding material, wet sandpaper",Klingspor,EAE01,https://raw.githubusercontent.com/kinggoff/NewSteelesImages/main/review-images/KLI-000000496-wet-sanding-paper-1500-grit.png?raw=true,Image Added,,,,,,,,,,,,,,,dc386977df5f121e595cc9d6be71a6b287cdeb51fe4f637f1c5cfc7a09c0d970,7a15756d38deafb0a7003521cb5c3d06804207bbe7d580d89fb1cad5f54f20b0
simple,50 Yrd Roll 100 Grit Sandpaper,496,KLI-000000497,,"50 Yrd Roll 100 Grit Sandpaper from Klingspor is an abrasive product for levelling, smoothing or keying surfaces during staged preparation; the stated grit determines how aggressively it cuts. Match it to the surface, work progressively, and use suitable eye, hand and respiratory protection for the material being removed.",,Painting Tools & Accessories > Paint Prep & Repairs,"sandpaper, coated abrasive, surface preparation abrasive, sanding material",Klingspor,EAE01,https://raw.githubusercontent.com/kinggoff/NewSteelesImages/main/review-images/KLI-000000497-498-red-sandpaper-roll-100-grit.png?raw=true,Images for Review,,,,,,,,,,,,,,,50684837f91bffe790382d2e962e0d997583927a07db29509b7e002ed0cd60d9,c87cd1e44a8f02e7e608b940f5499108ed1f9b1d13448d99eac138b5b579434a
simple,25 Yard Roll Red Sandpaper 100 Grit,497,KLI-000000498,,"25 Yard Roll Red Sandpaper 100 Grit from Klingspor is an abrasive product for levelling, smoothing or keying surfaces during staged preparation; the stated grit determines how aggressively it cuts. Match it to the surface, work progressively, and use suitable eye, hand and respiratory protection for the material being removed.",,Painting Tools & Accessories > Paint Prep & Repairs,"sandpaper, coated abrasive, surface preparation abrasive, sanding material",Klingspor,EAE01,https://raw.githubusercontent.com/kinggoff/NewSteelesImages/main/review-images/KLI-000000497-498-red-sandpaper-roll-100-grit.png?raw=true,Images for Review,,,,,,,,,,,,,,,50684837f91bffe790382d2e962e0d997583927a07db29509b7e002ed0cd60d9,a87296172838bd567d4ba8dcb6533736082e767052be9056945abb8cd230cd99
simple,Krylon Metallic Silver,498,KRY-000000499,,"Krylon Metallic Silver is an aerosol coating or treatment for the colour, effect or repair task stated in the product name on a compatible prepared surface. Confirm preparation, compatibility, application, coverage and recoat requirements in the current label or technical data sheet. Confirm the exact item and package before ordering.",,Paints > Aerosols,"metallic paint, decorative coating, specialty paint, metallic finish, spray paint, aerosol paint, specialty coating",Krylon,DIVERS,https://raw.githubusercontent.com/kinggoff/NewSteelesImages/main/review-images/26-kry-000000499-krylon-metallic-silver.png?raw=true,Image Added,,,,,,,,,Krylon Metallic Paint Chrome Aluminum - K01404777 / UPC 724504071976=https://raw.githubusercontent.com/kinggoff/NewSteelesImages/main/PDFs/SDS/krylon-Krylon-Metallic-Chrome-Aluminum-K01404777-SDS.pdf?raw=true,,Krylon Metallic Paint Chrome Aluminum - K01404777 / UPC 724504071976=https://raw.githubusercontent.com/kinggoff/NewSteelesImages/main/PDFs/SDS/krylon-Krylon-Metallic-Chrome-Aluminum-K01404777-SDS.pdf?raw=true,,,,52953831d6cce668f006871caa31c592696a7fec38b82613feb38f32ffe0d35f,e2dfc0edff927f7875230caf1abd999b4e1206f7423f6fbf5d48015b5da70637
simple,Krylon Fusion Satin Black,499,KRY-000000500,,"Krylon Fusion Satin Black is an aerosol coating or treatment for the colour, effect or repair task stated in the product name on a compatible prepared surface. Confirm preparation, compatibility, application, coverage and recoat requirements in the current label or technical data sheet. Confirm the exact item and package before ordering.",,Paints > Aerosols,"spray paint, aerosol paint, specialty coating, decorative coating",Krylon,DIVERS,https://raw.githubusercontent.com/kinggoff/NewSteelesImages/main/review-images/KRY-000000500-krylon-fusion-satin-black-k02732007.png?raw=true,Image Added,,,,,,,,,Fusion All-In-One Satin Black K02732007=https://raw.githubusercontent.com/kinggoff/NewSteelesImages/main/PDFs/SDS/krylon-Fusion-All-In-One-Satin-Black-K02732007-SDS.pdf?raw=true,Fusion All-In-One Satin Black K02732007=https://raw.githubusercontent.com/kinggoff/NewSteelesImages/main/PDFs/TDS/krylon-Fusion-All-In-One-Satin-Black-K02732007-PDS.pdf?raw=true,Fusion All-In-One Satin Black K02732007=https://raw.githubusercontent.com/kinggoff/NewSteelesImages/main/PDFs/SDS/krylon-Fusion-All-In-One-Satin-Black-K02732007-SDS.pdf?raw=true,,Fusion All-In-One Satin Black K02732007=https://raw.githubusercontent.com/kinggoff/NewSteelesImages/main/PDFs/TDS/krylon-Fusion-All-In-One-Satin-Black-K02732007-PDS.pdf?raw=true,,353653f375b939127b9e6e27bf2378b5d3eee069fae4a1ecd1da67b491d6104c,57026df9903808758b32b81dfdc05ccc60b5865f6e1c4cdc7c041d4f7b99aff2
simple,Krylon Fusion Metallic Gold,500,KRY-000000501,,"Krylon Fusion Metallic Gold is an aerosol coating or treatment for the colour, effect or repair task stated in the product name on a compatible prepared surface. Confirm preparation, compatibility, application, coverage and recoat requirements in the current label or technical data sheet. Confirm the exact item and package before ordering.",,Paints > Aerosols,"metallic paint, decorative coating, specialty paint, metallic finish, spray paint, aerosol paint, specialty coating",Krylon,DIVERS,https://raw.githubusercontent.com/kinggoff/NewSteelesImages/main/review-images/KRY-000000501-krylon-fusion-metallic-gold-k02770007.png?raw=true,Image Added,,,,,,,,,Fusion All-In-One Metallic Gold K02770007=https://raw.githubusercontent.com/kinggoff/NewSteelesImages/main/PDFs/SDS/krylon-Fusion-All-In-One-Metallic-Gold-K02770007-SDS.pdf?raw=true,,Fusion All-In-One Metallic Gold K02770007=https://raw.githubusercontent.com/kinggoff/NewSteelesImages/main/PDFs/SDS/krylon-Fusion-All-In-One-Metallic-Gold-K02770007-SDS.pdf?raw=true,,,,e7901f9a9e4d78c70989187edd746ab32f26d6ec5d87c70aa2a249bebe2958d7,7a1c0e5702640680afdd9e65b4f29e3147c9e8ba7378e755cedd970ca1069af9
simple,Krylon Fusion Gloss Black,501,KRY-000000502,,"Krylon Fusion Gloss Black is an aerosol coating or treatment for the colour, effect or repair task stated in the product name on a compatible prepared surface. Confirm preparation, compatibility, application, coverage and recoat requirements in the current label or technical data sheet. Confirm the exact item and package before ordering.",,Paints > Aerosols,"spray paint, aerosol paint, specialty coating, decorative coating",Krylon,DIVERS,https://raw.githubusercontent.com/kinggoff/NewSteelesImages/main/review-images/KRY-000000502-krylon-fusion-gloss-black-k02702007.png?raw=true,Image Added,,,,,,,,,Fusion All-In-One Gloss Black K02702007=https://raw.githubusercontent.com/kinggoff/NewSteelesImages/main/PDFs/SDS/krylon-Fusion-All-In-One-Gloss-Black-K02702007-SDS.pdf?raw=true,Fusion All-In-One Gloss Black K02702007=https://raw.githubusercontent.com/kinggoff/NewSteelesImages/main/PDFs/TDS/krylon-Fusion-All-In-One-Gloss-Black-K02702007-PDS.pdf?raw=true,Fusion All-In-One Gloss Black K02702007=https://raw.githubusercontent.com/kinggoff/NewSteelesImages/main/PDFs/SDS/krylon-Fusion-All-In-One-Gloss-Black-K02702007-SDS.pdf?raw=true,,Fusion All-In-One Gloss Black K02702007=https://raw.githubusercontent.com/kinggoff/NewSteelesImages/main/PDFs/TDS/krylon-Fusion-All-In-One-Gloss-Black-K02702007-PDS.pdf?raw=true,,f6d8f8d48bb0232f8cd40b45c0909e6113f1d078a1b8359a4fe6db088d2bcd3f,6c884cfba482a47d165b73f4a5f73f6da19fa1207651ed96cced8c80415625b9
simple,Krylon Fusion Flat Black,502,KRY-000000503,,"Krylon Fusion Flat Black is an aerosol coating or treatment for the colour, effect or repair task stated in the product name on a compatible prepared surface. Confirm preparation, compatibility, application, coverage and recoat requirements in the current label or technical data sheet. Confirm the exact item and package before ordering.",,Paints > Aerosols,"spray paint, aerosol paint, specialty coating, decorative coating",Krylon,DIVERS,https://raw.githubusercontent.com/kinggoff/NewSteelesImages/main/review-images/KRY-000000503-krylon-fusion-flat-black-k02728007.png?raw=true,Image Added,,,,,,,,,Fusion All-In-One Flat Black K02728007=https://raw.githubusercontent.com/kinggoff/NewSteelesImages/main/PDFs/SDS/krylon-Fusion-All-In-One-Flat-Black-K02728007-SDS.pdf?raw=true,Fusion All-In-One Flat Black K02728007=https://raw.githubusercontent.com/kinggoff/NewSteelesImages/main/PDFs/TDS/krylon-Fusion-All-In-One-Flat-Black-K02728007-PDS.pdf?raw=true,Fusion All-In-One Flat Black K02728007=https://raw.githubusercontent.com/kinggoff/NewSteelesImages/main/PDFs/SDS/krylon-Fusion-All-In-One-Flat-Black-K02728007-SDS.pdf?raw=true,,Fusion All-In-One Flat Black K02728007=https://raw.githubusercontent.com/kinggoff/NewSteelesImages/main/PDFs/TDS/krylon-Fusion-All-In-One-Flat-Black-K02728007-PDS.pdf?raw=true,,4b56bfd9779049d076e0cf4822149a67a1e91db5e843382418680308bce41730,82a83a0332daf6605210114d4e287f62fb7e0784dd3c914c8ec282f553c876b4
simple,Last N Last Satin Spar Varnish,503,LNL-000000504,,"Last N Last Satin Spar Varnish is a clear or translucent finish for building the sheen and protection appropriate to the compatible surface and coating system. Confirm preparation, compatibility, application, coverage and recoat requirements in the current label or technical data sheet. Confirm the exact item and package before ordering.",,Paints > Exterior,"spar varnish, exterior varnish, clear wood finish, oil-based wood finish",Last n Last,ABSOLUT,https://raw.githubusercontent.com/kinggoff/NewSteelesImages/main/review-images/LNL-000000504-last-n-last-satin-spar-varnish.png?raw=true,Image Added,,,,,,,,,Marine & Door Oil Spar Varnish Satin 50801/50804=https://raw.githubusercontent.com/kinggoff/NewSteelesImages/main/PDFs/SDS/last-n-last-Marine-Door-Oil-Spar-Varnish-Satin-50801-50804-SDS.pdf?raw=true,Marine & Door Oil Spar Varnish 50701-50804=https://raw.githubusercontent.com/kinggoff/NewSteelesImages/main/PDFs/TDS/last-n-last-Marine-Door-Oil-Spar-Varnish-50701-50804-TDS.pdf?raw=true,Marine & Door Oil Spar Varnish Satin 50801/50804=https://raw.githubusercontent.com/kinggoff/NewSteelesImages/main/PDFs/SDS/last-n-last-Marine-Door-Oil-Spar-Varnish-Satin-50801-50804-SDS.pdf?raw=true,,Marine & Door Oil Spar Varnish 50701-50804=https://raw.githubusercontent.com/kinggoff/NewSteelesImages/main/PDFs/TDS/last-n-last-Marine-Door-Oil-Spar-Varnish-50701-50804-TDS.pdf?raw=true,,ad08d24879a29430e53ff1f17c1078586899e2fdab407a7eb5a367b0b0ea9901,681a5cef10e1fbaa15ac228f19fa1cd313278bd402ae49e56ef1c91dbc659994
simple,Last N Last Oil Gloss Urethane 350 Voc,504,LNL-000000505,,"Last N Last Oil Gloss Urethane 350 Voc is a coating formulated for the interior, exterior, specialty or industrial use indicated by its product name and category. Confirm preparation, compatibility, application, coverage and recoat requirements in the current label or technical data sheet. Confirm the exact item and package before ordering.",,Paints > Exterior,"oil-based polyurethane, clear wood finish, floor finish, gloss varnish",Last n Last,ABSOLUT,https://raw.githubusercontent.com/kinggoff/NewSteelesImages/main/review-images/LNL-000000505-last-n-last-gloss-urethane-350-voc.png?raw=true,Image Added,,,,,,,,,Clear Polyurethane Wood Finish Gloss 350 VOC 53501=https://raw.githubusercontent.com/kinggoff/NewSteelesImages/main/PDFs/SDS/last-n-last-Clear-Polyurethane-Wood-Finish-Gloss-350-VOC-53501-SDS.pdf?raw=true,,Clear Polyurethane Wood Finish Gloss 350 VOC 53501=https://raw.githubusercontent.com/kinggoff/NewSteelesImages/main/PDFs/SDS/last-n-last-Clear-Polyurethane-Wood-Finish-Gloss-350-VOC-53501-SDS.pdf?raw=true,,,,788d8b275848b238fc5bac3c40face34374608127aac11ece31c314c1983df46,4aeefbc7accf7a4ac7b9beb5a5bd57abe6d76daa29927cb3bbde937e7c4dba06
simple,Absco Polyurethane Wood Floor Finish Sat,505,LNL-000000506,,"Absco Polyurethane Wood Floor Finish Sat from Last n Last is a clear or translucent finish for building the sheen and protection appropriate to the compatible surface and coating system. Confirm preparation, compatibility, application, coverage and recoat requirements in the current label or technical data sheet.",,Paints > Stains & Varnishes,"floor varnish, wood floor finish, clear wood finish, protective coating",Last n Last,ABSOLUT,https://raw.githubusercontent.com/kinggoff/NewSteelesImages/main/review-images/LNL-000000506-absco-polyurethane-satin.png?raw=true,Image Added,,,,,,,,,Professional Polyurethane Satin 350 VOC 89511/89512/89515=https://raw.githubusercontent.com/kinggoff/NewSteelesImages/main/PDFs/SDS/last-n-last-Professional-Polyurethane-Satin-350-VOC-89511-89512-89515-SDS.pdf?raw=true,,Professional Polyurethane Satin 350 VOC 89511/89512/89515=https://raw.githubusercontent.com/kinggoff/NewSteelesImages/main/PDFs/SDS/last-n-last-Professional-Polyurethane-Satin-350-VOC-89511-89512-89515-SDS.pdf?raw=true,,,,19cd40a96fe825be353fbd032dc293b0f54798ce62cae2a4ec538ba105dcdb64,2a5654acde2b5c2087c939cecfc75be90efc297f400da3328c2b166e731bb0aa
simple,Leaktite Multi-Purpose Mixing Pail,506,LEA-000000507,,"Leaktite Multi-Purpose Mixing Pail is a reusable work container for holding, measuring or mixing compatible paint and finishing materials during preparation and application. Review the listed format and current manufacturer instructions to confirm compatibility, safe use, cleaning and storage for the intended job.",,Painting Tools & Accessories > Tools,"paint pail, paint container, mixing container, painting accessory",Leaktite,LEAKTITE,https://raw.githubusercontent.com/kinggoff/NewSteelesImages/main/review-images/LEA-000000507-leaktite-multi-purpose-mixing-pail.png?raw=true,Images for Review,,,,,Variants,5 QUART | 2 1/2 QT | 1 QT,1,1,,,,,,,25378746e24798c5a9dd776bf5a7d3197f054a487ade13e60f946adf6eb33be9,26095523faac00b13de3082f0dad766b659c320897feb994e3bf6133d32b6f5b
simple,Lemmer Pot Liners,507,LEM-000000508,,"Lemmer Pot Liners is disposable liners for compatible pressure or paint pots, helping simplify colour changes and cleanup. Selection should be based on the specific task, material, working conditions and compatible products in the complete system. Confirm model compatibility and pressure rating, then follow the equipment manual for setup, flushing, maintenance and safe operation.",,Spray Equipment Sales & Service > Lemmer,"paint container liner, disposable liner, painting accessory, paint pail accessory",Lemmer,LEM01,https://raw.githubusercontent.com/kinggoff/NewSteelesImages/main/review-images/LEM-000000508-lemmer-pot-liner.png?raw=true,Images for Review,,,,,,,,,,,,,,,f9ec2a7ff1005f4b8f24aceffa7844fb3f09c181b36dbccfbf043d1a88fbbbb8,6dcb23c3df350efbef356ff4db8648cae7be28a40001f27905770e95641ee6c6
simple,Lemmer Gravity Gun Conv,508,LEM-000000509,,"Lemmer Gravity Gun Conv is a paint-spray gun or gun package for delivering compatible coatings through the specified spray system. Selection should be based on the specific task, material, working conditions and compatible products in the complete system. Confirm model compatibility and pressure rating, then follow the equipment manual for setup, flushing, maintenance and safe operation.",,Spray Equipment Sales & Service > Lemmer,"gravity-feed spray gun, paint spray gun, coating application equipment, pneumatic spray equipment",Lemmer,LEM01,https://raw.githubusercontent.com/kinggoff/NewSteelesImages/main/review-images/LEM-000000509-lemmer-a910g-gravity-gun-conventional.png?raw=true,Images for Review,,,,,,,,,,,,,,,10430e284ffa874cec3efd9ae5ef16763a45a4b82df25f5739f06feb9bb2cfcb,1876e2fc0a466e9e9db0827fbf1f8536a81bbadf5b5f10f00dfbfbe339d83236
simple,"Lemmer Pot, Gun, Hose Complete",509,LEM-000000510,,"Lemmer Pot, Gun, Hose Complete is a paint-spray gun or gun package for delivering compatible coatings through the specified spray system. Selection should be based on the specific task, material, working conditions and compatible products in the complete system. Confirm model compatibility and pressure rating, then follow the equipment manual for setup, flushing, maintenance and safe operation.",,Spray Equipment Sales & Service > Lemmer,"pressure-feed spray system, paint spray gun, paint pressure pot, spray hose kit",Lemmer,LEM01,https://raw.githubusercontent.com/kinggoff/NewSteelesImages/main/review-images/LEM-000000510-lemmer-pressure-pot-gun-hose-complete.png?raw=true,Images for Review,,,,,,,,,,,,,,,278beee717e6cc3d5734c62c05d902ab4cc6384c9d600c81d7a37a9bb7057b33,1ece06f95ca47c6e13c173c70527dbfd19b67277fea25424396ef5e06dab771a
simple,PC-Woody Wood Epoxy Paste,510,PC-000000511,,"PC-Woody Wood Epoxy Paste from PC Products is a repair material for filling, patching, glazing, rebuilding or stabilizing the compatible wood, drywall, window or masonry surface indicated by the product name. Prepare both surfaces and follow the label for mixing where required, open or working time, assembly, clamping and cure.",,Painting Tools & Accessories > Paint Prep & Repairs,"wood repair epoxy, wood filler, two-part epoxy, repair compound, epoxy paste, repair adhesive",PC Products,DOVER,https://raw.githubusercontent.com/kinggoff/NewSteelesImages/main/review-images/PC-000000511-pc-woody-6oz.png?raw=true,Images for Review,,,,,,,,,,,,,,,406ee5e5b6d521a35bdc1f074b37147449265cb3b999667922cf46b24070f752,47dbd032537995539759240c3f3a9549fcc56ca69214eb3dfa5504eac79dcd0e
simple,PC-Clear Liquid Epoxy,511,PC-000000512,,"PC-Clear Liquid Epoxy from PC Products is an epoxy coating or repair system for the compatible floor, concrete, wood or assembly application named in the product. Prepare both surfaces and follow the label for mixing where required, open or working time, assembly, clamping and cure. Confirm the exact item and package before ordering.",,Painting Tools & Accessories > Paint Prep & Repairs,"epoxy adhesive, two-part epoxy, repair adhesive, structural adhesive",PC Products,DOVER,https://raw.githubusercontent.com/kinggoff/NewSteelesImages/main/review-images/PC-000000512-pc-clear-1oz.png?raw=true,Images for Review,,,,,,,,,,,,,,,62ce233d3d4fef731fda4cbcf9d35e9cd1aad59b00f11a64352354cc610cfea1,f32d8039c1f9aeab34c948e87e1c4c917b8a2f33c919b3d61b4dc5e0fcdc091a
simple,Pc Petrifier Wood Hardener,512,PC-000000513,,"Pc Petrifier Wood Hardener from PC Products is a repair material for filling, patching, glazing, rebuilding or stabilizing the compatible wood, drywall, window or masonry surface indicated by the product name. Review the listed format and current manufacturer instructions to confirm compatibility, safe use, cleaning and storage for the intended job.",,Painting Tools & Accessories > Paint Prep & Repairs,"wood hardener, wood consolidant, wood repair treatment, penetrating resin",PC Products,DOVER,https://raw.githubusercontent.com/kinggoff/NewSteelesImages/main/review-images/PC-000000513-pc-petrifier-8oz.png?raw=true,Images for Review,,,,,,,,,,,,,,,9834788579372a1cde2ed9c112f049d9412f4d54a804b85e157e50dc3dc138e2,f50cce6c5b438e8102cadd84e7f6dd72ac78c6590f08f6cfe3c2d9a832710f03
simple,Pc Lumber,513,PC-000000514,,"Pc Lumber from PC Products is a repair material for filling, patching, glazing, rebuilding or stabilizing the compatible wood, drywall, window or masonry surface indicated by the product name. Review the listed format and current manufacturer instructions to confirm compatibility, safe use, cleaning and storage for the intended job.",,Painting Tools & Accessories > Paint Prep & Repairs,"wood repair epoxy, epoxy putty, wood filler, moldable repair compound",PC Products,DOVER,https://raw.githubusercontent.com/kinggoff/NewSteelesImages/main/review-images/PC-000000514-pc-lumber-1oz.png?raw=true,Images for Review,,,,,,,,,,,,,,,ecaaf8cc72c03bb4f612323d6ee0a409720e74aac517043c5ba72a687b5ab8dc,612862d7a820b675c82cfca1a03852876ef6e7925cc406e5118e791493e636f4
simple,Kilz Low Voc Spray Can,514,KIL-000000515,,"Kilz Low Voc Spray Can is an aerosol coating or treatment for the colour, effect or repair task stated in the product name on a compatible prepared surface. Confirm preparation, compatibility, application, coverage and recoat requirements in the current label or technical data sheet. Confirm the exact item and package before ordering.",,Paints > Aerosols,"spray primer, aerosol primer, low-voc primer, stain-blocking primer",KILZ,KILZ,https://raw.githubusercontent.com/kinggoff/NewSteelesImages/main/review-images/KIL-000000515-kilz-low-odor-spray-primer.png?raw=true,Images for Review,,,,,,,,,KILZ Original Low Odor Interior Primer Aerosol 1044=https://raw.githubusercontent.com/kinggoff/NewSteelesImages/main/PDFs/SDS/kilz-Original-Low-Odor-Interior-Primer-Aerosol-1044-SDS.pdf?raw=true,,,KILZ Original Low Odor Interior Primer Aerosol 1044=https://raw.githubusercontent.com/kinggoff/NewSteelesImages/main/PDFs/SDS/kilz-Original-Low-Odor-Interior-Primer-Aerosol-1044-SDS.pdf?raw=true,,,d8d5560a6446f172e5562c8e1a0c805e5eec741ecf12e592d015e69265f7774b,b940a5d17750923c8022ea648150b2c68623063f1269669cdd6900bb1dd82be6
simple,Tonachino Firenze White,515,MEO-000000516,,"Tonachino Firenze White from Meoded is a decorative plaster, coating or system component for creating the texture and appearance identified in the product name on a properly prepared surface. Confirm preparation, compatibility, application, coverage and recoat requirements in the current label or technical data sheet.",,Specialty & Decorative Products > Meoded Plasters,"lime plaster, venetian plaster, decorative plaster, interior wall finish",Meoded,MEODED,https://raw.githubusercontent.com/kinggoff/NewSteelesImages/main/review-images/27-meo-000000516-tonachino-firenze-white.png?raw=true,Image Added,,,,,,,,,Tonachino Firenze=https://raw.githubusercontent.com/kinggoff/NewSteelesImages/main/PDFs/SDS/meoded-Tonachino-Firenze-SDS.pdf?raw=true,Tonachino Firenze=https://raw.githubusercontent.com/kinggoff/NewSteelesImages/main/PDFs/TDS/meoded-Tonachino-Firenze-TDS.pdf?raw=true,Tonachino Firenze=https://raw.githubusercontent.com/kinggoff/NewSteelesImages/main/PDFs/SDS/meoded-Tonachino-Firenze-SDS.pdf?raw=true,,Tonachino Firenze=https://raw.githubusercontent.com/kinggoff/NewSteelesImages/main/PDFs/TDS/meoded-Tonachino-Firenze-TDS.pdf?raw=true,,53332f50fb643434b72c34692ff947fc3d166ffd98025af81ebdab57f2ca3f87,f2c13ebf88de7975cb961b5a7bace3e2d6f0d06ccb1b13b42175ffc494a24ba1
simple,Stucco Lamundo,516,MEO-000000517,,"Stucco Lamundo from Meoded is a decorative plaster, coating or system component for creating the texture and appearance identified in the product name on a properly prepared surface. Confirm preparation, compatibility, application, coverage and recoat requirements in the current label or technical data sheet.",,Specialty & Decorative Products > Meoded Plasters,"lime plaster, venetian plaster, decorative plaster, polished wall finish",Meoded,MEODED,https://raw.githubusercontent.com/kinggoff/NewSteelesImages/main/review-images/28-meo-000000517-stucco-lamundo.png?raw=true,Image Added,,,,,,,,,Stucco Lamundo=https://raw.githubusercontent.com/kinggoff/NewSteelesImages/main/PDFs/SDS/meoded-Stucco-Lamundo-SDS.pdf?raw=true,Stucco Lamundo=https://raw.githubusercontent.com/kinggoff/NewSteelesImages/main/PDFs/TDS/meoded-Stucco-Lamundo-TDS.pdf?raw=true,Stucco Lamundo=https://raw.githubusercontent.com/kinggoff/NewSteelesImages/main/PDFs/SDS/meoded-Stucco-Lamundo-SDS.pdf?raw=true,,Stucco Lamundo=https://raw.githubusercontent.com/kinggoff/NewSteelesImages/main/PDFs/TDS/meoded-Stucco-Lamundo-TDS.pdf?raw=true,,3eb5159677ed4948108c7eb03cc7cc090abe24b8fce35e6d62802aaf23b7f482,4f2cd69a092c70a8fbfa6163b3babcabfdfc24635b7bc2c56b955103ad59c83a
simple,Meoded Stain Shield Sealer,517,MEO-000000518,,"Meoded Stain Shield Sealer is a wood-finishing product for colouring, conditioning or protecting the compatible interior or exterior wood surface named in the product. Confirm preparation, compatibility, application, coverage and recoat requirements in the current label or technical data sheet. Confirm the exact item and package before ordering.",,Specialty & Decorative Products > Meoded Plasters,"plaster sealer, protective clear coat, decorative finish sealer, interior wall coating",Meoded,MEODED,https://raw.githubusercontent.com/kinggoff/NewSteelesImages/main/review-images/MEO-000000518-meoded-stain-shield-quart.png?raw=true,Images for Review,,,,,,,,,Stain Shield Sealer=https://raw.githubusercontent.com/kinggoff/NewSteelesImages/main/PDFs/SDS/meoded-Stain-Shield-Sealer-SDS.pdf?raw=true,Stain Shield Sealer=https://raw.githubusercontent.com/kinggoff/NewSteelesImages/main/PDFs/TDS/meoded-Stain-Shield-Sealer-TDS.pdf?raw=true,Stain Shield Sealer=https://raw.githubusercontent.com/kinggoff/NewSteelesImages/main/PDFs/SDS/meoded-Stain-Shield-Sealer-SDS.pdf?raw=true,,Stain Shield Sealer=https://raw.githubusercontent.com/kinggoff/NewSteelesImages/main/PDFs/TDS/meoded-Stain-Shield-Sealer-TDS.pdf?raw=true,,9bee021913f2cefb24ac72e72eb9807d9dc97540d74e4f2dc9ef7bd5a0e334ea,ff4cd1b90c31734553111544319d00e61e7620dd0b23a963e304130cf54bc1ec
simple,Plaster Seal Plus 3 Part Quart,518,MEO-000000519,,"Plaster Seal Plus 3 Part Quart from Meoded is a decorative plaster, coating or system component for creating the texture and appearance identified in the product name on a properly prepared surface. Apply to a clean, sound surface and follow the label for mixing, layer depth, drying or cure, sanding and topcoating.",,Specialty & Decorative Products > Meoded Plasters,"plaster sealer, three-part sealer, decorative plaster finish, protective clear coat",Meoded,MEODED,https://raw.githubusercontent.com/kinggoff/NewSteelesImages/main/review-images/MEO-000000519-meoded-plasterseal-plus.png?raw=true,Image Added,,,,,,,,,PlasterSeal Plus Part A=https://raw.githubusercontent.com/kinggoff/NewSteelesImages/main/PDFs/SDS/meoded-PlasterSeal-Plus-Part-A-SDS.pdf?raw=true|PlasterSeal Plus Part B=https://raw.githubusercontent.com/kinggoff/NewSteelesImages/main/PDFs/SDS/meoded-PlasterSeal-Plus-Part-B-SDS.pdf?raw=true,PlasterSeal Plus System=https://raw.githubusercontent.com/kinggoff/NewSteelesImages/main/PDFs/TDS/meoded-PlasterSeal-Plus-System-TDS.pdf?raw=true,PlasterSeal Plus Part A=https://raw.githubusercontent.com/kinggoff/NewSteelesImages/main/PDFs/SDS/meoded-PlasterSeal-Plus-Part-A-SDS.pdf?raw=true|PlasterSeal Plus Part B=https://raw.githubusercontent.com/kinggoff/NewSteelesImages/main/PDFs/SDS/meoded-PlasterSeal-Plus-Part-B-SDS.pdf?raw=true,,PlasterSeal Plus System=https://raw.githubusercontent.com/kinggoff/NewSteelesImages/main/PDFs/TDS/meoded-PlasterSeal-Plus-System-TDS.pdf?raw=true,,963280a51d81645eb748714a048d30de81166f7718e89aa700a7dc3476627d90,bbff9471e0388a21a0dd3673328b1b6934cad95697342345c1174ee1a12590c0
simple,Meoded Plaster Guard Sealer,519,MEO-000000520,,"Meoded Plaster Guard Sealer is a decorative plaster, coating or system component for creating the texture and appearance identified in the product name on a properly prepared surface. Apply to a clean, sound surface and follow the label for mixing, layer depth, drying or cure, sanding and topcoating.",,Specialty & Decorative Products > Meoded Plasters,"plaster sealer, protective clear coat, decorative finish sealer, interior wall coating, decorative plaster, textured wall finish, specialty finish",Meoded,MEODED,https://raw.githubusercontent.com/kinggoff/NewSteelesImages/main/review-images/MEO-000000520-meoded-plasterguard-satin.png?raw=true,Images for Review,Finishes,Gloss | Low Gloss | Satin,1,1,,,,,PlasterGuard Sealer=https://raw.githubusercontent.com/kinggoff/NewSteelesImages/main/PDFs/SDS/meoded-PlasterGuard-Sealer-SDS.pdf?raw=true,PlasterGuard Sealer=https://raw.githubusercontent.com/kinggoff/NewSteelesImages/main/PDFs/TDS/meoded-PlasterGuard-Sealer-TDS.pdf?raw=true,PlasterGuard Sealer=https://raw.githubusercontent.com/kinggoff/NewSteelesImages/main/PDFs/SDS/meoded-PlasterGuard-Sealer-SDS.pdf?raw=true,,PlasterGuard Sealer=https://raw.githubusercontent.com/kinggoff/NewSteelesImages/main/PDFs/TDS/meoded-PlasterGuard-Sealer-TDS.pdf?raw=true,,cacb53bc7d00bb8f46219fa5099701eaf4e4fdf1b41b14e5e177e589c4d5e8b2,80625f08489790cae31d8a123aee69f61af3e295f5805249dfad7ca83ea284f8
simple,Pearlas Velvet White,520,MEO-000000521,,"Pearlas Velvet White from Meoded is a decorative plaster, coating or system component for creating the texture and appearance identified in the product name on a properly prepared surface. Confirm preparation, compatibility, application, coverage and recoat requirements in the current label or technical data sheet.",,Specialty & Decorative Products > Meoded Plasters,"suede paint, metallic suede paint, water-based decorative paint, interior wall coating",Meoded,MEODED,https://raw.githubusercontent.com/kinggoff/NewSteelesImages/main/review-images/MEO-000000521-meoded-pearlas-velvet-white.png?raw=true,Images for Review,,,,,,,,,Pearlas Velvet=https://raw.githubusercontent.com/kinggoff/NewSteelesImages/main/PDFs/SDS/meoded-Pearlas-Velvet-SDS.pdf?raw=true,Pearlas Velvet=https://raw.githubusercontent.com/kinggoff/NewSteelesImages/main/PDFs/TDS/meoded-Pearlas-Velvet-TDS.pdf?raw=true,Pearlas Velvet=https://raw.githubusercontent.com/kinggoff/NewSteelesImages/main/PDFs/SDS/meoded-Pearlas-Velvet-SDS.pdf?raw=true,,Pearlas Velvet=https://raw.githubusercontent.com/kinggoff/NewSteelesImages/main/PDFs/TDS/meoded-Pearlas-Velvet-TDS.pdf?raw=true,,b2666ff725c38a7143a7ef3d52710f43066a7eb444bca3198a3ec9412543c611,3399d3d8f4ef151197e06151a975be6a0afb738a98925593e5b478d6f4b4faf2
simple,Meoded Quartz Primer,521,MEO-000000522,,"Meoded Quartz Primer is a preparatory coating for the substrate or problem condition named in the product, helping create a more uniform surface for compatible topcoats. Confirm preparation, compatibility, application, coverage and recoat requirements in the current label or technical data sheet. Confirm the exact item and package before ordering.",,Specialty & Decorative Products > Meoded Plasters,"primer, primer sealer, surface preparation coating, basecoat, quartz primer, plaster bonding primer, textured primer, decorative finish basecoat",Meoded,MEODED,https://raw.githubusercontent.com/kinggoff/NewSteelesImages/main/review-images/29-meo-000000522-meoded-quartz-primer.png?raw=true,Image Added,,,,,,,,,Quartz Primer=https://raw.githubusercontent.com/kinggoff/NewSteelesImages/main/PDFs/SDS/meoded-Quartz-Primer-SDS.pdf?raw=true,Quartz Primer=https://raw.githubusercontent.com/kinggoff/NewSteelesImages/main/PDFs/TDS/meoded-Quartz-Primer-TDS.pdf?raw=true,Quartz Primer=https://raw.githubusercontent.com/kinggoff/NewSteelesImages/main/PDFs/SDS/meoded-Quartz-Primer-SDS.pdf?raw=true,,Quartz Primer=https://raw.githubusercontent.com/kinggoff/NewSteelesImages/main/PDFs/TDS/meoded-Quartz-Primer-TDS.pdf?raw=true,,62317f22262d9fcaebe1e3564753d48bfba52e00c310eaf41eef0644f51e23e5,2026ad8946fefb1e0a63534a5ab7ec839f74a5be772eb447b5762ed37a0e3312
simple,Meoded Moroccan Clay,522,MEO-000000523,,"Meoded Moroccan Clay is a decorative plaster, coating or system component for creating the texture and appearance identified in the product name on a properly prepared surface. Confirm preparation, compatibility, application, coverage and recoat requirements in the current label or technical data sheet.",,Specialty & Decorative Products > Meoded Plasters,"clay plaster, natural wall plaster, decorative plaster, interior wall finish",Meoded,MEODED,https://raw.githubusercontent.com/kinggoff/NewSteelesImages/main/review-images/MEO-000000523-meoded-moroccan-clay.png?raw=true,Image Added,,,,,,,,,Moroccan Clay=https://raw.githubusercontent.com/kinggoff/NewSteelesImages/main/PDFs/SDS/meoded-Moroccan-Clay-SDS.pdf?raw=true,Moroccan Clay=https://raw.githubusercontent.com/kinggoff/NewSteelesImages/main/PDFs/TDS/meoded-Moroccan-Clay-TDS.pdf?raw=true,Moroccan Clay=https://raw.githubusercontent.com/kinggoff/NewSteelesImages/main/PDFs/SDS/meoded-Moroccan-Clay-SDS.pdf?raw=true,,Moroccan Clay=https://raw.githubusercontent.com/kinggoff/NewSteelesImages/main/PDFs/TDS/meoded-Moroccan-Clay-TDS.pdf?raw=true,,2f4d12a346d8b93981bc45485c5803af0fb9956a1e8f04e57fbda5108d210479,4af8b37f58eaf57af4614a2c441e5dd422b0ec778e27f35486fb6838618c530a
simple,Meoded Lime Wash,523,MEO-000000524,,"Meoded Lime Wash is a decorative plaster, coating or system component for creating the texture and appearance identified in the product name on a properly prepared surface. Confirm preparation, compatibility, application, coverage and recoat requirements in the current label or technical data sheet.",,Specialty & Decorative Products > Meoded Plasters,"limewash paint, mineral paint, decorative wall finish, matte wall coating",Meoded,MEODED,https://raw.githubusercontent.com/kinggoff/NewSteelesImages/main/review-images/30-meo-000000524-meoded-lime-wash.png?raw=true,Image Added,,,,,,,,,Lime Wash=https://raw.githubusercontent.com/kinggoff/NewSteelesImages/main/PDFs/SDS/meoded-Lime-Wash-SDS.pdf?raw=true,Lime Wash=https://raw.githubusercontent.com/kinggoff/NewSteelesImages/main/PDFs/TDS/meoded-Lime-Wash-TDS.pdf?raw=true,Lime Wash=https://raw.githubusercontent.com/kinggoff/NewSteelesImages/main/PDFs/SDS/meoded-Lime-Wash-SDS.pdf?raw=true,,Lime Wash=https://raw.githubusercontent.com/kinggoff/NewSteelesImages/main/PDFs/TDS/meoded-Lime-Wash-TDS.pdf?raw=true,,27eb6a4d252e9a747824b94210d8dc41c0dfac918cdaca183f9e5051431d4a4e,e1a01156c90e6a75a85fd8e9e002212575eb9c21d3ed5fb9f976646c5384a6fa
simple,Marmorino Palladino,524,MEO-000000525,,"Marmorino Palladino from Meoded is a decorative plaster, coating or system component for creating the texture and appearance identified in the product name on a properly prepared surface. Confirm preparation, compatibility, application, coverage and recoat requirements in the current label or technical data sheet.",,Specialty & Decorative Products > Meoded Plasters,"lime plaster, venetian plaster, decorative plaster, interior wall finish",Meoded,MEODED,https://raw.githubusercontent.com/kinggoff/NewSteelesImages/main/review-images/31-meo-000000525-marmorino-palladino.png?raw=true,Image Added,,,,,,,,,Marmorino Palladino=https://raw.githubusercontent.com/kinggoff/NewSteelesImages/main/PDFs/SDS/meoded-Marmorino-Palladino-SDS.pdf?raw=true,Marmorino Palladino=https://raw.githubusercontent.com/kinggoff/NewSteelesImages/main/PDFs/TDS/meoded-Marmorino-Palladino-TDS.pdf?raw=true,Marmorino Palladino=https://raw.githubusercontent.com/kinggoff/NewSteelesImages/main/PDFs/SDS/meoded-Marmorino-Palladino-SDS.pdf?raw=true,,Marmorino Palladino=https://raw.githubusercontent.com/kinggoff/NewSteelesImages/main/PDFs/TDS/meoded-Marmorino-Palladino-TDS.pdf?raw=true,,adb9ce47c23896dc695dd7a9669fef6f5f69dd45e64b035db201c4d6af97bf71,3dbb14e61cdfea10ef5631d5d2d561709df9ac9c017733d414e42fbe9b4ed6ce
simple,Lime Wash Brush 50X150,525,MEO-000000526,,"Lime Wash Brush 50X150 from Meoded is a purpose-shaped brush for controlled application of compatible paint, stain or decorative coating; its filament style and profile suit the task named in the product. Choose the listed size for the surface and coating, then clean or dispose of the applicator according to current product guidance.",,Specialty & Decorative Products > Meoded Plasters,"limewash brush, masonry brush, paint applicator, painting tool",Meoded,MEODED,https://raw.githubusercontent.com/kinggoff/NewSteelesImages/main/review-images/MEO-000000526-meoded-box-brush.png?raw=true,Images for Review,,,,,,,,,,,,,,,a781898c0499fb01ca9015e8dca2a729c083c10ac6923caa3140eaed4a350afd,c09736ba521f794df4c527039b080126ffa434c39c52410236d7dbb38e9a637a
simple,Hydrowax Gallon Water Soluble Wax,526,MEO-000000527,,"Hydrowax Gallon Water Soluble Wax from Meoded is a clear or translucent finish for building the sheen and protection appropriate to the compatible surface and coating system. Confirm preparation, compatibility, application, coverage and recoat requirements in the current label or technical data sheet.",,Specialty & Decorative Products > Meoded Plasters,"decorative plaster wax, protective wax finish, wall finish sealer, decorative finishing product",Meoded,MEODED,https://raw.githubusercontent.com/kinggoff/NewSteelesImages/main/review-images/MEO-000000527-meoded-hydrowax.png?raw=true,Images for Review,,,,,,,,,Hydrowax=https://raw.githubusercontent.com/kinggoff/NewSteelesImages/main/PDFs/SDS/meoded-Hydrowax-SDS.pdf?raw=true,Hydrowax=https://raw.githubusercontent.com/kinggoff/NewSteelesImages/main/PDFs/TDS/meoded-Hydrowax-TDS.pdf?raw=true,Hydrowax=https://raw.githubusercontent.com/kinggoff/NewSteelesImages/main/PDFs/SDS/meoded-Hydrowax-SDS.pdf?raw=true,,Hydrowax=https://raw.githubusercontent.com/kinggoff/NewSteelesImages/main/PDFs/TDS/meoded-Hydrowax-TDS.pdf?raw=true,,4b11157268f0442146b9690518e0027c95186ad378aa15774237991007551c7a,943a234d068f73ccad55a00e1ff70f305b0e209b91ba9c4bcf0d7365f82b5a28
simple,Golmex Concrete Look,527,MEO-000000528,,"Golmex Concrete Look from Meoded is a decorative plaster, coating or system component for creating the texture and appearance identified in the product name on a properly prepared surface. Confirm preparation, compatibility, application, coverage and recoat requirements in the current label or technical data sheet.",,Specialty & Decorative Products > Meoded Plasters,"concrete-look plaster, decorative plaster, cement-look wall finish, interior wall coating",Meoded,MEODED,https://raw.githubusercontent.com/kinggoff/NewSteelesImages/main/review-images/32-meo-000000528-golmex-concrete-look.png?raw=true,Image Added,,,,,,,,,Golmex=https://raw.githubusercontent.com/kinggoff/NewSteelesImages/main/PDFs/SDS/meoded-Golmex-SDS.pdf?raw=true,Golmex=https://raw.githubusercontent.com/kinggoff/NewSteelesImages/main/PDFs/TDS/meoded-Golmex-TDS.pdf?raw=true,Golmex=https://raw.githubusercontent.com/kinggoff/NewSteelesImages/main/PDFs/SDS/meoded-Golmex-SDS.pdf?raw=true,,Golmex=https://raw.githubusercontent.com/kinggoff/NewSteelesImages/main/PDFs/TDS/meoded-Golmex-TDS.pdf?raw=true,,a428fdd185676b5bd636871e70d28ebce188aa1c5ddf66fee7d7e00bf4c73a15,f9b6d58022e0e0018eda97f4b50b24423a3ed54ef86b1f27df0100badf09482b
simple,Crystal Brush White Base,528,MEO-000000529,,"Crystal Brush White Base from Meoded is a paint or decorative-finish brush whose stated shape, filament and size are intended to provide control for the named application. Choose the listed size for the surface and coating, then clean or dispose of the applicator according to current product guidance.",,Specialty & Decorative Products > Meoded Plasters,"decorative paint brush, specialty finish brush, paint applicator, painting tool",Meoded,MEODED,https://raw.githubusercontent.com/kinggoff/NewSteelesImages/main/review-images/MEO-000000529-meoded-crystal-brush-white-base.png?raw=true,Images for Review,,,,,,,,,Crystal Brush Glitter Paint=https://raw.githubusercontent.com/kinggoff/NewSteelesImages/main/PDFs/SDS/meoded-Crystal-Brush-Glitter-Paint-SDS.pdf?raw=true,Crystal Brush Glitter Paint=https://raw.githubusercontent.com/kinggoff/NewSteelesImages/main/PDFs/TDS/meoded-Crystal-Brush-Glitter-Paint-TDS.pdf?raw=true,Crystal Brush Glitter Paint=https://raw.githubusercontent.com/kinggoff/NewSteelesImages/main/PDFs/SDS/meoded-Crystal-Brush-Glitter-Paint-SDS.pdf?raw=true,,Crystal Brush Glitter Paint=https://raw.githubusercontent.com/kinggoff/NewSteelesImages/main/PDFs/TDS/meoded-Crystal-Brush-Glitter-Paint-TDS.pdf?raw=true,,488cab892e81d4229f63c731a05172e4e911b8720bb7bb0bcbb686007aebe2ef,aca11e254cdea63481eb6e8e9ef03651bc7fced63a00072f2e6e44053d18b312
simple,Cristallo Clear Coat Matte,529,MEO-000000530,,"Cristallo Clear Coat Matte from Meoded is a clear or translucent finish for building the sheen and protection appropriate to the compatible surface and coating system. Confirm preparation, compatibility, application, coverage and recoat requirements in the current label or technical data sheet. Confirm the exact item and package before ordering.",,Specialty & Decorative Products > Meoded Plasters,"decorative plaster clear coat, matte clear finish, protective coating, interior wall finish",Meoded,MEODED,https://raw.githubusercontent.com/kinggoff/NewSteelesImages/main/review-images/MEO-000000530-meoded-cristallo-clear-matte.png?raw=true,Image Added,,,,,,,,,Cristallo Clear=https://raw.githubusercontent.com/kinggoff/NewSteelesImages/main/PDFs/SDS/meoded-Cristallo-Clear-SDS.pdf?raw=true,Cristallo Clear=https://raw.githubusercontent.com/kinggoff/NewSteelesImages/main/PDFs/TDS/meoded-Cristallo-Clear-TDS.pdf?raw=true,Cristallo Clear=https://raw.githubusercontent.com/kinggoff/NewSteelesImages/main/PDFs/SDS/meoded-Cristallo-Clear-SDS.pdf?raw=true,,Cristallo Clear=https://raw.githubusercontent.com/kinggoff/NewSteelesImages/main/PDFs/TDS/meoded-Cristallo-Clear-TDS.pdf?raw=true,,66d660bcab1471ef5bb79dc18976fdb64fc9b05b827e7f1f5d1bb4ec740e0baf,715d1dc9b7d29765d396680e32a7bebf663456da092c87f2ed5b4a02fbbaac43
simple,Concretta Fs White,530,MEO-000000531,,"Concretta Fs White from Meoded is a decorative plaster, coating or system component for creating the texture and appearance identified in the product name on a properly prepared surface. Confirm preparation, compatibility, application, coverage and recoat requirements in the current label or technical data sheet.",,Specialty & Decorative Products > Meoded Plasters,"concrete-look plaster, decorative plaster, cement-look wall finish, interior wall coating",Meoded,MEODED,https://raw.githubusercontent.com/kinggoff/NewSteelesImages/main/review-images/MEO-000000531-meoded-concretta-fs-white.png?raw=true,Image Added,,,,,,,,,Concretta FS=https://raw.githubusercontent.com/kinggoff/NewSteelesImages/main/PDFs/SDS/meoded-Concretta-FS-SDS.pdf?raw=true,Concretta FS=https://raw.githubusercontent.com/kinggoff/NewSteelesImages/main/PDFs/TDS/meoded-Concretta-FS-TDS.pdf?raw=true,Concretta FS=https://raw.githubusercontent.com/kinggoff/NewSteelesImages/main/PDFs/SDS/meoded-Concretta-FS-SDS.pdf?raw=true,,Concretta FS=https://raw.githubusercontent.com/kinggoff/NewSteelesImages/main/PDFs/TDS/meoded-Concretta-FS-TDS.pdf?raw=true,,a84a13c4d6d74b10de9750cfa2f41abf1a72ee4f64fdaa971e2fa2d354b947e2,c4d5a0daa7a31c3b690bc01898882059703568a8e2f7bf9e6a25b49c4dca327a
simple,Messmers UV Plus Natural,531,ME-000000532,,"Messmers UV Plus Natural from Messmer's is a wood-finishing product for colouring, conditioning or protecting the compatible interior or exterior wood surface named in the product. Confirm preparation, compatibility, application, coverage and recoat requirements in the current label or technical data sheet.",,Paints > Exterior,"exterior wood stain, penetrating wood finish, wood stain, exterior wood finish",Messmer's,YHD01,https://raw.githubusercontent.com/kinggoff/NewSteelesImages/main/review-images/ME-000000532-messmers-uv-plus-natural.png?raw=true,Images for Review,,,,,,,,,Messmer's UV Plus Natural - Standard/Federal VOC=https://raw.githubusercontent.com/kinggoff/NewSteelesImages/main/PDFs/SDS/messmer-s-Messmers-UV-Plus-Natural-Standard-SDS.pdf?raw=true,Messmer's UV Plus=https://raw.githubusercontent.com/kinggoff/NewSteelesImages/main/PDFs/TDS/messmer-s-Messmers-UV-Plus-TDS.pdf?raw=true,Messmer's UV Plus Natural - Standard/Federal VOC=https://raw.githubusercontent.com/kinggoff/NewSteelesImages/main/PDFs/SDS/messmer-s-Messmers-UV-Plus-Natural-Standard-SDS.pdf?raw=true,,Messmer's UV Plus=https://raw.githubusercontent.com/kinggoff/NewSteelesImages/main/PDFs/TDS/messmer-s-Messmers-UV-Plus-TDS.pdf?raw=true,,2851aed749d17fa60bd1eea08548e1cb27ae1a087d7b86c7d700d189de26fc62,65720cc417fc96474dfa0a1900e51d87b0a7c68e5fa808d6447dd01af165be96
simple,Metaltech Scaffold Aluminum,532,MET-000000533,,"Metaltech Scaffold Aluminum is jobsite access equipment for creating an elevated working position during painting, repair or maintenance tasks. Review the listed format and current manufacturer instructions to confirm compatibility, safe use, cleaning and storage for the intended job. Confirm the exact item and package before ordering.",,Painting Tools & Accessories > Tools,"scaffold, mobile scaffold, access equipment, jobsite equipment",Metaltech,METAL,https://raw.githubusercontent.com/kinggoff/NewSteelesImages/main/review-images/MET-000000533-metaltech-aluminum-scaffold.png?raw=true,Images for Review,,,,,,,,,,,,,,,fc2b9c9c0511259e55c52c761160a802ae24ded6b3e4a7fc928e326dbd248949,4b2e4e3be0c0bb04e7e22be94ec62823a1969376c3dfb02fd622ad618269a25c
simple,Metaltech Yellow Baker Scaffold,533,MET-000000534,,"Metaltech Yellow Baker Scaffold is jobsite access equipment for creating an elevated working position during painting, repair or maintenance tasks. Review the listed format and current manufacturer instructions to confirm compatibility, safe use, cleaning and storage for the intended job. Confirm the exact item and package before ordering.",,Painting Tools & Accessories > Tools,"scaffold, mobile scaffold, access equipment, jobsite equipment",Metaltech,METAL,https://raw.githubusercontent.com/kinggoff/NewSteelesImages/main/review-images/MET-000000534-metaltech-yellow-baker-scaffold.png?raw=true,Images for Review,,,,,,,,,,,,,,,3849708d3b820564f396f8b2bcf827f4afe4e0394446d082751ff4834e0a3c35,ca1f5bd2a4964cf397974679ab7104924233b7542bceff312887d78e6302528d
simple,Metaltech Portable Work Platform,534,MET-000000535,,"Metaltech Portable Work Platform is jobsite access equipment for creating an elevated working position during painting, repair or maintenance tasks. Review the listed format and current manufacturer instructions to confirm compatibility, safe use, cleaning and storage for the intended job. Confirm the exact item and package before ordering.",,Painting Tools & Accessories > Tools,"work platform, portable platform, access equipment, jobsite equipment",Metaltech,METAL,https://raw.githubusercontent.com/kinggoff/NewSteelesImages/main/review-images/MET-000000535-metaltech-portable-work-platform.png?raw=true,Images for Review,,,,,,,,,,,,,,,ae1ba52555c5ad817b56b0b9a27118a86dd66bd96a05a72f23c641e132391c74,225a44f4efc7abed26ff6e750096cf8c900c9a7dc87d37a5610dc1d96ef40f9a
simple,Metaltech Aluminum Step Ladder,535,MET-000000536,,"Metaltech Aluminum Step Ladder is jobsite access equipment for creating an elevated working position during painting, repair or maintenance tasks. Review the listed format and current manufacturer instructions to confirm compatibility, safe use, cleaning and storage for the intended job. Confirm the exact item and package before ordering.",,Painting Tools & Accessories > Tools,"step ladder, portable ladder, access equipment, jobsite equipment",Metaltech,METAL,https://raw.githubusercontent.com/kinggoff/NewSteelesImages/main/review-images/MET-000000536-metaltech-aluminum-step-ladder.png?raw=true,Images for Review,,,,,,,,,,,,,,,84dd568231891272d2c765ed3124dcbe5d070fdb0dc22d0d367b51142b6e7ef0,0e1f58649636d5942ea4e6f0255bb165558d1a29951e58086be55c58d128bf7c
simple,Minwax Wood Putty 910 Golden Oak,536,MIN-000000537,,"Minwax Wood Putty 910 Golden Oak is a repair material for filling, patching, glazing, rebuilding or stabilizing the compatible wood, drywall, window or masonry surface indicated by the product name. Apply to a clean, sound surface and follow the label for mixing, layer depth, drying or cure, sanding and topcoating.",,Painting Tools & Accessories > Paint Prep & Repairs,"wood filler, wood repair compound, grain filler, surface repair product",Minwax,DIVERS,https://raw.githubusercontent.com/kinggoff/NewSteelesImages/main/review-images/MIN-000000537-minwax-wood-putty-910-golden-oak.png?raw=true,Image Added,,,,,,,,,,,,,,,8684d7250d6aaa07f621a491e2537489db2c334e4ed78e1ac43c263875517445,3bc0a5f9c5a314a1e505d36fda834e3f9c790382ce3a9c534b812a73a28c50ab
simple,Minwax Wood Filler,537,MIN-000000538,,"Minwax Wood Filler is a repair material for filling, patching, glazing, rebuilding or stabilizing the compatible wood, drywall, window or masonry surface indicated by the product name. Apply to a clean, sound surface and follow the label for mixing, layer depth, drying or cure, sanding and topcoating.",,Paints > Stains & Varnishes,"wood filler, wood repair compound, grain filler, surface repair product",Minwax,DIVERS,https://raw.githubusercontent.com/kinggoff/NewSteelesImages/main/review-images/MIN-000000538-minwax-wood-filler.png?raw=true,Images for Review,,,,,,,,,,,,,,,549d4098465e89a9f18927947c8f39936ae222c84e0fca24dde5f846a8f83200,755df86c998e87320b7646d6b73c792cece638f54674042a9d332fdf5452c8da
simple,Minwax Wipe-On Poly,538,MIN-000000539,,"Minwax Wipe-On Poly is a clear or translucent finish for building the sheen and protection appropriate to the compatible surface and coating system. Colour and sheen can vary with wood species, porosity and preparation, so a representative test area is recommended. Confirm preparation, compatibility, application, coverage and recoat requirements in the current label or technical data sheet.",,Paints > Stains & Varnishes,"wipe-on polyurethane, polyurethane finish, clear wood finish, oil-based wood finish",Minwax,DIVERS,https://raw.githubusercontent.com/kinggoff/NewSteelesImages/main/review-images/33-min-000000539-minwax-wipe-on-poly.png?raw=true,Image Added,Finishes,Gloss | Satin,1,1,,,,,Minwax Wipe-On Poly Clear Gloss Quart=https://raw.githubusercontent.com/kinggoff/NewSteelesImages/main/PDFs/SDS/minwax-Minwax-Wipe-On-Poly-Clear-Gloss-Quart-SDS.pdf?raw=true|Minwax Wipe-On Poly Clear Satin Quart=https://raw.githubusercontent.com/kinggoff/NewSteelesImages/main/PDFs/SDS/minwax-Minwax-Wipe-On-Poly-Clear-Satin-Quart-SDS.pdf?raw=true,Minwax Wipe-On Poly Clear Gloss=https://raw.githubusercontent.com/kinggoff/NewSteelesImages/main/PDFs/TDS/minwax-Minwax-Wipe-On-Poly-Clear-Gloss-PDS.pdf?raw=true|Minwax Wipe-On Poly Clear Satin=https://raw.githubusercontent.com/kinggoff/NewSteelesImages/main/PDFs/TDS/minwax-Minwax-Wipe-On-Poly-Clear-Satin-PDS.pdf?raw=true,Minwax Wipe-On Poly Clear Gloss Quart=https://raw.githubusercontent.com/kinggoff/NewSteelesImages/main/PDFs/SDS/minwax-Minwax-Wipe-On-Poly-Clear-Gloss-Quart-SDS.pdf?raw=true|Minwax Wipe-On Poly Clear Satin Quart=https://raw.githubusercontent.com/kinggoff/NewSteelesImages/main/PDFs/SDS/minwax-Minwax-Wipe-On-Poly-Clear-Satin-Quart-SDS.pdf?raw=true,,Minwax Wipe-On Poly Clear Gloss=https://raw.githubusercontent.com/kinggoff/NewSteelesImages/main/PDFs/TDS/minwax-Minwax-Wipe-On-Poly-Clear-Gloss-PDS.pdf?raw=true|Minwax Wipe-On Poly Clear Satin=https://raw.githubusercontent.com/kinggoff/NewSteelesImages/main/PDFs/TDS/minwax-Minwax-Wipe-On-Poly-Clear-Satin-PDS.pdf?raw=true,,73e1a942fda669638044009a287ad9dfb3b0a673decea72db87245258c0d6600,b336bd0e64db9ae663e230075829fa416528410ce2ee2bf4a26abf9d4b510878
simple,Minwax Tung Oil,539,MIN-000000540,,"Minwax Tung Oil is a wood-finishing product for colouring, conditioning or protecting the compatible interior or exterior wood surface named in the product. Confirm preparation, compatibility, application, coverage and recoat requirements in the current label or technical data sheet. Confirm the exact item and package before ordering.",,Paints > Stains & Varnishes,"tung oil finish, drying oil, wood finish, oil-based finish",Minwax,DIVERS,https://raw.githubusercontent.com/kinggoff/NewSteelesImages/main/review-images/MIN-000000540-minwax-tung-oil-finish-1qt.png?raw=true,Images for Review,,,,,,,,,Minwax Tung Oil Finish Pint=https://raw.githubusercontent.com/kinggoff/NewSteelesImages/main/PDFs/SDS/minwax-Minwax-Tung-Oil-Finish-Pint-SDS.pdf?raw=true,Minwax Tung Oil Finish=https://raw.githubusercontent.com/kinggoff/NewSteelesImages/main/PDFs/TDS/minwax-Minwax-Tung-Oil-Finish-PDS.pdf?raw=true,Minwax Tung Oil Finish Pint=https://raw.githubusercontent.com/kinggoff/NewSteelesImages/main/PDFs/SDS/minwax-Minwax-Tung-Oil-Finish-Pint-SDS.pdf?raw=true,,Minwax Tung Oil Finish=https://raw.githubusercontent.com/kinggoff/NewSteelesImages/main/PDFs/TDS/minwax-Minwax-Tung-Oil-Finish-PDS.pdf?raw=true,,15767a3ecb8da657d5ff2779f2ef683d4fdd9495cb68baa91cb9d9a6190fad54,df81b866d90b4ef594345ff8ff4b0d1cb7b9eca3e492dca5d91a7cdaaf29fb0d
simple,Minwax Teak Oil,540,MIN-000000541,,"Minwax Teak Oil is a wood-finishing product for colouring, conditioning or protecting the compatible interior or exterior wood surface named in the product. Confirm preparation, compatibility, application, coverage and recoat requirements in the current label or technical data sheet. Confirm the exact item and package before ordering.",,Paints > Stains & Varnishes,"teak oil finish, penetrating oil finish, wood finish, oil-based finish",Minwax,DIVERS,https://raw.githubusercontent.com/kinggoff/NewSteelesImages/main/review-images/MIN-000000541-minwax-teak-oil.png?raw=true,Image Added,,,,,,,,,Minwax Helmsman Teak Oil Quart=https://raw.githubusercontent.com/kinggoff/NewSteelesImages/main/PDFs/SDS/minwax-Minwax-Helmsman-Teak-Oil-Quart-SDS.pdf?raw=true,,Minwax Helmsman Teak Oil Quart=https://raw.githubusercontent.com/kinggoff/NewSteelesImages/main/PDFs/SDS/minwax-Minwax-Helmsman-Teak-Oil-Quart-SDS.pdf?raw=true,,,,3b5c36128ef6c7b6ca3626955de0c78fef3c6a1ff33a4752233eeacbb82b5755,c16023f5c045e64fdff38d21ddf8b191ecf9cdc9bdf2e6c270ed0203ab1dc418
simple,Minwax Stainable Wood Filler,541,MIN-000000542,,"Minwax Stainable Wood Filler is a repair material for filling, patching, glazing, rebuilding or stabilizing the compatible wood, drywall, window or masonry surface indicated by the product name. Apply to a clean, sound surface and follow the label for mixing, layer depth, drying or cure, sanding and topcoating.",,Paints > Stains & Varnishes,"wood filler, wood repair compound, grain filler, surface repair product",Minwax,DIVERS,https://raw.githubusercontent.com/kinggoff/NewSteelesImages/main/review-images/MIN-000000542-minwax-stainable-wood-filler-16oz.png?raw=true,Images for Review,,,,,,,,,,,,,,,ae432c73be3d2fa719d6a04d7215d86e5402064b7273cd4ba7d0ab2ba9a07591,5d2fbd175450ab7bbad73a080d12719c1d70b197070d82249b09961db0fec30b
simple,Minwax Paste Wax,542,MIN-000000543,,"Minwax Paste Wax is a clear or translucent finish for building the sheen and protection appropriate to the compatible surface and coating system. Colour and sheen can vary with wood species, porosity and preparation, so a representative test area is recommended. Confirm preparation, compatibility, application, coverage and recoat requirements in the current label or technical data sheet.",,Paints > Stains & Varnishes,"paste wax, wood wax, wood finish, protective wax finish",Minwax,DIVERS,https://raw.githubusercontent.com/kinggoff/NewSteelesImages/main/review-images/MIN-000000543-minwax-paste-wax.png?raw=true,Image Added,,,,,,,,,Minwax Paste Finishing Wax Natural=https://raw.githubusercontent.com/kinggoff/NewSteelesImages/main/PDFs/SDS/minwax-Minwax-Paste-Finishing-Wax-Natural-SDS.pdf?raw=true,Minwax Paste Finishing Wax Natural=https://raw.githubusercontent.com/kinggoff/NewSteelesImages/main/PDFs/TDS/minwax-Minwax-Paste-Finishing-Wax-Natural-PDS.pdf?raw=true,Minwax Paste Finishing Wax Natural=https://raw.githubusercontent.com/kinggoff/NewSteelesImages/main/PDFs/SDS/minwax-Minwax-Paste-Finishing-Wax-Natural-SDS.pdf?raw=true,,Minwax Paste Finishing Wax Natural=https://raw.githubusercontent.com/kinggoff/NewSteelesImages/main/PDFs/TDS/minwax-Minwax-Paste-Finishing-Wax-Natural-PDS.pdf?raw=true,,6a8fee6fb231f5ef44ec88a97ac386460a2ec0830e9ae6377d121ffe05fd07e1,da62fc6ca4919cea0cba854d8c20021fbb3d30f4364522de23fe6c78b1164d5f
simple,Minwax Wood Finish Stain - Golden Oak,543,MIN-000000544,,"Minwax Wood Finish Stain - Golden Oak is a wood-finishing product for colouring, conditioning or protecting the compatible interior or exterior wood surface named in the product. Confirm preparation, compatibility, application, coverage and recoat requirements in the current label or technical data sheet.",,Paints > Stains & Varnishes,"oil-based wood stain, wood stain, wood finish, penetrating finish",Minwax,DIVERS,https://raw.githubusercontent.com/kinggoff/NewSteelesImages/main/review-images/34-min-000000544-minwax-wood-finish-stain---golden-oak.png?raw=true,Image Added,,,,,,,,,Minwax Wood Finish Golden Oak 210B Quart=https://raw.githubusercontent.com/kinggoff/NewSteelesImages/main/PDFs/SDS/minwax-Minwax-Wood-Finish-Golden-Oak-210B-Quart-SDS.pdf?raw=true,Minwax Wood Finish Golden Oak 210B=https://raw.githubusercontent.com/kinggoff/NewSteelesImages/main/PDFs/TDS/minwax-Minwax-Wood-Finish-Golden-Oak-210B-PDS.pdf?raw=true,Minwax Wood Finish Golden Oak 210B Quart=https://raw.githubusercontent.com/kinggoff/NewSteelesImages/main/PDFs/SDS/minwax-Minwax-Wood-Finish-Golden-Oak-210B-Quart-SDS.pdf?raw=true,,Minwax Wood Finish Golden Oak 210B=https://raw.githubusercontent.com/kinggoff/NewSteelesImages/main/PDFs/TDS/minwax-Minwax-Wood-Finish-Golden-Oak-210B-PDS.pdf?raw=true,,0163bdf02c136740d43efa5d0b2a2a13f1cf7d8690be8075a492c57de84175b2,81ff3852fb24b614969066d00d6ad5082350be614a6a32db20ba634b330bc160
simple,Antique Oil Finish,544,MIN-000000545,,"Antique Oil Finish from Minwax is a clear or translucent finish for building the sheen and protection appropriate to the compatible surface and coating system. Confirm preparation, compatibility, application, coverage and recoat requirements in the current label or technical data sheet. Confirm the exact item and package before ordering.",,Paints > Stains & Varnishes,"oil-based wood stain, wood stain, wood finish, penetrating finish",Minwax,DIVERS,https://raw.githubusercontent.com/kinggoff/NewSteelesImages/main/review-images/MIN-000000545-minwax-antique-oil-finish.png?raw=true,Image Added,,,,,,,,,Minwax Antique Oil Finish Natural 1 Quart - UPC 027426670006=https://raw.githubusercontent.com/kinggoff/NewSteelesImages/main/PDFs/SDS/minwax-Minwax-Antique-Oil-Finish-027426670006-SDS.pdf?raw=true,Minwax Antique Oil Finish Natural 1 Quart - UPC 027426670006=https://raw.githubusercontent.com/kinggoff/NewSteelesImages/main/PDFs/TDS/minwax-Minwax-Antique-Oil-Finish-027426670006-TDS.pdf?raw=true,Minwax Antique Oil Finish Natural 1 Quart - UPC 027426670006=https://raw.githubusercontent.com/kinggoff/NewSteelesImages/main/PDFs/SDS/minwax-Minwax-Antique-Oil-Finish-027426670006-SDS.pdf?raw=true,,Minwax Antique Oil Finish Natural 1 Quart - UPC 027426670006=https://raw.githubusercontent.com/kinggoff/NewSteelesImages/main/PDFs/TDS/minwax-Minwax-Antique-Oil-Finish-027426670006-TDS.pdf?raw=true,,0f4690756f2a725ce1cd80841641867d350ba4a3a5cb24ae5e89afec85c07aef,ca6734b4013bc0906f6fceb0121377c03cc52a5f5189ab5ad42f3a7043fa67a3
simple,Minwax Pre-Stain Wood Conditioner,545,MIN-000000546,,"Minwax Pre-Stain Wood Conditioner is a wood-finishing product for colouring, conditioning or protecting the compatible interior or exterior wood surface named in the product. Confirm preparation, compatibility, application, coverage and recoat requirements in the current label or technical data sheet.",,Paints > Stains & Varnishes,"wood conditioner, pre-stain treatment, wood preparation product, wood finishing basecoat",Minwax,DIVERS,https://raw.githubusercontent.com/kinggoff/NewSteelesImages/main/review-images/MIN-000000546-minwax-pre-stain-wood-conditioner-1qt.png?raw=true,Images for Review,,,,,,,,,Minwax Oil-Based Pre-Stain Wood Conditioner Quart=https://raw.githubusercontent.com/kinggoff/NewSteelesImages/main/PDFs/SDS/minwax-Minwax-Oil-Based-Pre-Stain-Wood-Conditioner-Quart-SDS.pdf?raw=true,Minwax Oil-Based Pre-Stain Wood Conditioner=https://raw.githubusercontent.com/kinggoff/NewSteelesImages/main/PDFs/TDS/minwax-Minwax-Oil-Based-Pre-Stain-Wood-Conditioner-PDS.pdf?raw=true,Minwax Oil-Based Pre-Stain Wood Conditioner Quart=https://raw.githubusercontent.com/kinggoff/NewSteelesImages/main/PDFs/SDS/minwax-Minwax-Oil-Based-Pre-Stain-Wood-Conditioner-Quart-SDS.pdf?raw=true,,Minwax Oil-Based Pre-Stain Wood Conditioner=https://raw.githubusercontent.com/kinggoff/NewSteelesImages/main/PDFs/TDS/minwax-Minwax-Oil-Based-Pre-Stain-Wood-Conditioner-PDS.pdf?raw=true,,6adbcf43054384c21b02dab1b5e3ce54731ac8fd52b4f03fda4844759bc1cdb7,1094249cf4d847a7f0a1990988ebb25112eb7a0155c0fbfbc419e0e8aa722182
simple,Modern Masters Metallic Paint - Flash Gold,546,MM-000000547,,"Modern Masters Metallic Paint - Flash Gold is an aerosol coating or treatment for the colour, effect or repair task stated in the product name on a compatible prepared surface. Confirm preparation, compatibility, application, coverage and recoat requirements in the current label or technical data sheet.",,Specialty & Decorative Products > Modern Masters,"metallic paint, decorative coating, specialty paint, metallic finish",Modern Masters,FLE01-S,https://raw.githubusercontent.com/kinggoff/NewSteelesImages/main/review-images/MM-000000547-modern-masters-flash-gold-me164-6oz.png?raw=true,Images for Review,,,,,Variants,Gallon | 6oz,1,1,Modern Masters Metallic Paint Flash Gold ME16406 6 oz=https://raw.githubusercontent.com/kinggoff/NewSteelesImages/main/PDFs/SDS/modern-masters-Modern-Masters-Metallic-Paint-Flash-Gold-ME16406-SDS.pdf?raw=true,Modern Masters Metallic Paint Collection Satin=https://raw.githubusercontent.com/kinggoff/NewSteelesImages/main/PDFs/TDS/modern-masters-Modern-Masters-Metallic-Paint-Collection-Satin-TDS.pdf?raw=true,Modern Masters Metallic Paint Flash Gold ME16406 6 oz=https://raw.githubusercontent.com/kinggoff/NewSteelesImages/main/PDFs/SDS/modern-masters-Modern-Masters-Metallic-Paint-Flash-Gold-ME16406-SDS.pdf?raw=true,,Modern Masters Metallic Paint Collection Satin=https://raw.githubusercontent.com/kinggoff/NewSteelesImages/main/PDFs/TDS/modern-masters-Modern-Masters-Metallic-Paint-Collection-Satin-TDS.pdf?raw=true,,089218fb63479e679192609c243e993dd50a577e849bded893dae020c6a5d26a,05fd361bcadb5638745891066282426e4afb827a2dc3da53455a512963a26698
simple,Master Clear Supreme Satin Acrylic,547,MM-000000548,,"Master Clear Supreme Satin Acrylic from Modern Masters is a clear or translucent finish for building the sheen and protection appropriate to the compatible surface and coating system. Confirm preparation, compatibility, application, coverage and recoat requirements in the current label or technical data sheet.",,Specialty & Decorative Products > Modern Masters,"clear acrylic coating, satin clear coat, decorative finish topcoat, protective coating",Modern Masters,FLE01-S,https://raw.githubusercontent.com/kinggoff/NewSteelesImages/main/review-images/MM-000000548-modern-masters-masterclear-supreme-satin-gallon.png?raw=true,Images for Review,,,,,,,,,Modern Masters MasterClear Supreme Satin MCS902GAL=https://raw.githubusercontent.com/kinggoff/NewSteelesImages/main/PDFs/SDS/modern-masters-Modern-Masters-MasterClear-Supreme-Satin-MCS902GAL-SDS.pdf?raw=true,Modern Masters MasterClear Supreme=https://raw.githubusercontent.com/kinggoff/NewSteelesImages/main/PDFs/TDS/modern-masters-Modern-Masters-MasterClear-Supreme-TDS.pdf?raw=true,Modern Masters MasterClear Supreme Satin MCS902GAL=https://raw.githubusercontent.com/kinggoff/NewSteelesImages/main/PDFs/SDS/modern-masters-Modern-Masters-MasterClear-Supreme-Satin-MCS902GAL-SDS.pdf?raw=true,,Modern Masters MasterClear Supreme=https://raw.githubusercontent.com/kinggoff/NewSteelesImages/main/PDFs/TDS/modern-masters-Modern-Masters-MasterClear-Supreme-TDS.pdf?raw=true,,0dfccd31cb71b4a10b6caa8b3cc7d59ad0973b3b589eb0c7f2e072e6c6ecc4c5,7e7134e6fb5b926588dd738f8fec60baa7197e3066c52d3af520bf9f99fd3b4b
simple,Ptc Pro Tint Medium Yellow,548,DYN-000000549,,"Ptc Pro Tint Medium Yellow from Dynamic is a medium-yellow tinting colourant for use only in compatible professional coating or colour-matching systems. Review the listed format and current manufacturer instructions to confirm compatibility, safe use, cleaning and storage for the intended job. Confirm the exact item and package before ordering.",,Painting Tools & Accessories > Paint Prep & Repairs,"paint colourant, tinting colour, coating pigment, colour-matching additive",Dynamic,MUM01,https://raw.githubusercontent.com/kinggoff/NewSteelesImages/main/review-images/DYN-000000549-ptc-pro-tint-medium-yellow-74303.png?raw=true,Images for Review,,,,,,,,,,,,,,,05b84e772f375069bbb27db89c61dc5676dc5d9a66348dd4d5e93bde89013925,331b1cf40d4c82c25af4739125101df9eaff001341afdc63e9ec4e55f84bb953
simple,Klenks Epoxy White,549,KS-000000550,,"Klenks Epoxy White from Klenk's is an epoxy coating or repair system for the compatible floor, concrete, wood or assembly application named in the product. The final appearance and service performance depend on the substrate, preparation, film build and complete coating system. Prepare both surfaces and follow the label for mixing where required, open or working time, assembly, clamping and cure.",,Paints > Epoxy,"tub and tile epoxy, epoxy enamel, two-part refinishing coating, bathroom fixture coating",Klenk's,TOO01,https://raw.githubusercontent.com/kinggoff/NewSteelesImages/main/review-images/KS-000000550-klenks-815201-white-epoxy-enamel-1l.png?raw=true,Images for Review,,,,,,,,,Klenk's Epoxy Enamel Gloss White 815201=https://raw.githubusercontent.com/kinggoff/NewSteelesImages/main/PDFs/SDS/klenk-s-Klenks-Epoxy-Enamel-Gloss-White-815201-SDS.pdf?raw=true,Klenk's Epoxy Enamel=https://raw.githubusercontent.com/kinggoff/NewSteelesImages/main/PDFs/TDS/klenk-s-Klenks-Epoxy-Enamel-Directions-TDS.pdf?raw=true,,Klenk's Epoxy Enamel Gloss White 815201=https://raw.githubusercontent.com/kinggoff/NewSteelesImages/main/PDFs/SDS/klenk-s-Klenks-Epoxy-Enamel-Gloss-White-815201-SDS.pdf?raw=true,Klenk's Epoxy Enamel=https://raw.githubusercontent.com/kinggoff/NewSteelesImages/main/PDFs/TDS/klenk-s-Klenks-Epoxy-Enamel-Directions-TDS.pdf?raw=true,,0c69c0231d05e0161c66ce20e62c0d15cf4723beba27af28ff9df669d07f5318,4c47c648b42db73f189ff5afcf46b6df9e29d5d47c1667a16da58d51ab5c8f9b
simple,Homax Spray Texture,550,HOM-000000551,,"Homax Spray Texture is an aerosol coating or treatment for the colour, effect or repair task stated in the product name on a compatible prepared surface. Review the listed format and current manufacturer instructions to confirm compatibility, safe use, cleaning and storage for the intended job. Confirm the exact item and package before ordering.",,Painting Tools & Accessories > Paint Prep & Repairs,"spray texture, aerosol wall texture, wall repair coating, textured finish",Homax,YHD01,https://raw.githubusercontent.com/kinggoff/NewSteelesImages/main/review-images/HOM-000000551-homax-4092-orange-peel-spray-texture-20oz.png?raw=true,Images for Review,,,,,,,,,,,,,,,066aabea5f02f29b1d800b436bafcd27706e324390d14c5fc601e6425eae02b4,096f2660c6ab6f34c18e05631d33efeed0ad6190a1515b6d008567a77cae7f43
simple,Homax 4175 Pro Popcorn Ceiling Texture,551,HOM-000000552,,"Homax 4175 Pro Popcorn Ceiling Texture is an aerosol or spray-applied texture for repairing and blending compatible popcorn-style acoustic ceiling finishes. Review the listed format and current manufacturer instructions to confirm compatibility, safe use, cleaning and storage for the intended job. Confirm the exact item and package before ordering.",,Painting Tools & Accessories > Paint Prep & Repairs,"popcorn ceiling texture, spray texture, ceiling repair coating, acoustical ceiling finish",Homax,MUM01,https://raw.githubusercontent.com/kinggoff/NewSteelesImages/main/review-images/HOM-000000552-homax-4575-pro-popcorn-ceiling-texture.png?raw=true,Images for Review,,,,,,,,,,,,,,,a4cc069929bf6476231972dd1def3578939f0f9cb377882fad506c1d35aeb2bd,c91a693a148fa42d6a6587f7887c0756db5b7423510bd32d511debce48d5a6ac
simple,Goof Off Ultimate Remover,552,GO-000000553,,"Goof Off Ultimate Remover is a surface-preparation or cleanup product for removing the residue named in the product from compatible materials before refinishing. Its role is to leave the surface ready for the next repair or coating step without assuming compatibility with every material. Test first, then follow the label for dilution, dwell time, rinsing, ventilation and protective equipment.",,Painting Tools & Accessories > Cleaners & Removers,"spot remover, adhesive remover, solvent cleaner, surface cleaning product",Goof Off,MUM01,https://raw.githubusercontent.com/kinggoff/NewSteelesImages/main/review-images/GO-000000553-goof-off-ultimate-remover-fg653-16oz.png?raw=true,Images for Review,,,,,,,,,,,,,,,69f41fc94f37a5e463f34e553b0518912f628609e91be8a97c886fc1ffef24e7,e404396d4f5098a7dc015eb17ee327a0a083eae755dfa2e2e673a769019ab811
simple,Goof Off 2 Cleaner Spray,553,GO-000000554,,"Goof Off 2 Cleaner Spray is a surface-preparation or cleanup product for removing the residue named in the product from compatible materials before refinishing. Its role is to leave the surface ready for the next repair or coating step without assuming compatibility with every material. Test first, then follow the label for dilution, dwell time, rinsing, ventilation and protective equipment.",,Painting Tools & Accessories > Cleaners & Removers,"spot remover, adhesive remover, solvent cleaner, surface cleaning product",Goof Off,MUM01,https://raw.githubusercontent.com/kinggoff/NewSteelesImages/main/review-images/GO-000000554-goof-off-2-low-odor-remover-6oz.png?raw=true,Images for Review,,,,,,,,,,,,,,,ea287f4ee71c1bd21eee2d6df23cc811ed160d9f674604ed406b9361134b0556,263f3e0b70176911ab3befc30c61d7fc5db3ce47d111c255b4b73428be97d2b1
simple,Goof Off,554,GO-000000555,,"Goof Off is a surface-preparation or cleanup product for removing the residue named in the product from compatible materials before refinishing. Review the listed format and current manufacturer instructions to confirm compatibility, safe use, cleaning and storage for the intended job. Confirm the exact item and package before ordering.",,Painting Tools & Accessories > Cleaners & Removers,"spot remover, adhesive remover, solvent cleaner, surface cleaning product",Goof Off,MUM01,https://raw.githubusercontent.com/kinggoff/NewSteelesImages/main/review-images/GO-000000555-goof-off-fg654-professional-strength-16oz.png?raw=true,Images for Review,,,,,,,,,,,,,,,19fe16e3c954e1f5abc67f687314273e40c397f4c1173ee085de07d2edf49556,3702bc4f47fa2cfe9969cc893a6fc5ac92c5672abc15ab85e3da8bd2c2240108
simple,Dynamic Chomp Degreaser Spray,555,DYN-000000556,,"Dynamic Chomp Degreaser Spray is a surface-preparation or cleanup product for removing the residue named in the product from compatible materials before refinishing. Its role is to leave the surface ready for the next repair or coating step without assuming compatibility with every material. Test first, then follow the label for dilution, dwell time, rinsing, ventilation and protective equipment.",,Painting Tools & Accessories > Cleaners & Removers,"degreaser, heavy-duty cleaner, surface preparation cleaner, concentrated cleaner",Dynamic,MUM01,https://raw.githubusercontent.com/kinggoff/NewSteelesImages/main/review-images/DYN-000000556-dynamic-chomp-cleaner-degreaser-946ml.png?raw=true,Images for Review,,,,,,,,,,,,,,,e2f0555d485424d294f4df013e8480acfbaf0780e68b8c59ef8ff2fe932644f3,2880ceb709005496852f084e7d12fb31747d7e0851e9fb785e243318d4110f20
simple,Circa Wallpaper Prep-Coat Gal,556,CI-000000557,,"Circa Wallpaper Prep-Coat Gal from Circa 1850 is a wallcovering preparation, primer, adhesive or removal product for the installation stage identified in the product name. Review the listed format and current manufacturer instructions to confirm compatibility, safe use, cleaning and storage for the intended job.",,Painting Tools & Accessories > Paint Prep & Repairs,"wallcovering primer, wall preparation coating, primer sealer, interior primer",Circa 1850,YHD01,https://raw.githubusercontent.com/kinggoff/NewSteelesImages/main/review-images/CI-000000557-circa-1850-wallpaper-prep-coat-1l.png?raw=true,Images for Review,,,,,,,,,,,,,,,5799162b415324c3bc6b374920816fdec8cdfa4fb80bcef6d23abc519f4f502d,ea7cc19a4daf06e8e8487f8af0d45eef63ca2f4106f0812fdd54340cefab6fb4
simple,Goo Gone Cleaner,557,GG-000000558,,"Goo Gone Cleaner is a surface-preparation or cleanup product for removing the residue named in the product from compatible materials before refinishing. Its role is to leave the surface ready for the next repair or coating step without assuming compatibility with every material. Test first, then follow the label for dilution, dwell time, rinsing, ventilation and protective equipment.",,Painting Tools & Accessories > Cleaners & Removers,"adhesive remover, residue cleaner, solvent cleaner, surface cleaning product",Goo Gone,MUM01,https://raw.githubusercontent.com/kinggoff/NewSteelesImages/main/review-images/GG-000000558-goo-gone-gg66-all-purpose-cleaner-24oz.png?raw=true,Images for Review,,,,,,,,,,,,,,,6471f6054b092c93abf55508cedb1faa95219948844fcafedf427ed60c10c79e,e49997a10338e18058990dcc4135496c7e0eda46114b7b1c9d42587e097bf89e
simple,Super Lid With Spout Dynamic,558,DYN-000000559,,"Super Lid With Spout Dynamic from Dynamic is a container accessory that helps direct paint or liquid during pouring and reduces drips around the rim. Review the listed format and current manufacturer instructions to confirm compatibility, safe use, cleaning and storage for the intended job. Confirm the exact item and package before ordering.",,Painting Tools & Accessories > Tools,"paint can spout, pouring accessory, paint container accessory, painting tool",Dynamic,MUM01,https://raw.githubusercontent.com/kinggoff/NewSteelesImages/main/review-images/DYN-000000559-dynamic-kz00sl96-super-lid-with-spout.png?raw=true,Images for Review,,,,,,,,,,,,,,,5a7f4c91879add87ac2ef9a8eebcd2d388c365e2230736e84f9edcbe6af27dc8,df32b40628e7340d145af0c0d5943d4aadbeeac862a57a7df04a065de0d06199
simple,Staining Pad,559,DYN-000000560,,"Staining Pad from Dynamic is a wood-finishing product for colouring, conditioning or protecting the compatible interior or exterior wood surface named in the product. Review the listed format and current manufacturer instructions to confirm compatibility, safe use, cleaning and storage for the intended job.",,Painting Tools & Accessories > Tools,"paint pad, flat paint applicator, painting tool, coating applicator",Dynamic,MUM01,https://raw.githubusercontent.com/kinggoff/NewSteelesImages/main/review-images/DYN-000000560-dynamic-az002882-staining-pad.png?raw=true,Images for Review,,,,,,,,,,,,,,,7d89568482a6e54071632bd3e8faaf7f65919626cba35365657c5ebc8fc0a620,5f1d5ec785eb2ed3ecfe30c20ceb75d548f0cfb9b34c57cf9c834cc6988e3655
simple,Spring Tools Nail Set,560,ST-000000561,,"Spring Tools Nail Set is a hand tool for driving nail heads below the surface before filling, sanding and finishing woodwork. Selection should be based on the specific task, material, working conditions and compatible products in the complete system. Review the listed format and current manufacturer instructions to confirm compatibility, safe use, cleaning and storage for the intended job.",,Painting Tools & Accessories > Tools,"nail set, spring-loaded punch, hand tool, finishing tool",Spring Tools,MUM01,https://raw.githubusercontent.com/kinggoff/NewSteelesImages/main/review-images/ST-000000561-spring-tools-32r12-combo-nail-set.png?raw=true,Images for Review,,,,,,,,,,,,,,,948143f5d8d3ff637c63a0603cf955f7ebbe1aab17d2614e6b7f52a8c0ccfdcd,4711deedf41e3a4fe2bdc6e0d4681a1f8a9d142442b7174739484c63a9680617
simple,Siligun Pro Compact Caulking Gun,561,SIL-000000562,,"Siligun Pro Compact Caulking Gun is a manual caulking gun for dispensing compatible cartridge sealants and adhesives with controlled pressure at joints, gaps and seams. Use on clean, compatible joints and follow the label for gap size, tooling, cure, moisture exposure and paintability. Confirm the exact item and package before ordering.",,Painting Tools & Accessories > Tools,"caulking gun, sealant applicator, cartridge applicator, hand tool",SiliGun,MUM01,https://raw.githubusercontent.com/kinggoff/NewSteelesImages/main/review-images/35-sil-000000562-siligun-pro-compact-caulking-gun.webp?raw=true,Image Added,,,,,,,,,,,,,,,9b0c8dc50db296a553f6521b28c6952ca70ab86581f461baee8e7075d1e9198a,2bedbdd07c52662c1d592a1338e826ab9af9fb1d0dd9dd7a59295ddbf127d50e
simple,Rhodes Steel Wool #1 (12 Pads),562,RHO-000000563,,"Rhodes Steel Wool #1 (12 Pads) is a hand or machine surface-preparation abrasive for scuffing, cleaning, smoothing or finishing compatible materials. Match it to the surface, work progressively, and use suitable eye, hand and respiratory protection for the material being removed. Confirm the exact item and package before ordering.",,Painting Tools & Accessories > Paint Prep & Repairs,"steel wool, metal abrasive, surface preparation material, finishing pad",Rhodes,MUM01,https://raw.githubusercontent.com/kinggoff/NewSteelesImages/main/review-images/RHO-000000563-rhodes-american-grade-1-steel-wool-12-pack.png?raw=true,Image Added,,,,,,,,,,,,,,,fdb15855b42941705aca755e98534375888903db408b7023058639afbd206ab8,8a5c34a3c8522d2adb1d9b7c77180dfa9d1ee90de453f1665ff2c1b8787ca696
simple,Qt. Dyna Patch Pro,563,DYN-000000564,,"Qt. Dyna Patch Pro from Dynamic is a repair material for filling, patching, glazing, rebuilding or stabilizing the compatible wood, drywall, window or masonry surface indicated by the product name. Apply to a clean, sound surface and follow the label for mixing, layer depth, drying or cure, sanding and topcoating.",,Painting Tools & Accessories > Paint Prep & Repairs,"spackling compound, wall repair filler, patching compound, surface repair product",Dynamic,MUM01,https://raw.githubusercontent.com/kinggoff/NewSteelesImages/main/review-images/DYN-000000564-dynamic-dyna-patch-pro-860ml.png?raw=true,Images for Review,,,,,,,,,,,,,,,bf4cb605d9f1d5304d79c183a049106d514ae931fa4447997c53c3bc66b6e024,05e63c40fbbe180ef7d7d99ec890091cc4004244a97b467d941875dba194b3fc
simple,Preval Sprayer,564,PRE-000000565,,"Preval Sprayer is a portable sprayer for applying compatible liquid materials in a controlled pattern; seals, nozzle and pressure range must suit the product being sprayed. Review the listed format and current manufacturer instructions to confirm compatibility, safe use, cleaning and storage for the intended job.",,Painting Tools & Accessories > Tools,"portable spray system, aerosol spray unit, paint sprayer, coating application equipment",Preval,MUM01,https://raw.githubusercontent.com/kinggoff/NewSteelesImages/main/review-images/36-pre-000000565-preval-sprayer.png?raw=true,Image Added,,,,,,,,,,,,,,,d9d7f9400fa900053d0e63b3f7fcc6c89cd52cdc4eabc3fda8d5cf6216d1805b,d547500e713b6a8c3d7ad85aa346f8ac0b9a10b39af7660d855527159aaa23f3
simple,Preval Power Unit,565,PRE-000000566,,"Preval Power Unit is a replacement aerosol power unit for the compatible Preval Sprayer, providing the propellant and valve used to atomize material from the reservoir. Review the listed format and current manufacturer instructions to confirm compatibility, safe use, cleaning and storage for the intended job.",,Painting Tools & Accessories > Tools,"sprayer power unit, aerosol propellant unit, paint sprayer accessory, replacement spray unit",Preval,MUM01,https://raw.githubusercontent.com/kinggoff/NewSteelesImages/main/review-images/PRE-000000566-preval-0268-power-unit.png?raw=true,Images for Review,,,,,,,,,,,,,,,3b133a3c2174f7c90e2d9f420a72e3d5812decc7bfcb67da43752995cd0dfb08,007979117e3264c728c888146d7d2d8d4ae711079120153a03f7705a8dad0096
simple,Picasso Oval Angled Brush,566,PIC-000000567,,"Picasso Oval Angled Brush is a purpose-shaped brush for controlled application of compatible paint, stain or decorative coating; its filament style and profile suit the task named in the product. Choose the listed size for the surface and coating, then clean or dispose of the applicator according to current product guidance.",,Painting Tools & Accessories > Tools,"angled paint brush, sash brush, paint applicator, painting tool",Picasso,MUM01,https://raw.githubusercontent.com/kinggoff/NewSteelesImages/main/review-images/PIC-000000567-proform-pic1-picasso-oval-angled-brush.png?raw=true,Images for Review,,,,,,,,,,,,,,,42b51d84fd9fcc3088db46ede7b67ff961ea48a48e11db037e0ed7391a5e18ae,2df783eb05a46bf9167e0af2d071a95112c8b05267e500f5a07a892580af71ec
simple,Glue Buster Adhesive Remover Gal,567,GB-000000568,,"Glue Buster Adhesive Remover Gal is an adhesive or repair compound for joining compatible materials; bond strength depends on surface preparation, fit, cure and the specific substrates involved. Test first, then follow the label for dilution, dwell time, rinsing, ventilation and protective equipment.",,Painting Tools & Accessories > Cleaners & Removers,"adhesive remover, residue cleaner, solvent cleaner, surface cleaning product",Glue Buster,MUM01,https://raw.githubusercontent.com/kinggoff/NewSteelesImages/main/review-images/GB-000000568-dynamic-glue-buster-adhesive-remover-3-78l.png?raw=true,Image Added,,,,,,,,,,,,,,,0bb8c1748824dfc885f6b1e501757a29c4ebd9a84cdb6c7f7f43d25b699687da,1e5ab8c5ae9d291a2a74b0554b3b3cc6e0d6ec491108d29f5079f241fa7cd09c
simple,Dynamic Brush&Roller Spinner Cleaner,568,DYN-000000569,,"Dynamic Brush&Roller Spinner Cleaner is a paint or decorative-finish brush whose stated shape, filament and size are intended to provide control for the named application. Choose the listed size for the surface and coating, then clean or dispose of the applicator according to current product guidance.",,Painting Tools & Accessories > Tools,"brush and roller cleaner, paint applicator cleaning tool, roller spinner, painting tool",Dynamic,MUM01,https://raw.githubusercontent.com/kinggoff/NewSteelesImages/main/review-images/DYN-000000569-dynamic-11174-brush-roller-spinner-cleaner.png?raw=true,Image Added,,,,,,,,,,,,,,,38f7a65aa45ade2aafbd5ae01feafdb833b00943acf9c11705ddfda10011ec8e,de87a30558278cfa1af8018a1782f8fd259007e7929af383f89af7a8e3cdfbee
simple,Crocodile Cloth Original,569,CC-000000570,,"Crocodile Cloth Original is a wiping material for removing dust, grime or light jobsite residue during surface preparation and cleanup. Review the listed format and current manufacturer instructions to confirm compatibility, safe use, cleaning and storage for the intended job. Confirm the exact item and package before ordering.",,Painting Tools & Accessories > Cleaners & Removers,"cleaning wipes, multi-purpose wipes, surface cleaning product, pre-moistened wipes",Crocodile Cloth,MUM01,https://raw.githubusercontent.com/kinggoff/NewSteelesImages/main/review-images/CC-000000570-crocodile-cloth-original.png?raw=true,Images for Review,,,,,,,,,,,,,,,937d0ebcf0d8c31a20e2b2005ed5af6039761c2b9aeeb65e71cc69f04c40c415,c9d67f68f0a970ea46f8bb33bbc5a19c7718f8616c72b3dee9e7ed3711a18b31
simple,Measuring Bucket,570,DYN-000000571,,"Measuring Bucket from Dynamic is a reusable work container for holding, measuring or mixing compatible paint and finishing materials during preparation and application. Review the listed format and current manufacturer instructions to confirm compatibility, safe use, cleaning and storage for the intended job.",,Painting Tools & Accessories > Tools,"paint pail, paint container, mixing container, painting accessory",Dynamic,MUM01,https://raw.githubusercontent.com/kinggoff/NewSteelesImages/main/review-images/DYN-000000571-dynamic-measuring-bucket.png?raw=true,Images for Review,,,,,,,,,,,,,,,1a9e6ba338be74a6d7897f6e09151fcacc4e6dc5501da8f5f26a7ef809277b6f,298fecc355037b1c1fbf32a907dc4deabbbeb7bd9f429bccd46cf3fd827af12f
simple,1000+ Stain Remover,571,DYN-000000572,,"1000+ Stain Remover from Dynamic is a surface-preparation or cleanup product for removing the residue named in the product from compatible materials before refinishing. Test first, then follow the label for dilution, dwell time, rinsing, ventilation and protective equipment. Confirm the exact item and package before ordering.",,Painting Tools & Accessories > Cleaners & Removers,"stain remover, spot cleaner, surface cleaning product, specialty cleaner",Dynamic,MUM01,https://raw.githubusercontent.com/kinggoff/NewSteelesImages/main/review-images/DYN-000000572-1000-plus-stain-remover-909ml.png?raw=true,Images for Review,,,,,,,,,,,,,,,738bb38d9aedb4d0d4ec06e93fc6d9eadd05901a0d2f5c4dceb3d0a0ec306b87,479b1644dfb1f81163c84bc1b0693639c9354620fdf136cb53dcd16d4cd625fc
simple,Recochem Boiled Linseed Oil Dynamic,572,REC-000000573,,"Recochem Boiled Linseed Oil Dynamic is a wood-finishing product for colouring, conditioning or protecting the compatible interior or exterior wood surface named in the product. Confirm preparation, compatibility, application, coverage and recoat requirements in the current label or technical data sheet.",,Paints > Stains & Varnishes,"boiled linseed oil, drying oil, wood finish, oil-based finish",Recochem,MUM01,https://raw.githubusercontent.com/kinggoff/NewSteelesImages/main/review-images/REC-000000573-recochem-solvable-boiled-linseed-oil.png?raw=true,Images for Review,,,,,,,,,Solvable Boiled Linseed Oil 53-404=https://raw.githubusercontent.com/kinggoff/NewSteelesImages/main/PDFs/SDS/recochem-Solvable-Boiled-Linseed-Oil-53-404-SDS.pdf?raw=true,Solvable Boiled Linseed Oil=https://raw.githubusercontent.com/kinggoff/NewSteelesImages/main/PDFs/TDS/recochem-Solvable-Boiled-Linseed-Oil-Application-Brochure-TDS.pdf?raw=true,Solvable Boiled Linseed Oil 53-404=https://raw.githubusercontent.com/kinggoff/NewSteelesImages/main/PDFs/SDS/recochem-Solvable-Boiled-Linseed-Oil-53-404-SDS.pdf?raw=true,,Solvable Boiled Linseed Oil=https://raw.githubusercontent.com/kinggoff/NewSteelesImages/main/PDFs/TDS/recochem-Solvable-Boiled-Linseed-Oil-Application-Brochure-TDS.pdf?raw=true,,8bd5eea5919533021d6725da06bec87c1519a56f08af96f2db8deedfa84b96b7,25fc96bbdd971fa220be8cdac84fdf8a8c2aaade62cec2e1018d922b3f21f7d6
simple,Penofin Ultra Premium Red Label - Sable,573,PEN-000000574,,"Penofin Ultra Premium Red Label - Sable is a coating formulated for the interior, exterior, specialty or industrial use indicated by its product name and category. Confirm preparation, compatibility, application, coverage and recoat requirements in the current label or technical data sheet. Confirm the exact item and package before ordering.",,Paints > Stains & Varnishes,"exterior wood stain, penetrating wood finish, wood stain, exterior wood finish",Penofin,MUM01,https://raw.githubusercontent.com/kinggoff/NewSteelesImages/main/review-images/PEN-000000574-penofin-red-label-sable-gallon.png?raw=true,Images for Review,,,,,,,,,Penofin Ultra Premium Red Label Sable - 550 VOC=https://raw.githubusercontent.com/kinggoff/NewSteelesImages/main/PDFs/SDS/penofin-Penofin-Ultra-Premium-Red-Label-Sable-550-VOC-SDS.pdf?raw=true,Penofin Ultra Premium Red Label=https://raw.githubusercontent.com/kinggoff/NewSteelesImages/main/PDFs/TDS/penofin-Penofin-Ultra-Premium-Red-Label-TDS.pdf?raw=true,Penofin Ultra Premium Red Label Sable - 550 VOC=https://raw.githubusercontent.com/kinggoff/NewSteelesImages/main/PDFs/SDS/penofin-Penofin-Ultra-Premium-Red-Label-Sable-550-VOC-SDS.pdf?raw=true,,Penofin Ultra Premium Red Label=https://raw.githubusercontent.com/kinggoff/NewSteelesImages/main/PDFs/TDS/penofin-Penofin-Ultra-Premium-Red-Label-TDS.pdf?raw=true,,66c24cccf4ccd7e700e6251cbc7b103bfb6c806c8231a7f3e28b8673a7c9208e,6fccfcaea0d499b0d7aa63597c3230ec9e5776386ec5e1e8043834c30779291c
simple,Penofin Tsf Teak Satin Finish,574,PEN-000000575,,"Penofin Tsf Teak Satin Finish is a coating formulated for the interior, exterior, specialty or industrial use indicated by its product name and category. Confirm preparation, compatibility, application, coverage and recoat requirements in the current label or technical data sheet. Confirm the exact item and package before ordering.",,Paints > Stains & Varnishes,"teak wood finish, satin wood finish, penetrating oil finish, exterior wood finish",Penofin,MUM01,https://raw.githubusercontent.com/kinggoff/NewSteelesImages/main/review-images/PEN-000000575-penofin-tsf-hardwood-satin-finish.png?raw=true,Images for Review,,,,,,,,,Penofin Architectural Grade TSF Hardwood - Natural=https://raw.githubusercontent.com/kinggoff/NewSteelesImages/main/PDFs/SDS/penofin-Penofin-Architectural-Grade-TSF-Hardwood-Natural-SDS.pdf?raw=true|Penofin Architectural Grade TSF Hardwood - Ipe=https://raw.githubusercontent.com/kinggoff/NewSteelesImages/main/PDFs/SDS/penofin-Penofin-Architectural-Grade-TSF-Hardwood-Ipe-SDS.pdf?raw=true,Penofin Architectural Grade TSF Hardwood=https://raw.githubusercontent.com/kinggoff/NewSteelesImages/main/PDFs/TDS/penofin-Penofin-Architectural-Grade-TSF-Hardwood-TDS.pdf?raw=true,Penofin Architectural Grade TSF Hardwood - Natural=https://raw.githubusercontent.com/kinggoff/NewSteelesImages/main/PDFs/SDS/penofin-Penofin-Architectural-Grade-TSF-Hardwood-Natural-SDS.pdf?raw=true|Penofin Architectural Grade TSF Hardwood - Ipe=https://raw.githubusercontent.com/kinggoff/NewSteelesImages/main/PDFs/SDS/penofin-Penofin-Architectural-Grade-TSF-Hardwood-Ipe-SDS.pdf?raw=true,,Penofin Architectural Grade TSF Hardwood=https://raw.githubusercontent.com/kinggoff/NewSteelesImages/main/PDFs/TDS/penofin-Penofin-Architectural-Grade-TSF-Hardwood-TDS.pdf?raw=true,,9fed6ba30dbc6e7b8121c9820b3159b952a25d643ce3905a05a64b6e2e94d8cb,adfebfc427e178e24bbba34c9fc8bb9a6f3be6940536fa623d8c742551d0029c
simple,Penofin Exterior Exotic Hardwood Finish,575,PEN-000000576,,"Penofin Exterior Exotic Hardwood Finish is a wood-finishing product for colouring, conditioning or protecting the compatible interior or exterior wood surface named in the product. Confirm preparation, compatibility, application, coverage and recoat requirements in the current label or technical data sheet.",,Paints > Stains & Varnishes,"exterior wood finish, hardwood finish, penetrating wood finish, wood oil finish",Penofin,YHD01,https://raw.githubusercontent.com/kinggoff/NewSteelesImages/main/review-images/PEN-000000576-penofin-exterior-hardwood-formula-quart.png?raw=true,Image Added,,,,,Variants,Quart | Gallon,1,1,Penofin Exterior Hardwood Formula - 550 VOC=https://raw.githubusercontent.com/kinggoff/NewSteelesImages/main/PDFs/SDS/penofin-Penofin-Exterior-Hardwood-Formula-550-VOC-SDS.pdf?raw=true,Penofin Exterior Hardwood Formula=https://raw.githubusercontent.com/kinggoff/NewSteelesImages/main/PDFs/TDS/penofin-Penofin-Exterior-Hardwood-Formula-TDS.pdf?raw=true,Penofin Exterior Hardwood Formula - 550 VOC=https://raw.githubusercontent.com/kinggoff/NewSteelesImages/main/PDFs/SDS/penofin-Penofin-Exterior-Hardwood-Formula-550-VOC-SDS.pdf?raw=true,,Penofin Exterior Hardwood Formula=https://raw.githubusercontent.com/kinggoff/NewSteelesImages/main/PDFs/TDS/penofin-Penofin-Exterior-Hardwood-Formula-TDS.pdf?raw=true,,e65644d23b7d51730c7a13a44687d2333ff0e2eac535e216988c8cdfe5d30662,efae00bbe5e11c4e8a1d9b050c87dd37d55c47f5ec6af3fa8a74d7ec641c10db
simple,Siligun Compact Caulking Gun,576,SIL-000000577,,"Siligun Compact Caulking Gun is a manual caulking gun for dispensing compatible cartridge sealants and adhesives with controlled pressure at joints, gaps and seams. Use on clean, compatible joints and follow the label for gap size, tooling, cure, moisture exposure and paintability. Confirm the exact item and package before ordering.",,Painting Tools & Accessories > Tools,"caulking gun, sealant applicator, cartridge applicator, hand tool",SiliGun,MUM01,https://raw.githubusercontent.com/kinggoff/NewSteelesImages/main/review-images/37-sil-000000577-siligun-compact-caulking-gun.webp?raw=true,Image Added,,,,,,,,,,,,,,,6a857e55a5fdf51d0c8a3f43381682aac45fecf74c4abbc382ea5e1c0036ec83,04c8cfd215e12f96b3743ecd25f350eb79e842650b8c4d859fac0b4348e8cab9
simple,Monkey Rung Spin Pro Mini Roller Cleaner,577,DYN-000000578,,"Monkey Rung Spin Pro Mini Roller Cleaner from Dynamic is a surface-preparation or cleanup product for removing the residue named in the product from compatible materials before refinishing. Choose the listed size for the surface and coating, then clean or dispose of the applicator according to current product guidance.",,Painting Tools & Accessories > Tools,"brush and roller cleaner, paint applicator cleaning tool, roller spinner, painting tool",Dynamic,MUM01,https://raw.githubusercontent.com/kinggoff/NewSteelesImages/main/review-images/DYN-000000578-monkey-rung-spin-pro-mini.png?raw=true,Image Added,,,,,,,,,,,,,,,66cb3629b1676cb443d5adbb5fb49b8af8a5e8efef84fff6fb0012b113b7bc59,0ccb5c97f9f4fa38e0ff484367e2855c593a4f1a3557d294e5b2cf990efbcf98
simple,Norton Sanding Pads 150 Grit,578,NOR-000000579,,"Norton Sanding Pads 150 Grit is a hand or machine surface-preparation abrasive for scuffing, cleaning, smoothing or finishing compatible materials. Match it to the surface, work progressively, and use suitable eye, hand and respiratory protection for the material being removed. Confirm the exact item and package before ordering.",,Painting Tools & Accessories > Paint Prep & Repairs,"sandpaper, coated abrasive, surface preparation abrasive, sanding material",Norton,SAINT-G,https://raw.githubusercontent.com/kinggoff/NewSteelesImages/main/review-images/NOR-000000579-norton-wallsand-pad-150-grit.png?raw=true,Images for Review,,,,,,,,,,,,,,,2714be4fc0bc6a853d10ea9a978783804a440fd569cffbfbe531bf6e87c37830,66fa7b7009c79f29677e8a473ade4b85179dcfb5c61d450e930a60c89636944b
simple,Norton 3X Sandpaper 180,579,NOR-000000580,,"Norton 3X Sandpaper 180 is an abrasive product for levelling, smoothing or keying surfaces during staged preparation; the stated grit determines how aggressively it cuts. Match it to the surface, work progressively, and use suitable eye, hand and respiratory protection for the material being removed.",,Painting Tools & Accessories > Paint Prep & Repairs,"sandpaper, coated abrasive, surface preparation abrasive, sanding material",Norton,SAINT-G,https://raw.githubusercontent.com/kinggoff/NewSteelesImages/main/review-images/NOR-000000580-norton-3x-sandpaper-180-grit.png?raw=true,Images for Review,,,,,,,,,,,,,,,3a2ee27cc4f33c3f93e991863848432bca610056feb780383fdda367bd3b0dae,e31f925ff3cf59aa9f9a5e3812033cb80a472a8d6536926dbaea4d749c29270d
simple,Norton 3X Sandpaper 100,580,NOR-000000581,,"Norton 3X Sandpaper 100 is an abrasive product for levelling, smoothing or keying surfaces during staged preparation; the stated grit determines how aggressively it cuts. Match it to the surface, work progressively, and use suitable eye, hand and respiratory protection for the material being removed.",,Painting Tools & Accessories > Paint Prep & Repairs,"sandpaper, coated abrasive, surface preparation abrasive, sanding material",Norton,SAINT-G,https://raw.githubusercontent.com/kinggoff/NewSteelesImages/main/review-images/NOR-000000581-norton-3x-sandpaper-100-grit.png?raw=true,Image Added,,,,,Variants,3PK | 20PK,1,1,,,,,,,3c722a6e9e4db4828ada7330cdfdc0533bd7a71587d7fa261fab11c3bec41f23,38bda414db91d28f373b905db1d8915f1e7306446dbc8b2bea6a1aad7c495bcc
simple,12X18 Buffing Pads Thick Red,581,NOR-000000582,,"12X18 Buffing Pads Thick Red from Norton is a hand or machine surface-preparation abrasive for scuffing, cleaning, smoothing or finishing compatible materials. Review the listed format and current manufacturer instructions to confirm compatibility, safe use, cleaning and storage for the intended job.",,Painting Tools & Accessories > Paint Prep & Repairs,"buffing pad, floor polishing pad, abrasive pad, surface finishing accessory",Norton,SAINT-G,https://raw.githubusercontent.com/kinggoff/NewSteelesImages/main/review-images/NOR-000000582-norton-12x18-red-buffing-pad.png?raw=true,Images for Review,,,,,,,,,,,,,,,dfc066b494897280cf30929a6973db2506105485682a385cc1ba3587cf0359a4,a20cc80df0fee9ab00994077afe4073f7dd81ba1c8462d732f4df01f3bfc9966
simple,12X18 60 Grit Adhesive Back Sandpaper,582,NOR-000000583,,"12X18 60 Grit Adhesive Back Sandpaper from Norton is an abrasive product for levelling, smoothing or keying surfaces during staged preparation; the stated grit determines how aggressively it cuts. Match it to the surface, work progressively, and use suitable eye, hand and respiratory protection for the material being removed.",,Painting Tools & Accessories > Paint Prep & Repairs,"sandpaper, coated abrasive, surface preparation abrasive, sanding material",Norton,SAINT-G,https://raw.githubusercontent.com/kinggoff/NewSteelesImages/main/review-images/NOR-000000583-norton-12x18-60-grit-adhesive-sheets.png?raw=true,Images for Review,,,,,,,,,,,,,,,7e7c47a550c54b2311f0a2a3bfd4f4de936334c4f399fe5f5a05ec1d6183fe4e,6b3d4c1cabb9bf52f480fb582116c6664b58ab32c21baacd728e2da98a45e1b1
simple,Nour Lime Wash Brush 100 mm,583,NO-000000584,,"Nour Lime Wash Brush 100 mm is a purpose-shaped brush for controlled application of compatible paint, stain or decorative coating; its filament style and profile suit the task named in the product. Choose the listed size for the surface and coating, then clean or dispose of the applicator according to current product guidance.",,Painting Tools & Accessories > Tools,"limewash brush, masonry brush, paint applicator, painting tool",Nour,NOUR,https://raw.githubusercontent.com/kinggoff/NewSteelesImages/main/review-images/NO-000000584-nour-32-100nlw-limewash-brush.png?raw=true,Image Added,,,,,,,,,,,,,,,7d5936e52d85d2492e3552625480baeea4db38663011e3bad10d2cf9007f4d2a,b0b801e8db16d99bfcbd2807acac6d8f1d3657d049fdcc2fc0e8d7b9758d29e2
simple,"Nour Polylamb Roller Refill 1/2""",584,NO-000000585,,"Nour Polylamb Roller Refill 1/2"" is a paint-roller cover or refill for applying compatible coatings; its stated fabric, width and nap help determine finish texture, loading and surface reach. Choose the listed size for the surface and coating, then clean or dispose of the applicator according to current product guidance.",,Painting Tools & Accessories > Tools,"paint roller cover, paint roller refill, paint applicator, painting tool, lambswool roller cover",Nour,NOUR,https://raw.githubusercontent.com/kinggoff/NewSteelesImages/main/review-images/NO-000000585-nour-polylamb-roller-refill.png?raw=true,Images for Review,,,,,,,,,,,,,,,f336633ccb08e274acfd8b4b9289fb52a9e98821c31a5b20192889ca86d20fcb,cc1d35dcb231024e6ca93ef28942c933cfae6fcd99bd7ce6425392b94362feca
simple,"AllPro Silver Series 2 1/2"" Polyester Brush",585,AP-000000586,,"AllPro Silver Series 2 1/2"" Polyester Brush is a paint or decorative-finish brush whose stated shape, filament and size are intended to provide control for the named application. Choose the listed size for the surface and coating, then clean or dispose of the applicator according to current product guidance.",,Painting Tools & Accessories > Tools,"paint brush, paint applicator, painting tool, bristle brush",AllPro,NOUR,https://raw.githubusercontent.com/kinggoff/NewSteelesImages/main/review-images/AP-000000586-allpro-silver-series-2-5-polyester-brush.png?raw=true,Image Added,,,,,,,,,,,,,,,5144a2737e2c92690ff1bf2567c4a703c8e5b6e8ec923453a3e8fb35e80c780d,cbfb7dfafa4dbd64c5f8f51b55a7bffc85c3b4b5a8a38813a3f16f4471b3d818
simple,"AllPro Microfiber Roller Refill 9"" x 5/8""",586,AP-000000587,,"AllPro Microfiber Roller Refill 9"" x 5/8"" is a paint-roller cover or refill for applying compatible coatings; its stated fabric, width and nap help determine finish texture, loading and surface reach. Choose the listed size for the surface and coating, then clean or dispose of the applicator according to current product guidance.",,Painting Tools & Accessories > Tools,"paint roller cover, paint roller refill, paint applicator, painting tool, microfiber roller cover",AllPro,NOUR,https://raw.githubusercontent.com/kinggoff/NewSteelesImages/main/review-images/AP-000000587-allpro-microfiber-roller-9x5-8.png?raw=true,Image Added,,,,,,,,,,,,,,,9de9089d9cefca86dde1675bf73f01d085110ed518f74aaa7195993c34cec984,3c413b4c454adba43e6a11be8b1cfc31637efa64fb5d9510d2d152abff55ee54
simple,OLFA Stainless Steel Auto-Lock Utility K,587,OLF-000000588,,"OLFA Stainless Steel Auto-Lock Utility K is a wood-finishing product for colouring, conditioning or protecting the compatible interior or exterior wood surface named in the product. Review the listed format and current manufacturer instructions to confirm compatibility, safe use, cleaning and storage for the intended job.",,Painting Tools & Accessories > Tools,"utility knife, cutting tool, hand tool, snap-off knife",OLFA,OLF01,https://raw.githubusercontent.com/kinggoff/NewSteelesImages/main/review-images/38-olf-000000588-olfa-stainless-steel-auto-lock-utility-k.png?raw=true,Image Added,,,,,,,,,,,,,,,68c9db666c64a390125f8703b296af66bca67c7cc54be1a0f11c7ced1289585f,e496691215f09506d1c2019a0be24d9a2586dd140b506a9f3f2435fba11ca651
simple,OLFA Small Snap-Off Black Blade,588,OLF-000000589,,"OLFA Small Snap-Off Black Blade is a replacement cutting or scraping blade for the compatible hand tool named in the product; blade style and size should match the holder and task. Match it to the surface, work progressively, and use suitable eye, hand and respiratory protection for the material being removed.",,Painting Tools & Accessories > Tools,"replacement blade, scraper blade, cutting accessory, hand tool accessory",OLFA,OLF01,https://raw.githubusercontent.com/kinggoff/NewSteelesImages/main/review-images/OLF-000000589-olfa-abb50b-black-9mm-blades.png?raw=true,Image Added,,,,,Variants,50PK | 10PK,1,1,,,,,,,689770fedd5582637173992cf7a4e9417e9b8a4d9676af898bbe969258f7084c,bee141b14356eb9ba1ba810b13637ffe5471d5f22bc38cc2fbdfe7e225e95649
simple,OLFA Rubber Inset Utility Knife,589,OLF-000000590,,"OLFA Rubber Inset Utility Knife is a hand-cutting tool for trimming masking film, wallcovering, cardboard and other compatible jobsite materials with the correct replacement blade. Match it to the surface, work progressively, and use suitable eye, hand and respiratory protection for the material being removed.",,Painting Tools & Accessories > Tools,"utility knife, cutting tool, hand tool, snap-off knife",OLFA,OLF01,https://raw.githubusercontent.com/kinggoff/NewSteelesImages/main/review-images/39-olf-000000590-olfa-rubber-inset-utility-knife.png?raw=true,Image Added,,,,,,,,,,,,,,,d67c0c9d5e6cf601eb9d58e66ae7b615eec1eaeebc28ad401bb947335f9125c0,1b613fcaec4006d79ac50b46e5a27d2aa3ec370e2ffef19480f87f361a6af73e
simple,OLFA Rubber Grip Utility Knife,590,OLF-000000591,,"OLFA Rubber Grip Utility Knife is a hand-cutting tool for trimming masking film, wallcovering, cardboard and other compatible jobsite materials with the correct replacement blade. Match it to the surface, work progressively, and use suitable eye, hand and respiratory protection for the material being removed.",,Painting Tools & Accessories > Tools,"utility knife, cutting tool, hand tool, snap-off knife",OLFA,OLF01,https://raw.githubusercontent.com/kinggoff/NewSteelesImages/main/review-images/40-olf-000000591-olfa-rubber-grip-utility-knife.png?raw=true,Image Added,,,,,,,,,,,,,,,e2957f953f940b792cd6c1bc7ef3510da1ed296815b359395fe784fe4af07eea,45191eae67beee49de9a97306a6c82cc1cce0fbf85a41a485ebb5cf19d80d499
simple,OLFA Large Snap-Off Black Blade,591,OLF-000000592,,"OLFA Large Snap-Off Black Blade is a replacement cutting or scraping blade for the compatible hand tool named in the product; blade style and size should match the holder and task. Match it to the surface, work progressively, and use suitable eye, hand and respiratory protection for the material being removed.",,Painting Tools & Accessories > Tools,"replacement blade, scraper blade, cutting accessory, hand tool accessory",OLFA,OLF01,https://raw.githubusercontent.com/kinggoff/NewSteelesImages/main/review-images/OLF-000000592-olfa-lbb50b-black-18mm-blades.png?raw=true,Image Added,,,,,Variants,50PK | 10PK,1,1,,,,,,,33b11752dda501e3fc5021c4ae825b791e47e27afca51c78f624a99c346e7283,0d8e118ac15f91c902d83e86b5570318b5b936db0fa2b2dee60ce3b7eb447df8
simple,OLFA Multi-Blade Auto-Load Utility Knife,592,OLF-000000593,,"OLFA Multi-Blade Auto-Load Utility Knife is a replacement cutting or scraping blade for the compatible hand tool named in the product; blade style and size should match the holder and task. Match it to the surface, work progressively, and use suitable eye, hand and respiratory protection for the material being removed.",,Painting Tools & Accessories > Tools,"utility knife, cutting tool, hand tool, snap-off knife",OLFA,OLF01,https://raw.githubusercontent.com/kinggoff/NewSteelesImages/main/review-images/41-olf-000000593-olfa-multi-blade-auto-load-utility-knife.png?raw=true,Image Added,,,,,,,,,,,,,,,c1a8b944d73905f4287f6f6d8f96fc96f7f1d07d961b782b4a49c7fc264eb2cc,8041b37e5072eb83eff43f305c6435de4092f98c9ac661757c63924f3a96c604
simple,Olympic Rescue It! Wood & Concrete Resur,593,OLY-000000594,,"Olympic Rescue It! Wood & Concrete Resur is a coating formulated for the interior, exterior, specialty or industrial use indicated by its product name and category. Confirm preparation, compatibility, application, coverage and recoat requirements in the current label or technical data sheet. Confirm the exact item and package before ordering.",,Paints > Stains & Varnishes,"deck resurfacer, concrete resurfacer, thick-texture coating, exterior repair coating",Olympic,PPG,https://raw.githubusercontent.com/kinggoff/NewSteelesImages/main/review-images/OLY-000000594-olympic-rescue-it.png?raw=true,Image Added,,,,,,,,,Olympic Rescue It Moderate Restoration 79705 Five Gallon=https://raw.githubusercontent.com/kinggoff/NewSteelesImages/main/PDFs/SDS/olympic-Olympic-Rescue-It-Moderate-Restoration-79705-Five-Gallon-SDS.pdf?raw=true,Olympic Rescue It Moderate Restoration 79705 Five Gallon=https://raw.githubusercontent.com/kinggoff/NewSteelesImages/main/PDFs/TDS/olympic-Olympic-Rescue-It-Moderate-Restoration-79705-Five-Gallon-TDS.pdf?raw=true,Olympic Rescue It Moderate Restoration 79705 Five Gallon=https://raw.githubusercontent.com/kinggoff/NewSteelesImages/main/PDFs/SDS/olympic-Olympic-Rescue-It-Moderate-Restoration-79705-Five-Gallon-SDS.pdf?raw=true,,Olympic Rescue It Moderate Restoration 79705 Five Gallon=https://raw.githubusercontent.com/kinggoff/NewSteelesImages/main/PDFs/TDS/olympic-Olympic-Rescue-It-Moderate-Restoration-79705-Five-Gallon-TDS.pdf?raw=true,,98c3e7c7c3a5f29d5cdd99aa6c383d3de92f6640445432a2404788f91e5bc40d,570ce661145381b0201bb6c895d4f819fd5a6b94e06a8b791724e0303e830865
simple,Olympic Maximum Semi Trans Hybrid Stain Neu,594,OLY-000000595,,"Olympic Maximum Semi Trans Hybrid Stain Neu is a wood-finishing product for colouring, conditioning or protecting the compatible interior or exterior wood surface named in the product. Confirm preparation, compatibility, application, coverage and recoat requirements in the current label or technical data sheet.",,Paints > Stains & Varnishes,"exterior wood stain, penetrating wood finish, wood stain, exterior wood finish",Olympic,PPG,https://raw.githubusercontent.com/kinggoff/NewSteelesImages/main/review-images/OLY-000000595-olympic-maximum-semi-transparent-neutral.png?raw=true,Images for Review,,,,,,,,,Olympic Maximum Semi-Transparent Neutral Base 79560C Five Gallon=https://raw.githubusercontent.com/kinggoff/NewSteelesImages/main/PDFs/SDS/olympic-Olympic-Maximum-Semi-Transparent-Neutral-79560C-Five-Gallon-SDS.pdf?raw=true,Olympic Maximum Semi-Transparent Neutral Base 79560C Five Gallon=https://raw.githubusercontent.com/kinggoff/NewSteelesImages/main/PDFs/TDS/olympic-Olympic-Maximum-Semi-Transparent-Neutral-79560C-Five-Gallon-TDS.pdf?raw=true,Olympic Maximum Semi-Transparent Neutral Base 79560C Five Gallon=https://raw.githubusercontent.com/kinggoff/NewSteelesImages/main/PDFs/SDS/olympic-Olympic-Maximum-Semi-Transparent-Neutral-79560C-Five-Gallon-SDS.pdf?raw=true,,Olympic Maximum Semi-Transparent Neutral Base 79560C Five Gallon=https://raw.githubusercontent.com/kinggoff/NewSteelesImages/main/PDFs/TDS/olympic-Olympic-Maximum-Semi-Transparent-Neutral-79560C-Five-Gallon-TDS.pdf?raw=true,,d85fd713e457f92c56ce8a23e00adb96a4eeb296e26503dfea192a7c855e8071,8a21bd906dd4468972a6b82ac8a864e5e4ee06f36b89a015daf74adb00e96054
simple,OMC Painter'S Plastic,595,OMC-000000596,,"OMC Painter'S Plastic is a temporary surface-protection material for covering floors, furniture or adjacent areas against dust, drips and ordinary painting debris. Lay it over a clean, dry area, secure the edges safely, and confirm that any adhesive or film suits the underlying finish. Confirm the exact item and package before ordering.",,Painting Tools & Accessories > Tools,"drop cloth, surface protection, painting cover, painting accessory",OMC,OMC,https://raw.githubusercontent.com/kinggoff/NewSteelesImages/main/review-images/OMC-000000596-painters-plastic.png?raw=true,Images for Review,,,,,,,,,,,,,,,6b81615de28dd724999c6d083dfd78989cbaa447d9446b56194a3daa78091ee0,66a95e575e9a0c655e7a260dfc97381e4ffab4199d5d43a3b7d885ffe27347ee
simple,OMC Fiberglass Drywall Tape,596,OMC-000000597,,"OMC Fiberglass Drywall Tape is a drywall reinforcing tape for embedding in compatible joint compound over flat seams, repairs or corners as indicated by the product name. Review the listed format and current manufacturer instructions to confirm compatibility, safe use, cleaning and storage for the intended job.",,Painting Tools & Accessories > Tools,"drywall tape, joint reinforcement tape, drywall repair material, fiberglass mesh tape",OMC,OMC,https://raw.githubusercontent.com/kinggoff/NewSteelesImages/main/review-images/OMC-000000597-fiberglass-drywall-tape.png?raw=true,Image Added,,,,,,,,,,,,,,,1d0b102aa8ba204a9ec464c15b20e2fc3ebec2503c6e141fc7c597d6cad0cac9,3574f0ef55bb55525d15f86f05936d6d6a40e5f38f81ca47a3e7467257a423c8
simple,OMC Drywall Paper Tape,597,OMC-000000598,,"OMC Drywall Paper Tape is a drywall reinforcing tape for embedding in compatible joint compound over flat seams, repairs or corners as indicated by the product name. Review the listed format and current manufacturer instructions to confirm compatibility, safe use, cleaning and storage for the intended job.",,Painting Tools & Accessories > Tools,"drywall paper tape, joint reinforcement tape, drywall repair material, paper joint tape",OMC,OMC,https://raw.githubusercontent.com/kinggoff/NewSteelesImages/main/review-images/OMC-000000598-drywall-paper-tape.png?raw=true,Image Added,,,,,,,,,,,,,,,f39642e65468ccbcba6f30e8a91858c7cf928c09400c07ae3c5b0ed3beb8ffc4,b2d725b4a7b9967efc4642ae79a44a29b71abfaa750c3a28e31bd327a52096fc
simple,OMC Drywall Corner Tape,598,OMC-000000599,,"OMC Drywall Corner Tape is a drywall reinforcing tape for embedding in compatible joint compound over flat seams, repairs or corners as indicated by the product name. Review the listed format and current manufacturer instructions to confirm compatibility, safe use, cleaning and storage for the intended job.",,Painting Tools & Accessories > Tools,"drywall corner tape, corner reinforcement tape, drywall repair material, joint finishing tape",OMC,OMC,https://raw.githubusercontent.com/kinggoff/NewSteelesImages/main/review-images/OMC-000000599-drywall-corner-tape.png?raw=true,Images for Review,,,,,,,,,,,,,,,839a079f8580451564eec17104a64cc7d7b84a15d03bb9ee5e086efe5afbb0c6,cc80c854b83af7893dfe61e27adb61b972ef7a983026c448335c4b78f0545725
simple,OMC Pre-Taped Plastic Drop Cloth,599,OMC-000000600,,"OMC Pre-Taped Plastic Drop Cloth is a temporary surface-protection material for covering floors, furniture or adjacent areas against dust, drips and ordinary painting debris. Lay it over a clean, dry area, secure the edges safely, and confirm that any adhesive or film suits the underlying finish. Confirm the exact item and package before ordering.",,Painting Tools & Accessories > Tools,"drop cloth, surface protection, painting cover, painting accessory",OMC,OMC,https://raw.githubusercontent.com/kinggoff/NewSteelesImages/main/review-images/OMC-000000600-pre-taped-plastic-drop-cloth.png?raw=true,Images for Review,,,,,Variants,"68""X66' | 22""X108' | 108""X66'",1,1,,,,,,,3b070b7c8e42ca591d6ee32f530e0f4c382008272480b778166b5e5eb4f50e7f,211fc44c0f002f3adb2cb7b904481b4fecf147a3160efe1afee69ff1e299d2bc
simple,"Pintar Trim Roller 3"" x 5 mm",600,PI-000000601,,"Pintar Trim Roller 3"" x 5 mm is a shaped paint roller for coating corners, pipes, trim or other areas that are awkward to reach with a standard wall roller. Choose the listed size for the surface and coating, then clean or dispose of the applicator according to current product guidance. Confirm the exact item and package before ordering.",,Painting Tools & Accessories > Tools,"paint roller cover, paint roller refill, paint applicator, painting tool",Pintar,PIN02-S,https://raw.githubusercontent.com/kinggoff/NewSteelesImages/main/review-images/PI-000000601-trim-roller-3x5mm.png?raw=true,Images for Review,,,,,,,,,,,,,,,0bd08f879b0f84e55b602d30fa16211c2c52afdc663d241133a8e3314c527981,447003fdf94f308ee6c4d22284a2e20070a66538ba79d7b131821e47ef4c2f80
simple,Slit Foam Refill,601,PI-000000602,,"Slit Foam Refill from Pintar is a paint-roller cover or refill for applying compatible coatings; its stated fabric, width and nap help determine finish texture, loading and surface reach. Review the listed format and current manufacturer instructions to confirm compatibility, safe use, cleaning and storage for the intended job.",,Painting Tools & Accessories > Tools,"foam roller cover, paint roller refill, slit foam applicator, painting tool",Pintar,PIN02-S,https://raw.githubusercontent.com/kinggoff/NewSteelesImages/main/review-images/PI-000000602-pintar-slit-foam-refill.png?raw=true,Images for Review,,,,,,,,,,,,,,,eb8866bd6857f6a4e6ee42c87609385b63864d88ccd0ba2ebc52af4da00ebd28,cd8a323625709f1f8f664d3010d70f5dcbbf4c4c382e34c35a30b8de94dc921d
simple,Pre-Caulking Filler Rope,602,PI-000000603,,"Pre-Caulking Filler Rope from Pintar is a gap-filling sealant for compatible joints and seams; substrate, movement, moisture exposure and paintability should be checked for the application. Use on clean, compatible joints and follow the label for gap size, tooling, cure, moisture exposure and paintability.",,Painting Tools & Accessories > Tools,"caulk backing rod, foam filler rope, joint filler, sealant accessory",Pintar,PIN02-S,https://raw.githubusercontent.com/kinggoff/NewSteelesImages/main/review-images/PI-000000603-pre-caulking-filler-rope.png?raw=true,Images for Review,,,,,,,,,,,,,,,f3ac88ac9c96a1ec93fb230ed7a846b824f29367e526c3f3c2f3b0d4080c441e,9648581b1983297a6783631d23311cebb663fbad30ed949caceab4854619621f
simple,Pintar Pipe Roller,603,PI-000000604,,"Pintar Pipe Roller is a shaped paint roller for coating corners, pipes, trim or other areas that are awkward to reach with a standard wall roller. It is intended to give the applicator practical control over loading, placement and finish on the matching surface area. Choose the listed size for the surface and coating, then clean or dispose of the applicator according to current product guidance.",,Painting Tools & Accessories > Tools,"pipe paint roller, specialty paint roller, paint applicator, painting tool",Pintar,PIN02-S,https://raw.githubusercontent.com/kinggoff/NewSteelesImages/main/review-images/PI-000000604-pipe-roller.png?raw=true,Images for Review,,,,,,,,,,,,,,,a4864c0738f05ab21631b91a976b992794706d46f516db6b3081e8f9e59e53b0,2762d459f877e10c4acf17da593230f97ceec92e944309e67b1195cce0cae468
simple,Pintar Lint-Free Roller Refill,604,PI-000000605,,"Pintar Lint-Free Roller Refill is a paint-roller cover or refill for applying compatible coatings; its stated fabric, width and nap help determine finish texture, loading and surface reach. Choose the listed size for the surface and coating, then clean or dispose of the applicator according to current product guidance.",,Painting Tools & Accessories > Tools,"paint roller cover, paint roller refill, paint applicator, painting tool",Pintar,PIN02-S,https://raw.githubusercontent.com/kinggoff/NewSteelesImages/main/review-images/PI-000000605-pintar-lint-free-roller-refill.png?raw=true,Images for Review,,,,,Variants,"18"" 5MM | 7 1/2"" 13 MM | CONTRACTOR PK 15MM",1,1,,,,,,,ddc937840e2b59ec0e9ebd5fc366b1462c68bcf241e0855975bf41f1d738c6ee,99283647bb9ce3675edbdaabb161a9c4c0d1c80961d2ef4375910d6e915d8b14
simple,Pintar Lambskin Block Applicator,605,PI-000000606,,"Pintar Lambskin Block Applicator is a pad-style applicator for spreading compatible paint, stain or finish across flat surfaces with direct hand control. Choose the listed size for the surface and coating, then clean or dispose of the applicator according to current product guidance. Confirm the exact item and package before ordering.",,Painting Tools & Accessories > Tools,"lambskin block applicator, floor finish applicator, wood finish applicator, painting tool",Pintar,PIN02-S,https://raw.githubusercontent.com/kinggoff/NewSteelesImages/main/review-images/PI-000000606-pintar-lambskin-block-applicator.png?raw=true,Images for Review,,,,,,,,,,,,,,,e8ee28da7b14b056280da8437ba4133aeea4255e38a1baa26a5e98d5cbb7d40b,be186bb9dce5c542cbf317feb2906da9ebb12ad23db9b4a8f28c44a5886ac63c
simple,"Pintar 10"" Synthetic Water Wiz Pad with Block",606,PI-000000607,,"Pintar 10"" Synthetic Water Wiz Pad with Block is a pad-style applicator for spreading compatible paint, stain or finish across flat surfaces with direct hand control. Review the listed format and current manufacturer instructions to confirm compatibility, safe use, cleaning and storage for the intended job.",,Painting Tools & Accessories > Tools,"paint pad, flat paint applicator, painting tool, coating applicator",Pintar,PIN02-S,https://raw.githubusercontent.com/kinggoff/NewSteelesImages/main/review-images/PI-000000607-water-wiz-pad-with-block.png?raw=true,Images for Review,,,,,,,,,,,,,,,1f1d28b9fc74101c5f4b5b50c09e607121ff949b1c766b56251efa895a915a1d,9dc4c772a6af5ff1dfd54136b114c2da5899d2c3fc095af758622d8aac7d531e
simple,Pintar Microfiber Pad W/Block,607,PI-000000608,,"Pintar Microfiber Pad W/Block is a pad-style applicator for spreading compatible paint, stain or finish across flat surfaces with direct hand control. Review the listed format and current manufacturer instructions to confirm compatibility, safe use, cleaning and storage for the intended job. Confirm the exact item and package before ordering.",,Painting Tools & Accessories > Tools,"paint pad, flat paint applicator, painting tool, coating applicator",Pintar,PIN02-S,https://raw.githubusercontent.com/kinggoff/NewSteelesImages/main/review-images/PI-000000608-microfiber-pad-with-block.png?raw=true,Images for Review,,,,,,,,,,,,,,,5369a3cf998398e2c951813009682905be6f8aec872d042e5799491b6cba643f,73fc271abed09214de30204eb93d083f5cf17d5c0cf197b9b9fa9c6cba245a41
simple,Olympian Stain Brush,608,OLY-000000609,,"Olympian Stain Brush is a purpose-shaped brush for controlled application of compatible paint, stain or decorative coating; its filament style and profile suit the task named in the product. Choose the listed size for the surface and coating, then clean or dispose of the applicator according to current product guidance.",,Painting Tools & Accessories > Tools,"stain brush, wood finish applicator, paint brush, painting tool",Olympian,PIN02-S,https://raw.githubusercontent.com/kinggoff/NewSteelesImages/main/review-images/OLY-000000609-olympian-bristlex-stain-brush-4in.png?raw=true,Images for Review,,,,,,,,,,,,,,,b49730538a5e79df38c81657261abe1719b637cfa049c4fa48deac22562ff9fe,e1cf1ca91b366b59038fed45b62153756ae67e59b44d91ee36aa37b6ef4857fb
simple,Lexel Sealant Clear Squeeze Tube,609,LEX-000000610,,"Lexel Sealant Clear Squeeze Tube is a gap-filling sealant for compatible joints and seams; substrate, movement, moisture exposure and paintability should be checked for the application. Use on clean, compatible joints and follow the label for gap size, tooling, cure, moisture exposure and paintability.",,Painting Tools & Accessories > Tools,"sealant, caulk, joint sealant, gap-filling compound",Lexel,PIN02-S,https://raw.githubusercontent.com/kinggoff/NewSteelesImages/main/review-images/LEX-000000610-lexel-clear-squeeze-tube.png?raw=true,Image Added,,,,,,,,,,,,,,,5b50957060d31344728b549c6e55ed0e0d1401e47f53035591665686281d92c7,574b6afc72e5caadea50eee86ffe51497213568299792e236ce31710eb7ceea6
simple,Lexel Sealant Clear,610,LEX-000000611,,"Lexel Sealant Clear is a gap-filling sealant for compatible joints and seams; substrate, movement, moisture exposure and paintability should be checked for the application. Use on clean, compatible joints and follow the label for gap size, tooling, cure, moisture exposure and paintability. Confirm the exact item and package before ordering.",,Painting Tools & Accessories > Tools,"sealant, caulk, joint sealant, gap-filling compound",Lexel,PIN02-S,https://raw.githubusercontent.com/kinggoff/NewSteelesImages/main/review-images/LEX-000000611-lexel-clear-sealant.png?raw=true,Image Added,,,,,,,,,,,,,,,a4c09b72bfb732250ed6716927cb1c1aa893ab665bc9ee8d7455c03916d6ae1e,02114fa55199748a3439a451685da03708148577adae68d35a33fbea9a3dce19
simple,"Pintar Heavy-Duty 18"" Roller Frame",611,PI-000000612,,"Pintar Heavy-Duty 18"" Roller Frame is a reusable roller frame or handle for mounting a compatible cover and applying paint to the intended surface area. Choose the listed size for the surface and coating, then clean or dispose of the applicator according to current product guidance. Confirm the exact item and package before ordering.",,Painting Tools & Accessories > Tools,"paint roller frame, roller handle, paint applicator, painting tool",Pintar,PIN02-S,https://raw.githubusercontent.com/kinggoff/NewSteelesImages/main/review-images/PI-000000612-pintar-heavy-duty-18in-roller-frame.png?raw=true,Image Added,,,,,,,,,,,,,,,24ed28fe6d2cd862d633c17194f0b603d9539be0b8b988f7975575c6c5b130f5,a380196538024b51753fd8ba52d1601435af41951f8f22858d7b6572fe057c5e
simple,Gallon Metal Tray,612,PI-000000613,,"Gallon Metal Tray from Pintar is a paint tray or tray set for loading rollers and holding a practical working quantity of coating during application. Choose the listed size for the surface and coating, then clean or dispose of the applicator according to current product guidance. Confirm the exact item and package before ordering.",,Painting Tools & Accessories > Tools,"paint tray, paint container, painting accessory, paint roller tray",Pintar,PIN02-S,https://raw.githubusercontent.com/kinggoff/NewSteelesImages/main/review-images/PI-000000613-pintar-4l-jumbo-metal-tray.png?raw=true,Image Added,,,,,,,,,,,,,,,3aa0043ff3cbb7a20a43fdc918fff14e824b42a7f534c42d89a7d65aa93b9961,5b227ad06b0f065f859b66d0e76c23fb07498f3428b2dc2bdbe80e4bd501cd34
simple,CanPro Premium Microfibre Refill,613,CAN-000000614,,"CanPro Premium Microfibre Refill is a paint-roller cover or refill for applying compatible coatings; its stated fabric, width and nap help determine finish texture, loading and surface reach. Review the listed format and current manufacturer instructions to confirm compatibility, safe use, cleaning and storage for the intended job.",,Painting Tools & Accessories > Tools,"paint roller cover, paint roller refill, paint applicator, painting tool, microfiber roller cover",CanPro,PIN02-S,https://raw.githubusercontent.com/kinggoff/NewSteelesImages/main/review-images/CAN-000000614-canpro-microfiber-roller-refill.png?raw=true,Images for Review,,,,,,,,,,,,,,,fe5f3ee6817f56d76ff58f7d55e93c8a0fb426518572cbb65e4aa3f5d3518a0c,bf9110c1a0be43c96716b691b4214937089f74d248e194f161ff0253c05408b4
simple,Allway Scraper Set W/6 Blades,614,ALL-000000615,,"Allway Scraper Set W/6 Blades is a hand scraper for removing loose paint, adhesive residue, coatings or surface buildup during preparation and cleanup. Match it to the surface, work progressively, and use suitable eye, hand and respiratory protection for the material being removed. Confirm the exact item and package before ordering.",,Painting Tools & Accessories > Tools,"scraper, surface preparation tool, hand tool, painting tool",Allway,PIN02-S,https://raw.githubusercontent.com/kinggoff/NewSteelesImages/main/review-images/ALL-000000615-allway-contour-scraper-six-blades.png?raw=true,Image Added,,,,,,,,,,,,,,,d57504a697f3ef3f63d1ecb5c739d2aac4c96fabd2859a905eb48e888aff4f2a,c4837c58429888d08f028d0dbd2dc9a676293942d8a776745a98f032c9a594e0
simple,Allway Pour Spout,615,ALL-000000616,,"Allway Pour Spout is a container accessory that helps direct paint or liquid during pouring and reduces drips around the rim. Selection should be based on the specific task, material, working conditions and compatible products in the complete system. Review the listed format and current manufacturer instructions to confirm compatibility, safe use, cleaning and storage for the intended job.",,Painting Tools & Accessories > Tools,"paint can spout, pouring accessory, paint container accessory, painting tool",Allway,PIN02-S,https://raw.githubusercontent.com/kinggoff/NewSteelesImages/main/review-images/ALL-000000616-allway-five-gallon-pour-spout.png?raw=true,Images for Review,,,,,,,,,,,,,,,c341fcf0115871ad812f9b48c0c640e53f6b8cdd65e0a613281f7fcfb47ced0d,421b18bfcfa64c892a9ba9546ab2991a132114b6066a0931cc57eb75388e9644
simple,"AllPro Washi Tape 1 1/2""",616,AP-000000617,,"AllPro Washi Tape 1 1/2"" is a masking or project tape for defining paint lines, securing protection or joining compatible materials during preparation and finishing work. Review the listed format and current manufacturer instructions to confirm compatibility, safe use, cleaning and storage for the intended job.",,Painting Tools & Accessories > Tools,"masking tape, painter's tape, pressure-sensitive tape, painting accessory",AllPro,PIN02-S,https://raw.githubusercontent.com/kinggoff/NewSteelesImages/main/review-images/AP-000000617-allpro-washi-tape.png?raw=true,Images for Review,,,,,,,,,,,,,,,4caae107ff1ee9990fcaf4a5da53b3e886e3fb9ac1c9f765c2475cdbb0bcf935,44c83cb61e32dd5c2bb3354a30e27736d6cc06d2d247a61d736997e951fbf429
simple,AllPro Microfiber Roller Refill 15 mm,617,AP-000000618,,"AllPro Microfiber Roller Refill 15 mm is a paint-roller cover or refill for applying compatible coatings; its stated fabric, width and nap help determine finish texture, loading and surface reach. Choose the listed size for the surface and coating, then clean or dispose of the applicator according to current product guidance.",,Painting Tools & Accessories > Tools,"paint roller cover, paint roller refill, paint applicator, painting tool, microfiber roller cover",AllPro,PIN02-S,https://raw.githubusercontent.com/kinggoff/NewSteelesImages/main/review-images/AP-000000618-allpro-microfiber-roller-refill-15mm.png?raw=true,Image Added,,,,,,,,,,,,,,,dc4b535b7d619f50f462c7f6fa05c32eddaf1f316e6496e585fc91a0dd811853,284caeb78486b8237181c71c7db7ad54e685e9f9c9e64e62fa06d959aad0c9b1
simple,"Pintar Foam Roller Refill 9 1/2""",618,PI-000000619,,"Pintar Foam Roller Refill 9 1/2"" is a paint-roller cover or refill for applying compatible coatings; its stated fabric, width and nap help determine finish texture, loading and surface reach. Choose the listed size for the surface and coating, then clean or dispose of the applicator according to current product guidance.",,Painting Tools & Accessories > Tools,"paint roller cover, paint roller refill, paint applicator, painting tool, foam roller cover",Pintar,PIN02-S,https://raw.githubusercontent.com/kinggoff/NewSteelesImages/main/review-images/PI-000000619-pintar-foam-roller-refill-9-5in.png?raw=true,Image Added,,,,,,,,,,,,,,,2c72617ff48870e8831271160f857c3f519dcd7e5bf3a0c651e9b0ac8beb6e7b,7daccea01f82dd981045a709fda18f1d6ca23626e6ea34db9cb2946f4e88f28e
simple,Pintar Mini Cage Roller Frame,619,PI-000000620,,"Pintar Mini Cage Roller Frame is a reusable roller frame or handle for mounting a compatible cover and applying paint to the intended surface area. It is intended to give the applicator practical control over loading, placement and finish on the matching surface area. Choose the listed size for the surface and coating, then clean or dispose of the applicator according to current product guidance.",,Painting Tools & Accessories > Tools,"paint roller frame, roller handle, paint applicator, painting tool",Pintar,PIN02-S,https://raw.githubusercontent.com/kinggoff/NewSteelesImages/main/review-images/PI-000000620-pintar-mini-cage-roller-frame.png?raw=true,Images for Review,,,,,Variants,"3"" | 4""",1,1,,,,,,,3bcfab63e7cacc2c5521c8a950d4d290a8e9e9c12cabc27ccc84a712720d9e0b,8c2b6e9787789d9b4fe1fb72c1043041eaae57997d05a3e81487e2d3272363d0
simple,Pintar High-Pile Roller Refill,620,PI-000000621,,"Pintar High-Pile Roller Refill is a paint-roller cover or refill for applying compatible coatings; its stated fabric, width and nap help determine finish texture, loading and surface reach. Choose the listed size for the surface and coating, then clean or dispose of the applicator according to current product guidance.",,Painting Tools & Accessories > Tools,"paint roller cover, paint roller refill, paint applicator, painting tool",Pintar,PIN02-S,https://raw.githubusercontent.com/kinggoff/NewSteelesImages/main/review-images/PI-000000605-pintar-lint-free-roller-refill.png?raw=true,Images for Review,,,,,Variants,"3"" | 4""",1,1,,,,,,,ddc937840e2b59ec0e9ebd5fc366b1462c68bcf241e0855975bf41f1d738c6ee,6682de4b009484eb0c9175074470fe5783ea75767110d4f0f6a50f71468f560b
simple,"Pintar Stain & Paint Brush 4""",621,PI-000000622,,"Pintar Stain & Paint Brush 4"" is a purpose-shaped brush for controlled application of compatible paint, stain or decorative coating; its filament style and profile suit the task named in the product. Choose the listed size for the surface and coating, then clean or dispose of the applicator according to current product guidance.",,Painting Tools & Accessories > Tools,"paint brush, paint applicator, painting tool, bristle brush",Pintar,PIN02-S,https://raw.githubusercontent.com/kinggoff/NewSteelesImages/main/review-images/PI-000000622-pintar-stain-paint-brush-4in.png?raw=true,Image Added,,,,,,,,,,,,,,,dd42927e7560a8e62644cd7c0901256ea50085ef2d29ed3287bbf0281431ab13,d693fa19149ab35e510d4c3fe88b1b4a7517c1ccee86bed939880ea6f9b484ef
simple,"Pintar Stain Brush 3""",622,PI-000000623,,"Pintar Stain Brush 3"" is a purpose-shaped brush for controlled application of compatible paint, stain or decorative coating; its filament style and profile suit the task named in the product. Choose the listed size for the surface and coating, then clean or dispose of the applicator according to current product guidance.",,Painting Tools & Accessories > Tools,"stain brush, wood finish applicator, paint brush, painting tool",Pintar,PIN02-S,https://raw.githubusercontent.com/kinggoff/NewSteelesImages/main/review-images/PI-000000623-pintar-stain-brush-3in.png?raw=true,Image Added,,,,,,,,,,,,,,,78912905065d92dfda6e09704d8a5fe91f4d1915ddecaa7a1188ce6e8e278f51,0d3d1cf05e232828e666da45aa31b627f65d1ed2596d0116d575a456bef6cafe
simple,Metal Tray,623,PI-000000624,,"Metal Tray from Pintar is a paint tray or tray set for loading rollers and holding a practical working quantity of coating during application. Selection should be based on the specific task, material, working conditions and compatible products in the complete system. Choose the listed size for the surface and coating, then clean or dispose of the applicator according to current product guidance.",,Painting Tools & Accessories > Tools,"paint tray, paint container, painting accessory, paint roller tray",Pintar,PIN02-S,https://raw.githubusercontent.com/kinggoff/NewSteelesImages/main/review-images/PI-000000613-pintar-4l-jumbo-metal-tray.png?raw=true,Images for Review,,,,,,,,,,,,,,,3aa0043ff3cbb7a20a43fdc918fff14e824b42a7f534c42d89a7d65aa93b9961,44935e5df8d56a1a7e10321109b1980d23ca532d6c695b997767ff2b172443bd
simple,Jumbo Refill,624,PI-000000625,,"Jumbo Refill from Pintar is a paint-roller cover or refill for applying compatible coatings; its stated fabric, width and nap help determine finish texture, loading and surface reach. Review the listed format and current manufacturer instructions to confirm compatibility, safe use, cleaning and storage for the intended job.",,Painting Tools & Accessories > Tools,"paint roller cover, paint roller refill, paint applicator, painting tool",Pintar,PIN02-S,https://raw.githubusercontent.com/kinggoff/NewSteelesImages/main/review-images/PI-000000625-jumbo-roller-refill.png?raw=true,Images for Review,,,,,,,,,,,,,,,958d9be4c90e881f1781a7d7bd3c9ef8e8706baea0e6268d8e2dc9d278151716,23a491f43f1c326620435d1f9e70713c4934016af017da89b752b810166ca26d
simple,"Polytarp Lightweight Plastic Sheeting 20' x 100' (2,000 sq ft)",625,POL-000000626,,"Polytarp Lightweight Plastic Sheeting 20' x 100' (2,000 sq ft) is a temporary surface-protection material for covering floors, furniture or adjacent areas against dust, drips and ordinary painting debris. Lay it over a clean, dry area, secure the edges safely, and confirm that any adhesive or film suits the underlying finish.",,Painting Tools & Accessories > Tools,"drop cloth, surface protection, painting cover, painting accessory",Polytarp,POL02,https://raw.githubusercontent.com/kinggoff/NewSteelesImages/main/review-images/POL-000000628-polytarp-lightweight-plastic-500sqft.png?raw=true,Images for Review,,,,,,,,,,,,,,,4e59216b66b963858983c76430318f2859eeb27b5f2b9a1fcdc72f2308a4d769,e2b4db0cfee4393ffa8c4870164fde04cc30936ba8744f7bdb6a1cc952499243
simple,1500 Sq.Ft Plastic Economy,626,POL-000000627,,"1500 Sq.Ft Plastic Economy from Polytarp is a temporary surface-protection material for covering floors, furniture or adjacent areas against dust, drips and ordinary painting debris. Lay it over a clean, dry area, secure the edges safely, and confirm that any adhesive or film suits the underlying finish.",,Painting Tools & Accessories > Tools,"drop cloth, surface protection, painting cover, painting accessory",Polytarp,POL02,https://raw.githubusercontent.com/kinggoff/NewSteelesImages/main/review-images/POL-000000627-polytarp-plastic-economy-1500sqft.png?raw=true,Image Added,,,,,,,,,,,,,,,e1a0dfafc0210799f183e603ed80858fbfacfd9979e3193dad47e59ee3a002c8,13d4a89e2b63ea8fa061fb5687e25d8387a020cd4db03ba7e939ad15ecaac1c3
simple,Light Weight Plastic 500 Sq Ft,627,POL-000000628,,"Light Weight Plastic 500 Sq Ft from Polytarp is a temporary surface-protection material for covering floors, furniture or adjacent areas against dust, drips and ordinary painting debris. Lay it over a clean, dry area, secure the edges safely, and confirm that any adhesive or film suits the underlying finish.",,Painting Tools & Accessories > Tools,"drop cloth, surface protection, painting cover, painting accessory",Polytarp,POL02,https://raw.githubusercontent.com/kinggoff/NewSteelesImages/main/review-images/POL-000000628-polytarp-lightweight-plastic-500sqft.png?raw=true,Image Added,,,,,,,,,,,,,,,4e59216b66b963858983c76430318f2859eeb27b5f2b9a1fcdc72f2308a4d769,a880b71344ff83441d87cfd3c6996381e5c6b9596f5d0a1f498bc3d9501d93d5
simple,ProDec Titan Roller Frame,628,PRO-000000629,,"ProDec Titan Roller Frame is a reusable roller frame or handle for mounting a compatible cover and applying paint to the intended surface area. It is intended to give the applicator practical control over loading, placement and finish on the matching surface area. Choose the listed size for the surface and coating, then clean or dispose of the applicator according to current product guidance.",,Painting Tools & Accessories > Tools,"paint roller frame, roller handle, paint applicator, painting tool",ProDec,CANPRO,https://raw.githubusercontent.com/kinggoff/NewSteelesImages/main/review-images/42-pro-000000629-prodec-titan-roller-frame.png?raw=true,Image Added,,,,,,,,,,,,,,,cc208feda4cc146dd0f62c91392cea478a7259a9e69e767f6c8b5d3fba40d504,642109c6b7531ce2cb62bc3ff8905aa4a77205f19bd11e92e393a32e09ef8e00
simple,ProDec Mini Roller Frame,629,PRO-000000630,,"ProDec Mini Roller Frame is a reusable roller frame or handle for mounting a compatible cover and applying paint to the intended surface area. It is intended to give the applicator practical control over loading, placement and finish on the matching surface area. Choose the listed size for the surface and coating, then clean or dispose of the applicator according to current product guidance.",,Painting Tools & Accessories > Tools,"paint roller frame, roller handle, paint applicator, painting tool",ProDec,CANPRO,https://raw.githubusercontent.com/kinggoff/NewSteelesImages/main/review-images/PRO-000000630-prodec-mini-roller-frame.png?raw=true,Image Added,,,,,,,,,,,,,,,12ca9b2995398a8f288a80ea55b87c8469294461fec2e87dbc9d991169b52347,122403eac95e2408c0464bafe86994b72623eab2a2fbd8cca422469a1fc340d5
simple,"ProDec Ice Fusion 2 1/2"" Cutting-In Brush",630,PRO-000000631,,"ProDec Ice Fusion 2 1/2"" Cutting-In Brush is a purpose-shaped brush for controlled application of compatible paint, stain or decorative coating; its filament style and profile suit the task named in the product. Choose the listed size for the surface and coating, then clean or dispose of the applicator according to current product guidance.",,Painting Tools & Accessories > Tools,"angled paint brush, sash brush, paint applicator, painting tool",ProDec,CANPRO,https://raw.githubusercontent.com/kinggoff/NewSteelesImages/main/review-images/PRO-000000631-prodec-ice-fusion-cutting-in-brush-2-5in.png?raw=true,Images for Review,,,,,,,,,,,,,,,6b15833faf7782b8418ae8ce1fd883a1803a05028f746582216b78afe6b18380,959afc52b695ccfdd21d50244b051c01b360de577d55fb99c8bbb1363a1808e4
simple,"ProDec Ice Fusion 2 1/2"" Angle Oval Brush",631,PRO-000000632,,"ProDec Ice Fusion 2 1/2"" Angle Oval Brush is a paint or decorative-finish brush whose stated shape, filament and size are intended to provide control for the named application. Choose the listed size for the surface and coating, then clean or dispose of the applicator according to current product guidance.",,Painting Tools & Accessories > Tools,"oval paint brush, paint applicator, paint brush, painting tool",ProDec,CANPRO,https://raw.githubusercontent.com/kinggoff/NewSteelesImages/main/review-images/PRO-000000632-prodec-ice-fusion-angle-oval-brush.png?raw=true,Images for Review,,,,,,,,,,,,,,,4cd74f7c3b8581a80e5f4d5dc77347b0bc2df29529a7a5b1c37db6797ae6a53a,0f53c3a335fbc4ec6fe0f89ac187e5885fa864424ebd7789ebc4bc58d61f66e5
simple,ProDec Ice Fusion Roller Cover,632,PRO-000000633,,"ProDec Ice Fusion Roller Cover is a paint-roller cover or refill for applying compatible coatings; its stated fabric, width and nap help determine finish texture, loading and surface reach. Choose the listed size for the surface and coating, then clean or dispose of the applicator according to current product guidance.",,Painting Tools & Accessories > Tools,"paint roller cover, paint roller refill, paint applicator, painting tool",ProDec,CANPRO,https://raw.githubusercontent.com/kinggoff/NewSteelesImages/main/review-images/43-pro-000000633-prodec-ice-fusion-roller-cover.png?raw=true,Image Added,,,,,,,,,,,,,,,5619d6896d3fd7ec11a12dbd04a05b78f252cd559f82c60b25f41a3458aae766,69e41038a952f90a42b319cdc37741f0419392b9f3f54f0a63ed9d23eef22a04
simple,ProDec Sabre Pole,633,PRO-000000634,,"ProDec Sabre Pole is an extension pole for increasing the reach of compatible rollers, sanding heads or other threaded painting tools. Selection should be based on the specific task, material, working conditions and compatible products in the complete system. Choose the listed size for the surface and coating, then clean or dispose of the applicator according to current product guidance.",,Painting Tools & Accessories > Tools,"paint roller extension pole, telescoping pole, paint applicator accessory, painting tool",ProDec,CANPRO,https://raw.githubusercontent.com/kinggoff/NewSteelesImages/main/review-images/PRO-000000634-prodec-saber-extension-pole.png?raw=true,Images for Review,,,,,,,,,,,,,,,365c6dd614b78a26f1e78d5127a9f06aaa7ab7ed234df323c6ae49bbe1ab0008,c4d08691f0ffce06e5ec8872daaf3ec7d1ceb19bee1955da4c3bbbe899c541c9
simple,Waterbased Varnish Zero Gloss Texturelin,634,PRO-000000635,,"Waterbased Varnish Zero Gloss Texturelin from ProTek is a clear or translucent finish for building the sheen and protection appropriate to the compatible surface and coating system. Confirm preparation, compatibility, application, coverage and recoat requirements in the current label or technical data sheet.",,Specialty & Decorative Products > Textureline,"water-based varnish, matte clear coat, decorative plaster topcoat, protective wall finish",ProTek,PROTEK,https://raw.githubusercontent.com/kinggoff/NewSteelesImages/main/review-images/PRO-000000635-waterbased-varnish-zero-gloss.png?raw=true,Images for Review,,,,,,,,,ProTek Zero Gloss Varnish=https://raw.githubusercontent.com/kinggoff/NewSteelesImages/main/PDFs/SDS/protek-ProTek-Zero-Gloss-Varnish-SDS.pdf?raw=true,ProTek Zero Gloss Varnish=https://raw.githubusercontent.com/kinggoff/NewSteelesImages/main/PDFs/TDS/protek-ProTek-Zero-Gloss-Varnish-Application-TDS.pdf?raw=true,ProTek Zero Gloss Varnish=https://raw.githubusercontent.com/kinggoff/NewSteelesImages/main/PDFs/SDS/protek-ProTek-Zero-Gloss-Varnish-SDS.pdf?raw=true,,ProTek Zero Gloss Varnish=https://raw.githubusercontent.com/kinggoff/NewSteelesImages/main/PDFs/TDS/protek-ProTek-Zero-Gloss-Varnish-Application-TDS.pdf?raw=true,,591accd0e95a134fbf1e44c46400ec81a52a9cc5d968f2ee0fe7592ed41d9639,a8a84b45ec59bdf0d6e491971c71a2b22076327c6a45cf41e7f5f49fad7e131a
simple,Textureline Flat Wax,635,TEX-000000636,,"Textureline Flat Wax is a decorative plaster, coating or system component for creating the texture and appearance identified in the product name on a properly prepared surface. Confirm preparation, compatibility, application, coverage and recoat requirements in the current label or technical data sheet.",,Specialty & Decorative Products > Textureline,"decorative plaster wax, protective wax finish, wall finish sealer, decorative finishing product",Textureline,PROTEK,https://raw.githubusercontent.com/kinggoff/NewSteelesImages/main/review-images/TEX-000000636-textureline-flat-wax.png?raw=true,Image Added,,,,,,,,,ProTek Texturtop Flat Wax Topcoat=https://raw.githubusercontent.com/kinggoff/NewSteelesImages/main/PDFs/SDS/textureline-ProTek-Texturtop-Flat-Wax-Topcoat-SDS.pdf?raw=true,ProTek Flat Wax - Acrylic Venetian Plaster System=https://raw.githubusercontent.com/kinggoff/NewSteelesImages/main/PDFs/TDS/textureline-ProTek-Acrylic-Venetian-Plaster-System-TDS.pdf?raw=true,ProTek Texturtop Flat Wax Topcoat=https://raw.githubusercontent.com/kinggoff/NewSteelesImages/main/PDFs/SDS/textureline-ProTek-Texturtop-Flat-Wax-Topcoat-SDS.pdf?raw=true,,ProTek Flat Wax - Acrylic Venetian Plaster System=https://raw.githubusercontent.com/kinggoff/NewSteelesImages/main/PDFs/TDS/textureline-ProTek-Acrylic-Venetian-Plaster-System-TDS.pdf?raw=true,,4450a38fd75131efa81b80a262963da33ad70f1226d30fffe3e1edc74911ee94,ad97ea1f8df7215b7be08d6b8f8b760fec581a837d5fb383000654e6152b52b1
simple,Textureline Venetian Pastel Basecoat,636,TEX-000000637,,"Textureline Venetian Pastel Basecoat is a decorative plaster, coating or system component for creating the texture and appearance identified in the product name on a properly prepared surface. Confirm preparation, compatibility, application, coverage and recoat requirements in the current label or technical data sheet.",,Specialty & Decorative Products > Textureline,"decorative basecoat, plaster basecoat, tinted basecoat, interior wall coating",Textureline,PROTEK,https://raw.githubusercontent.com/kinggoff/NewSteelesImages/main/review-images/TEX-000000637-textureline-venetian-pastel-basecoat.png?raw=true,Images for Review,,,,,,,,,ProTek Texturbase White=https://raw.githubusercontent.com/kinggoff/NewSteelesImages/main/PDFs/SDS/textureline-ProTek-Texturbase-White-SDS.pdf?raw=true|ProTek Texturbase Neutral=https://raw.githubusercontent.com/kinggoff/NewSteelesImages/main/PDFs/SDS/textureline-ProTek-Texturbase-Neutral-SDS.pdf?raw=true,ProTek Acrylic Venetian Plaster=https://raw.githubusercontent.com/kinggoff/NewSteelesImages/main/PDFs/TDS/textureline-ProTek-Acrylic-Venetian-Plaster-System-TDS.pdf?raw=true,ProTek Texturbase White=https://raw.githubusercontent.com/kinggoff/NewSteelesImages/main/PDFs/SDS/textureline-ProTek-Texturbase-White-SDS.pdf?raw=true|ProTek Texturbase Neutral=https://raw.githubusercontent.com/kinggoff/NewSteelesImages/main/PDFs/SDS/textureline-ProTek-Texturbase-Neutral-SDS.pdf?raw=true,,ProTek Acrylic Venetian Plaster=https://raw.githubusercontent.com/kinggoff/NewSteelesImages/main/PDFs/TDS/textureline-ProTek-Acrylic-Venetian-Plaster-System-TDS.pdf?raw=true,,e28364c4faf9d63d2563ba80f3f4e725c336be483dc6eddc824f76e6013addcc,4a0975c5c3d031fd7b1208a32da89c8be1ce23d0e06eb9646c3de534ed296bdc
simple,Textureline Metaltech Silver Base,637,TEX-000000638,,"Textureline Metaltech Silver Base is a decorative plaster, coating or system component for creating the texture and appearance identified in the product name on a properly prepared surface. Confirm preparation, compatibility, application, coverage and recoat requirements in the current label or technical data sheet.",,Specialty & Decorative Products > Textureline,"metallic plaster base, decorative wall coating, metallic effect finish, interior wall finish",Textureline,PROTEK,https://raw.githubusercontent.com/kinggoff/NewSteelesImages/main/review-images/TEX-000000638-textureline-metaltech-base.png?raw=true,Images for Review,,,,,,,,,ProTek Metaltech Silver T-27301 to T-27304=https://raw.githubusercontent.com/kinggoff/NewSteelesImages/main/PDFs/SDS/textureline-ProTek-Metaltech-Silver-SDS.pdf?raw=true,ProTek Metaltech Metallic=https://raw.githubusercontent.com/kinggoff/NewSteelesImages/main/PDFs/TDS/textureline-ProTek-Metaltech-Metallic-TDS.pdf?raw=true,ProTek Metaltech Silver T-27301 to T-27304=https://raw.githubusercontent.com/kinggoff/NewSteelesImages/main/PDFs/SDS/textureline-ProTek-Metaltech-Silver-SDS.pdf?raw=true,,ProTek Metaltech Metallic=https://raw.githubusercontent.com/kinggoff/NewSteelesImages/main/PDFs/TDS/textureline-ProTek-Metaltech-Metallic-TDS.pdf?raw=true,,af2773a2fd28df69893f89c331c5f7b4b6d401b965a111fad1623da2c1b8a383,d5a91ef5436740bbc7fc79efa55604198ba38a8619fe14cc071699997034000e
simple,Textureline Metaltech Pearl Base,638,TEX-000000639,,"Textureline Metaltech Pearl Base is a decorative plaster, coating or system component for creating the texture and appearance identified in the product name on a properly prepared surface. Confirm preparation, compatibility, application, coverage and recoat requirements in the current label or technical data sheet.",,Specialty & Decorative Products > Textureline,"metallic plaster base, decorative wall coating, metallic effect finish, interior wall finish",Textureline,PROTEK,https://raw.githubusercontent.com/kinggoff/NewSteelesImages/main/review-images/TEX-000000638-textureline-metaltech-base.png?raw=true,Images for Review,,,,,,,,,ProTek Metaltech Pearl T-27001 to T-27004=https://raw.githubusercontent.com/kinggoff/NewSteelesImages/main/PDFs/SDS/textureline-ProTek-Metaltech-Pearl-SDS.pdf?raw=true,ProTek Metaltech Metallic=https://raw.githubusercontent.com/kinggoff/NewSteelesImages/main/PDFs/TDS/textureline-ProTek-Metaltech-Metallic-TDS.pdf?raw=true,ProTek Metaltech Pearl T-27001 to T-27004=https://raw.githubusercontent.com/kinggoff/NewSteelesImages/main/PDFs/SDS/textureline-ProTek-Metaltech-Pearl-SDS.pdf?raw=true,,ProTek Metaltech Metallic=https://raw.githubusercontent.com/kinggoff/NewSteelesImages/main/PDFs/TDS/textureline-ProTek-Metaltech-Metallic-TDS.pdf?raw=true,,af2773a2fd28df69893f89c331c5f7b4b6d401b965a111fad1623da2c1b8a383,a49dac1e13a96b0ae4a06fcb58438026c79903b218d419e904f3b0abe9a2df2d
simple,Textureline Metaltech Gold Base,639,TEX-000000640,,"Textureline Metaltech Gold Base is a decorative plaster, coating or system component for creating the texture and appearance identified in the product name on a properly prepared surface. Confirm preparation, compatibility, application, coverage and recoat requirements in the current label or technical data sheet.",,Specialty & Decorative Products > Textureline,"metallic plaster base, decorative wall coating, metallic effect finish, interior wall finish",Textureline,PROTEK,https://raw.githubusercontent.com/kinggoff/NewSteelesImages/main/review-images/TEX-000000638-textureline-metaltech-base.png?raw=true,Images for Review,,,,,,,,,ProTek Metaltech Gold T-27251 to T-27254=https://raw.githubusercontent.com/kinggoff/NewSteelesImages/main/PDFs/SDS/textureline-ProTek-Metaltech-Gold-SDS.pdf?raw=true,ProTek Metaltech Metallic=https://raw.githubusercontent.com/kinggoff/NewSteelesImages/main/PDFs/TDS/textureline-ProTek-Metaltech-Metallic-TDS.pdf?raw=true,ProTek Metaltech Gold T-27251 to T-27254=https://raw.githubusercontent.com/kinggoff/NewSteelesImages/main/PDFs/SDS/textureline-ProTek-Metaltech-Gold-SDS.pdf?raw=true,,ProTek Metaltech Metallic=https://raw.githubusercontent.com/kinggoff/NewSteelesImages/main/PDFs/TDS/textureline-ProTek-Metaltech-Metallic-TDS.pdf?raw=true,,af2773a2fd28df69893f89c331c5f7b4b6d401b965a111fad1623da2c1b8a383,633e8e47613fd68efb322689fb3ae3d27c2df9d7d47701b10eb8955fa790913e
simple,Textureline Marmorino Classic,640,TEX-000000641,,"Textureline Marmorino Classic is a decorative plaster, coating or system component for creating the texture and appearance identified in the product name on a properly prepared surface. Confirm preparation, compatibility, application, coverage and recoat requirements in the current label or technical data sheet.",,Specialty & Decorative Products > Textureline,"venetian plaster, lime plaster, decorative plaster, interior wall finish, textured wall finish, interior wall coating, specialty finish",Textureline,PROTEK,https://raw.githubusercontent.com/kinggoff/NewSteelesImages/main/review-images/TEX-000000641-textureline-marmorino-classic.png?raw=true,Images for Review,,,,,,,,,ProTek Marmorino Classico=https://raw.githubusercontent.com/kinggoff/NewSteelesImages/main/PDFs/SDS/textureline-ProTek-Marmorino-Classico-SDS.pdf?raw=true,ProTek Marmorino Classico Venetian Plaster=https://raw.githubusercontent.com/kinggoff/NewSteelesImages/main/PDFs/TDS/textureline-ProTek-Marmorino-Classico-Venetian-Plaster-TDS.pdf?raw=true,ProTek Marmorino Classico=https://raw.githubusercontent.com/kinggoff/NewSteelesImages/main/PDFs/SDS/textureline-ProTek-Marmorino-Classico-SDS.pdf?raw=true,,ProTek Marmorino Classico Venetian Plaster=https://raw.githubusercontent.com/kinggoff/NewSteelesImages/main/PDFs/TDS/textureline-ProTek-Marmorino-Classico-Venetian-Plaster-TDS.pdf?raw=true,,b63643fb2237eac10a51230880718b37ec1aa5e55753d97523aae11e7a60288e,e6fdbc42a3a52e6ba7bd0ef4a20ba5cbe67995be91915333257df6fe11279193
simple,Textureline Carolina Sandstone,641,TEX-000000642,,"Textureline Carolina Sandstone is a decorative plaster, coating or system component for creating the texture and appearance identified in the product name on a properly prepared surface. Confirm preparation, compatibility, application, coverage and recoat requirements in the current label or technical data sheet.",,Specialty & Decorative Products > Textureline,"textured wall coating, sandstone finish, decorative plaster, interior wall finish",Textureline,PROTEK,https://raw.githubusercontent.com/kinggoff/NewSteelesImages/main/review-images/TEX-000000642-textureline-carolina-sandstone.png?raw=true,Images for Review,,,,,,,,,ProTek Carolina Sandstone Spatula=https://raw.githubusercontent.com/kinggoff/NewSteelesImages/main/PDFs/SDS/textureline-ProTek-Carolina-Sandstone-SDS.pdf?raw=true,ProTek Carolina Sandstone Acrylic Plaster=https://raw.githubusercontent.com/kinggoff/NewSteelesImages/main/PDFs/TDS/textureline-ProTek-Carolina-Sandstone-Acrylic-Plaster-TDS.pdf?raw=true,ProTek Carolina Sandstone Spatula=https://raw.githubusercontent.com/kinggoff/NewSteelesImages/main/PDFs/SDS/textureline-ProTek-Carolina-Sandstone-SDS.pdf?raw=true,,ProTek Carolina Sandstone Acrylic Plaster=https://raw.githubusercontent.com/kinggoff/NewSteelesImages/main/PDFs/TDS/textureline-ProTek-Carolina-Sandstone-Acrylic-Plaster-TDS.pdf?raw=true,,f1ff2d98fe22fd6923fea4fc4005a0e8df7715590cf0c5dc759b262391dcfcc9,b9fe04e49a6999f0522a6ec6a8b86c052a9cf8c68602d76893fe493479012c92
simple,Textureline Burnishing Wax Gallon,642,TEX-000000643,,"Textureline Burnishing Wax Gallon is a decorative plaster, coating or system component for creating the texture and appearance identified in the product name on a properly prepared surface. Confirm preparation, compatibility, application, coverage and recoat requirements in the current label or technical data sheet.",,Specialty & Decorative Products > Textureline,"decorative plaster wax, protective wax finish, wall finish sealer, decorative finishing product",Textureline,PROTEK,https://raw.githubusercontent.com/kinggoff/NewSteelesImages/main/review-images/TEX-000000643-textureline-burnishing-wax.png?raw=true,Image Added,,,,,,,,,,ProTek Burnishing Wax - Acrylic Venetian Plaster System=https://raw.githubusercontent.com/kinggoff/NewSteelesImages/main/PDFs/TDS/textureline-ProTek-Acrylic-Venetian-Plaster-System-TDS.pdf?raw=true,,,ProTek Burnishing Wax - Acrylic Venetian Plaster System=https://raw.githubusercontent.com/kinggoff/NewSteelesImages/main/PDFs/TDS/textureline-ProTek-Acrylic-Venetian-Plaster-System-TDS.pdf?raw=true,,42e6f4c0b29870b37c0512d06285fbd348802c332e782dbb1bf8728f08a51def,f386abc7959a5bca6a783097183e50ddc7558492f393127aabc7bbe8c98aa79e
simple,Texturebase Coat Pastel Base,643,PRO-000000644,,"Texturebase Coat Pastel Base from ProTek is a decorative plaster, coating or system component for creating the texture and appearance identified in the product name on a properly prepared surface. Confirm preparation, compatibility, application, coverage and recoat requirements in the current label or technical data sheet.",,Specialty & Decorative Products > Textureline,"decorative basecoat, plaster basecoat, tinted basecoat, interior wall coating",ProTek,PROTEK,https://raw.githubusercontent.com/kinggoff/NewSteelesImages/main/review-images/TEX-000000637-textureline-venetian-pastel-basecoat.png?raw=true,Images for Review,,,,,,,,,ProTek Texturbase White=https://raw.githubusercontent.com/kinggoff/NewSteelesImages/main/PDFs/SDS/textureline-ProTek-Texturbase-White-SDS.pdf?raw=true|ProTek Texturbase Neutral=https://raw.githubusercontent.com/kinggoff/NewSteelesImages/main/PDFs/SDS/textureline-ProTek-Texturbase-Neutral-SDS.pdf?raw=true,ProTek Acrylic Venetian Plaster=https://raw.githubusercontent.com/kinggoff/NewSteelesImages/main/PDFs/TDS/textureline-ProTek-Acrylic-Venetian-Plaster-System-TDS.pdf?raw=true,ProTek Texturbase White=https://raw.githubusercontent.com/kinggoff/NewSteelesImages/main/PDFs/SDS/textureline-ProTek-Texturbase-White-SDS.pdf?raw=true|ProTek Texturbase Neutral=https://raw.githubusercontent.com/kinggoff/NewSteelesImages/main/PDFs/SDS/textureline-ProTek-Texturbase-Neutral-SDS.pdf?raw=true,,ProTek Acrylic Venetian Plaster=https://raw.githubusercontent.com/kinggoff/NewSteelesImages/main/PDFs/TDS/textureline-ProTek-Acrylic-Venetian-Plaster-System-TDS.pdf?raw=true,,e28364c4faf9d63d2563ba80f3f4e725c336be483dc6eddc824f76e6013addcc,e4c95b4fe9fa6dfae0259a68929fa8934339e813fce7f2d330f8f33816c25d57
simple,Sheffield Red Hot Aluminum Gal,644,PRO-000000645,,"Sheffield Red Hot Aluminum Gal from ProTek is a coating formulated for the interior, exterior, specialty or industrial use indicated by its product name and category. Confirm preparation, compatibility, application, coverage and recoat requirements in the current label or technical data sheet. Confirm the exact item and package before ordering.",,Paints > Specialty Paints,"heat-resistant paint, aluminum paint, metallic coating, high-temperature coating",ProTek,PROTEK,https://raw.githubusercontent.com/kinggoff/NewSteelesImages/main/review-images/PRO-000000645-sheffield-red-hot-aluminum.png?raw=true,Images for Review,,,,,,,,,,,,,,,83c549823758b2a15aecf4c184f444b9faa111b9f5bbfef96eb47eda17ba42a4,d9afc5b5e214481a69173999182d08d44ef12bfee7f13a4856a4ea6c6dccf6fb
simple,Marmorino Classic Venetian Plaster,645,PRO-000000646,,"Marmorino Classic Venetian Plaster from ProTek is a decorative plaster, coating or system component for creating the texture and appearance identified in the product name on a properly prepared surface. Apply to a clean, sound surface and follow the label for mixing, layer depth, drying or cure, sanding and topcoating.",,Specialty & Decorative Products > Textureline,"venetian plaster, lime plaster, decorative plaster, interior wall finish, textured wall finish, interior wall coating, specialty finish",ProTek,PROTEK,https://raw.githubusercontent.com/kinggoff/NewSteelesImages/main/review-images/TEX-000000641-textureline-marmorino-classic.png?raw=true,Images for Review,,,,,,,,,ProTek Marmorino Classico=https://raw.githubusercontent.com/kinggoff/NewSteelesImages/main/PDFs/SDS/textureline-ProTek-Marmorino-Classico-SDS.pdf?raw=true,ProTek Marmorino Classico Venetian Plaster=https://raw.githubusercontent.com/kinggoff/NewSteelesImages/main/PDFs/TDS/textureline-ProTek-Marmorino-Classico-Venetian-Plaster-TDS.pdf?raw=true,ProTek Marmorino Classico=https://raw.githubusercontent.com/kinggoff/NewSteelesImages/main/PDFs/SDS/textureline-ProTek-Marmorino-Classico-SDS.pdf?raw=true,,ProTek Marmorino Classico Venetian Plaster=https://raw.githubusercontent.com/kinggoff/NewSteelesImages/main/PDFs/TDS/textureline-ProTek-Marmorino-Classico-Venetian-Plaster-TDS.pdf?raw=true,,b63643fb2237eac10a51230880718b37ec1aa5e55753d97523aae11e7a60288e,9e19db025ca36c21f750c4e2eb65122887a512f24be1d779691af7df6cf2c6eb
simple,Stucco Veneziano Scraper,646,PRO-000000647,,"Stucco Veneziano Scraper from ProTek is a hand scraper for removing loose paint, adhesive residue, coatings or surface buildup during preparation and cleanup. Match it to the surface, work progressively, and use suitable eye, hand and respiratory protection for the material being removed. Confirm the exact item and package before ordering.",,Painting Tools & Accessories > Tools,"decorative finish scraper, venetian plaster tool, surface texture tool, finishing hand tool",ProTek,PROTEK,https://raw.githubusercontent.com/kinggoff/NewSteelesImages/main/review-images/PRO-000000647-stucco-veneziano-scraper.png?raw=true,Images for Review,,,,,,,,,,,,,,,96e26bb27ecd9da3ba35cc839eefc47f4a6b095be981318a526a1b1308584185,63d5104c0b74a7d0e638abccb759b24097a2e36a37b36726695db1e8521285da
simple,Come Bianko Classic Trowel 240X80,647,PRO-000000648,,"Come Bianko Classic Trowel 240X80 from ProTek is a finishing trowel for applying and burnishing compatible Venetian plaster, microcement or decorative coating materials. Confirm preparation, compatibility, application, coverage and recoat requirements in the current label or technical data sheet. Confirm the exact item and package before ordering.",,Specialty & Decorative Products > Textureline,"venetian plaster trowel, finishing trowel, plastering tool, decorative finishing tool",ProTek,PROTEK,https://raw.githubusercontent.com/kinggoff/NewSteelesImages/main/review-images/PRO-000000648-come-bianko-trowel.png?raw=true,Images for Review,,,,,,,,,,,,,,,5943363c28eecdebd62a57104edcaaf4cdb1e893dd276e619c1e2328ad52212b,56ea62f0c9aad3aa4c98bcddfca3bb871e6d4caae78edcbc81921d6d096f28d7
simple,Come 310Lu Trowel 240X100,648,PRO-000000649,,"Come 310Lu Trowel 240X100 from ProTek is a finishing trowel for applying and burnishing compatible Venetian plaster, microcement or decorative coating materials. Confirm preparation, compatibility, application, coverage and recoat requirements in the current label or technical data sheet. Confirm the exact item and package before ordering.",,Specialty & Decorative Products > Textureline,"venetian plaster trowel, finishing trowel, plastering tool, decorative finishing tool",ProTek,PROTEK,https://raw.githubusercontent.com/kinggoff/NewSteelesImages/main/review-images/PRO-000000649-come-310lu-trowel.png?raw=true,Image Added,,,,,,,,,,,,,,,bfd697029795345fbd00509389ac4432dd703b92ae76828cbcf9514a0caa8ea5,deb6474b1d8fe588e36af69ccba5cac0cff1183a78dbda56547f5ad425823ff3
simple,Stucco Antico Applicators,649,PC-000000650,,"Stucco Antico Applicators from PC Products is a decorative plaster, coating or system component for creating the texture and appearance identified in the product name on a properly prepared surface. Choose the listed size for the surface and coating, then clean or dispose of the applicator according to current product guidance.",,Painting Tools & Accessories > Tools,"decorative plaster applicator, plastering tool, finishing applicator, decorative finishing tool",PC Products,PROTEK,https://raw.githubusercontent.com/kinggoff/NewSteelesImages/main/review-images/PC-000000650-stucco-antico-applicators.png?raw=true,Images for Review,,,,,,,,,,,,,,,a90f187cc85d6f6e849b1bd1e2bc94de01f5b36487f0443be5473ede15cd6e2d,d90f24069f82fb2ce869ed5e1f96cf1e25b46cb4ecb699f7d54b00ded9a41a67
simple,310LI COME WOOD HANDLE 240X100 mm,650,PRO-000000651,,"310LI COME WOOD HANDLE 240X100 mm from ProTek is a wood-handled finishing trowel for applying and burnishing compatible Venetian plaster or decorative coating materials. Confirm preparation, compatibility, application, coverage and recoat requirements in the current label or technical data sheet. Confirm the exact item and package before ordering.",,Specialty & Decorative Products > Textureline,"venetian plaster trowel, finishing trowel, plastering tool, decorative finishing tool",ProTek,PROTEK,https://raw.githubusercontent.com/kinggoff/NewSteelesImages/main/review-images/PRO-000000651-come-310li-trowel.png?raw=true,Image Added,,,,,,,,,,,,,,,bfd697029795345fbd00509389ac4432dd703b92ae76828cbcf9514a0caa8ea5,1f8d76316306aef6c7c88326bf39c45b1120a5a3bc465f70ce36cfba85d59a39
simple,Create A Color Standard Caulk Mixer,651,RD-000000652,,"Create A Color Standard Caulk Mixer from Red Devil is a mixing accessory for blending compatible paint, compound or sealant to a more uniform consistency before application. Match it to the surface, work progressively, and use suitable eye, hand and respiratory protection for the material being removed.",,Painting Tools & Accessories > Tools,"caulk mixer, colour mixing tool, sealant accessory, painting tool",Red Devil,DEVIL,https://raw.githubusercontent.com/kinggoff/NewSteelesImages/main/review-images/RD-000000652-create-a-color-standard-caulk-mixer.png?raw=true,Image Added,,,,,,,,,,,,,,,082b132bf6ea0c663751ad4fd8243e5305f768c2c1bcc468f580508d7dc8446e,3688a7f02f9ccbe24d708dc08bbe05c79dddad72753c37b76497d9a015a9493c
simple,Create A Color Pro Caulk Mixer,652,RD-000000653,,"Create A Color Pro Caulk Mixer from Red Devil is a mixing accessory for blending compatible paint, compound or sealant to a more uniform consistency before application. Match it to the surface, work progressively, and use suitable eye, hand and respiratory protection for the material being removed. Confirm the exact item and package before ordering.",,Painting Tools & Accessories > Tools,"caulk mixer, colour mixing tool, sealant accessory, painting tool",Red Devil,DEVIL,https://raw.githubusercontent.com/kinggoff/NewSteelesImages/main/review-images/RD-000000653-create-a-color-pro-caulk-mixer.png?raw=true,Image Added,,,,,,,,,,,,,,,9514a4e293dc862412d6047bfb843bbfc27aa80cc1e54881763d463b60443ada,d353bcd06a0ca8e96ed3a20ea29292e0e18c598151c715a62f97aa03f7662d36
simple,Roman Ultra Premium Clear Glue Gallon,653,ROM-000000654,,"Roman Ultra Premium Clear Glue Gallon is a wallcovering preparation, primer, adhesive or removal product for the installation stage identified in the product name. Prepare both surfaces and follow the label for mixing where required, open or working time, assembly, clamping and cure. Confirm the exact item and package before ordering.",,Specialty & Decorative Products > Wallpaper Adhesives,"wallpaper adhesive, wallcovering paste, installation adhesive, interior adhesive",Roman,ROMAN-S,https://raw.githubusercontent.com/kinggoff/NewSteelesImages/main/review-images/ROM-000000654-roman-pro-880-ultra-clear-gallon.png?raw=true,Image Added,,,,,,,,,,,,,,,cda2fd8b4124e34bfb4a9eb24646815e962e81291b3cfe56363d8e05a0c84978,682af1eb5a0bbcc6bbe36d95e1fefe4e24e938c063a763381e77df9e7967b631
simple,Roman RX-35 Drywall Repair Primer,654,ROM-000000655,,"Roman RX-35 Drywall Repair Primer is a preparatory coating for the substrate or problem condition named in the product, helping create a more uniform surface for compatible topcoats. Confirm preparation, compatibility, application, coverage and recoat requirements in the current label or technical data sheet.",,Specialty & Decorative Products > Wallpaper Adhesives,"drywall repair primer, problem-surface sealer, porous-surface primer, wall preparation coating",Roman,ROMAN-S,https://raw.githubusercontent.com/kinggoff/NewSteelesImages/main/review-images/ROM-000000655-roman-pro-999-rx35-primer.png?raw=true,Image Added,,,,,,,,,ROMAN PRO-999 Rx-35 Sealer/Primer=https://raw.githubusercontent.com/kinggoff/NewSteelesImages/main/PDFs/SDS/roman-ROMAN-PRO-999-Rx-35-Sealer-Primer-SDS.pdf?raw=true,ROMAN PRO-999 Rx-35 Sealer/Primer=https://raw.githubusercontent.com/kinggoff/NewSteelesImages/main/PDFs/TDS/roman-ROMAN-PRO-999-Rx-35-Sealer-Primer-TDS.pdf?raw=true,ROMAN PRO-999 Rx-35 Sealer/Primer=https://raw.githubusercontent.com/kinggoff/NewSteelesImages/main/PDFs/SDS/roman-ROMAN-PRO-999-Rx-35-Sealer-Primer-SDS.pdf?raw=true,,ROMAN PRO-999 Rx-35 Sealer/Primer=https://raw.githubusercontent.com/kinggoff/NewSteelesImages/main/PDFs/TDS/roman-ROMAN-PRO-999-Rx-35-Sealer-Primer-TDS.pdf?raw=true,,ac6fabb4a598242c9a113c8a9379c004849020c309fffd43810356970118bf82,714744c25512dc5bacd0d91acb31908399cef2aa8189bd8e2ac0b128f9e8b7d4
simple,Roman Pro 977 Ultra Prime Pigmented Wall,655,ROM-000000656,,"Roman Pro 977 Ultra Prime Pigmented Wall is a wallcovering preparation, primer, adhesive or removal product for the installation stage identified in the product name. Confirm preparation, compatibility, application, coverage and recoat requirements in the current label or technical data sheet. Confirm the exact item and package before ordering.",,Specialty & Decorative Products > Wallpaper Adhesives,"wallcovering primer, primer sealer, wall preparation coating, interior primer",Roman,ROMAN-S,https://raw.githubusercontent.com/kinggoff/NewSteelesImages/main/review-images/ROM-000000656-roman-pro-977-ultra-prime.png?raw=true,Image Added,,,,,,,,,ROMAN PRO-977 Ultra Prime - Canada English=https://raw.githubusercontent.com/kinggoff/NewSteelesImages/main/PDFs/SDS/roman-ROMAN-PRO-977-Ultra-Prime-CA-EN-SDS.pdf?raw=true,ROMAN PRO-977 Ultra Prime=https://raw.githubusercontent.com/kinggoff/NewSteelesImages/main/PDFs/TDS/roman-ROMAN-PRO-977-Ultra-Prime-TDS.pdf?raw=true,ROMAN PRO-977 Ultra Prime - Canada English=https://raw.githubusercontent.com/kinggoff/NewSteelesImages/main/PDFs/SDS/roman-ROMAN-PRO-977-Ultra-Prime-CA-EN-SDS.pdf?raw=true,,ROMAN PRO-977 Ultra Prime=https://raw.githubusercontent.com/kinggoff/NewSteelesImages/main/PDFs/TDS/roman-ROMAN-PRO-977-Ultra-Prime-TDS.pdf?raw=true,,bbe09471ab505208381ea9c54ea002587cf9707accaeffe1d3d14c2f43555c2c,1692b27c7ef7bc5311b4b018c0df460cbc0726a2c608fa287d439bcee1c0018a
simple,Roman H.D. Strippable Clear,656,ROM-000000657,,"Roman H.D. Strippable Clear is a clear, strippable wallcovering adhesive for hanging compatible wallpaper over a properly prepared and primed wall surface. Confirm preparation, compatibility, application, coverage and recoat requirements in the current label or technical data sheet. Confirm the exact item and package before ordering.",,Specialty & Decorative Products > Wallpaper Adhesives,"wallpaper adhesive, wallcovering paste, installation adhesive, interior adhesive",Roman,ROMAN-S,https://raw.githubusercontent.com/kinggoff/NewSteelesImages/main/review-images/ROM-000000657-roman-780-heavy-duty-strippable-clear.png?raw=true,Images for Review,,,,,,,,,,,,,,,e5492602c1ba2a71a6b4d0d11ed9172a47b698e1c2837677f0bea7094f542832,140648c83bf0d47ebfc3d1968ed74c7ae4e426ae33c96a0fa21d738d30e03f83
simple,Roman Extreme Tack Adhesive,657,ROM-000000658,,"Roman Extreme Tack Adhesive is an adhesive or repair compound for joining compatible materials; bond strength depends on surface preparation, fit, cure and the specific substrates involved. Prepare both surfaces and follow the label for mixing where required, open or working time, assembly, clamping and cure.",,Specialty & Decorative Products > Wallpaper Adhesives,"wallpaper adhesive, wallcovering paste, installation adhesive, interior adhesive",Roman,ROMAN-S,https://raw.githubusercontent.com/kinggoff/NewSteelesImages/main/review-images/ROM-000000658-roman-pro-555-extreme-tack.png?raw=true,Image Added,,,,,,,,,,,,,,,6ef7f5639a1cf51170c6ed131cdbd970feab53b6626820297e1963bebc34fea5,b62040cc3acff7fa2517835acd78ac96f5fc9e6d371c58c77044b3928d9642ba
simple,Video Projection Screen Paint White Qt,658,ROS-000000659,,"Video Projection Screen Paint White Qt from Rosco is a coating formulated for the interior, exterior, specialty or industrial use indicated by its product name and category. Confirm preparation, compatibility, application, coverage and recoat requirements in the current label or technical data sheet.",,Paints > Specialty Paints,"scenic paint, projection screen paint, studio coating, specialty paint",Rosco,ROS01-S,https://raw.githubusercontent.com/kinggoff/NewSteelesImages/main/review-images/ROS-000000659-rosco-projection-screen-paint.png?raw=true,Image Added,,,,,,,,,Rosco Video Screen Paint RF7900=https://raw.githubusercontent.com/kinggoff/NewSteelesImages/main/PDFs/SDS/rosco-Rosco-Video-Screen-Paint-RF7900-SDS.pdf?raw=true,,Rosco Video Screen Paint RF7900=https://raw.githubusercontent.com/kinggoff/NewSteelesImages/main/PDFs/SDS/rosco-Rosco-Video-Screen-Paint-RF7900-SDS.pdf?raw=true,,,,9ca711bcd0775a00177fce32c68ce6b3d836b9a34f92afee8b361c211bdd8071,19b820a1ad420ca3be81448afd673fc3672f0a42a469cb21bbe520df9527b575
simple,Rosco Video Paint Chroma Key Green,659,ROS-000000660,,"Rosco Video Paint Chroma Key Green is a coating formulated for the interior, exterior, specialty or industrial use indicated by its product name and category. Confirm preparation, compatibility, application, coverage and recoat requirements in the current label or technical data sheet. Confirm the exact item and package before ordering.",,Paints > Specialty Paints,"scenic paint, projection screen paint, studio coating, specialty paint",Rosco,ROS01-S,https://raw.githubusercontent.com/kinggoff/NewSteelesImages/main/review-images/ROS-000000660-rosco-chroma-key-green.png?raw=true,Image Added,,,,,,,,,Rosco Chroma Key Green 5711=https://raw.githubusercontent.com/kinggoff/NewSteelesImages/main/PDFs/SDS/rosco-Rosco-Chroma-Key-Green-5711-SDS.pdf?raw=true,Rosco Chroma Key Paint Application Guide=https://raw.githubusercontent.com/kinggoff/NewSteelesImages/main/PDFs/TDS/rosco-Rosco-Chroma-Key-Paint-Application-Guide-TDS.pdf?raw=true,Rosco Chroma Key Green 5711=https://raw.githubusercontent.com/kinggoff/NewSteelesImages/main/PDFs/SDS/rosco-Rosco-Chroma-Key-Green-5711-SDS.pdf?raw=true,,Rosco Chroma Key Paint Application Guide=https://raw.githubusercontent.com/kinggoff/NewSteelesImages/main/PDFs/TDS/rosco-Rosco-Chroma-Key-Paint-Application-Guide-TDS.pdf?raw=true,,af438c3a95ec1ce2435d0f19691162a93692234fc4e7d5fe0d7393654b935c2f,38ac917f11094f6c60e9f56fe67a8292aa1c42c3e639e84c30b48d2e025e7ac1
simple,Rosco Video Paint Chroma Key Blue,660,ROS-000000661,,"Rosco Video Paint Chroma Key Blue is a coating formulated for the interior, exterior, specialty or industrial use indicated by its product name and category. Confirm preparation, compatibility, application, coverage and recoat requirements in the current label or technical data sheet. Confirm the exact item and package before ordering.",,Paints > Specialty Paints,"scenic paint, projection screen paint, studio coating, specialty paint",Rosco,ROS01-S,https://raw.githubusercontent.com/kinggoff/NewSteelesImages/main/review-images/ROS-000000661-rosco-chroma-key-blue.png?raw=true,Image Added,,,,,,,,,Rosco Chroma Key Blue 5710=https://raw.githubusercontent.com/kinggoff/NewSteelesImages/main/PDFs/SDS/rosco-Rosco-Chroma-Key-Blue-5710-SDS.pdf?raw=true,Rosco Chroma Key Paint Application Guide=https://raw.githubusercontent.com/kinggoff/NewSteelesImages/main/PDFs/TDS/rosco-Rosco-Chroma-Key-Paint-Application-Guide-TDS.pdf?raw=true,Rosco Chroma Key Blue 5710=https://raw.githubusercontent.com/kinggoff/NewSteelesImages/main/PDFs/SDS/rosco-Rosco-Chroma-Key-Blue-5710-SDS.pdf?raw=true,,Rosco Chroma Key Paint Application Guide=https://raw.githubusercontent.com/kinggoff/NewSteelesImages/main/PDFs/TDS/rosco-Rosco-Chroma-Key-Paint-Application-Guide-TDS.pdf?raw=true,,c4720be869ba4e787a0366f22e675b89942a0c4ee1e714d30ceca4771352dacc,d7a5bf6143251eed2f2c1713091d7ae0ac2b3e338590ed33925cc3337fc9f0c6
simple,Rosco Tv White,661,ROS-000000662,,"Rosco Tv White is a coating formulated for the interior, exterior, specialty or industrial use indicated by its product name and category. The final appearance and service performance depend on the substrate, preparation, film build and complete coating system. Confirm preparation, compatibility, application, coverage and recoat requirements in the current label or technical data sheet.",,Paints > Specialty Paints,"scenic paint, projection screen paint, studio coating, specialty paint",Rosco,ROS01-S,https://raw.githubusercontent.com/kinggoff/NewSteelesImages/main/review-images/44-ros-000000662-rosco-tv-white.png?raw=true,Image Added,,,,,,,,,Rosco TV Paint White 5735=https://raw.githubusercontent.com/kinggoff/NewSteelesImages/main/PDFs/SDS/rosco-Rosco-TV-Paint-White-5735-SDS.pdf?raw=true,,Rosco TV Paint White 5735=https://raw.githubusercontent.com/kinggoff/NewSteelesImages/main/PDFs/SDS/rosco-Rosco-TV-Paint-White-5735-SDS.pdf?raw=true,,,,87695948fb6b064cbc2b036dd20baa6540becd2b295379a879fe1c330171e5c2,228a6025f774a9df9df2da02f2661c2486eb1d2ecfb246c9cd2584607348d171
simple,Rosco Tv Black,662,ROS-000000663,,"Rosco Tv Black is a coating formulated for the interior, exterior, specialty or industrial use indicated by its product name and category. The final appearance and service performance depend on the substrate, preparation, film build and complete coating system. Confirm preparation, compatibility, application, coverage and recoat requirements in the current label or technical data sheet.",,Paints > Specialty Paints,"scenic paint, projection screen paint, studio coating, specialty paint",Rosco,ROS01-S,https://raw.githubusercontent.com/kinggoff/NewSteelesImages/main/review-images/ROS-000000663-rosco-tv-black.png?raw=true,Image Added,,,,,,,,,Rosco TV Paint Black 5740=https://raw.githubusercontent.com/kinggoff/NewSteelesImages/main/PDFs/SDS/rosco-Rosco-TV-Paint-Black-5740-SDS.pdf?raw=true,,Rosco TV Paint Black 5740=https://raw.githubusercontent.com/kinggoff/NewSteelesImages/main/PDFs/SDS/rosco-Rosco-TV-Paint-Black-5740-SDS.pdf?raw=true,,,,d850bb6aac42681e561fa2d1c6cc3dc2cac756a4a32cf7f7fb1a7356ffde3eec,53d68e51134b3fe81a7b45694fae1b6d83cedc82b295b53af7d9e2dc08c7b564
simple,Fire Retardant Paint Additive,663,ROS-000000664,,"Fire Retardant Paint Additive from Rosco is a coating formulated for the interior, exterior, specialty or industrial use indicated by its product name and category. Confirm preparation, compatibility, application, coverage and recoat requirements in the current label or technical data sheet. Confirm the exact item and package before ordering.",,Paints > Specialty Paints,"paint additive, fire-retardant additive, coating additive, powder additive",Rosco,ROS01-S,https://raw.githubusercontent.com/kinggoff/NewSteelesImages/main/review-images/ROS-000000664-roscoflamex-pa.png?raw=true,Image Added,,,,,,,,,Roscoflamex PA Paint Additive=https://raw.githubusercontent.com/kinggoff/NewSteelesImages/main/PDFs/SDS/rosco-Roscoflamex-PA-Paint-Additive-SDS.pdf?raw=true,Roscoflamex PA Paint Additive=https://raw.githubusercontent.com/kinggoff/NewSteelesImages/main/PDFs/TDS/rosco-Roscoflamex-PA-Paint-Additive-Specification-TDS.pdf?raw=true,Roscoflamex PA Paint Additive=https://raw.githubusercontent.com/kinggoff/NewSteelesImages/main/PDFs/SDS/rosco-Roscoflamex-PA-Paint-Additive-SDS.pdf?raw=true,,Roscoflamex PA Paint Additive=https://raw.githubusercontent.com/kinggoff/NewSteelesImages/main/PDFs/TDS/rosco-Roscoflamex-PA-Paint-Additive-Specification-TDS.pdf?raw=true,,435cb72ddebb747a00344f2fd283c3a5a29bcc5568a29c8ffa9c7b55a0525338,347b70f01a6edf3e55f9827e7e8885f4a0c23c4620f221d1c84320e18ab4033b
simple,Sheetrock 90,664,CS-000000665,,"Sheetrock 90 from CGC Sheetrock is a repair material for filling, patching, glazing, rebuilding or stabilizing the compatible wood, drywall, window or masonry surface indicated by the product name. Review the listed format and current manufacturer instructions to confirm compatibility, safe use, cleaning and storage for the intended job.",,Painting Tools & Accessories > Paint Prep & Repairs,"drywall joint compound, wall repair compound, drywall finishing material, patching compound",CGC Sheetrock,RBS01,https://raw.githubusercontent.com/kinggoff/NewSteelesImages/main/review-images/CS-000000665-cgc-sheetrock-90.png?raw=true,Image Added,,,,,,,,,,,,,,,c983a608f36e69d64042a9e1298364f745a50d17bfca6ee0f66b90da0329d05a,978d10fc529c5d91a1e00969a2a9f65e8619873010c94b5ec4686590c5d0c295
simple,Cgc Joint Compound,665,CS-000000666,,"Cgc Joint Compound from CGC Sheetrock is a repair material for filling, patching, glazing, rebuilding or stabilizing the compatible wood, drywall, window or masonry surface indicated by the product name. Apply to a clean, sound surface and follow the label for mixing, layer depth, drying or cure, sanding and topcoating.",,Painting Tools & Accessories > Paint Prep & Repairs,"drywall joint compound, wall repair compound, drywall finishing material, patching compound",CGC Sheetrock,RBS01,https://raw.githubusercontent.com/kinggoff/NewSteelesImages/main/review-images/CS-000000666-cgc-all-purpose-joint-compound-12l.png?raw=true,Images for Review,,,,,Variants,7KG | 3KG | 20KG,1,1,,,,,,,49744b0c21b54f6771087cc98b029840568cfd82bab9a23143e2d2152346ca6f,72017cd36660e7099a61bd7a71e86c2e011493af00435bfd45cccd0388a85431
simple,Cgc Dust Control Pail Compound 12L,666,CS-000000667,,"Cgc Dust Control Pail Compound 12L from CGC Sheetrock is a repair material for filling, patching, glazing, rebuilding or stabilizing the compatible wood, drywall, window or masonry surface indicated by the product name. Apply to a clean, sound surface and follow the label for mixing, layer depth, drying or cure, sanding and topcoating.",,Painting Tools & Accessories > Paint Prep & Repairs,"drywall joint compound, wall repair compound, drywall finishing material, patching compound",CGC Sheetrock,RBS01,https://raw.githubusercontent.com/kinggoff/NewSteelesImages/main/review-images/CS-000000667-cgc-dust-control-compound-12l.png?raw=true,Image Added,,,,,,,,,,,,,,,c3f634ac768030ccce393d3b1b389e3ae10250589176f9c4d09dedd313520934,5ebe022713213fb998f12a89eca13e52ec3b3422ec6abd58b4284b5a4d713cf9
simple,Cgc Dust Control Box Compound 17L,667,CS-000000668,,"Cgc Dust Control Box Compound 17L from CGC Sheetrock is a repair material for filling, patching, glazing, rebuilding or stabilizing the compatible wood, drywall, window or masonry surface indicated by the product name. Apply to a clean, sound surface and follow the label for mixing, layer depth, drying or cure, sanding and topcoating.",,Painting Tools & Accessories > Paint Prep & Repairs,"drywall joint compound, wall repair compound, drywall finishing material, patching compound",CGC Sheetrock,RBS01,https://raw.githubusercontent.com/kinggoff/NewSteelesImages/main/review-images/CS-000000668-cgc-dust-control-compound-17l.png?raw=true,Image Added,,,,,,,,,,,,,,,4ca1e6d5b8aa0ab58c09ed31ee270d62fc56627156e8a61525ef2623964e98e0,70309ba8d3c5f36322756bdfb20f5d65868f0dec99d49b7519dccfeaa578d894
simple,Seal-Krete Clear Seal Satin,668,SK-000000669,,"Seal-Krete Clear Seal Satin is a coating formulated for the interior, exterior, specialty or industrial use indicated by its product name and category. Confirm preparation, compatibility, application, coverage and recoat requirements in the current label or technical data sheet. Confirm the exact item and package before ordering.",,Paints > Specialty Paints,"concrete sealer, masonry sealer, clear protective coating, satin floor finish",Seal-Krete,FLE01-S,https://raw.githubusercontent.com/kinggoff/NewSteelesImages/main/review-images/SK-000000669-seal-krete-clear-seal-satin.png?raw=true,Image Added,,,,,,,,,SEAL-KRETE Clear-Seal Clear Satin 3.78 L - 604801=https://raw.githubusercontent.com/kinggoff/NewSteelesImages/main/PDFs/SDS/seal-krete-SEAL-KRETE-Clear-Seal-Satin-604801-SDS.pdf?raw=true,SEAL-KRETE Clear-Seal SLK-14=https://raw.githubusercontent.com/kinggoff/NewSteelesImages/main/PDFs/TDS/seal-krete-SEAL-KRETE-Clear-Seal-SLK-14-TDS.pdf?raw=true,SEAL-KRETE Clear-Seal Clear Satin 3.78 L - 604801=https://raw.githubusercontent.com/kinggoff/NewSteelesImages/main/PDFs/SDS/seal-krete-SEAL-KRETE-Clear-Seal-Satin-604801-SDS.pdf?raw=true,,,SEAL-KRETE Clear-Seal SLK-14=https://raw.githubusercontent.com/kinggoff/NewSteelesImages/main/PDFs/TDS/seal-krete-SEAL-KRETE-Clear-Seal-SLK-14-TDS.pdf?raw=true,06db8cd0181796652210221ea4d9fae5c1a9a79ceb54ad0db9f4f9245d1a31da,7de04db44d82ddbee9f7b47867a222967e3ec72a0845438c6a5ab083a8f67f17
simple,Rust-Oleum Tub & Tile Refinishing Kit,669,RO-000000670,,"Rust-Oleum Tub & Tile Refinishing Kit is a coating formulated for the interior, exterior, specialty or industrial use indicated by its product name and category. Confirm preparation, compatibility, application, coverage and recoat requirements in the current label or technical data sheet. Confirm the exact item and package before ordering.",,Paints > Specialty Paints,"tub and tile coating, refinishing kit, epoxy coating, specialty coating",Rust-Oleum,FLE01-S,https://raw.githubusercontent.com/kinggoff/NewSteelesImages/main/review-images/45-ro-000000670-rust-oleum-tub-tile-refinishing-kit.png?raw=true,Image Added,,,,,,,,,Rust-Oleum Tub & Tile Refinishing Kit Gloss Coastal Fog - 384166=https://raw.githubusercontent.com/kinggoff/NewSteelesImages/main/PDFs/SDS/rust-oleum-Rust-Oleum-Tub-Tile-Gloss-Coastal-Fog-384166-SDS.pdf?raw=true,Rust-Oleum Tub & Tile Refinishing Kit SPC-15 - includes 384166=https://raw.githubusercontent.com/kinggoff/NewSteelesImages/main/PDFs/TDS/rust-oleum-Rust-Oleum-Tub-Tile-Refinishing-Kit-SPC-15-TDS.pdf?raw=true,Rust-Oleum Tub & Tile Refinishing Kit Gloss Coastal Fog - 384166=https://raw.githubusercontent.com/kinggoff/NewSteelesImages/main/PDFs/SDS/rust-oleum-Rust-Oleum-Tub-Tile-Gloss-Coastal-Fog-384166-SDS.pdf?raw=true,,Rust-Oleum Tub & Tile Refinishing Kit SPC-15 - includes 384166=https://raw.githubusercontent.com/kinggoff/NewSteelesImages/main/PDFs/TDS/rust-oleum-Rust-Oleum-Tub-Tile-Refinishing-Kit-SPC-15-TDS.pdf?raw=true,,ab7ce1d42cef0c516b467e3008c21f6c3e4cc4eec448d139f2814704fc627622,9b3a922210e24f7c6a4344c207d9fdd01b96eb6bacf0c758f26f5ab56ef0b65c
simple,Rust-Oleum Self-Etching Primer Spray,670,RO-000000671,,"Rust-Oleum Self-Etching Primer Spray is a preparatory coating for the substrate or problem condition named in the product, helping create a more uniform surface for compatible topcoats. Confirm preparation, compatibility, application, coverage and recoat requirements in the current label or technical data sheet.",,Paints > Specialty Paints,"self-etching primer, spray primer, metal primer, aerosol primer",Rust-Oleum,FLE01-S,https://raw.githubusercontent.com/kinggoff/NewSteelesImages/main/review-images/RO-000000671-rust-oleum-self-etching-primer.png?raw=true,Image Added,,,,,,,,,Rust-Oleum Automotive Self-Etching Primer Grey-Green 340 g - 257736=https://raw.githubusercontent.com/kinggoff/NewSteelesImages/main/PDFs/SDS/rust-oleum-Rust-Oleum-Automotive-Self-Etching-Primer-257736-SDS.pdf?raw=true,Rust-Oleum Automotive Self-Etching Primer ATO-151 Canada=https://raw.githubusercontent.com/kinggoff/NewSteelesImages/main/PDFs/TDS/rust-oleum-Rust-Oleum-Automotive-Self-Etching-Primer-ATO-151-Canada-TDS.pdf?raw=true,Rust-Oleum Automotive Self-Etching Primer Grey-Green 340 g - 257736=https://raw.githubusercontent.com/kinggoff/NewSteelesImages/main/PDFs/SDS/rust-oleum-Rust-Oleum-Automotive-Self-Etching-Primer-257736-SDS.pdf?raw=true,,Rust-Oleum Automotive Self-Etching Primer ATO-151 Canada=https://raw.githubusercontent.com/kinggoff/NewSteelesImages/main/PDFs/TDS/rust-oleum-Rust-Oleum-Automotive-Self-Etching-Primer-ATO-151-Canada-TDS.pdf?raw=true,,40d61fe0456bbf0f38f28cdda70d9fffd45b9dcdbd02064e98a0cd664828b518,b564004ca4ac1b4349739b368ee621229d7231070eaf1ec8a14a9cdf28f48088
simple,Rust-Oleum Mirror Effect Silver,671,RO-000000672,,"Rust-Oleum Mirror Effect Silver is an aerosol coating or treatment for the colour, effect or repair task stated in the product name on a compatible prepared surface. Confirm preparation, compatibility, application, coverage and recoat requirements in the current label or technical data sheet. Confirm the exact item and package before ordering.",,Paints > Aerosols,"mirror-effect spray paint, aerosol paint, reflective metallic coating, specialty finish",Rust-Oleum,FLE01-S,https://raw.githubusercontent.com/kinggoff/NewSteelesImages/main/review-images/RO-000000672-rust-oleum-mirror-effect-silver.png?raw=true,Image Added,,,,,,,,,Rust-Oleum Mirror Effect Silver 170 g - 277903=https://raw.githubusercontent.com/kinggoff/NewSteelesImages/main/PDFs/SDS/rust-oleum-Rust-Oleum-Mirror-Effect-Silver-277903-SDS.pdf?raw=true,Rust-Oleum Mirror Effect SPC-36 Canada=https://raw.githubusercontent.com/kinggoff/NewSteelesImages/main/PDFs/TDS/rust-oleum-Rust-Oleum-Mirror-Effect-SPC-36-Canada-TDS.pdf?raw=true,Rust-Oleum Mirror Effect Silver 170 g - 277903=https://raw.githubusercontent.com/kinggoff/NewSteelesImages/main/PDFs/SDS/rust-oleum-Rust-Oleum-Mirror-Effect-Silver-277903-SDS.pdf?raw=true,,Rust-Oleum Mirror Effect SPC-36 Canada=https://raw.githubusercontent.com/kinggoff/NewSteelesImages/main/PDFs/TDS/rust-oleum-Rust-Oleum-Mirror-Effect-SPC-36-Canada-TDS.pdf?raw=true,,7fc2e41279f54d4817e1fa21031954fa5ea61f6db6762315b4f0cb1c3672b6ba,11cf9561a21d4e1e92cf8975aa48f0a94eafccd1648cd2facc512b1716dd63ce
simple,Rust-Oleum Metallic Gold,672,RO-000000673,,"Rust-Oleum Metallic Gold is an aerosol coating or treatment for the colour, effect or repair task stated in the product name on a compatible prepared surface. Confirm preparation, compatibility, application, coverage and recoat requirements in the current label or technical data sheet. Confirm the exact item and package before ordering.",,Paints > Specialty Paints,"metallic spray paint, aerosol paint, decorative metallic coating, specialty finish",Rust-Oleum,FLE01-S,https://raw.githubusercontent.com/kinggoff/NewSteelesImages/main/review-images/RO-000000673-rust-oleum-metallic-gold.png?raw=true,Image Added,,,,,,,,,Rust-Oleum Specialty Metallic Gold 312 g - N1910830=https://raw.githubusercontent.com/kinggoff/NewSteelesImages/main/PDFs/SDS/rust-oleum-Rust-Oleum-Specialty-Metallic-Gold-N1910830-SDS.pdf?raw=true,Rust-Oleum Specialty Metallic Sprays SPC-13 - includes 1910830=https://raw.githubusercontent.com/kinggoff/NewSteelesImages/main/PDFs/TDS/rust-oleum-Rust-Oleum-Specialty-Metallic-SPC-13-TDS.pdf?raw=true,Rust-Oleum Specialty Metallic Gold 312 g - N1910830=https://raw.githubusercontent.com/kinggoff/NewSteelesImages/main/PDFs/SDS/rust-oleum-Rust-Oleum-Specialty-Metallic-Gold-N1910830-SDS.pdf?raw=true,,Rust-Oleum Specialty Metallic Sprays SPC-13 - includes 1910830=https://raw.githubusercontent.com/kinggoff/NewSteelesImages/main/PDFs/TDS/rust-oleum-Rust-Oleum-Specialty-Metallic-SPC-13-TDS.pdf?raw=true,,8f6db3f36484120a5b838396d632694ef8451e9c2e2f4526d36ebfdf9f790412,d1b48e3dde4e3fc0215a83128136bd39e08889d4c96d4a8da55cd8c0e88dfda9
simple,Rust-Oleum Leak Seal Clear Aerosol,673,RO-000000674,,"Rust-Oleum Leak Seal Clear Aerosol is an aerosol coating or treatment for the colour, effect or repair task stated in the product name on a compatible prepared surface. Confirm preparation, compatibility, application, coverage and recoat requirements in the current label or technical data sheet. Confirm the exact item and package before ordering.",,Paints > Aerosols,"rubberized sealant coating, leak repair coating, aerosol sealant, waterproof coating",Rust-Oleum,FLE01-S,https://raw.githubusercontent.com/kinggoff/NewSteelesImages/main/review-images/RO-000000674-rust-oleum-leakseal-clear.png?raw=true,Image Added,,,,,,,,,Rust-Oleum LeakSeal Flexible Rubber Sealant Clear 405 g - 266289=https://raw.githubusercontent.com/kinggoff/NewSteelesImages/main/PDFs/SDS/rust-oleum-Rust-Oleum-LeakSeal-Clear-266289-SDS.pdf?raw=true,Rust-Oleum LeakSeal Flexible Rubber Coating SRT-17=https://raw.githubusercontent.com/kinggoff/NewSteelesImages/main/PDFs/TDS/rust-oleum-Rust-Oleum-LeakSeal-Flexible-Rubber-Coating-SRT-17-TDS.pdf?raw=true,Rust-Oleum LeakSeal Flexible Rubber Sealant Clear 405 g - 266289=https://raw.githubusercontent.com/kinggoff/NewSteelesImages/main/PDFs/SDS/rust-oleum-Rust-Oleum-LeakSeal-Clear-266289-SDS.pdf?raw=true,,Rust-Oleum LeakSeal Flexible Rubber Coating SRT-17=https://raw.githubusercontent.com/kinggoff/NewSteelesImages/main/PDFs/TDS/rust-oleum-Rust-Oleum-LeakSeal-Flexible-Rubber-Coating-SRT-17-TDS.pdf?raw=true,,354353f4f77249b7765bade3bc96313e5c4d7cba5401cce148e774e6c7d7eef2,29980b6af6fed642b35ecaa3a45d7041cbc597c76730f67a8838dd810ee5dc54
simple,Rust-Oleum Leak Seal Black Aerosol,674,RO-000000675,,"Rust-Oleum Leak Seal Black Aerosol is an aerosol coating or treatment for the colour, effect or repair task stated in the product name on a compatible prepared surface. Confirm preparation, compatibility, application, coverage and recoat requirements in the current label or technical data sheet. Confirm the exact item and package before ordering.",,Paints > Aerosols,"rubberized sealant coating, leak repair coating, aerosol sealant, waterproof coating",Rust-Oleum,FLE01-S,https://raw.githubusercontent.com/kinggoff/NewSteelesImages/main/review-images/RO-000000675-rust-oleum-leakseal-black.png?raw=true,Image Added,,,,,,,,,Rust-Oleum LeakSeal Flexible Rubber Sealant Black 405 g - 266288=https://raw.githubusercontent.com/kinggoff/NewSteelesImages/main/PDFs/SDS/rust-oleum-Rust-Oleum-LeakSeal-Black-266288-SDS.pdf?raw=true,Rust-Oleum LeakSeal Flexible Rubber Coating SRT-17=https://raw.githubusercontent.com/kinggoff/NewSteelesImages/main/PDFs/TDS/rust-oleum-Rust-Oleum-LeakSeal-Flexible-Rubber-Coating-SRT-17-TDS.pdf?raw=true,Rust-Oleum LeakSeal Flexible Rubber Sealant Black 405 g - 266288=https://raw.githubusercontent.com/kinggoff/NewSteelesImages/main/PDFs/SDS/rust-oleum-Rust-Oleum-LeakSeal-Black-266288-SDS.pdf?raw=true,,Rust-Oleum LeakSeal Flexible Rubber Coating SRT-17=https://raw.githubusercontent.com/kinggoff/NewSteelesImages/main/PDFs/TDS/rust-oleum-Rust-Oleum-LeakSeal-Flexible-Rubber-Coating-SRT-17-TDS.pdf?raw=true,,c656d3d5592d3c4ddcab17979ed4cb0af71f828347ac0228910701739ab27144,d97c6a881514296c0acb98a938c25d68d715b4c571cc592235f630c0d203689e
simple,Rust-Oleum Appliance Epoxy Spray - Gloss White,675,RO-000000676,,"Rust-Oleum Appliance Epoxy Spray - Gloss White is an aerosol coating or treatment for the colour, effect or repair task stated in the product name on a compatible prepared surface. Prepare both surfaces and follow the label for mixing where required, open or working time, assembly, clamping and cure.",,Paints > Aerosols,"appliance epoxy paint, spray enamel, epoxy coating, specialty coating",Rust-Oleum,FLE01-S,https://raw.githubusercontent.com/kinggoff/NewSteelesImages/main/review-images/RO-000000676-rust-oleum-appliance-epoxy-gloss-white.png?raw=true,Image Added,,,,,,,,,Rust-Oleum Appliance Epoxy Gloss White 340 g - N7881830=https://raw.githubusercontent.com/kinggoff/NewSteelesImages/main/PDFs/SDS/rust-oleum-Rust-Oleum-Appliance-Epoxy-Gloss-White-N7881830-SDS.pdf?raw=true,Rust-Oleum Specialty Appliance Epoxy Sprays SPC-01 - includes 7881830=https://raw.githubusercontent.com/kinggoff/NewSteelesImages/main/PDFs/TDS/rust-oleum-Rust-Oleum-Appliance-Epoxy-Sprays-SPC-01-TDS.pdf?raw=true,Rust-Oleum Appliance Epoxy Gloss White 340 g - N7881830=https://raw.githubusercontent.com/kinggoff/NewSteelesImages/main/PDFs/SDS/rust-oleum-Rust-Oleum-Appliance-Epoxy-Gloss-White-N7881830-SDS.pdf?raw=true,,Rust-Oleum Specialty Appliance Epoxy Sprays SPC-01 - includes 7881830=https://raw.githubusercontent.com/kinggoff/NewSteelesImages/main/PDFs/TDS/rust-oleum-Rust-Oleum-Appliance-Epoxy-Sprays-SPC-01-TDS.pdf?raw=true,,380c4d96196b506bc2b2d1b0595526920b69324ba4568ea76edbe85b8fa0c9ce,b85a0f170a9fe9dbec8573fd827f6022f0d54c2ccd749b2e02eaa06eebf08332
simple,Rust-Oleum Painter's Touch Latex - Black,676,RO-000000677,,"Rust-Oleum Painter's Touch Latex - Black is a coating formulated for the interior, exterior, specialty or industrial use indicated by its product name and category. Confirm preparation, compatibility, application, coverage and recoat requirements in the current label or technical data sheet. Confirm the exact item and package before ordering.",,Paints > Specialty Paints,"latex paint, multi-purpose paint, interior and exterior paint, water-based coating",Rust-Oleum,FLE01-S,https://raw.githubusercontent.com/kinggoff/NewSteelesImages/main/review-images/RO-000000677-rust-oleum-painters-touch-latex-black.png?raw=true,Images for Review,Finishes,Gloss | Flat,1,1,,,,,Rust-Oleum Painter's Touch Multi-Purpose Latex Flat Black 946 mL - 254935=https://raw.githubusercontent.com/kinggoff/NewSteelesImages/main/PDFs/SDS/rust-oleum-Rust-Oleum-Painters-Touch-Latex-Flat-Black-254935-SDS.pdf?raw=true,,Rust-Oleum Painter's Touch Multi-Purpose Latex Flat Black 946 mL - 254935=https://raw.githubusercontent.com/kinggoff/NewSteelesImages/main/PDFs/SDS/rust-oleum-Rust-Oleum-Painters-Touch-Latex-Flat-Black-254935-SDS.pdf?raw=true,,,,e7179d98e5887e48317d5b566dfe059e50b92ef7f2e8986c3fb2966099ca6c9c,8257cc3ac50802a68a6d2f00cf6dbdf49437658a46680913024af912040e1c41
simple,Tremclad Rust Primer Spray - Red Oxide,677,TR-000000678,,"Tremclad Rust Primer Spray - Red Oxide is a preparatory coating for the substrate or problem condition named in the product, helping create a more uniform surface for compatible topcoats. Confirm preparation, compatibility, application, coverage and recoat requirements in the current label or technical data sheet.",,Paints > Aerosols,"spray primer, aerosol primer, primer, surface preparation coating, primer sealer, basecoat",Tremclad,FLE01-S,https://raw.githubusercontent.com/kinggoff/NewSteelesImages/main/review-images/TR-000000678-tremclad-rust-primer-red-oxide.png?raw=true,Image Added,,,,,,,,,TREMCLAD Rust Primer Spray Red Oxide 340 g - 274102522=https://raw.githubusercontent.com/kinggoff/NewSteelesImages/main/PDFs/SDS/tremclad-TREMCLAD-Rust-Primer-Spray-Red-Oxide-274102522-SDS.pdf?raw=true,,TREMCLAD Rust Primer Spray Red Oxide 340 g - 274102522=https://raw.githubusercontent.com/kinggoff/NewSteelesImages/main/PDFs/SDS/tremclad-TREMCLAD-Rust-Primer-Spray-Red-Oxide-274102522-SDS.pdf?raw=true,,,,102de6ab354b4e0ff218f798129930e0d2f229c44ccd4c100fbe37931025ed93,261bfd384f98c14d4dcc176922870361c0d05b8c0ce82022914b624ed0610846
simple,Tremclad Rust Paint Spray - Gloss White,678,TR-000000679,,"Tremclad Rust Paint Spray - Gloss White is an aerosol coating or treatment for the colour, effect or repair task stated in the product name on a compatible prepared surface. Confirm preparation, compatibility, application, coverage and recoat requirements in the current label or technical data sheet.",,Paints > Aerosols,"rust-preventive paint, metal paint, protective enamel, anti-corrosion coating, spray paint, aerosol paint, specialty coating, decorative coating",Tremclad,FLE01-S,https://raw.githubusercontent.com/kinggoff/NewSteelesImages/main/review-images/TR-000000679-tremclad-rust-paint-gloss-white.png?raw=true,Image Added,,,,,,,,,TREMCLAD Rust Paint Aerosol Gloss Recreational White 340 g - 27032B522=https://raw.githubusercontent.com/kinggoff/NewSteelesImages/main/PDFs/SDS/tremclad-TREMCLAD-Rust-Paint-Aerosol-Recreational-White-27032B522-SDS.pdf?raw=true,TREMCLAD Rust Paint Aerosol TRM-02 Canada=https://raw.githubusercontent.com/kinggoff/NewSteelesImages/main/PDFs/TDS/tremclad-TRM-02-Tremclad-Rust-Paint-Aerosol-TDS-Canada.pdf?raw=true,TREMCLAD Rust Paint Aerosol Gloss Recreational White 340 g - 27032B522=https://raw.githubusercontent.com/kinggoff/NewSteelesImages/main/PDFs/SDS/tremclad-TREMCLAD-Rust-Paint-Aerosol-Recreational-White-27032B522-SDS.pdf?raw=true,,TREMCLAD Rust Paint Aerosol TRM-02 Canada=https://raw.githubusercontent.com/kinggoff/NewSteelesImages/main/PDFs/TDS/tremclad-TRM-02-Tremclad-Rust-Paint-Aerosol-TDS-Canada.pdf?raw=true,,99569da4ede6074329dde40b108d1adacc21fb7158a474428a37e05437c9ed2c,1b37a040302f5926b9edf4a5dc5792617eaeabb362a777ffb1f42c809a7f51d0
simple,Krud Kutter Original,679,KK-000000680,,"Krud Kutter Original is a surface-preparation or cleanup product for removing the residue named in the product from compatible materials before refinishing. Review the listed format and current manufacturer instructions to confirm compatibility, safe use, cleaning and storage for the intended job. Confirm the exact item and package before ordering.",,Painting Tools & Accessories > Cleaners & Removers,"multi-purpose cleaner, degreaser, surface cleaner, cleaning concentrate",Krud Kutter,FLE01-S,https://raw.githubusercontent.com/kinggoff/NewSteelesImages/main/review-images/KK-000000680-krud-kutter-original-946ml.png?raw=true,Image Added,,,,,,,,,,,,,,,47fd847ab531633bb6e88cf87593fa077a5dd81dfef1e262ccf511b47fb905af,84da09a093f0eb74c47d9590c2e97f471307b5906e39f8ccd77d8993d4fe4df8
simple,Krud Kutter Oil Grabber Stain Remover,680,KK-000000681,,"Krud Kutter Oil Grabber Stain Remover is a surface-preparation or cleanup product for removing the residue named in the product from compatible materials before refinishing. Test first, then follow the label for dilution, dwell time, rinsing, ventilation and protective equipment. Confirm the exact item and package before ordering.",,Painting Tools & Accessories > Cleaners & Removers,"oil stain remover, concrete stain cleaner, liquid stain remover, surface cleaner",Krud Kutter,FLE01-S,https://raw.githubusercontent.com/kinggoff/NewSteelesImages/main/review-images/KK-000000681-krud-kutter-oil-grabber.png?raw=true,Image Added,,,,,,,,,,,,,,,f7f31fceec69a5d71165094ba987ff842e0db6f832b4cf95a7f2563a78020b2a,fabac746763dc254491b92352f1d7528697c24f2a99d34828592b02622319c95
simple,Concrobium Mold Control Spray,681,CON-000000682,,"Concrobium Mold Control Spray is a treatment for controlling mould on compatible surfaces as part of a complete cleaning and moisture-management process. The final appearance and service performance depend on the substrate, preparation, film build and complete coating system. Test first, then follow the label for dilution, dwell time, rinsing, ventilation and protective equipment.",,Paints > Aerosols,"cleaning treatment, aerosol cleaner, surface preparation chemical, mould control treatment",Concrobium,MUM01,https://raw.githubusercontent.com/kinggoff/NewSteelesImages/main/review-images/CON-000000682-concrobium-mold-control-spray.png?raw=true,Image Added,,,,,,,,,,,,,,,c69d13ee197f7ccacadb1f38f6964eb01006c8dc7b300e3f0a5b9972292ce08f,d7a516d8d4f4a8451505f32d00bdf20e64c8aaf56eaa6f38850e749f2c267256
simple,Ready Seal Exterior Stain Natural,682,RS-000000683,,"Ready Seal Exterior Stain Natural is a wood-finishing product for colouring, conditioning or protecting the compatible interior or exterior wood surface named in the product. Confirm preparation, compatibility, application, coverage and recoat requirements in the current label or technical data sheet.",,Paints > Stains & Varnishes,"exterior wood stain, penetrating wood finish, wood stain, exterior wood finish",Ready Seal,FLE01-S,https://raw.githubusercontent.com/kinggoff/NewSteelesImages/main/review-images/RS-000000683-ready-seal-exterior-stain-natural.png?raw=true,Image Added,,,,,,,,,Ready Seal Exterior Wood Stain Natural No. 105 - Canada=https://raw.githubusercontent.com/kinggoff/NewSteelesImages/main/PDFs/SDS/ready-seal-Ready-Seal-Exterior-Wood-Stain-Natural-105-Canada-SDS.pdf?raw=true,Ready Seal Exterior Wood Stain and Sealer=https://raw.githubusercontent.com/kinggoff/NewSteelesImages/main/PDFs/TDS/ready-seal-Ready-Seal-Exterior-Wood-Stain-Sealer-TDS.pdf?raw=true,Ready Seal Exterior Wood Stain Natural No. 105 - Canada=https://raw.githubusercontent.com/kinggoff/NewSteelesImages/main/PDFs/SDS/ready-seal-Ready-Seal-Exterior-Wood-Stain-Natural-105-Canada-SDS.pdf?raw=true,,Ready Seal Exterior Wood Stain and Sealer=https://raw.githubusercontent.com/kinggoff/NewSteelesImages/main/PDFs/TDS/ready-seal-Ready-Seal-Exterior-Wood-Stain-Sealer-TDS.pdf?raw=true,,a238d6f865b827dc8e3c5d05ddddfb36df32ff3189ec2e1804ccd57958fa4ece,0d8a76d653dcaaa8fe9a3212d6f3d2c589e63a070b61bf0a9557d20b1b3c5270
simple,SamaN Water-Based Clear Finish,683,SA-000000684,,"SamaN Water-Based Clear Finish is a clear or translucent finish for building the sheen and protection appropriate to the compatible surface and coating system. Confirm preparation, compatibility, application, coverage and recoat requirements in the current label or technical data sheet. Confirm the exact item and package before ordering.",,Paints > Stains & Varnishes,"clear finish, protective coating, clear coat, wood finish",SamaN,SAMAN,https://raw.githubusercontent.com/kinggoff/NewSteelesImages/main/review-images/SA-000000684-saman-water-based-clear-finish.png?raw=true,Images for Review,,,,,,,,,SamaN Waterbased Exterior Clear Coat Flat - SAM-805=https://raw.githubusercontent.com/kinggoff/NewSteelesImages/main/PDFs/SDS/saman-SamaN-Waterbased-Exterior-Clear-Coat-SAM-805-SDS.pdf?raw=true,,SamaN Waterbased Exterior Clear Coat Flat - SAM-805=https://raw.githubusercontent.com/kinggoff/NewSteelesImages/main/PDFs/SDS/saman-SamaN-Waterbased-Exterior-Clear-Coat-SAM-805-SDS.pdf?raw=true,,,,a552d2ac4a3dc6b5c72d6ebf6a72ac948f81d52365963a10ceed16ae0cf02704,8926e3e1991ea08750b305acb143d58477a87d33fd6010fbfa735ac64084d979
simple,SamaN Water-Based Wood Floor Stain,684,SA-000000685,,"SamaN Water-Based Wood Floor Stain is a wood-finishing product for colouring, conditioning or protecting the compatible interior or exterior wood surface named in the product. Confirm preparation, compatibility, application, coverage and recoat requirements in the current label or technical data sheet.",,Paints > Stains & Varnishes,"wood floor stain, interior wood stain, wood finish, floor finish",SamaN,SAMAN,https://raw.githubusercontent.com/kinggoff/NewSteelesImages/main/review-images/SA-000000685-saman-water-based-wood-floor-stain.png?raw=true,Images for Review,,,,,,,,,SamaN Water-Based Wood Stain Whole Wheat 010=https://raw.githubusercontent.com/kinggoff/NewSteelesImages/main/PDFs/SDS/saman-SamaN-Water-Based-Wood-Stain-TEW-SDS.pdf?raw=true,SamaN Water-Based Wood Stain TEW=https://raw.githubusercontent.com/kinggoff/NewSteelesImages/main/PDFs/TDS/saman-SamaN-Water-Based-Wood-Stain-TEW-TDS.pdf?raw=true,SamaN Water-Based Wood Stain Whole Wheat 010=https://raw.githubusercontent.com/kinggoff/NewSteelesImages/main/PDFs/SDS/saman-SamaN-Water-Based-Wood-Stain-TEW-SDS.pdf?raw=true,,SamaN Water-Based Wood Stain TEW=https://raw.githubusercontent.com/kinggoff/NewSteelesImages/main/PDFs/TDS/saman-SamaN-Water-Based-Wood-Stain-TEW-TDS.pdf?raw=true,,8487e1ef6528e35150cf6896f8c79788a910ea3de2075446c17fa072512c501d,720a43e89a0cdfc5eacf9ecadac649789a1afefcedd990370c9dcd2c8412aed2
simple,SamaN Water-Based Clear Glaze,685,SA-000000686,,"SamaN Water-Based Clear Glaze is a decorative or finishing glaze used to adjust colour, accent detail or create visual depth on a compatible prepared coating system. Confirm preparation, compatibility, application, coverage and recoat requirements in the current label or technical data sheet. Confirm the exact item and package before ordering.",,Paints > Stains & Varnishes,"decorative glaze, wood finishing glaze, toning finish, decorative coating",SamaN,SAMAN,https://raw.githubusercontent.com/kinggoff/NewSteelesImages/main/review-images/SA-000000686-saman-water-based-clear-glaze.png?raw=true,Image Added,,,,,,,,,SamaN Waterbased Glaze Regular - CG-100=https://raw.githubusercontent.com/kinggoff/NewSteelesImages/main/PDFs/SDS/saman-SamaN-Waterbased-Glaze-CG-100-SDS.pdf?raw=true,,SamaN Waterbased Glaze Regular - CG-100=https://raw.githubusercontent.com/kinggoff/NewSteelesImages/main/PDFs/SDS/saman-SamaN-Waterbased-Glaze-CG-100-SDS.pdf?raw=true,,,,4828c2f5c5426ac8dd9530ca6d694672e4a2c08e39555e4c51aaa2e98442010c,96f99788dee6dac049e2973c5deb342532d2470bd87213d92b2edda1bede141b
simple,SamaN Tung Oil Natural,686,SA-000000687,,"SamaN Tung Oil Natural is a wood-finishing product for colouring, conditioning or protecting the compatible interior or exterior wood surface named in the product. Confirm preparation, compatibility, application, coverage and recoat requirements in the current label or technical data sheet. Confirm the exact item and package before ordering.",,Paints > Stains & Varnishes,"tung oil finish, drying oil, wood finish, oil-based finish",SamaN,SAMAN,https://raw.githubusercontent.com/kinggoff/NewSteelesImages/main/review-images/SA-000000687-saman-tung-oil-natural.png?raw=true,Image Added,,,,,,,,,SamaN Legend Tung Oil Natural - TOH-000=https://raw.githubusercontent.com/kinggoff/NewSteelesImages/main/PDFs/SDS/saman-SamaN-Legend-Tung-Oil-Natural-TOH-000-SDS.pdf?raw=true,SamaN Legend Tung Oil TOH-000 and TOH-401 to TOH-409=https://raw.githubusercontent.com/kinggoff/NewSteelesImages/main/PDFs/TDS/saman-SamaN-Legend-Tung-Oil-TOH-TDS.pdf?raw=true,SamaN Legend Tung Oil Natural - TOH-000=https://raw.githubusercontent.com/kinggoff/NewSteelesImages/main/PDFs/SDS/saman-SamaN-Legend-Tung-Oil-Natural-TOH-000-SDS.pdf?raw=true,,SamaN Legend Tung Oil TOH-000 and TOH-401 to TOH-409=https://raw.githubusercontent.com/kinggoff/NewSteelesImages/main/PDFs/TDS/saman-SamaN-Legend-Tung-Oil-TOH-TDS.pdf?raw=true,,cc1b45cb83a61d0ccee2f5b156896d4d5149a54e7832b0a37b0fe6cbe9e7f2bc,249ba91e55a9aa55735764de78ce5a31fe4a7d3e487d536b9bf60ea144e3842f
simple,SamaN Tabletop Epoxy,687,SA-000000688,,"SamaN Tabletop Epoxy is an epoxy coating or repair system for the compatible floor, concrete, wood or assembly application named in the product. The final appearance and service performance depend on the substrate, preparation, film build and complete coating system. Follow the label for component mixing, pot life, film thickness, application conditions and full cure before service.",,Paints > Epoxy,"casting epoxy, clear epoxy resin, two-part epoxy, decorative resin",SamaN,SAMAN,https://raw.githubusercontent.com/kinggoff/NewSteelesImages/main/review-images/SA-000000688-saman-tabletop-epoxy.png?raw=true,Image Added,,,,,,,,,SamaN EPOX-Y Counter Bar Table Epoxy Part A Resin - EPO-100A-500=https://raw.githubusercontent.com/kinggoff/NewSteelesImages/main/PDFs/SDS/saman-SamaN-EPOX-Y-Tabletop-Epoxy-EPO-100A-500-EN-SDS.pdf?raw=true|SamaN EPOX-Y Counter Bar Table Epoxy Part B Hardener - EPO-100B-500=https://raw.githubusercontent.com/kinggoff/NewSteelesImages/main/PDFs/SDS/saman-SamaN-EPOX-Y-Tabletop-Epoxy-EPO-100B-500-EN-SDS.pdf?raw=true,,SamaN EPOX-Y Counter Bar Table Epoxy Part A Resin - EPO-100A-500=https://raw.githubusercontent.com/kinggoff/NewSteelesImages/main/PDFs/SDS/saman-SamaN-EPOX-Y-Tabletop-Epoxy-EPO-100A-500-EN-SDS.pdf?raw=true|SamaN EPOX-Y Counter Bar Table Epoxy Part B Hardener - EPO-100B-500=https://raw.githubusercontent.com/kinggoff/NewSteelesImages/main/PDFs/SDS/saman-SamaN-EPOX-Y-Tabletop-Epoxy-EPO-100B-500-EN-SDS.pdf?raw=true,,,,594f1294b248012d730c3def8db941c285bcc124917ce32714bc9a8ef385212a,f83bb66fd8eb886f4c4409c4a0a4a4dc2038b11b4befbda8c2073f268f9d37cd
simple,SamaN Retarder Gallon,688,SA-000000689,,"SamaN Retarder Gallon is a coating formulated for the interior, exterior, specialty or industrial use indicated by its product name and category. The final appearance and service performance depend on the substrate, preparation, film build and complete coating system. Confirm preparation, compatibility, application, coverage and recoat requirements in the current label or technical data sheet.",,Paints > Stains & Varnishes,"coating retarder, drying-time additive, finish additive, paint additive",SamaN,SAMAN,https://raw.githubusercontent.com/kinggoff/NewSteelesImages/main/review-images/SA-000000689-saman-retarder-gallon.png?raw=true,Images for Review,,,,,,,,,,,,,,,e88de49d738743a04c421a4ba2ee04be4a19bb6b77a7cbd138214cc3a602abce,5f54bf72d46dbbc0af0cd229e430c8cf12f109b1fa06becaa8a58fe17b6099ab
simple,SamaN Casting Epoxy 1.5L,689,SA-000000690,,"SamaN Casting Epoxy 1.5L is an epoxy coating or repair system for the compatible floor, concrete, wood or assembly application named in the product. The final appearance and service performance depend on the substrate, preparation, film build and complete coating system. Follow the label for component mixing, pot life, film thickness, application conditions and full cure before service.",,Paints > Epoxy,"casting epoxy, clear epoxy resin, two-part epoxy, decorative resin",SamaN,SAMAN,https://raw.githubusercontent.com/kinggoff/NewSteelesImages/main/review-images/SA-000000690-saman-casting-epoxy-1-5l.png?raw=true,Image Added,,,,,,,,,,,,,,,12692578b009bea701d25ebf2a28fa89f1529bc8789f65a842bebf623758edfb,827f6d30c5be3cb4c289bb995d679f660ff5d845da043646b193c7e88c267e88
simple,SamaN Beeswax Wood Finish,690,SA-000000691,,"SamaN Beeswax Wood Finish is a wood-finishing product for colouring, conditioning or protecting the compatible interior or exterior wood surface named in the product. Confirm preparation, compatibility, application, coverage and recoat requirements in the current label or technical data sheet. Confirm the exact item and package before ordering.",,Paints > Stains & Varnishes,"beeswax finish, wood wax, wood finish, protective wax finish",SamaN,SAMAN,https://raw.githubusercontent.com/kinggoff/NewSteelesImages/main/review-images/SA-000000691-saman-beeswax-wood-finish.png?raw=true,Image Added,,,,,,,,,SamaN Natural Beeswax Wood Finish and Conditioner - BWA-000=https://raw.githubusercontent.com/kinggoff/NewSteelesImages/main/PDFs/SDS/saman-SamaN-Natural-Beeswax-BWA-000-SDS.pdf?raw=true,,SamaN Natural Beeswax Wood Finish and Conditioner - BWA-000=https://raw.githubusercontent.com/kinggoff/NewSteelesImages/main/PDFs/SDS/saman-SamaN-Natural-Beeswax-BWA-000-SDS.pdf?raw=true,,,,940c6d7cab69632f86027ea9cd88f77c878f79f02a7d01dd1ddb81a93f1fc015,1e522d48716f99e0fcf5e7dee24bc394fd09bb9a6b178c0b7d50c69978d8b65e
simple,CanPro TSP Eco Spray,691,CAN-000000692,,"CanPro TSP Eco Spray is an aerosol coating or treatment for the colour, effect or repair task stated in the product name on a compatible prepared surface. Confirm preparation, compatibility, application, coverage and recoat requirements in the current label or technical data sheet. Confirm the exact item and package before ordering.",,Paints > Aerosols,"cleaning treatment, aerosol cleaner, surface preparation chemical, tsp substitute cleaner, tsp cleaner, surface preparation cleaner, degreaser, paint preparation chemical",CanPro,SAMAN,https://raw.githubusercontent.com/kinggoff/NewSteelesImages/main/review-images/CAN-000000692-canpro-tsp-eco-spray.png?raw=true,Image Added,,,,,,,,,,,,,,,c5d2778d07373ff023779428175a032dbc290ef81b5675c998a7a8648b2d3e9d,b466dc7522d3b2021617c9632afa2662e594fe0fb5a04ece6ac4d2a4cb6f135e
simple,Sealking Strip-All,692,SK-000000693,,"Sealking Strip-All from Seal King is a surface-preparation or cleanup product for removing the residue named in the product from compatible materials before refinishing. Confirm preparation, compatibility, application, coverage and recoat requirements in the current label or technical data sheet. Confirm the exact item and package before ordering.",,Paints > Driveway Coatings,"coating remover, paint remover, finish stripper, surface preparation chemical",Seal King,TRITON-,https://raw.githubusercontent.com/kinggoff/NewSteelesImages/main/review-images/SK-000000693-seal-king-strip-all.png?raw=true,Image Added,,,,,,,,,,,,,,,6f5d3f12028d832b2262d8b40a459398fb0fa81c3816ddbc42c06cbc2ac27678,269e402f712f3bf9b193ea0879aa3619593b115f2d38d8fe385be016601d5d4b
simple,Seal King Seal-Grip,693,SK-000000694,,"Seal King Seal-Grip is a sealer or treatment for compatible concrete, asphalt, paving stone or masonry surfaces as indicated by the product name. The final appearance and service performance depend on the substrate, preparation, film build and complete coating system. Confirm preparation, compatibility, application, coverage and recoat requirements in the current label or technical data sheet.",,Paints > Driveway Coatings,"anti-slip additive, coating additive, traction additive, floor coating additive",Seal King,TRITON-,https://raw.githubusercontent.com/kinggoff/NewSteelesImages/main/review-images/SK-000000694-seal-king-seal-grip.png?raw=true,Image Added,,,,,,,,,,,,,,,61068bdec4e40f25158eb343ade4c1f37d16224b57b5a532a7dc2ec055d8a4b0,698b955880f1a667a0f8b26a8e57a996f6d807601f29e233a795a3ccc8af4049
simple,Seal King Rust Remover,694,SK-000000695,,"Seal King Rust Remover is a surface-preparation or cleanup product for removing the residue named in the product from compatible materials before refinishing. Its role is to leave the surface ready for the next repair or coating step without assuming compatibility with every material. Test first, then follow the label for dilution, dwell time, rinsing, ventilation and protective equipment.",,Paints > Driveway Coatings,"rust remover, metal cleaner, surface preparation chemical, corrosion remover",Seal King,TRITON-,https://raw.githubusercontent.com/kinggoff/NewSteelesImages/main/review-images/SK-000000695-seal-king-rust-remover.png?raw=true,Image Added,,,,,,,,,,,,,,,5f7e469f712986632700fae8d138db4366fa061b3d1ccabee0b5090aec04babd,faa12c9300c2b187034cb0fd3218711bc57909527052a6615016f237a82b6b8c
simple,Seal King Paving Stone Sealer Semi,695,SK-000000696,,"Seal King Paving Stone Sealer Semi is a sealer or treatment for compatible concrete, asphalt, paving stone or masonry surfaces as indicated by the product name. Confirm preparation, compatibility, application, coverage and recoat requirements in the current label or technical data sheet. Confirm the exact item and package before ordering.",,Paints > Driveway Coatings,"paver sealer, masonry sealer, protective clear coat, exterior coating",Seal King,TRITON-,https://raw.githubusercontent.com/kinggoff/NewSteelesImages/main/review-images/46-sk-000000696-seal-king-paving-stone-sealer-semi.png?raw=true,Image Added,,,,,,,,,Seal King Paving Stone Sealer Semi Gloss=https://raw.githubusercontent.com/kinggoff/NewSteelesImages/main/PDFs/SDS/seal-king-Seal-King-Paving-Stone-Sealer-Semi-Gloss-SDS.pdf?raw=true,Seal King Paving Stone Sealer - includes Semi Gloss=https://raw.githubusercontent.com/kinggoff/NewSteelesImages/main/PDFs/TDS/seal-king-Seal-King-Paving-Stone-Sealer-TDS.pdf?raw=true,Seal King Paving Stone Sealer Semi Gloss=https://raw.githubusercontent.com/kinggoff/NewSteelesImages/main/PDFs/SDS/seal-king-Seal-King-Paving-Stone-Sealer-Semi-Gloss-SDS.pdf?raw=true,,Seal King Paving Stone Sealer - includes Semi Gloss=https://raw.githubusercontent.com/kinggoff/NewSteelesImages/main/PDFs/TDS/seal-king-Seal-King-Paving-Stone-Sealer-TDS.pdf?raw=true,,49704164f6b3908a9238178d79074da8a9f41bf4abe3e08e18624198f6e3a7ef,a095c465cb9b855ef6418aa9e9b1a5b313139fde7710855fa93d32ff83d9853d
simple,Seal King Oil-Off Degreaser,696,SK-000000697,,"Seal King Oil-Off Degreaser is a surface-preparation or cleanup product for removing the residue named in the product from compatible materials before refinishing. Its role is to leave the surface ready for the next repair or coating step without assuming compatibility with every material. Test first, then follow the label for dilution, dwell time, rinsing, ventilation and protective equipment.",,Paints > Driveway Coatings,"degreaser, oil stain remover, masonry cleaner, surface preparation chemical, heavy-duty cleaner, surface preparation cleaner, concentrated cleaner",Seal King,TRITON-,https://raw.githubusercontent.com/kinggoff/NewSteelesImages/main/review-images/SK-000000697-seal-king-oil-off.png?raw=true,Image Added,,,,,,,,,,,,,,,d7a7241c8fe65b36d019f7967f8b5f86fdf4451f8e98fff4a31511bf01ef0332,80482c9d9a45392542b0fed21c233980990c3cccf0381903edc092189a2e70aa
simple,Seal King Natural Stone Sealer Natural L,697,SK-000000698,,"Seal King Natural Stone Sealer Natural L is a sealer or treatment for compatible concrete, asphalt, paving stone or masonry surfaces as indicated by the product name. Confirm preparation, compatibility, application, coverage and recoat requirements in the current label or technical data sheet. Confirm the exact item and package before ordering.",,Paints > Driveway Coatings,"natural stone sealer, masonry sealer, protective clear coat, exterior coating",Seal King,TRITON-,https://raw.githubusercontent.com/kinggoff/NewSteelesImages/main/review-images/SK-000000698-seal-king-natural-stone-sealer-natural-look.png?raw=true,Images for Review,,,,,,,,,Seal King Natural Stone Sealer Natural Look - SK/NSSN=https://raw.githubusercontent.com/kinggoff/NewSteelesImages/main/PDFs/SDS/seal-king-Seal-King-Natural-Stone-Sealer-Natural-Look-SDS.pdf?raw=true,Seal King Natural Stone Sealer - Natural Look and Colour Enhancer - French=https://raw.githubusercontent.com/kinggoff/NewSteelesImages/main/PDFs/TDS/seal-king-Seal-King-Natural-Stone-Sealer-TDS.pdf?raw=true,Seal King Natural Stone Sealer Natural Look - SK/NSSN=https://raw.githubusercontent.com/kinggoff/NewSteelesImages/main/PDFs/SDS/seal-king-Seal-King-Natural-Stone-Sealer-Natural-Look-SDS.pdf?raw=true,,Seal King Natural Stone Sealer - Natural Look and Colour Enhancer - French=https://raw.githubusercontent.com/kinggoff/NewSteelesImages/main/PDFs/TDS/seal-king-Seal-King-Natural-Stone-Sealer-TDS.pdf?raw=true,,0a15fb1b61ac2c730eecacd64c7b8fdbcdfb93d7aea4b0849fa0866b40e02f22,549a605a65039e91c4d60856b0d99b6ea63641800d7f1ccc0ee1a4cb821d21c8
simple,Seal King Natural Stone Sealer Colour En,698,SK-000000699,,"Seal King Natural Stone Sealer Colour En is a sealer or treatment for compatible concrete, asphalt, paving stone or masonry surfaces as indicated by the product name. Confirm preparation, compatibility, application, coverage and recoat requirements in the current label or technical data sheet. Confirm the exact item and package before ordering.",,Paints > Driveway Coatings,"natural stone sealer, masonry sealer, protective clear coat, exterior coating",Seal King,TRITON-,https://raw.githubusercontent.com/kinggoff/NewSteelesImages/main/review-images/SK-000000699-seal-king-natural-stone-sealer-colour-enhancer.png?raw=true,Image Added,,,,,,,,,Seal King Natural Stone Sealer Colour Enhancer - SK/NSSCE=https://raw.githubusercontent.com/kinggoff/NewSteelesImages/main/PDFs/SDS/seal-king-Seal-King-Natural-Stone-Sealer-Colour-Enhancer-SDS.pdf?raw=true,Seal King Natural Stone Sealer - Natural Look and Colour Enhancer - French=https://raw.githubusercontent.com/kinggoff/NewSteelesImages/main/PDFs/TDS/seal-king-Seal-King-Natural-Stone-Sealer-TDS.pdf?raw=true,Seal King Natural Stone Sealer Colour Enhancer - SK/NSSCE=https://raw.githubusercontent.com/kinggoff/NewSteelesImages/main/PDFs/SDS/seal-king-Seal-King-Natural-Stone-Sealer-Colour-Enhancer-SDS.pdf?raw=true,,Seal King Natural Stone Sealer - Natural Look and Colour Enhancer - French=https://raw.githubusercontent.com/kinggoff/NewSteelesImages/main/PDFs/TDS/seal-king-Seal-King-Natural-Stone-Sealer-TDS.pdf?raw=true,,0a15fb1b61ac2c730eecacd64c7b8fdbcdfb93d7aea4b0849fa0866b40e02f22,a524cb209245a9a5042a102f3fcea1c3bd9893753c24dfdf00e3b237d71eefd4
simple,Seal King Grease Release,699,SK-000000700,,"Seal King Grease Release is a surface-preparation or cleanup product for removing the residue named in the product from compatible materials before refinishing. Confirm preparation, compatibility, application, coverage and recoat requirements in the current label or technical data sheet. Confirm the exact item and package before ordering.",,Paints > Driveway Coatings,"degreaser, oil stain remover, masonry cleaner, surface preparation chemical",Seal King,TRITON-,https://raw.githubusercontent.com/kinggoff/NewSteelesImages/main/review-images/SK-000000700-seal-king-grease-release.png?raw=true,Image Added,,,,,,,,,,,,,,,b4873982d6f3676465b79bb45d95cc3dc447930dbcbaa13543d26b3b2cbe8ea3,34be343ded105973627ae2b2b324fad9ff9df5ff894781466547cd7795a4387e
simple,Seal King Efflorescence Cleane,700,SK-000000701,,"Seal King Efflorescence Cleane is a surface-preparation or cleanup product for removing the residue named in the product from compatible materials before refinishing. Confirm preparation, compatibility, application, coverage and recoat requirements in the current label or technical data sheet. Confirm the exact item and package before ordering.",,Paints > Driveway Coatings,"efflorescence cleaner, masonry cleaner, acidic surface cleaner, surface preparation chemical",Seal King,TRITON-,https://raw.githubusercontent.com/kinggoff/NewSteelesImages/main/review-images/SK-000000701-seal-king-efflorescence-cleaner.png?raw=true,Image Added,,,,,,,,,,,,,,,dc8143bfbae821ffe85d14044870e60b04727bf3d0abd6687ed86de9e79ce9bb,27002e2685d1c8f4e82c1536a5055832e41e7bc5a14e85bd4d982ef1484c48e6
simple,Seal King Easy Strip,701,SK-000000702,,"Seal King Easy Strip is a surface-preparation or cleanup product for removing the residue named in the product from compatible materials before refinishing. Confirm preparation, compatibility, application, coverage and recoat requirements in the current label or technical data sheet. Confirm the exact item and package before ordering.",,Paints > Driveway Coatings,"coating remover, paint remover, finish stripper, surface preparation chemical",Seal King,TRITON-,https://raw.githubusercontent.com/kinggoff/NewSteelesImages/main/review-images/SK-000000702-seal-king-easy-strip.png?raw=true,Image Added,,,,,,,,,,,,,,,4e86ccda8b0ddcf9fba5bc22fcebf3f6d65cf4daf52523a4c7c05c5f55491c7f,3c43687f1cf08dd2debf68183f0869267542b9d72f641d7b445ad7b948fda8cb
simple,Seal King Basement Floor Seale Clear,702,SK-000000703,,"Seal King Basement Floor Seale Clear is a coating formulated for the interior, exterior, specialty or industrial use indicated by its product name and category. Confirm preparation, compatibility, application, coverage and recoat requirements in the current label or technical data sheet. Confirm the exact item and package before ordering.",,Paints > Driveway Coatings,"basement floor sealer, concrete sealer, clear floor coating, protective coating",Seal King,TRITON-,https://raw.githubusercontent.com/kinggoff/NewSteelesImages/main/review-images/47-sk-000000703-seal-king-basement-floor-seale-clear.png?raw=true,Image Added,,,,,,,,,Seal King Basement Floor Sealer Clear - SK/BFS=https://raw.githubusercontent.com/kinggoff/NewSteelesImages/main/PDFs/SDS/seal-king-Seal-King-Basement-Floor-Sealer-Clear-SDS.pdf?raw=true,Seal King Basement Floor Sealer Clear=https://raw.githubusercontent.com/kinggoff/NewSteelesImages/main/PDFs/TDS/seal-king-Seal-King-Basement-Floor-Sealer-Clear-TDS.pdf?raw=true,Seal King Basement Floor Sealer Clear - SK/BFS=https://raw.githubusercontent.com/kinggoff/NewSteelesImages/main/PDFs/SDS/seal-king-Seal-King-Basement-Floor-Sealer-Clear-SDS.pdf?raw=true,,Seal King Basement Floor Sealer Clear=https://raw.githubusercontent.com/kinggoff/NewSteelesImages/main/PDFs/TDS/seal-king-Seal-King-Basement-Floor-Sealer-Clear-TDS.pdf?raw=true,,ca9faddbddf676a282c0f1638f05b02b3257a230aa435a191df1e15d4ab2d20e,2ca608bb5d55e5dabc66824b694407839db6deec9850fd7e1a47d612dc8c8423
simple,Allpro Spray Can Fire Engine Red,703,AP-000000704,,"Allpro Spray Can Fire Engine Red is an aerosol coating or treatment for the colour, effect or repair task stated in the product name on a compatible prepared surface. Confirm preparation, compatibility, application, coverage and recoat requirements in the current label or technical data sheet. Confirm the exact item and package before ordering.",,Paints > Aerosols,"spray paint, aerosol paint, specialty coating, decorative coating",AllPro,CANPRO,https://raw.githubusercontent.com/kinggoff/NewSteelesImages/main/review-images/AP-000000704-allpro-spray-fire-engine-red.png?raw=true,Image Added,,,,,,,,,ALLPRO Spray Enamel Fire Engine Red - 11051=https://raw.githubusercontent.com/kinggoff/NewSteelesImages/main/PDFs/SDS/allpro-ALLPRO-Spray-Enamel-Fire-Engine-Red-11051-SDS.pdf?raw=true,ALLPRO Spray Enamel 11050-11068 - includes 11051 Fire Engine Red=https://raw.githubusercontent.com/kinggoff/NewSteelesImages/main/PDFs/TDS/allpro-ALLPRO-Spray-Enamel-11050-11068-TDS.pdf?raw=true,ALLPRO Spray Enamel Fire Engine Red - 11051=https://raw.githubusercontent.com/kinggoff/NewSteelesImages/main/PDFs/SDS/allpro-ALLPRO-Spray-Enamel-Fire-Engine-Red-11051-SDS.pdf?raw=true,,ALLPRO Spray Enamel 11050-11068 - includes 11051 Fire Engine Red=https://raw.githubusercontent.com/kinggoff/NewSteelesImages/main/PDFs/TDS/allpro-ALLPRO-Spray-Enamel-11050-11068-TDS.pdf?raw=true,,74762dd0a45205fa575aac02616e32581efb606e2e1223405825c4e17d52e60b,d6c14549651dc3e5d77ca5cb82f42190409f3fc5d282a68b3f99ea5b56a9b1bb
simple,Frog Tape Pro Grade Blue,704,FT-000000705,,"Frog Tape Pro Grade Blue from FrogTape is a masking or project tape for defining paint lines, securing protection or joining compatible materials during preparation and finishing work. Review the listed format and current manufacturer instructions to confirm compatibility, safe use, cleaning and storage for the intended job.",,Painting Tools & Accessories > Tools,"masking tape, painter's tape, pressure-sensitive tape, painting accessory",FrogTape,SHURTAP,https://raw.githubusercontent.com/kinggoff/NewSteelesImages/main/review-images/48-ft-000000705-frog-tape-pro-grade-blue.png?raw=true,Image Added,,,,,,,,,,,,,,,5ec79e7087b3170bb7de01096f024d5152e521c6e47c084cf60efa3e8e3e5a66,a4b4ec3459f75748dbc480b3369953743cc6a704f091a15efc8f7eb53c744ca6
simple,"FrogTape Delicate Surface Painter's Tape 1 1/2""",705,FT-000000706,,"FrogTape Delicate Surface Painter's Tape 1 1/2"" is a masking or project tape for defining paint lines, securing protection or joining compatible materials during preparation and finishing work. Review the listed format and current manufacturer instructions to confirm compatibility, safe use, cleaning and storage for the intended job.",,Painting Tools & Accessories > Tools,"masking tape, painter's tape, pressure-sensitive tape, painting accessory, delicate-surface masking tape",FrogTape,SHURTAP,https://raw.githubusercontent.com/kinggoff/NewSteelesImages/main/review-images/FT-000000706-frogtape-delicate-surface-1-5in.png?raw=true,Images for Review,,,,,,,,,,,,,,,6a020c4a5ae0fa04159e1068634e27bdede067f511307389538baaaf92d4ea6b,1f642f70434dc0a670d481c709d1b65d07e17ae1d0870033bd46dcbe9561851e
simple,"FrogTape Advanced Painter's Tape 1 1/2""",706,FT-000000707,,"FrogTape Advanced Painter's Tape 1 1/2"" is a masking or project tape for defining paint lines, securing protection or joining compatible materials during preparation and finishing work. Review the listed format and current manufacturer instructions to confirm compatibility, safe use, cleaning and storage for the intended job.",,Painting Tools & Accessories > Tools,"masking tape, painter's tape, pressure-sensitive tape, painting accessory",FrogTape,SHURTAP,https://raw.githubusercontent.com/kinggoff/NewSteelesImages/main/review-images/FT-000000707-frogtape-advanced-1-5in.png?raw=true,Images for Review,,,,,,,,,,,,,,,9bce3a5e2840db2e73b6123a853ce4691426c350311d4af467697de49ac0516f,87f34c1b66a4416d7147dd1c74634bc55f96ac4f1681e63de9fd4c3fc26ec864
simple,Frog Tape,707,FT-000000708,,"Frog Tape from FrogTape is a masking or project tape for defining paint lines, securing protection or joining compatible materials during preparation and finishing work. Review the listed format and current manufacturer instructions to confirm compatibility, safe use, cleaning and storage for the intended job.",,Painting Tools & Accessories > Tools,"masking tape, painter's tape, pressure-sensitive tape, painting accessory",FrogTape,SHURTAP,https://raw.githubusercontent.com/kinggoff/NewSteelesImages/main/review-images/FT-000000708-frogtape-multi-surface.png?raw=true,Image Added,,,,,,,,,,,,,,,fcf1a6c10e60a0f4286f3da548464bb5b59dd29d491562d836a38c2cb939fa55,3ff7569cc8fb8c164673228e0a09261b8f5ff982de32757795d4e6072e0f9e0c
simple,"Shurtape Green Masking Tape 1 1/2""",708,FT-000000709,,"Shurtape Green Masking Tape 1 1/2"" from FrogTape is a masking or project tape for defining paint lines, securing protection or joining compatible materials during preparation and finishing work. Review the listed format and current manufacturer instructions to confirm compatibility, safe use, cleaning and storage for the intended job.",,Painting Tools & Accessories > Tools,"masking tape, painter's tape, pressure-sensitive tape, painting accessory",FrogTape,SHURTAP,https://raw.githubusercontent.com/kinggoff/NewSteelesImages/main/review-images/FT-000000709-shurtape-green-masking-tape.png?raw=true,Images for Review,,,,,,,,,,,,,,,a34b59377b7f93468e9e34f0d8311c720659fb762efdad209d0af039ded17ba9,feb2ad8cd02671166daec1463885479bc63854b9beff76f314a0247de83a5e3d
simple,Siafast Disc 8 Hole 100 Grit,709,SIA-000000710,,"Siafast Disc 8 Hole 100 Grit is an abrasive product for levelling, smoothing or keying surfaces during staged preparation; the stated grit determines how aggressively it cuts. Review the listed format and current manufacturer instructions to confirm compatibility, safe use, cleaning and storage for the intended job.",,Painting Tools & Accessories > Paint Prep & Repairs,"sandpaper, coated abrasive, surface preparation abrasive, sanding material",Sia,SIA,https://raw.githubusercontent.com/kinggoff/NewSteelesImages/main/review-images/SIA-000000710-siafast-8-hole-100-grit.png?raw=true,Images for Review,,,,,,,,,,,,,,,abf1a4b0d5173b26e66d67ef2d4fff0f199f345f709b38fc384c387971c9e4b5,28b30216df6b044b16f58ac648e321215c31069fda08a19fba99b9e2a3fc0e52
simple,"Sia Soft Roll 3 1/2"" x 11 yd - 100 Grit",710,SIA-000000711,,"Sia Soft Roll 3 1/2"" x 11 yd - 100 Grit is an abrasive product for levelling, smoothing or keying surfaces during staged preparation; the stated grit determines how aggressively it cuts. Review the listed format and current manufacturer instructions to confirm compatibility, safe use, cleaning and storage for the intended job.",,Painting Tools & Accessories > Paint Prep & Repairs,"sandpaper, coated abrasive, surface preparation abrasive, sanding material",Sia,SIA,https://raw.githubusercontent.com/kinggoff/NewSteelesImages/main/review-images/SIA-000000711-siasoft-roll-100-grit.png?raw=true,Images for Review,,,,,,,,,,,,,,,5e833c657e75480500da1d54859e36b6226a98e8675a1a46132236b4208eb3e1,400791eb23db9be3d0ca6791687eb170a7d04111588b39c87fb78df55b007f85
simple,Sikkens Srd 005 Natural Oak,711,SIK-000000712,,"Sikkens Srd 005 Natural Oak is a wood-finishing product for colouring, conditioning or protecting the compatible interior or exterior wood surface named in the product. Confirm preparation, compatibility, application, coverage and recoat requirements in the current label or technical data sheet. Confirm the exact item and package before ordering.",,Paints > Stains & Varnishes,"exterior wood stain, penetrating wood finish, wood stain, exterior wood finish",Sikkens,PAR03-S,https://raw.githubusercontent.com/kinggoff/NewSteelesImages/main/review-images/SIK-000000712-sikkens-srd-005-natural-oak.png?raw=true,Images for Review,,,,,,,,,PPG ProLuxe SRD RE Natural Oak 005 - SIK250-005/01=https://raw.githubusercontent.com/kinggoff/NewSteelesImages/main/PDFs/SDS/sikkens-PPG-ProLuxe-SRD-RE-Natural-Oak-005-SDS.pdf?raw=true,PPG ProLuxe SRD RE Natural Oak 005 - SIK250-005/01=https://raw.githubusercontent.com/kinggoff/NewSteelesImages/main/PDFs/TDS/sikkens-PPG-ProLuxe-SRD-RE-Natural-Oak-005-TDS.pdf?raw=true,PPG ProLuxe SRD RE Natural Oak 005 - SIK250-005/01=https://raw.githubusercontent.com/kinggoff/NewSteelesImages/main/PDFs/SDS/sikkens-PPG-ProLuxe-SRD-RE-Natural-Oak-005-SDS.pdf?raw=true,,PPG ProLuxe SRD RE Natural Oak 005 - SIK250-005/01=https://raw.githubusercontent.com/kinggoff/NewSteelesImages/main/PDFs/TDS/sikkens-PPG-ProLuxe-SRD-RE-Natural-Oak-005-TDS.pdf?raw=true,,70cc69b8848d6bb6ba044e774c0eda6365b0a720ae40e9a0edeed1a4fe85e8bf,26baf41d41958ec6fe70da1b397ab21c298288e55880b35c6cb34c2318722c00
simple,Sikkens Cetol Dek Finish Cedar 077,712,SIK-000000713,,"Sikkens Cetol Dek Finish Cedar 077 is a wood-finishing product for colouring, conditioning or protecting the compatible interior or exterior wood surface named in the product. Confirm preparation, compatibility, application, coverage and recoat requirements in the current label or technical data sheet.",,Paints > Stains & Varnishes,"exterior wood stain, penetrating wood finish, wood stain, exterior wood finish",Sikkens,PAR03-S,https://raw.githubusercontent.com/kinggoff/NewSteelesImages/main/review-images/SIK-000000713-sikkens-cetol-dek-cedar-077.png?raw=true,Images for Review,,,,,,,,,PPG ProLuxe Premium Deck Cedar 077 - SIK44077/01=https://raw.githubusercontent.com/kinggoff/NewSteelesImages/main/PDFs/SDS/sikkens-PPG-ProLuxe-Premium-Deck-Cedar-077-SDS.pdf?raw=true,PPG ProLuxe Premium Deck Cedar 077 - SIK44077/01=https://raw.githubusercontent.com/kinggoff/NewSteelesImages/main/PDFs/TDS/sikkens-PPG-ProLuxe-Premium-Deck-Cedar-077-TDS.pdf?raw=true,PPG ProLuxe Premium Deck Cedar 077 - SIK44077/01=https://raw.githubusercontent.com/kinggoff/NewSteelesImages/main/PDFs/SDS/sikkens-PPG-ProLuxe-Premium-Deck-Cedar-077-SDS.pdf?raw=true,,PPG ProLuxe Premium Deck Cedar 077 - SIK44077/01=https://raw.githubusercontent.com/kinggoff/NewSteelesImages/main/PDFs/TDS/sikkens-PPG-ProLuxe-Premium-Deck-Cedar-077-TDS.pdf?raw=true,,8fe73b5a73f40f91f75986653913fb2c41b022cbade731f2c4691a6ef27281da,87e5c6bf5263b14a5419df30eab83af97238ec453161efd81c154f9ccb3a8c99
simple,Cetol Door+Window Satin Colorless,713,SIK-000000714,,"Cetol Door+Window Satin Colorless from Sikkens is a wood-finishing product for colouring, conditioning or protecting the compatible interior or exterior wood surface named in the product. Confirm preparation, compatibility, application, coverage and recoat requirements in the current label or technical data sheet.",,Paints > Stains & Varnishes,"exterior wood stain, penetrating wood finish, wood stain, exterior wood finish",Sikkens,PAR03-S,https://raw.githubusercontent.com/kinggoff/NewSteelesImages/main/review-images/SIK-000000714-cetol-door-window-satin-colorless.png?raw=true,Image Added,,,,,,,,,PPG ProLuxe Door & Window Satin Colorless - SIK48003/01=https://raw.githubusercontent.com/kinggoff/NewSteelesImages/main/PDFs/SDS/sikkens-PPG-ProLuxe-Door-Window-Satin-Colorless-SDS.pdf?raw=true,PPG ProLuxe Door & Window Satin Colorless - SIK48003/01=https://raw.githubusercontent.com/kinggoff/NewSteelesImages/main/PDFs/TDS/sikkens-PPG-ProLuxe-Door-Window-Satin-Colorless-TDS.pdf?raw=true,PPG ProLuxe Door & Window Satin Colorless - SIK48003/01=https://raw.githubusercontent.com/kinggoff/NewSteelesImages/main/PDFs/SDS/sikkens-PPG-ProLuxe-Door-Window-Satin-Colorless-SDS.pdf?raw=true,,PPG ProLuxe Door & Window Satin Colorless - SIK48003/01=https://raw.githubusercontent.com/kinggoff/NewSteelesImages/main/PDFs/TDS/sikkens-PPG-ProLuxe-Door-Window-Satin-Colorless-TDS.pdf?raw=true,,abb7f4034bfbe99ad62ce06e4b882f77990f68d0b837d5031934cdc32d214cff,926a72a1e1fedaccfd0fb7b1318e8caa143e1e6ee0d182723f6e805f498bc205
simple,Cetol 23 005 Natural Oak,714,SIK-000000715,,"Cetol 23 005 Natural Oak from Sikkens is a wood-finishing product for colouring, conditioning or protecting the compatible interior or exterior wood surface named in the product. Confirm preparation, compatibility, application, coverage and recoat requirements in the current label or technical data sheet.",,Paints > Stains & Varnishes,"exterior wood stain, penetrating wood finish, wood stain, exterior wood finish",Sikkens,PAR03-S,https://raw.githubusercontent.com/kinggoff/NewSteelesImages/main/review-images/SIK-000000715-cetol-23-005-natural-oak.png?raw=true,Images for Review,,,,,,,,,PPG ProLuxe 23 Top Coat RE Natural Oak 005 - SIK43005/01=https://raw.githubusercontent.com/kinggoff/NewSteelesImages/main/PDFs/SDS/sikkens-PPG-ProLuxe-23-Top-Coat-RE-Natural-Oak-005-SDS.pdf?raw=true,PPG ProLuxe 23 Top Coat RE Natural Oak 005 - SIK43005/01=https://raw.githubusercontent.com/kinggoff/NewSteelesImages/main/PDFs/TDS/sikkens-PPG-ProLuxe-23-Top-Coat-RE-Natural-Oak-005-TDS.pdf?raw=true,PPG ProLuxe 23 Top Coat RE Natural Oak 005 - SIK43005/01=https://raw.githubusercontent.com/kinggoff/NewSteelesImages/main/PDFs/SDS/sikkens-PPG-ProLuxe-23-Top-Coat-RE-Natural-Oak-005-SDS.pdf?raw=true,,PPG ProLuxe 23 Top Coat RE Natural Oak 005 - SIK43005/01=https://raw.githubusercontent.com/kinggoff/NewSteelesImages/main/PDFs/TDS/sikkens-PPG-ProLuxe-23-Top-Coat-RE-Natural-Oak-005-TDS.pdf?raw=true,,68607d0356b067c3863259012a2dead6b8fcd0d842591944f69162238b7e88ec,b31f151980bc6938f9edb26270c4849ad3fdb817f18084352f388a8713a87d41
simple,Cetol 1 005 Natural Oak,715,SIK-000000716,,"Cetol 1 005 Natural Oak from Sikkens is a wood-finishing product for colouring, conditioning or protecting the compatible interior or exterior wood surface named in the product. Confirm preparation, compatibility, application, coverage and recoat requirements in the current label or technical data sheet.",,Paints > Stains & Varnishes,"exterior wood stain, penetrating wood finish, wood stain, exterior wood finish",Sikkens,PAR03-S,https://raw.githubusercontent.com/kinggoff/NewSteelesImages/main/review-images/SIK-000000716-cetol-1-005-natural-oak.png?raw=true,Images for Review,,,,,,,,,PPG ProLuxe 1 Primary Coat RE Natural Oak 005 - SIK41005/01=https://raw.githubusercontent.com/kinggoff/NewSteelesImages/main/PDFs/SDS/sikkens-PPG-ProLuxe-1-Primary-Coat-RE-Natural-Oak-005-SDS.pdf?raw=true,PPG ProLuxe 1 Primary Coat RE Natural Oak 005 - SIK41005/01=https://raw.githubusercontent.com/kinggoff/NewSteelesImages/main/PDFs/TDS/sikkens-PPG-ProLuxe-1-Primary-Coat-RE-Natural-Oak-005-TDS.pdf?raw=true,PPG ProLuxe 1 Primary Coat RE Natural Oak 005 - SIK41005/01=https://raw.githubusercontent.com/kinggoff/NewSteelesImages/main/PDFs/SDS/sikkens-PPG-ProLuxe-1-Primary-Coat-RE-Natural-Oak-005-SDS.pdf?raw=true,,PPG ProLuxe 1 Primary Coat RE Natural Oak 005 - SIK41005/01=https://raw.githubusercontent.com/kinggoff/NewSteelesImages/main/PDFs/TDS/sikkens-PPG-ProLuxe-1-Primary-Coat-RE-Natural-Oak-005-TDS.pdf?raw=true,,2392fcd263a645eeecfd44551ed92919004636726eafcfcf5ec2df6b6588ca79,4a1fc466ea6014ee6146e64f418e4a8ff9033bd50b00cf061d48eb13351dd3cb
simple,Smark Dry Erase Paint Clear 200 Sq Ft,716,SIM-000000717,,"Smark Dry Erase Paint Clear 200 Sq Ft from Simiron is a coating formulated for the interior, exterior, specialty or industrial use indicated by its product name and category. Confirm preparation, compatibility, application, coverage and recoat requirements in the current label or technical data sheet.",,Paints > Specialty Paints,"dry erase coating, whiteboard paint, clear specialty coating, two-part coating",Simiron,CANPRO,https://raw.githubusercontent.com/kinggoff/NewSteelesImages/main/review-images/SIM-000000717-smark-dry-erase-clear-200sqft.png?raw=true,Image Added,,,,,,,,,Simiron Smark Fill Me Base component=https://raw.githubusercontent.com/kinggoff/NewSteelesImages/main/PDFs/SDS/simiron-Simiron-Smark-Fill-Me-Base-SDS.pdf?raw=true|Simiron Smark Pour Me Activator component=https://raw.githubusercontent.com/kinggoff/NewSteelesImages/main/PDFs/SDS/simiron-Simiron-Smark-Pour-Me-Activator-SDS.pdf?raw=true,Simiron Smark Clear Dry Erase Paint - includes 200 sq. ft. kit 40002930=https://raw.githubusercontent.com/kinggoff/NewSteelesImages/main/PDFs/TDS/simiron-Simiron-Smark-Clear-Dry-Erase-Paint-TDS.pdf?raw=true,Simiron Smark Fill Me Base component=https://raw.githubusercontent.com/kinggoff/NewSteelesImages/main/PDFs/SDS/simiron-Simiron-Smark-Fill-Me-Base-SDS.pdf?raw=true|Simiron Smark Pour Me Activator component=https://raw.githubusercontent.com/kinggoff/NewSteelesImages/main/PDFs/SDS/simiron-Simiron-Smark-Pour-Me-Activator-SDS.pdf?raw=true,,Simiron Smark Clear Dry Erase Paint - includes 200 sq. ft. kit 40002930=https://raw.githubusercontent.com/kinggoff/NewSteelesImages/main/PDFs/TDS/simiron-Simiron-Smark-Clear-Dry-Erase-Paint-TDS.pdf?raw=true,,15c3a9dd4da076499fbf85d5a14f485603ec70e8669396b93f859c3b479db4b1,5c8e27f6a952c6088281549cacdde0f83bbaabfdf6d957e24c5e94b4c7a26e14
simple,Sioux Orbital Sander Velcro,717,SIO-000000718,,"Sioux Orbital Sander Velcro is a powered sander for controlled surface preparation using the compatible abrasive format and grit specified for the task. Match it to the surface, work progressively, and use suitable eye, hand and respiratory protection for the material being removed. Confirm the exact item and package before ordering.",,Painting Tools & Accessories > Tools,"power sander, orbital sander, surface preparation tool, power tool",Sioux,UFS01,https://raw.githubusercontent.com/kinggoff/NewSteelesImages/main/review-images/SIO-000000718-sioux-orbital-sander-velcro.png?raw=true,Images for Review,,,,,,,,,,,,,,,fc04405a48d197bc34b0bc10d4c70215a6b95db7ffb25f795abc8e37bf0ea917,b14f70df53d4c88ae8e1537b3bbc80666c33c6004fbbd090bebdd886db1bcf08
simple,Sioux Orbital Sander,718,SIO-000000719,,"Sioux Orbital Sander is a powered sander for controlled surface preparation using the compatible abrasive format and grit specified for the task. Match it to the surface, work progressively, and use suitable eye, hand and respiratory protection for the material being removed. Confirm the exact item and package before ordering.",,Painting Tools & Accessories > Tools,"power sander, orbital sander, surface preparation tool, power tool",Sioux,UFS01,https://raw.githubusercontent.com/kinggoff/NewSteelesImages/main/review-images/SIO-000000719-sioux-orbital-sander.png?raw=true,Images for Review,,,,,,,,,,,,,,,a34cbb26da305f10b24dde1d27ebee20620b3274ab58fab363da2ec52f1dc125,e4cb5a91731d87dc500165dfd60b80e019b0139dfb0d7d308f16fcec3a3a5c33
simple,Sunshield C-Tone,719,SUN-000000720,,"Sunshield C-Tone is a wood-finishing product for colouring, conditioning or protecting the compatible interior or exterior wood surface named in the product. Confirm preparation, compatibility, application, coverage and recoat requirements in the current label or technical data sheet. Confirm the exact item and package before ordering.",,Paints > Stains & Varnishes,"exterior wood stain, penetrating wood finish, tinted wood finish, wood preservative",SunShield,SUN01-S,https://raw.githubusercontent.com/kinggoff/NewSteelesImages/main/review-images/SUN-000000720-sunshield-c-tone.png?raw=true,Images for Review,,,,,,,,,,,,,,,a2c1b07fc28ec187cd1a9bdf825ea5349edb00cc586a53c652ffa069f85b0e34,57469206fc72e04e5c514333cbc8eac5055f7ff6e86b71496eaa4f615a7bd163
simple,Sunshield Clear,720,SUN-000000721,,"Sunshield Clear is a wood-finishing product for colouring, conditioning or protecting the compatible interior or exterior wood surface named in the product. Confirm preparation, compatibility, application, coverage and recoat requirements in the current label or technical data sheet. Confirm the exact item and package before ordering.",,Paints > Stains & Varnishes,"clear wood finish, exterior wood finish, penetrating wood finish, wood preservative",SunShield,SUN01-S,https://raw.githubusercontent.com/kinggoff/NewSteelesImages/main/review-images/SUN-000000721-sunshield-clear.png?raw=true,Images for Review,,,,,,,,,,,,,,,a2c1b07fc28ec187cd1a9bdf825ea5349edb00cc586a53c652ffa069f85b0e34,d59db9de4c2d2c5f370e1f1470cea155b94fd757881164ee894aff62fdfecde1
simple,Simms Tray Arm,721,SIM-000000722,,"Simms Tray Arm is a reusable roller frame or handle for mounting a compatible cover and applying paint to the intended surface area. Selection should be based on the specific task, material, working conditions and compatible products in the complete system. Choose the listed size for the surface and coating, then clean or dispose of the applicator according to current product guidance.",,Painting Tools & Accessories > Tools,"paint tray arm, roller tray support, paint tray accessory, painting tool",Simms,SIMMS,https://raw.githubusercontent.com/kinggoff/NewSteelesImages/main/review-images/SIM-000000722-simms-tray-arm.png?raw=true,Image Added,,,,,,,,,,,,,,,03afa4b7943b64c959244790983bd2a238b86ac531dca94b3145b7f38d2b8b35,7fda64431eef173257b441c08f8de67c5d653f5ec5f2eeb0ec8b9aeb36acf9da
simple,"Gold Leaf 6.5"" x 6.5"" Box of 10,000",722,TGL-000000723,,"Gold Leaf 6.5"" x 6.5"" Box of 10,000 from The Gold Leaf Company is a decorative gilding material or system component for creating metallic leaf finishes on compatible prepared surfaces. Confirm preparation, compatibility, application, coverage and recoat requirements in the current label or technical data sheet.",,Specialty & Decorative Products > Gold Leaf,"gold leaf, metal leaf, gilding material, decorative finish",The Gold Leaf Company,GOLDLEAF,https://raw.githubusercontent.com/kinggoff/NewSteelesImages/main/review-images/TGL-000000723-gold-leaf-box-10000.png?raw=true,Images for Review,,,,,,,,,,,,,,,e70c44001d45741dc953c1c3848d9f4621ef3958cd51da2b4223e49c665d405a,09c09ae782a011e20777d6de1a0dd4acdae145485ca00bb853eb3ce25eade145
simple,Wagner Furno Heat Gun,723,TIT-000000724,,"Wagner Furno Heat Gun from Titan is an electric heat gun for controlled heating tasks such as softening coatings, removing labels and assisting other compatible repair work. Confirm model compatibility and pressure rating, then follow the equipment manual for setup, flushing, maintenance and safe operation.",,Spray Equipment Sales & Service > Titan,"heat gun, paint stripping tool, power tool, hot-air tool",Titan,TIT01-S,https://raw.githubusercontent.com/kinggoff/NewSteelesImages/main/review-images/TIT-000000724-wagner-furno-heat-gun.png?raw=true,Images for Review,,,,,,,,,,,,,,,6fa678d09be606737b7c306b890c3419df7f73c8d070ece4298325ce790f650d,a1d26996c2b4ec767afaacce01dde78e19a36eb93fccbeccc8763b5d062e441f
simple,Titan Synergy Fine Finish Tip,724,TIT-000000725,,"Titan Synergy Fine Finish Tip is an airless spray tip that controls fan width and material flow; the exact tip size must be matched to the coating, sprayer and desired finish. Confirm model compatibility and pressure rating, then follow the equipment manual for setup, flushing, maintenance and safe operation.",,Spray Equipment Sales & Service > Titan,"airless spray tip, sprayer nozzle, paint sprayer accessory, coating application part",Titan,TIT01-S,https://raw.githubusercontent.com/kinggoff/NewSteelesImages/main/review-images/49-tit-000000725-titan-synergy-fine-finish-tip.png?raw=true,Image Added,,,,,,,,,,,,,,,41e3b1ac150a7811c340f9a552793abd3f37a3ea52d00a87a9a2b59530600cbd,7730335289a14fb74ef4d4a4d9da8c6a54b85aa9ad214e014fcbe697896a1bc4
simple,Titan Sc-6 Plus Red Tip,725,TIT-000000726,,"Titan Sc-6 Plus Red Tip is an airless spray tip that controls fan width and material flow; the exact tip size must be matched to the coating, sprayer and desired finish. Confirm model compatibility and pressure rating, then follow the equipment manual for setup, flushing, maintenance and safe operation.",,Spray Equipment Sales & Service > Titan,"airless spray tip, sprayer nozzle, paint sprayer accessory, coating application part",Titan,TIT01-S,https://raw.githubusercontent.com/kinggoff/NewSteelesImages/main/review-images/50-tit-000000726-titan-sc-6-plus-red-tip.png?raw=true,Image Added,,,,,,,,,,,,,,,3564603dcfdd779b72c1a4089753f4d0abf4f5118b1555e24226aebb3974fdf9,e841fd9e3e7b058125368ef8960b617c23a6a475090aec90a20359b031d1f862
simple,Titan Rx-80 2 Finger W/Tr2,726,TIT-000000727,,"Titan Rx-80 2 Finger W/Tr2 is a paint-spray gun or gun package for delivering compatible coatings through the specified spray system. Selection should be based on the specific task, material, working conditions and compatible products in the complete system. Confirm model compatibility and pressure rating, then follow the equipment manual for setup, flushing, maintenance and safe operation.",,Spray Equipment Sales & Service > Titan,"airless spray gun, paint spray gun, coating application equipment, professional spray equipment",Titan,TIT01-S,https://raw.githubusercontent.com/kinggoff/NewSteelesImages/main/review-images/TIT-000000727-titan-rx80-2-finger.png?raw=true,Images for Review,,,,,,,,,,,,,,,e054975f23e6f702e982542dcd912ec46fc99858111ae012b54b2ee85cec0993,9574471ce1fcb556f538993ace84099cabe87c268ac3b3a95e78b2435bfb405b
simple,Titan Piston Lube Qt,727,TIT-000000728,,"Titan Piston Lube Qt is a maintenance lubricant for compatible airless sprayer piston and packing assemblies. Selection should be based on the specific task, material, working conditions and compatible products in the complete system. Confirm model compatibility and pressure rating, then follow the equipment manual for setup, flushing, maintenance and safe operation.",,Spray Equipment Sales & Service > Titan,"sprayer lubricant, pump lubricant, paint sprayer maintenance product, equipment lubricant",Titan,TIT01-S,https://raw.githubusercontent.com/kinggoff/NewSteelesImages/main/review-images/TIT-000000728-titan-piston-lube-quart.png?raw=true,Image Added,,,,,,,,,,,,,,,f8237a15ea05825529e0504d27943321e53d3adb3d2e43538864e36fc311bc73,e1c73964f9a9fdd80e73cd782655669df3b5ef28ee81215cb4a5e97db5b1462c
simple,Titan Piston Lube,728,TIT-000000729,,"Titan Piston Lube is a maintenance lubricant for compatible airless sprayer piston and packing assemblies. Selection should be based on the specific task, material, working conditions and compatible products in the complete system. Confirm model compatibility and pressure rating, then follow the equipment manual for setup, flushing, maintenance and safe operation.",,Spray Equipment Sales & Service > Titan,"sprayer lubricant, pump lubricant, paint sprayer maintenance product, equipment lubricant",Titan,TIT01-S,https://raw.githubusercontent.com/kinggoff/NewSteelesImages/main/review-images/TIT-000000729-titan-piston-lube.png?raw=true,Image Added,,,,,,,,,,,,,,,a467a39ce732aaa969ad9dff9ae67452041a6b21b9e78bbef31aaf5b78d8ce46,aa2e15cffa32f29d2cd2c1935d1d1d29fab96a30c83248743a150a7c2c5bc9aa
simple,Titan Impact X440 Airless,729,TIT-000000730,,"Titan Impact X440 Airless is a professional paint-spray system for applying compatible architectural or finishing coatings; capacity and setup should be matched to the material and project. Confirm model compatibility and pressure rating, then follow the equipment manual for setup, flushing, maintenance and safe operation.",,Spray Equipment Sales & Service > Titan,"paint sprayer, airless paint sprayer, coating application equipment, professional spray equipment",Titan,TIT01-S,https://raw.githubusercontent.com/kinggoff/NewSteelesImages/main/review-images/51-tit-000000730-titan-impact-x440-airless.png?raw=true,Image Added,,,,,,,,,,,,,,,bd12bf18706bb882929b54837fc8a62bd4ee020f92a3a22ddfa5f917fe390de4,137d4de3ce2ec9028ff7e06ea9402b69d2920e7ca7b26defebf2ff60b5679f14
simple,Titan Impact X 120 Backpack,730,TIT-000000731,,"Titan Impact X 120 Backpack is a backpack paint-sprayer system that carries the coating supply for mobile airless application with compatible Titan equipment. Confirm model compatibility and pressure rating, then follow the equipment manual for setup, flushing, maintenance and safe operation. Confirm the exact item and package before ordering.",,Spray Equipment Sales & Service > Titan,"backpack paint sprayer, airless paint sprayer, portable spray system, coating application equipment",Titan,TIT01-S,https://raw.githubusercontent.com/kinggoff/NewSteelesImages/main/review-images/52-tit-000000731-titan-impact-x-120-backpack.png?raw=true,Image Added,,,,,,,,,,,,,,,9ea6d6b88ac19e7e891374193cb5a00753b830ba0bd09ab12c58149aeae3b38c,26df8a5d9478d1fa2536c1ecb7478ddecdc9aab55344166c76509b7ddee3e11c
simple,Titan Hea Tips,731,TIT-000000732,,"Titan Hea Tips is an airless spray tip that controls fan width and material flow; the exact tip size must be matched to the coating, sprayer and desired finish. Confirm model compatibility and pressure rating, then follow the equipment manual for setup, flushing, maintenance and safe operation. Confirm the exact item and package before ordering.",,Spray Equipment Sales & Service > Titan,"airless spray tip, sprayer nozzle, paint sprayer accessory, coating application part",Titan,TIT01-S,https://raw.githubusercontent.com/kinggoff/NewSteelesImages/main/review-images/TIT-000000732-titan-hea-tips.png?raw=true,Images for Review,,,,,,,,,,,,,,,a635506022f2134d6ea7a15e926ff31303d9ee119d9d3db4f572db202259f5c6,cd443f86fa1d663826941d60c66d7aea46b26f8ede3bec888bfd1f4e743681e1
simple,Titan Gun Extension,732,TIT-000000733,,"Titan Gun Extension is a spray-gun extension for reaching ceilings, walls and other elevated or recessed areas with compatible airless equipment. Confirm model compatibility and pressure rating, then follow the equipment manual for setup, flushing, maintenance and safe operation. Confirm the exact item and package before ordering.",,Spray Equipment Sales & Service > Titan,"spray gun extension, paint sprayer accessory, extension wand, coating application part",Titan,TIT01-S,https://raw.githubusercontent.com/kinggoff/NewSteelesImages/main/review-images/53-tit-000000733-titan-gun-extension.png?raw=true,Image Added,,,,,,,,,,,,,,,84e528266d77df6376e845c84cdada0805ac0343f5daa05088c8cc910ccb0215,1ae58e9d93c137b789443c046e5367af67f94c09b9d2e91e9b9031f56fba9d55
simple,Titan 640I Impact Skid,733,TIT-000000734,,"Titan 640I Impact Skid is a professional skid-mounted airless paint sprayer for applying compatible architectural coatings. Selection should be based on the specific task, material, working conditions and compatible products in the complete system. Confirm model compatibility and pressure rating, then follow the equipment manual for setup, flushing, maintenance and safe operation.",,Spray Equipment Sales & Service > Titan,"skid-mounted paint sprayer, airless paint sprayer, professional spray system, coating application equipment",Titan,TIT01-S,https://raw.githubusercontent.com/kinggoff/NewSteelesImages/main/review-images/54-tit-000000734-titan-640i-impact-skid.png?raw=true,Image Added,,,,,,,,,,,,,,,476ea5310fe148b2aec8b0ac364894cdbda375a72cc8621e322695cce17825f7,e06f5ff335bc958ead87bfd61112b18ba612c7aa23314d399051b22417a6cd1e
simple,Titan Airless Hose,734,TIT-000000735,,"Titan Airless Hose is a high-pressure hose for connecting compatible airless spray equipment to the gun while carrying coating material under operating pressure. Confirm model compatibility and pressure rating, then follow the equipment manual for setup, flushing, maintenance and safe operation. Confirm the exact item and package before ordering.",,Spray Equipment Sales & Service > Titan,"airless spray hose, paint sprayer hose, high-pressure hose, spray equipment accessory",Titan,TIT01-S,https://raw.githubusercontent.com/kinggoff/NewSteelesImages/main/review-images/TIT-000000735-titan-airless-hose.png?raw=true,Image Added,,,,,,,,,,,,,,,a97018960705610e5ee151b2298d662e3a5bd213bb28706f0341ed738a61a6f2,43037e1b745b568d836e32e22a2f728bb92e48707089f21fe56f65842aa27d9c
simple,Titan Hose,735,TIT-000000736,,"Titan Hose is a high-pressure hose for connecting compatible airless spray equipment to the gun while carrying coating material under operating pressure. Confirm model compatibility and pressure rating, then follow the equipment manual for setup, flushing, maintenance and safe operation. Confirm the exact item and package before ordering.",,Spray Equipment Sales & Service > Titan,"airless spray hose, paint sprayer hose, spray equipment accessory, high-pressure hose",Titan,TIT01-S,https://raw.githubusercontent.com/kinggoff/NewSteelesImages/main/review-images/TIT-000000736-titan-hose.png?raw=true,Images for Review,,,,,,,,,,,,,,,037f344bb514176b95de64ad67595b890531161105836a8a034c02c322767892,bef737b8ad084d9a669101988084b84c6255c329f3f940c51c501d8d875606a9
simple,Gun Filter 60 Mesh,736,TIT-000000737,,"Gun Filter 60 Mesh from Titan is a replacement spray-gun or system filter that helps screen coating debris and reduce tip clogs in compatible equipment. Confirm model compatibility and pressure rating, then follow the equipment manual for setup, flushing, maintenance and safe operation. Confirm the exact item and package before ordering.",,Spray Equipment Sales & Service > Titan,"spray gun filter, paint sprayer filter, spray equipment accessory, replacement filter",Titan,TIT01-S,https://raw.githubusercontent.com/kinggoff/NewSteelesImages/main/review-images/55-tit-000000737-gun-filter-60-mesh.png?raw=true,Image Added,,,,,,,,,,,,,,,27b6f18b0810cce2ab554fb178a47bcab3b88a6d19c28df2af41c619e8a44a7b,4c2dfc3fa0b894643294795909cc33b133fb5db06fc8baaf9d65b4f8f798de30
simple,Capspray 106,737,TIT-000000738,,"Capspray 106 from Titan is a professional paint-spray system for applying compatible architectural or finishing coatings; capacity and setup should be matched to the material and project. Confirm model compatibility and pressure rating, then follow the equipment manual for setup, flushing, maintenance and safe operation.",,Spray Equipment Sales & Service > Titan,"hvlp turbine sprayer, paint spray system, coating application equipment, professional spray equipment",Titan,TIT01-S,https://raw.githubusercontent.com/kinggoff/NewSteelesImages/main/review-images/TIT-000000738-titan-capspray-106.png?raw=true,Images for Review,,,,,,,,,,,,,,,a51c99e5ff8e1619a7fe1af4a90b8dc9e441e375ecdf97da73b0c586d8df90a3,e1414a02ce73505690d782fe3fa5150fc68d5b12a65ce0846963b840ec5d1efc
simple,Durapro Premium Contact Cement,738,TOO-000000739,,"Durapro Premium Contact Cement from Toolway is an adhesive or repair compound for joining compatible materials; bond strength depends on surface preparation, fit, cure and the specific substrates involved. Prepare both surfaces and follow the label for mixing where required, open or working time, assembly, clamping and cure.",,Painting Tools & Accessories > Paint Prep & Repairs,"contact cement, solvent-based adhesive, construction adhesive, laminate adhesive",Toolway,TOO01,https://raw.githubusercontent.com/kinggoff/NewSteelesImages/main/review-images/TOO-000000739-durapro-premium-contact-cement.png?raw=true,Image Added,,,,,,,,,,,,,,,9a5ec37950d726e2c3636c2ee1b3c9b9c14a45f86a97928b620957f7927269d9,8cfd5adeac31e394b8a194e05a47e87c67948c8a750e351b25da02229a3310b4
simple,Wire Brush Set,739,PC-000000740,,"Wire Brush Set from PC Products is a paint or decorative-finish brush whose stated shape, filament and size are intended to provide control for the named application. Choose the listed size for the surface and coating, then clean or dispose of the applicator according to current product guidance. Confirm the exact item and package before ordering.",,Painting Tools & Accessories > Tools,"wire brush, surface preparation brush, rust-removal tool, hand tool",PC Products,TOO01,https://raw.githubusercontent.com/kinggoff/NewSteelesImages/main/review-images/PC-000000740-wire-brush-set.png?raw=true,Images for Review,,,,,Variants,"9"" x 3PC | 7"" x 3PC",1,1,,,,,,,c8ad94a89ca1bfcc9b5cbaab0576ee7a8b3d657fe08163e5a7f3269c88989530,5e2a3258e546ada23756b2ac8301fd4523e3b2a0fbcfef0c2571286de98eccd4
simple,Twx Neoprene Knee Pads,740,TOO-000000741,,"Twx Neoprene Knee Pads from Toolway is protective knee pads for painting, flooring and maintenance tasks that require extended kneeling. Selection should be based on the specific task, material, working conditions and compatible products in the complete system. Confirm fit, compatibility and required protection before use, and follow the current safety instructions for the actual workplace hazard.",,Painting Tools & Accessories > Clothing & Safety,"knee pads, knee protection, jobsite safety gear, personal protective equipment",Toolway,TOO01,https://raw.githubusercontent.com/kinggoff/NewSteelesImages/main/review-images/TOO-000000741-twx-neoprene-knee-pads.png?raw=true,Image Added,,,,,,,,,,,,,,,8e7ae2ae36d324a22ad49efaa24995caa356d67b08eb9c1da99cb67fbd35ea61,199501dc94e21f7a404dc021a385de0143e843415694ff825a9b5a0c1770b371
simple,Toolway Foam Knee Pads,741,TOO-000000742,,"Toolway Foam Knee Pads is protective knee pads for painting, flooring and maintenance tasks that require extended kneeling. Selection should be based on the specific task, material, working conditions and compatible products in the complete system. Confirm fit, compatibility and required protection before use, and follow the current safety instructions for the actual workplace hazard.",,Painting Tools & Accessories > Clothing & Safety,"knee pads, knee protection, jobsite safety gear, personal protective equipment",Toolway,TOO01,https://raw.githubusercontent.com/kinggoff/NewSteelesImages/main/review-images/TOO-000000742-toolway-foam-knee-pads.png?raw=true,Images for Review,,,,,,,,,,,,,,,1f5a539fef384e69c1ace242f7fc2a0728019585f08f939612763ac652fc7488,7c1882cc7c453bbbf03cbd58dfbde1581dc815e50a28b205903e4a35aa63cd3d
simple,Polyfilla Prep,742,TOO-000000743,,"Polyfilla Prep from Toolway is a repair material for filling, patching, glazing, rebuilding or stabilizing the compatible wood, drywall, window or masonry surface indicated by the product name. Review the listed format and current manufacturer instructions to confirm compatibility, safe use, cleaning and storage for the intended job.",,Painting Tools & Accessories > Paint Prep & Repairs,"spackling compound, wall repair filler, patching compound, surface repair product",Toolway,TOO01,https://raw.githubusercontent.com/kinggoff/NewSteelesImages/main/review-images/TOO-000000743-polyfilla-prep.png?raw=true,Image Added,,,,,,,,,,,,,,,b04e27e28b68be0aaa4ae74523124947c6e562f53ae8f517c2314a482ef0018d,386958b02f1ffb60f216ddf69287d774f57793ebe889e8230306e399eab18a9f
simple,Plastic Mud Pan,743,TOO-000000744,,"Plastic Mud Pan from Toolway is a hand-finishing tool for applying, shaping or smoothing patching compound, joint compound, filler or wallcovering material. Lay it over a clean, dry area, secure the edges safely, and confirm that any adhesive or film suits the underlying finish. Confirm the exact item and package before ordering.",,Painting Tools & Accessories > Tools,"drywall mud pan, joint compound tray, drywall finishing tool, hand tool",Toolway,TOO01,https://raw.githubusercontent.com/kinggoff/NewSteelesImages/main/review-images/TOO-000000744-plastic-mud-pan.png?raw=true,Images for Review,,,,,,,,,,,,,,,a5cb93142040541380967f91f808802a50bc64078532b3f97306bb30efa5d9b5,e9cfa28eaa27d3a05984052181562e2d3e8abcc40a7179d693df19bebfeba4d1
simple,Pl Premium Construction Adhesive,744,TOO-000000745,,"Pl Premium Construction Adhesive from Toolway is an adhesive or repair compound for joining compatible materials; bond strength depends on surface preparation, fit, cure and the specific substrates involved. Prepare both surfaces and follow the label for mixing where required, open or working time, assembly, clamping and cure.",,Painting Tools & Accessories > Paint Prep & Repairs,"construction adhesive, polyurethane adhesive, heavy-duty adhesive, cartridge adhesive",Toolway,TOO01,https://raw.githubusercontent.com/kinggoff/NewSteelesImages/main/review-images/TOO-000000745-pl-premium-construction-adhesive.png?raw=true,Image Added,,,,,,,,,,,,,,,7407de0eb0636a90e4a1c72047537fc04d0b9698fe2fafa8d28721a7898d898a,48729bccff02fe00fbdcc9f37974151be1dee6a994f374a1da737b3525d2abf4
simple,Muriatic Acid,745,TOO-000000746,,"Muriatic Acid from Toolway is a surface-preparation or cleanup product for removing the residue named in the product from compatible materials before refinishing. Selection should be based on the specific task, material, working conditions and compatible products in the complete system. Test first, then follow the label for dilution, dwell time, rinsing, ventilation and protective equipment.",,Painting Tools & Accessories > Paint Prep & Repairs,"muriatic acid, masonry etcher, acid cleaner, surface preparation chemical",Toolway,TOO01,https://raw.githubusercontent.com/kinggoff/NewSteelesImages/main/review-images/TOO-000000746-muriatic-acid.png?raw=true,Image Added,,,,,,,,,,,,,,,725a5c2164dcc44d2a0f38835ac5e9b492c55c2d058aefde7ea9ff56bd1393ea,c02c0c5360f86d27a466bbb77dfe14235ba5fda9d8caaf5aa558574c973f4016
simple,Measuring Wheel,746,TOO-000000747,,"Measuring Wheel from Toolway is a rolling measuring tool for estimating longer floor, wall and site distances before material takeoffs or layout. Review the listed format and current manufacturer instructions to confirm compatibility, safe use, cleaning and storage for the intended job. Confirm the exact item and package before ordering.",,Painting Tools & Accessories > Tools,"measuring wheel, distance measuring tool, layout tool, hand tool",Toolway,TOO01,https://raw.githubusercontent.com/kinggoff/NewSteelesImages/main/review-images/TOO-000000747-measuring-wheel.png?raw=true,Images for Review,,,,,,,,,,,,,,,6f85127b9dc9b29fb03e335c9bbb3fa54334d8411a316cfd6201860c09bd3803,30a44da8abed11add90756754ec289bd6f8b5b9f83b1bf437bff6970485d1a5d
simple,Instant Poly Filla Tube,747,TOO-000000748,,"Instant Poly Filla Tube from Toolway is a repair material for filling, patching, glazing, rebuilding or stabilizing the compatible wood, drywall, window or masonry surface indicated by the product name. Review the listed format and current manufacturer instructions to confirm compatibility, safe use, cleaning and storage for the intended job.",,Painting Tools & Accessories > Paint Prep & Repairs,"spackling compound, wall repair filler, patching compound, surface repair product",Toolway,TOO01,https://raw.githubusercontent.com/kinggoff/NewSteelesImages/main/review-images/TOO-000000748-instant-polyfilla-tube.png?raw=true,Image Added,,,,,,,,,,,,,,,313d9c568d3a365dcc98e1aed577e18e0e82cc76eb89ee3c3c4874a68e515aa5,9cb4bf3b303e0172e6b963d69ec4f41c72ad21f36d8f1ffa58a33c5055f0e9d4
simple,"Toolway Heavy-Duty Angled Broom 16"" with 48"" Handle",748,TOO-000000749,,"Toolway Heavy-Duty Angled Broom 16"" with 48"" Handle is a heavy-duty angled broom for collecting dust and jobsite debris before coating or cleanup. Review the listed format and current manufacturer instructions to confirm compatibility, safe use, cleaning and storage for the intended job. Confirm the exact item and package before ordering.",,Painting Tools & Accessories > Tools,"push broom, angled broom, cleaning tool, floor cleaning tool",Toolway,TOO01,https://raw.githubusercontent.com/kinggoff/NewSteelesImages/main/review-images/TOO-000000749-heavy-duty-angled-broom.png?raw=true,Images for Review,,,,,,,,,,,,,,,a667be7fe684fd0f11c836d5ac2dcb21620a5efb2b1f8309fa0210a91ae64cfc,a15fb62d0af87194e20a90426f7528229dc3799155832c5d9a297da2915ca651
simple,EZ Clean Black Garbage Bags 15PK 3MIL,749,TOO-000000750,,"EZ Clean Black Garbage Bags 15PK 3MIL from Toolway is heavy-duty refuse bags for collecting painting and renovation waste within the bag's stated capacity and load limits. Review the listed format and current manufacturer instructions to confirm compatibility, safe use, cleaning and storage for the intended job.",,Painting Tools & Accessories > Tools,"contractor garbage bag, heavy-duty waste bag, cleanup supply, jobsite accessory",Toolway,TOO01,https://raw.githubusercontent.com/kinggoff/NewSteelesImages/main/review-images/TOO-000000750-black-garbage-bags-15pk-3mil.png?raw=true,Images for Review,,,,,,,,,,,,,,,21fbe844d60762f04b31974d57980eb62a0a1f887ce15f99309aa27bb72149c2,c6c58d857c57535cd71c7cadb8639043c1a69df18731ccc258aa5e55a3d28a52
simple,Extension Cord 15M Int/Ext,750,TOO-000000751,,"Extension Cord 15M Int/Ext from Toolway is an indoor/outdoor extension cord for supplying compatible jobsite tools within the cord's marked electrical rating. Review the listed format and current manufacturer instructions to confirm compatibility, safe use, cleaning and storage for the intended job.",,Painting Tools & Accessories > Tools,"extension cord, electrical power cord, jobsite power accessory, outdoor extension cord",Toolway,TOO01,https://raw.githubusercontent.com/kinggoff/NewSteelesImages/main/review-images/TOO-000000751-extension-cord-15m-int-ext.png?raw=true,Images for Review,,,,,,,,,,,,,,,e074b5073917ac3a0f012a3a15e597f4d673e0f7817f4c7287f993885b9ce515,2965f0887ade094d15d1f949be67a8138b5f1413de6e4bf3292c9336edd18b72
simple,Allpro Pro Stretch Caulking White,751,AP-000000752,,"Allpro Pro Stretch Caulking White is a gap-filling sealant for compatible joints and seams; substrate, movement, moisture exposure and paintability should be checked for the application. Use on clean, compatible joints and follow the label for gap size, tooling, cure, moisture exposure and paintability.",,Painting Tools & Accessories > Paint Prep & Repairs,"sealant, caulk, joint sealant, gap-filling compound, elastomeric sealant, paintable caulk",AllPro,TOWER,https://raw.githubusercontent.com/kinggoff/NewSteelesImages/main/review-images/AP-000000752-allpro-pro-stretch-caulking-white.png?raw=true,Image Added,,,,,,,,,,,,,,,039912b4f32d04049a9035ca3413db4c0a1cb63fd3ae4ec982f4064026828288,33a97666c1351f7170e15dd48430abf70b4eff590174add9f5269e75faca96c1
simple,X-Board Surface Protector,752,TRI-000000753,,"X-Board Surface Protector from Trimaco is a temporary surface-protection material for covering floors, furniture or adjacent areas against dust, drips and ordinary painting debris. Lay it over a clean, dry area, secure the edges safely, and confirm that any adhesive or film suits the underlying finish.",,Painting Tools & Accessories > Tools,"floor protection, surface protection material, protective paper, painting accessory",Trimaco,TRIMACO,https://raw.githubusercontent.com/kinggoff/NewSteelesImages/main/review-images/56-tri-000000753-x-board-surface-protector.png?raw=true,Image Added,,,,,,,,,,,,,,,fab86b5c782faa2d2c03935213b41679d458d055ff8a32190e657d7ad0aecfe6,57837f065b94a62182545eaed66eddce361bc981fd73b0d80ae910f9168ac2be
simple,Trimaco Protective Film For Carpets,753,TRI-000000754,,"Trimaco Protective Film For Carpets is a temporary surface-protection material for covering floors, furniture or adjacent areas against dust, drips and ordinary painting debris. Lay it over a clean, dry area, secure the edges safely, and confirm that any adhesive or film suits the underlying finish.",,Painting Tools & Accessories > Tools,"carpet protection film, self-adhesive protective film, surface protection, painting accessory",Trimaco,TRIMACO,https://raw.githubusercontent.com/kinggoff/NewSteelesImages/main/review-images/TRI-000000754-protective-film-for-carpets.png?raw=true,Image Added,,,,,,,,,,,,,,,6554f08575874d1f63b8f91ac3353cced999b8fd122d9dbf1218f01d6eaa77b6,9126bce1d9183c5f1ff7f302a487c6ad3a500982fbae42078c92de3001423466
simple,Trimaco 90 Day Floorsmart Tape,754,TRI-000000755,,"Trimaco 90 Day Floorsmart Tape is a masking or project tape for defining paint lines, securing protection or joining compatible materials during preparation and finishing work. Review the listed format and current manufacturer instructions to confirm compatibility, safe use, cleaning and storage for the intended job.",,Painting Tools & Accessories > Paint Prep & Repairs,"masking tape, painter's tape, pressure-sensitive tape, painting accessory",Trimaco,TRIMACO,https://raw.githubusercontent.com/kinggoff/NewSteelesImages/main/review-images/TRI-000000755-trimaco-90-day-floorsmart-tape.png?raw=true,Image Added,,,,,,,,,,,,,,,ea83009a214661bb682660edf32089174f10773a1f0ef146e5b672ba1b29672d,6ec885e32b7952284adc8b73b52b83ef753a8553409dc2e4e8606445eb2316f9
simple,Stay Put Canvas Plus Runner,755,TRI-000000756,,"Stay Put Canvas Plus Runner from Trimaco is a reusable canvas floor-protection runner with a slip-resistant backing for covering traffic paths during painting and renovation work. Review the listed format and current manufacturer instructions to confirm compatibility, safe use, cleaning and storage for the intended job.",,Painting Tools & Accessories > Tools,"drop cloth, surface protection, painting cover, painting accessory",Trimaco,TRIMACO,https://raw.githubusercontent.com/kinggoff/NewSteelesImages/main/review-images/TRI-000000756-stay-put-canvas-plus-runner.png?raw=true,Image Added,,,,,,,,,,,,,,,543a2e23cfb8bc6b8b10093f38d602202c7ad55fb93e5c57cbe27ff34efbb67d,843e1ade464de32bde9050e7057c7f5e4d4333c065b9b4c3008ede577625cd3b
simple,Protective Film For Hard Surfaces X,756,TRI-000000757,,"Protective Film For Hard Surfaces X from Trimaco is a temporary surface-protection material for covering floors, furniture or adjacent areas against dust, drips and ordinary painting debris. Lay it over a clean, dry area, secure the edges safely, and confirm that any adhesive or film suits the underlying finish.",,Painting Tools & Accessories > Tools,"hard-surface protection film, self-adhesive protective film, surface protection, painting accessory",Trimaco,TRIMACO,https://raw.githubusercontent.com/kinggoff/NewSteelesImages/main/review-images/TRI-000000757-protective-film-hard-surfaces.png?raw=true,Image Added,,,,,,,,,,,,,,,55c9170a1394ba3649619cf2c634c7501cb2491efad898a5bc6e2e4c4c6e3f0e,d4a4d6add5f889060f1937b1f192e2bf16948e9e1cc5d2735015cb6f4b3cbda2
simple,Gallon Nylon Strainer,757,TRI-000000758,,"Gallon Nylon Strainer from Trimaco is a paint strainer for screening dried particles and debris from compatible coatings before application or transfer. Review the listed format and current manufacturer instructions to confirm compatibility, safe use, cleaning and storage for the intended job. Confirm the exact item and package before ordering.",,Painting Tools & Accessories > Paint Prep & Repairs,"paint strainer, coating filter, paint preparation accessory, painting tool",Trimaco,TRIMACO,https://raw.githubusercontent.com/kinggoff/NewSteelesImages/main/review-images/TRI-000000758-gallon-nylon-strainer.png?raw=true,Image Added,,,,,,,,,,,,,,,139da6c4d4784e1a39504200214f498885a3e2d967128ca7866081c887df023a,2909b5285960c557d78eb962f022b4c12814d8b6e891da8d2d75dd68dbcf9e7f
simple,Floorshell Seam Tape,758,TRI-000000759,,"Floorshell Seam Tape from Trimaco is a temporary surface-protection material for covering floors, furniture or adjacent areas against dust, drips and ordinary painting debris. Lay it over a clean, dry area, secure the edges safely, and confirm that any adhesive or film suits the underlying finish. Confirm the exact item and package before ordering.",,Painting Tools & Accessories > Paint Prep & Repairs,"floor protection seam tape, reinforcement tape, surface protection accessory, heavy-duty tape",Trimaco,TRIMACO,https://raw.githubusercontent.com/kinggoff/NewSteelesImages/main/review-images/TRI-000000759-floorshell-seam-tape.png?raw=true,Image Added,,,,,,,,,,,,,,,0a5c037fe4c98d88e099211a62c2f7724ee064e867be4b32c0decb66dc395215,8e7c0d6b99043a4235a6bcd561a5461fb93cf954634ee2fb2737122467d5f028
simple,Easy Mask Tape N Drape,759,TRI-000000760,,"Easy Mask Tape N Drape from Trimaco is a temporary surface-protection material for covering floors, furniture or adjacent areas against dust, drips and ordinary painting debris. Review the listed format and current manufacturer instructions to confirm compatibility, safe use, cleaning and storage for the intended job.",,Painting Tools & Accessories > Tools,"pre-taped masking film, masking drop cloth, surface protection, painting accessory",Trimaco,TRIMACO,https://raw.githubusercontent.com/kinggoff/NewSteelesImages/main/review-images/TRI-000000760-easy-mask-tape-n-drape.png?raw=true,Image Added,,,,,,,,,,,,,,,45126dec3ae15d69bf913fb3b838a4b76e971d22604ec01737fc65ab4bc27b1c,464468cdb197157715ee2d99e70f3406fb931aaffc6cd3cb56027f83c50a8da7
simple,Cone Strainer Allpro,760,AP-000000761,,"Cone Strainer Allpro from AllPro is a paint strainer for screening dried particles and debris from compatible coatings before application or transfer. Review the listed format and current manufacturer instructions to confirm compatibility, safe use, cleaning and storage for the intended job. Confirm the exact item and package before ordering.",,Painting Tools & Accessories > Paint Prep & Repairs,"paint strainer, coating filter, paint preparation accessory, painting tool",AllPro,TRIMACO,https://raw.githubusercontent.com/kinggoff/NewSteelesImages/main/review-images/AP-000000761-cone-strainer-allpro.png?raw=true,Images for Review,,,,,,,,,,,,,,,200bf4df1b18ac4939fa95d4f9577473b0a4da7de0a8dc83a1588f5f7c90412e,cccec3a331b118a26978db0f1b18c5e89f2625ad0ddb156ff9067749a8c5382e
simple,Cone Strainer,761,TRI-000000762,,"Cone Strainer from Trimaco is a paint strainer for screening dried particles and debris from compatible coatings before application or transfer. Review the listed format and current manufacturer instructions to confirm compatibility, safe use, cleaning and storage for the intended job. Confirm the exact item and package before ordering.",,Painting Tools & Accessories > Paint Prep & Repairs,"paint strainer, coating filter, paint preparation accessory, painting tool",Trimaco,TRIMACO,https://raw.githubusercontent.com/kinggoff/NewSteelesImages/main/review-images/TRI-000000762-cone-strainer.png?raw=true,Image Added,,,,,,,,,,,,,,,9aea814dd5c360b37ced8341f937d20226f0a2fff5fb046df29f4eb087163eaf,87fe42dee5e610aa90243b4b71424d44aeee2b8c933a6af5b973b89057a6e8b7
simple,Caution Wet Paint,762,TRI-000000763,,"Caution Wet Paint from Trimaco is a reusable warning sign for marking freshly painted areas and helping keep people away while coatings remain vulnerable. Review the listed format and current manufacturer instructions to confirm compatibility, safe use, cleaning and storage for the intended job. Confirm the exact item and package before ordering.",,Painting Tools & Accessories > Tools,"wet paint sign, caution sign, jobsite safety sign, painting accessory",Trimaco,TRIMACO,https://raw.githubusercontent.com/kinggoff/NewSteelesImages/main/review-images/TRI-000000763-caution-wet-paint.png?raw=true,Images for Review,,,,,,,,,,,,,,,e2b1fcbfde20e45e54c90c31a04bdfc60ddba4a1daef23e4faf0f3cf0694a93d,6bb185b5ed8992cfdd3aefb3807700d78e8815c22f8833d214fc44c543bc5f09
simple,Allpro Tack Cloth,763,AP-000000764,,"Allpro Tack Cloth is a wiping material for removing dust, grime or light jobsite residue during surface preparation and cleanup. Selection should be based on the specific task, material, working conditions and compatible products in the complete system. Review the listed format and current manufacturer instructions to confirm compatibility, safe use, cleaning and storage for the intended job.",,Painting Tools & Accessories > Paint Prep & Repairs,"tack cloth, surface preparation cloth, dust-removal cloth, painting accessory",AllPro,TRIMACO,https://raw.githubusercontent.com/kinggoff/NewSteelesImages/main/review-images/AP-000000764-allpro-tack-cloth.png?raw=true,Image Added,,,,,,,,,,,,,,,97d9d949b1835af638fb5bd168633ce0222c1dcad3e7155b9600dd8a255c571f,c57fc8dff674bdb6b15f623492ddc856b318f039a918db6648b68ca1344ddd68
simple,Allpro Spray Sock,764,AP-000000765,,"Allpro Spray Sock is jobsite clothing or personal protective wear intended to help keep ordinary paint, dust and surface-preparation debris off the user. Review the listed format and current manufacturer instructions to confirm compatibility, safe use, cleaning and storage for the intended job. Confirm the exact item and package before ordering.",,Painting Tools & Accessories > Tools,"spray hood, protective headwear, painting safety gear, disposable protective clothing",AllPro,TRIMACO,https://raw.githubusercontent.com/kinggoff/NewSteelesImages/main/review-images/AP-000000765-allpro-spray-sock.png?raw=true,Image Added,,,,,,,,,,,,,,,025af862ba5d8a651957eead29fa5f217f4c0590dbb8fd77be47beab9d2686c9,f3467b9ab5619b2b207bd3cee5f9521961ea97babc78931f25628ceb082642ed
simple,Allpro Gallon Nylon Strainer,765,AP-000000766,,"Allpro Gallon Nylon Strainer is a paint strainer for screening dried particles and debris from compatible coatings before application or transfer. Review the listed format and current manufacturer instructions to confirm compatibility, safe use, cleaning and storage for the intended job. Confirm the exact item and package before ordering.",,Painting Tools & Accessories > Tools,"paint strainer, coating filter, paint preparation accessory, painting tool",AllPro,TRIMACO,https://raw.githubusercontent.com/kinggoff/NewSteelesImages/main/review-images/AP-000000766-allpro-gallon-nylon-strainer.png?raw=true,Image Added,,,,,,,,,,,,,,,8f1393ec255d985312fa5f820ada0b0ef5756cd24359b71833931a8b3cbb2fd0,99f54eca93e6e07d905797d8699c7a98231faaa0ed012beb1f19ef72ceb3b5f4
simple,AllPro 5-Gallon Nylon Paint Strainer 25PK,766,AP-000000767,,"AllPro 5-Gallon Nylon Paint Strainer 25PK is a paint strainer for screening dried particles and debris from compatible coatings before application or transfer. Review the listed format and current manufacturer instructions to confirm compatibility, safe use, cleaning and storage for the intended job.",,Painting Tools & Accessories > Tools,"paint strainer, coating filter, paint preparation accessory, painting tool",AllPro,TRIMACO,https://raw.githubusercontent.com/kinggoff/NewSteelesImages/main/review-images/AP-000000767-allpro-5-gallon-nylon-paint-strainer-25pk.png?raw=true,Image Added,,,,,,,,,,,,,,,8f1393ec255d985312fa5f820ada0b0ef5756cd24359b71833931a8b3cbb2fd0,48022b6d4ef45a1c0273c9997bc939e892ca83f28979afab234c49c1aa0210d0
simple,Nylon Strainers,767,TRI-000000768,,"Nylon Strainers from Trimaco is a paint strainer for screening dried particles and debris from compatible coatings before application or transfer. Review the listed format and current manufacturer instructions to confirm compatibility, safe use, cleaning and storage for the intended job. Confirm the exact item and package before ordering.",,Painting Tools & Accessories > Paint Prep & Repairs,"paint strainer, coating filter, paint preparation accessory, painting tool",Trimaco,TRIMACO,https://raw.githubusercontent.com/kinggoff/NewSteelesImages/main/review-images/TRI-000000768-nylon-strainers.png?raw=true,Images for Review,,,,,,,,,,,,,,,ce0f345a0b67302482ae75c4dd3e5bb3fddaa4b2909927a781ab0a0db88b219a,25843911af483228806e15e2627f8ab267d9543f36fedb254025a6bdadbbbf5c
simple,"Trimaco 12"" Masking Paper",768,TRI-000000769,,"Trimaco 12"" Masking Paper is a temporary surface-protection material for covering floors, furniture or adjacent areas against dust, drips and ordinary painting debris. Lay it over a clean, dry area, secure the edges safely, and confirm that any adhesive or film suits the underlying finish. Confirm the exact item and package before ordering.",,Painting Tools & Accessories > Paint Prep & Repairs,"masking paper, surface protection paper, paint masking material, painting accessory",Trimaco,TRIMACO,https://raw.githubusercontent.com/kinggoff/NewSteelesImages/main/review-images/TRI-000000769-trimaco-12-inch-masking-paper.png?raw=true,Image Added,,,,,,,,,,,,,,,86a6802021d95014e60392d9ecb228afcb87bc2261191781a257de18571a0bec,2f61974cf2bad29a811582c5a8629f16307148100fc82f8aa9193b84469bc47c
simple,Tritech T93R Ultra-Finish Tip 408,769,TRI-000000770,,"Tritech T93R Ultra-Finish Tip 408 is an airless spray tip that controls fan width and material flow; the exact tip size must be matched to the coating, sprayer and desired finish. Confirm model compatibility and pressure rating, then follow the equipment manual for setup, flushing, maintenance and safe operation.",,Spray Equipment Sales & Service > Tritech,"airless spray tip, sprayer nozzle, paint sprayer accessory, coating application part",TriTech,TRITECH,https://raw.githubusercontent.com/kinggoff/NewSteelesImages/main/review-images/TRI-000000770-tritech-t93r-ultra-finish-tip-408.png?raw=true,Image Added,,,,,,,,,,,,,,,56b4cfd9530f1b206f62916d700e3728cc67720ae788a37f66302794b157b145,813394fe78cf745eb5664df087e6aae79402fd072c0bff444d774a713dcb3e31
simple,Tritech T93R Contractor Tip 415,770,TRI-000000771,,"Tritech T93R Contractor Tip 415 is an airless spray tip that controls fan width and material flow; the exact tip size must be matched to the coating, sprayer and desired finish. Confirm model compatibility and pressure rating, then follow the equipment manual for setup, flushing, maintenance and safe operation.",,Spray Equipment Sales & Service > Tritech,"airless spray tip, sprayer nozzle, paint sprayer accessory, coating application part",TriTech,TRITECH,https://raw.githubusercontent.com/kinggoff/NewSteelesImages/main/review-images/TRI-000000771-tritech-t93r-contractor-tip-415.png?raw=true,Images for Review,,,,,,,,,,,,,,,9efbbed912278b097fa706b4f5d105bd54893e8a46170c695b88fa23c2aade1e,e737124671e34ce9cf32a1d546bbedc6e11ab88348583400f3a83f5b0cde2967
simple,Tritech T9 Hi Cart Complete 110V,771,TRI-000000772,,"Tritech T9 Hi Cart Complete 110V is a professional paint-spray system for applying compatible architectural or finishing coatings; capacity and setup should be matched to the material and project. Confirm model compatibility and pressure rating, then follow the equipment manual for setup, flushing, maintenance and safe operation.",,Spray Equipment Sales & Service > Tritech,"paint sprayer, airless paint sprayer, coating application equipment, professional spray equipment",TriTech,TRITECH,https://raw.githubusercontent.com/kinggoff/NewSteelesImages/main/review-images/TRI-000000772-tritech-t9-hi-cart-110v.png?raw=true,Image Added,,,,,,,,,,,,,,,2e522263e3d1a855a6adc3ccefcebedbae8074f285c99561735966d0271cf840,6a96d278925695d8bc39c26e97bde66efb6a63768cc3379ce9e601eeca2e6886
simple,Tritech T4 110V Stand Complete,772,TRI-000000773,,"Tritech T4 110V Stand Complete is a professional paint-spray system for applying compatible architectural or finishing coatings; capacity and setup should be matched to the material and project. Confirm model compatibility and pressure rating, then follow the equipment manual for setup, flushing, maintenance and safe operation.",,Spray Equipment Sales & Service > Tritech,"paint sprayer, airless paint sprayer, coating application equipment, professional spray equipment",TriTech,TRITECH,https://raw.githubusercontent.com/kinggoff/NewSteelesImages/main/review-images/TRI-000000773-tritech-t4-110v-stand.png?raw=true,Image Added,,,,,,,,,,,,,,,f1e9e16b3039e1ce659edd003263570b0958947ad6d66f37f05e32a84a8e477f,310bf9816c8c14cd9018cf132999c85b3ca7f9ca01d4a078af0a15b455f2ad2d
simple,Satin Finish Cleaner For Stainless Steel,773,VC-000000774,,"Satin Finish Cleaner For Stainless Steel from Value Chem is a surface-preparation or cleanup product for removing the residue named in the product from compatible materials before refinishing. Test first, then follow the label for dilution, dwell time, rinsing, ventilation and protective equipment. Confirm the exact item and package before ordering.",,Painting Tools & Accessories > Cleaners & Removers,"stainless steel cleaner, metal cleaner, polishing cleaner, surface cleaning product",Value Chem,VCI01,https://raw.githubusercontent.com/kinggoff/NewSteelesImages/main/review-images/VC-000000774-satin-finish-cleaner-stainless-steel.png?raw=true,Images for Review,,,,,,,,,,,,,,,b253e8b87a6d7fd80a78ac47d5110b19fc2dd7db849572d609a1ffffa1e5693e,2f49024a3cec4467b272e2cbd5e1de56acc7737ca5dbfc77c1b86b2c1d42c183
simple,Grease Buster Concentrate Cleaner,774,VC-000000775,,"Grease Buster Concentrate Cleaner from Value Chem is a surface-preparation or cleanup product for removing the residue named in the product from compatible materials before refinishing. Test first, then follow the label for dilution, dwell time, rinsing, ventilation and protective equipment. Confirm the exact item and package before ordering.",,Painting Tools & Accessories > Cleaners & Removers,"degreaser, heavy-duty cleaner, surface preparation cleaner, concentrated cleaner",Value Chem,VCI01,https://raw.githubusercontent.com/kinggoff/NewSteelesImages/main/review-images/VC-000000775-grease-buster-concentrate-cleaner.png?raw=true,Image Added,,,,,,,,,,,,,,,bcaf769578377b8c4de975531166a203b5ffdeffbdb4a249fd6402c474f645b0,e6cda64710b37b45e2d917ddb1a5df672ac1a04cb55d8c09e0a404a58da73e96
simple,Crete & Clean Concrete Etching And Clean,775,VC-000000776,,"Crete & Clean Concrete Etching And Clean from Value Chem is a surface-preparation or cleanup product for removing the residue named in the product from compatible materials before refinishing. Review the listed format and current manufacturer instructions to confirm compatibility, safe use, cleaning and storage for the intended job.",,Painting Tools & Accessories > Cleaners & Removers,"concrete etcher, masonry cleaner, acidic surface cleaner, surface preparation chemical",Value Chem,VCI01,https://raw.githubusercontent.com/kinggoff/NewSteelesImages/main/review-images/VC-000000776-crete-clean-concrete-etching-clean.png?raw=true,Image Added,,,,,,,,,,,,,,,fc09f161f0cc52e59c2e5ffb8ac7b559dda6e98a9c26c44373818530bc20e146,be25dd39beb43e38702ccb9259c95438ec891216878633a435c77a9722892a1e
simple,Acoustical Tile Restorer,776,VC-000000777,,"Acoustical Tile Restorer from Value Chem is an aerosol coating or treatment for the colour, effect or repair task stated in the product name on a compatible prepared surface. Confirm preparation, compatibility, application, coverage and recoat requirements in the current label or technical data sheet.",,Paints > Aerosols,"acoustical tile coating, ceiling tile restorer, aerosol coating, specialty restoration coating",Value Chem,VCI01,https://raw.githubusercontent.com/kinggoff/NewSteelesImages/main/review-images/VC-000000777-acoustical-tile-restorer.png?raw=true,Images for Review,,,,,,,,,Brodi Renew Acoustical Ceiling Tile Restorer=https://raw.githubusercontent.com/kinggoff/NewSteelesImages/main/PDFs/SDS/value-chem-Brodi-Renew-Acoustical-Ceiling-Tile-Restorer-SDS.pdf?raw=true,,Brodi Renew Acoustical Ceiling Tile Restorer=https://raw.githubusercontent.com/kinggoff/NewSteelesImages/main/PDFs/SDS/value-chem-Brodi-Renew-Acoustical-Ceiling-Tile-Restorer-SDS.pdf?raw=true,,,,7091c79c46c59c89b055341aed90a734fe0c46f47fcec1b52bb89ebec5ad9d8a,7ccffdabc08f4a499eef2eccf83f9aebd6bf33449aa9e87ddd9916fe5f0aba0f
simple,Green Rubber Gloves Sol-Vex Large,777,VS-000000778,,"Green Rubber Gloves Sol-Vex Large from Vic Safety is chemical-resistant work gloves for hand protection during compatible painting, cleaning and surface-preparation tasks. Confirm fit, compatibility and required protection before use, and follow the current safety instructions for the actual workplace hazard.",,Painting Tools & Accessories > Clothing & Safety,"protective gloves, chemical-resistant gloves, hand protection, personal protective equipment",Vic Safety,VIC,https://raw.githubusercontent.com/kinggoff/NewSteelesImages/main/review-images/VS-000000778-green-rubber-gloves-sol-vex-large.png?raw=true,Image Added,,,,,,,,,,,,,,,9b38dbe2445d9cece51ce863b819de210ab53faac3743decbd31740dfea76087,97d496182dad31e3e681acb08f3bee5f91304f969fd711680a362db38e67020f
simple,Foot Slip Covers 5 Pairs,778,VS-000000779,,"Foot Slip Covers 5 Pairs from Vic Safety is jobsite clothing or personal protective wear intended to help keep ordinary paint, dust and surface-preparation debris off the user. Confirm fit, compatibility and required protection before use, and follow the current safety instructions for the actual workplace hazard.",,Painting Tools & Accessories > Clothing & Safety,"shoe covers, disposable footwear cover, protective clothing, jobsite cleanliness product",Vic Safety,VIC,https://raw.githubusercontent.com/kinggoff/NewSteelesImages/main/review-images/VS-000000779-foot-slip-covers-5-pairs.png?raw=true,Images for Review,,,,,,,,,,,,,,,2c1633cf217d4b830db5cbc592c3c4107cea847cd8344aef1005a5c655f31b6f,d01caf1a98d04b7f514658f3c29bb6d1bc633deb5584d2cec8ef2070e01f85bb
simple,Blackshield Black Nitrile Medium,779,VS-000000780,,"Blackshield Black Nitrile Medium from Vic Safety is chemical-resistant work gloves for hand protection during compatible painting, cleaning and surface-preparation tasks. Review the listed format and current manufacturer instructions to confirm compatibility, safe use, cleaning and storage for the intended job.",,Painting Tools & Accessories > Clothing & Safety,"nitrile gloves, protective gloves, hand protection, personal protective equipment",Vic Safety,VIC,https://raw.githubusercontent.com/kinggoff/NewSteelesImages/main/review-images/VS-000000780-blackshield-black-nitrile-medium.png?raw=true,Image Added,,,,,,,,,,,,,,,355c24fd5167043d684c04339a71f01cf61a6f143b46a26b260a4a70e03107b3,bbf0bea6a93e5d1f81e06db552e285d4861e47d80d2bfd78eadddfa4f112660d
simple,Black Nitrile 8 Mil Gloves Lg 50Bk,780,VS-000000781,,"Black Nitrile 8 Mil Gloves Lg 50Bk from Vic Safety is chemical-resistant work gloves for hand protection during compatible painting, cleaning and surface-preparation tasks. Confirm fit, compatibility and required protection before use, and follow the current safety instructions for the actual workplace hazard.",,Painting Tools & Accessories > Clothing & Safety,"protective gloves, nitrile gloves, hand protection, personal protective equipment",Vic Safety,VIC,https://raw.githubusercontent.com/kinggoff/NewSteelesImages/main/review-images/VS-000000781-black-nitrile-8-mil-gloves-large-50-box.png?raw=true,Images for Review,,,,,,,,,,,,,,,56e43d13902b4e9f56660bed5daab31525fe131bd835bbef0c652003a91ea8ac,6299f3cb77bac7573a4153f3df98a295c24c650b31ac0d73426f8111b596bd44
simple,Renner Exterior UV Water-Based Varnish - Matte,781,REN-000000782,,"Renner Exterior UV Water-Based Varnish - Matte is a clear or translucent finish for building the sheen and protection appropriate to the compatible surface and coating system. Confirm preparation, compatibility, application, coverage and recoat requirements in the current label or technical data sheet.",,Paints > Stains & Varnishes,"exterior varnish, water-based varnish, clear wood finish, uv-resistant finish, clear finish, protective coating, clear coat, wood finish",Renner,WALLS,https://raw.githubusercontent.com/kinggoff/NewSteelesImages/main/review-images/REN-000000782-renner-exterior-uv-water-based-varnish-matte.png?raw=true,Images for Review,,,,,,,,,,Renner Larice exterior varnish 30 sheen - YO30.1061.609AUS=https://raw.githubusercontent.com/kinggoff/NewSteelesImages/main/PDFs/TDS/renner-Renner-Larice-YO30-1061-609AUS-TDS.pdf?raw=true,,,,Renner Larice exterior varnish 30 sheen - YO30.1061.609AUS=https://raw.githubusercontent.com/kinggoff/NewSteelesImages/main/PDFs/TDS/renner-Renner-Larice-YO30-1061-609AUS-TDS.pdf?raw=true,80302e34f252f379cec584d8ca6fe34a70c4f9945602f7c049e2689dca06831a,573ccc889113251d181136f682ac1dcae117b54a81182d0afa6fd5dbcbbf0185
simple,Warner Adjustable Spray Shield,782,WAR-000000783,,"Warner Adjustable Spray Shield is an adjustable shield that helps control overspray along edges, ceilings and adjacent surfaces during spray application. Review the listed format and current manufacturer instructions to confirm compatibility, safe use, cleaning and storage for the intended job. Confirm the exact item and package before ordering.",,Painting Tools & Accessories > Tools,"spray shield, overspray guard, paint spraying accessory, painting tool",Warner,CANPRO,https://raw.githubusercontent.com/kinggoff/NewSteelesImages/main/review-images/WAR-000000783-warner-adjustable-spray-shield.png?raw=true,Image Added,,,,,,,,,,,,,,,48473d667d535e3bb116464883fd5a045282945558714f423695f51401523c03,9e698851a405d9653f9263f81d2ee6ef31a9dae726951d7bd1eb374dec8f85b8
simple,Watco Danish Oil Dark Walnut,783,WAT-000000784,,"Watco Danish Oil Dark Walnut is a wood-finishing product for colouring, conditioning or protecting the compatible interior or exterior wood surface named in the product. Confirm preparation, compatibility, application, coverage and recoat requirements in the current label or technical data sheet. Confirm the exact item and package before ordering.",,Paints > Stains & Varnishes,"danish oil finish, penetrating oil finish, wood finish, oil-based finish",Watco,FLE01-S,https://raw.githubusercontent.com/kinggoff/NewSteelesImages/main/review-images/WAT-000000784-watco-danish-oil-dark-walnut.png?raw=true,Image Added,,,,,,,,,Watco Danish Oil Dark Walnut - Y65841H=https://raw.githubusercontent.com/kinggoff/NewSteelesImages/main/PDFs/SDS/watco-Watco-Danish-Oil-Dark-Walnut-Y65841H-SDS.pdf?raw=true,Watco Danish Oil - includes Dark Walnut=https://raw.githubusercontent.com/kinggoff/NewSteelesImages/main/PDFs/TDS/watco-Watco-Danish-Oil-Dark-Walnut-TDS.pdf?raw=true,Watco Danish Oil Dark Walnut - Y65841H=https://raw.githubusercontent.com/kinggoff/NewSteelesImages/main/PDFs/SDS/watco-Watco-Danish-Oil-Dark-Walnut-Y65841H-SDS.pdf?raw=true,,Watco Danish Oil - includes Dark Walnut=https://raw.githubusercontent.com/kinggoff/NewSteelesImages/main/PDFs/TDS/watco-Watco-Danish-Oil-Dark-Walnut-TDS.pdf?raw=true,,6432681869d13c4800799dc693516e7f659a1202c52217a3a9485c253f02e08f,6ade518152666df0eda8d99cfc127a40c0639bb61f29e0ddd6450e1cd4ada077
simple,Workeze Coverall Large,784,WIP-000000785,,"Workeze Coverall Large from Wipeco is jobsite clothing or personal protective wear intended to help keep ordinary paint, dust and surface-preparation debris off the user. Confirm fit, compatibility and required protection before use, and follow the current safety instructions for the actual workplace hazard.",,Painting Tools & Accessories > Clothing & Safety,"painter clothing, workwear, protective clothing, coveralls",Wipeco,WIPECO,https://raw.githubusercontent.com/kinggoff/NewSteelesImages/main/review-images/WIP-000000785-workeze-coverall-large.png?raw=true,Images for Review,,,,,,,,,,,,,,,519b9570640e7519dba2cde1d11f37228deb63061049f8676a95058a9c3b6bcb,9de4b5f9ad0c696e52d9ebd8104a221ffa7ddb7f2f348c7a906703c573276ede
simple,Wipeco Painters Glove Large,785,WIP-000000786,,"Wipeco Painters Glove Large is jobsite clothing or personal protective wear intended to help keep ordinary paint, dust and surface-preparation debris off the user. Review the listed format and current manufacturer instructions to confirm compatibility, safe use, cleaning and storage for the intended job.",,Painting Tools & Accessories > Paint Prep & Repairs,"painting cloth, surface preparation cloth, lint-free wiping cloth, painting accessory",Wipeco,WIPECO,https://raw.githubusercontent.com/kinggoff/NewSteelesImages/main/review-images/WIP-000000786-wipeco-painters-glove-large.png?raw=true,Images for Review,,,,,,,,,,,,,,,4feb0ca0280be12f298a9bbf8e492bcf6f88302aa0092b1e476b8384693500f7,5f85854a991885a8e9749e69650fc6d31f3a8d59142dbe3f76d3b348aef0cbff
simple,Stainpro Stain Pad,786,WIP-000000787,,"Stainpro Stain Pad from Wipeco is a pad-style applicator for spreading compatible paint, stain or finish across flat surfaces with direct hand control. Review the listed format and current manufacturer instructions to confirm compatibility, safe use, cleaning and storage for the intended job. Confirm the exact item and package before ordering.",,Painting Tools & Accessories > Paint Prep & Repairs,"paint pad, flat paint applicator, painting tool, coating applicator",Wipeco,WIPECO,https://raw.githubusercontent.com/kinggoff/NewSteelesImages/main/review-images/WIP-000000787-stainpro-stain-pad.png?raw=true,Image Added,,,,,,,,,,,,,,,4ed7a965885f20b24b110d253d26959eed926421efdbba35d75d4648523fc61f,5c4918f4e6364f7d7ad535d9cd2378c58a000a57b0645a9c0009720ca9f3a1e4
simple,Stainpro Leak-Proof Drop Cloth,787,WIP-000000788,,"Stainpro Leak-Proof Drop Cloth from Wipeco is a temporary surface-protection material for covering floors, furniture or adjacent areas against dust, drips and ordinary painting debris. Lay it over a clean, dry area, secure the edges safely, and confirm that any adhesive or film suits the underlying finish.",,Painting Tools & Accessories > Paint Prep & Repairs,"drop cloth, surface protection, painting cover, painting accessory",Wipeco,WIPECO,https://raw.githubusercontent.com/kinggoff/NewSteelesImages/main/review-images/WIP-000000788-stainpro-leak-proof-drop-cloth.png?raw=true,Image Added,,,,,,,,,,,,,,,f14a8a4a00ecacd90317b8c9b98735af38713336c6de370c66b01f3581c26438,5a6f151f05da2f53a38bb9055060009ee9562da597f52223df746e08deb6337a
simple,"Wooster Super/Fab Roller Cover 4 1/2"" x 3/8"" 2PK",788,WBC-000000789,,"Wooster Super/Fab Roller Cover 4 1/2"" x 3/8"" 2PK from Wooster Brush Co. is a paint-roller cover or refill for applying compatible coatings; its stated fabric, width and nap help determine finish texture, loading and surface reach. Choose the listed size for the surface and coating, then clean or dispose of the applicator according to current product guidance.",,Painting Tools & Accessories > Tools,"paint roller cover, paint roller refill, paint applicator, painting tool",Wooster Brush Co.,WOOSTER,https://raw.githubusercontent.com/kinggoff/NewSteelesImages/main/review-images/WBC-000000789-wooster-super-fab-roller-cover-4-5-x-3-8-2pk.png?raw=true,Image Added,,,,,,,,,,,,,,,9dcf2b42366ce34530701f2a1e7276603109d50907767c00afe501d5aa0c226f,103bb7b95b0a3656d82935fdcadd97ebdfffb54fabce30181db25d94dde9beaa
simple,Wooster Super Doo-Z Roller Kit,789,WBC-000000790,,"Wooster Super Doo-Z Roller Kit from Wooster Brush Co. is a paint-roller cover or refill for applying compatible coatings; its stated fabric, width and nap help determine finish texture, loading and surface reach. Choose the listed size for the surface and coating, then clean or dispose of the applicator according to current product guidance.",,Painting Tools & Accessories > Tools,"paint roller kit, paint tray set, paint applicator kit, painting tool",Wooster Brush Co.,WOOSTER,https://raw.githubusercontent.com/kinggoff/NewSteelesImages/main/review-images/57-wbc-000000790-wooster-super-doo-z-roller-kit.png?raw=true,Image Added,,,,,,,,,,,,,,,78bd2f35462b0222fbbe6aaeff3b2dc34ba81947643f29c121f4ced048dae505,31987c3f86be46ef3fd4bb53744147660353b59e7e354b7b6cfa8aa02fd17416
simple,"Wooster Silver Tip 2 1/2"" Angle Brush",790,WBC-000000791,,"Wooster Silver Tip 2 1/2"" Angle Brush from Wooster Brush Co. is a purpose-shaped brush for controlled application of compatible paint, stain or decorative coating; its filament style and profile suit the task named in the product. Choose the listed size for the surface and coating, then clean or dispose of the applicator according to current product guidance.",,Painting Tools & Accessories > Tools,"angled paint brush, sash brush, paint applicator, painting tool, paint brush, bristle brush",Wooster Brush Co.,WOOSTER,https://raw.githubusercontent.com/kinggoff/NewSteelesImages/main/review-images/58-wbc-000000791-wooster-silver-tip-2-1-2-angle-brush.png?raw=true,Image Added,,,,,,,,,,,,,,,85f05b2b12f4cb42fe49d8544f3eb7205d3706bbf6bd2c3c913dccb5738fd977,5a7fa68a4988a1144fff23cb8d2c144be371650fbdd5059b13f6d10f0d63c655
simple,"Wooster Sherlock Roller Frame 9 1/2""",791,WBC-000000792,,"Wooster Sherlock Roller Frame 9 1/2"" from Wooster Brush Co. is a reusable roller frame or handle for mounting a compatible cover and applying paint to the intended surface area. Choose the listed size for the surface and coating, then clean or dispose of the applicator according to current product guidance.",,Painting Tools & Accessories > Tools,"paint roller frame, roller handle, paint applicator, painting tool",Wooster Brush Co.,MUM01,https://raw.githubusercontent.com/kinggoff/NewSteelesImages/main/review-images/WBC-000000792-wooster-sherlock-roller-frame-9-5.png?raw=true,Image Added,,,,,,,,,,,,,,,87da2cb10fd075c575ec8d3f90bbde344de3568beb4cd39428d0fa6ce5402a62,3f69dbdd83fd7197db81154da763d03da315bc01e9f05056bd2c3432f7cef273
simple,"Wooster Pro/Doo-Z Roller Cover 6 1/2"" x 3/8"" 2PK",792,WBC-000000793,,"Wooster Pro/Doo-Z Roller Cover 6 1/2"" x 3/8"" 2PK from Wooster Brush Co. is a paint-roller cover or refill for applying compatible coatings; its stated fabric, width and nap help determine finish texture, loading and surface reach. Choose the listed size for the surface and coating, then clean or dispose of the applicator according to current product guidance.",,Painting Tools & Accessories > Tools,"paint roller cover, paint roller refill, paint applicator, painting tool",Wooster Brush Co.,WOOSTER,https://raw.githubusercontent.com/kinggoff/NewSteelesImages/main/review-images/WBC-000000793-wooster-pro-doo-z-roller-cover-6-5-x-3-8-2pk.png?raw=true,Image Added,,,,,,,,,,,,,,,d4e7b542f223e07f21ec90fbf2fd6b627f7a14b056e06448a7e227f574542584,117991300db8e9c80b62de2d96e7fdc94d9a2dd83dcce96c2e99be4aed599f4d
simple,"Wooster Mohair Blend Roller Cover 14"" x 1/4""",793,WBC-000000794,,"Wooster Mohair Blend Roller Cover 14"" x 1/4"" from Wooster Brush Co. is a paint-roller cover or refill for applying compatible coatings; its stated fabric, width and nap help determine finish texture, loading and surface reach. Choose the listed size for the surface and coating, then clean or dispose of the applicator according to current product guidance.",,Painting Tools & Accessories > Tools,"paint roller cover, paint roller refill, paint applicator, painting tool, mohair roller cover",Wooster Brush Co.,WOOSTER,https://raw.githubusercontent.com/kinggoff/NewSteelesImages/main/review-images/WBC-000000794-wooster-mohair-blend-roller-cover-14-x-1-4.png?raw=true,Images for Review,,,,,,,,,,,,,,,3e132f9353517d619abdc88e571270ad2294d88e091d87bc7afe313a8196071b,ac409fb261a4a8780abf5d323442833d16f0a0444f6c019b91146fbc7090a5c0
simple,Wooster Jumbo-Koter Big Green Flocked Foam Roller,794,WBC-000000795,,"Wooster Jumbo-Koter Big Green Flocked Foam Roller from Wooster Brush Co. is a paint-roller cover or refill for applying compatible coatings; its stated fabric, width and nap help determine finish texture, loading and surface reach. Choose the listed size for the surface and coating, then clean or dispose of the applicator according to current product guidance.",,Painting Tools & Accessories > Tools,"paint roller cover, paint roller refill, paint applicator, painting tool, foam roller cover",Wooster Brush Co.,WOOSTER,https://raw.githubusercontent.com/kinggoff/NewSteelesImages/main/review-images/WBC-000000795-wooster-jumbo-koter-big-green-flocked-foam-roller.png?raw=true,Image Added,,,,,,,,,,,,,,,3487fb96313630234d241f05b98a53530b977251a990516cfc0951b49a8be272,0c969c1c96f12edb09f301f1c08df5ff3bb068b133b0263d631d370e004251d2
simple,"Wooster Jumbo-Koter 14"" Roller Frame",795,WBC-000000796,,"Wooster Jumbo-Koter 14"" Roller Frame from Wooster Brush Co. is a paint-roller cover or refill for applying compatible coatings; its stated fabric, width and nap help determine finish texture, loading and surface reach. Choose the listed size for the surface and coating, then clean or dispose of the applicator according to current product guidance.",,Painting Tools & Accessories > Tools,"paint roller frame, roller handle, paint applicator, painting tool",Wooster Brush Co.,MUM01,https://raw.githubusercontent.com/kinggoff/NewSteelesImages/main/review-images/WBC-000000796-wooster-jumbo-koter-14-inch-roller-frame.png?raw=true,Image Added,,,,,,,,,,,,,,,d182a44983fec5037046ed14cc65342b8572da1d15c719fc3433ec4595832543,297e280ef8b04a52449d201c5260d0b029924e5a74901b58e9fe77dcfeb41f6e
simple,"Wooster Jumbo-Koter Microfiber Roller 4 1/2"" x 3/8"" 2PK",796,WBC-000000797,,"Wooster Jumbo-Koter Microfiber Roller 4 1/2"" x 3/8"" 2PK from Wooster Brush Co. is a paint-roller cover or refill for applying compatible coatings; its stated fabric, width and nap help determine finish texture, loading and surface reach. Choose the listed size for the surface and coating, then clean or dispose of the applicator according to current product guidance.",,Painting Tools & Accessories > Tools,"paint roller cover, paint roller refill, paint applicator, painting tool, microfiber roller cover",Wooster Brush Co.,WOOSTER,https://raw.githubusercontent.com/kinggoff/NewSteelesImages/main/review-images/WBC-000000797-wooster-jumbo-koter-microfiber-4-5-x-3-8-2pk.png?raw=true,Image Added,,,,,,,,,,,,,,,650d79ecea7e6a1e2579098680d8977c9230ace61e4d05fe42b16194ad671a40,414f610755903973eed4f43858c6e0646acaf6fc2f205d3ad3b1b8c737b3f746
simple,Wooster Dust Eater,797,WBC-000000798,,"Wooster Dust Eater from Wooster Brush Co. is a dusting tool for removing sanding residue and loose particles from walls, trim and other surfaces before coating. Review the listed format and current manufacturer instructions to confirm compatibility, safe use, cleaning and storage for the intended job.",,Painting Tools & Accessories > Paint Prep & Repairs,"dusting tool, surface preparation brush, sanding dust remover, painting preparation tool",Wooster Brush Co.,MUM01,https://raw.githubusercontent.com/kinggoff/NewSteelesImages/main/review-images/59-wbc-000000798-wooster-dust-eater.png?raw=true,Image Added,,,,,,,,,,,,,,,a572fa1f838a94e0f182dc49e0c4ac14f78c1bc71e2008235d02e76648c9d117,99de67daf54e78188ac4fef3e84b5b3ba146a90310e0f4ef5e89aee8f49b11d8
simple,Wooster Wide Boy 5-Gallon Bucket,798,WBC-000000799,,"Wooster Wide Boy 5-Gallon Bucket from Wooster Brush Co. is a reusable work container for holding, measuring or mixing compatible paint and finishing materials during preparation and application. Review the listed format and current manufacturer instructions to confirm compatibility, safe use, cleaning and storage for the intended job.",,Painting Tools & Accessories > Tools,"paint pail, paint container, mixing container, painting accessory",Wooster Brush Co.,WOOSTER,https://raw.githubusercontent.com/kinggoff/NewSteelesImages/main/review-images/WBC-000000799-wooster-wide-boy-5-gallon-bucket.png?raw=true,Image Added,,,,,,,,,,,,,,,d17c3c9b02165e854a016111b766b45d0ffd6f2f1eae3786ec300017b27c3f2a,353b727ed7b4710315dec2a75ea893712b458a4c51341901e22c07c6b38a270c
simple,Wooster Sherlock Extension Pole 4–8 ft,799,WO-000000800,,"Wooster Sherlock Extension Pole 4–8 ft is an extension pole for increasing the reach of compatible rollers, sanding heads or other threaded painting tools. Choose the listed size for the surface and coating, then clean or dispose of the applicator according to current product guidance. Confirm the exact item and package before ordering.",,Painting Tools & Accessories > Tools,"paint roller extension pole, telescoping pole, paint applicator accessory, painting tool",Wooster,WOOSTER,https://raw.githubusercontent.com/kinggoff/NewSteelesImages/main/review-images/WO-000000800-wooster-sherlock-extension-pole-4-8-ft.png?raw=true,Image Added,,,,,,,,,,,,,,,3fbb2926ce10bf7055d35324aa2131d77e837458256182e38a6126e6646e1a80,a952bd174c50c388b05e6c05154b869de4a0396f616501eb76071b0f755fbf4a
simple,"Wooster Shortcut 2"" Angle Brush",800,WBC-000000801,,"Wooster Shortcut 2"" Angle Brush from Wooster Brush Co. is a purpose-shaped brush for controlled application of compatible paint, stain or decorative coating; its filament style and profile suit the task named in the product. Choose the listed size for the surface and coating, then clean or dispose of the applicator according to current product guidance.",,Painting Tools & Accessories > Tools,"angled paint brush, sash brush, paint applicator, painting tool, paint brush, bristle brush",Wooster Brush Co.,WOOSTER,https://raw.githubusercontent.com/kinggoff/NewSteelesImages/main/review-images/60-wbc-000000801-wooster-shortcut-2-angle-brush.png?raw=true,Image Added,,,,,,,,,,,,,,,a65e4722702b9c28e1c41c6f81b64c2ea3879d9509496336130e85cc2aacad7f,cb7c91ae103d181715f6a5dc73e8d04144f35691723e153bfa33911dee203f4e
simple,XIM UMA Acrylic Primer,801,XIM-000000802,,"XIM UMA Acrylic Primer is a preparatory coating for the substrate or problem condition named in the product, helping create a more uniform surface for compatible topcoats. Confirm preparation, compatibility, application, coverage and recoat requirements in the current label or technical data sheet. Confirm the exact item and package before ordering.",,Paints > Primers,"primer, primer sealer, surface preparation coating, basecoat",XIM,FLE01-S,https://raw.githubusercontent.com/kinggoff/NewSteelesImages/main/review-images/XIM-000000802-xim-uma-acrylic-primer.png?raw=true,Image Added,,,,,,,,,X-I-M UMA Advanced Technology White 1-Gallon - 11051=https://raw.githubusercontent.com/kinggoff/NewSteelesImages/main/PDFs/SDS/xim-XIM-UMA-Advanced-Technology-White-11051-SDS.pdf?raw=true,X-I-M UMA Advanced Technology Primer Sealer Bonder White - includes 1-Gallon 11051=https://raw.githubusercontent.com/kinggoff/NewSteelesImages/main/PDFs/TDS/xim-XIM-UMA-Advanced-Technology-White-TDS.pdf?raw=true,X-I-M UMA Advanced Technology White 1-Gallon - 11051=https://raw.githubusercontent.com/kinggoff/NewSteelesImages/main/PDFs/SDS/xim-XIM-UMA-Advanced-Technology-White-11051-SDS.pdf?raw=true,,X-I-M UMA Advanced Technology Primer Sealer Bonder White - includes 1-Gallon 11051=https://raw.githubusercontent.com/kinggoff/NewSteelesImages/main/PDFs/TDS/xim-XIM-UMA-Advanced-Technology-White-TDS.pdf?raw=true,,ef8c74a3e6b5374f8799ae1a24b45cd14e963bdec38441d963815219d4bfc46c,4fa2a64cb9e161a026daea9db2e8e946d5c8f7a43932aca527b9d795d7d0e09f
simple,Restor-A-Finish Walnut,802,HOW-000000803,,"Restor-A-Finish Walnut from Howard is a wood-finishing product for colouring, conditioning or protecting the compatible interior or exterior wood surface named in the product. Confirm preparation, compatibility, application, coverage and recoat requirements in the current label or technical data sheet.",,Paints > Stains & Varnishes,"wood finish restorer, furniture refinisher, colour-restoring finish, wood care product",Howard,YHD01,https://raw.githubusercontent.com/kinggoff/NewSteelesImages/main/review-images/HOW-000000803-howard-restor-a-finish-walnut.png?raw=true,Image Added,,,,,,,,,Howard Restor-A-Finish - includes Walnut=https://raw.githubusercontent.com/kinggoff/NewSteelesImages/main/PDFs/SDS/howard-Howard-Restor-A-Finish-Walnut-SDS.pdf?raw=true,Howard Restor-A-Finish Fact Sheet - includes Walnut=https://raw.githubusercontent.com/kinggoff/NewSteelesImages/main/PDFs/TDS/howard-Howard-Restor-A-Finish-Walnut-Fact-Sheet-TDS.pdf?raw=true,Howard Restor-A-Finish - includes Walnut=https://raw.githubusercontent.com/kinggoff/NewSteelesImages/main/PDFs/SDS/howard-Howard-Restor-A-Finish-Walnut-SDS.pdf?raw=true,,Howard Restor-A-Finish Fact Sheet - includes Walnut=https://raw.githubusercontent.com/kinggoff/NewSteelesImages/main/PDFs/TDS/howard-Howard-Restor-A-Finish-Walnut-Fact-Sheet-TDS.pdf?raw=true,,674843c2c312b24b79658d1a70f879e45a394492c6e5b2ed8974eb45d987045a,b0be5e5ce19990fb7826e08614b4ae1369b55e164278545a95bf4cbcda42ad0f
simple,Floetrol Gallon - Flood,803,FLO-000000804,,"Floetrol Gallon - Flood from Flood is a latex-paint conditioner used to improve flow and application properties in compatible water-based coatings without functioning as a thinner. Review the listed format and current manufacturer instructions to confirm compatibility, safe use, cleaning and storage for the intended job.",,Painting Tools & Accessories > Paint Prep & Repairs,"paint additive, paint conditioner, latex paint additive, flow and levelling additive",Flood,YHD01,https://raw.githubusercontent.com/kinggoff/NewSteelesImages/main/review-images/FLO-000000804-floetrol-gallon-flood.png?raw=true,Image Added,,,,,,,,,,,,,,,c681dd787f9b01b8211686d040124059bdf2a7e61454d541a2800fff77e89629,66f1b38d633e955f0d2f0daf51b877960c9d5a4f9b911ce2bde1fc61108a6df3
simple,Zinsser Odor Killing Primer,804,ZI-000000805,,"Zinsser Odor Killing Primer is a preparatory coating for the substrate or problem condition named in the product, helping create a more uniform surface for compatible topcoats. Confirm preparation, compatibility, application, coverage and recoat requirements in the current label or technical data sheet.",,Paints > Primers,"stain-blocking primer, odour-blocking primer, primer sealer, surface preparation coating, primer, basecoat",Zinsser,FLE01-S,https://raw.githubusercontent.com/kinggoff/NewSteelesImages/main/review-images/ZI-000000805-zinsser-odor-killing-primer.png?raw=true,Image Added,,,,,,,,,Zinsser Odor Killing Primer Clear 1-Gallon - 305928=https://raw.githubusercontent.com/kinggoff/NewSteelesImages/main/PDFs/SDS/zinsser-Zinsser-Odor-Killing-Primer-305928-SDS.pdf?raw=true,Zinsser Odor Killing Primer - includes 1-Gallon 305928=https://raw.githubusercontent.com/kinggoff/NewSteelesImages/main/PDFs/TDS/zinsser-Zinsser-Odor-Killing-Primer-TDS.pdf?raw=true,Zinsser Odor Killing Primer Clear 1-Gallon - 305928=https://raw.githubusercontent.com/kinggoff/NewSteelesImages/main/PDFs/SDS/zinsser-Zinsser-Odor-Killing-Primer-305928-SDS.pdf?raw=true,,Zinsser Odor Killing Primer - includes 1-Gallon 305928=https://raw.githubusercontent.com/kinggoff/NewSteelesImages/main/PDFs/TDS/zinsser-Zinsser-Odor-Killing-Primer-TDS.pdf?raw=true,,d11c615e8ef6908670e97ee0ffc63b2667fd37e224aaaf9768a392783ceef5ca,fbe5ce46b028c9799c855ebaaaf02d7fb32ac3e82c85adc0b36f040b622f4c9b
simple,Zinsser Covers Up Ceiling Paint & Primer Spray,805,ZI-000000806,,"Zinsser Covers Up Ceiling Paint & Primer Spray is a preparatory coating for the substrate or problem condition named in the product, helping create a more uniform surface for compatible topcoats. Confirm preparation, compatibility, application, coverage and recoat requirements in the current label or technical data sheet.",,Paints > Primers,"ceiling paint, interior paint, flat paint, architectural coating, spray primer, aerosol primer, primer, surface preparation coating",Zinsser,FLE01-S,https://raw.githubusercontent.com/kinggoff/NewSteelesImages/main/review-images/61-zi-000000806-zinsser-covers-up-ceiling-paint-primer-spray.png?raw=true,Image Added,,,,,,,,,Zinsser Covers Up Ceiling Paint & Primer White 454 g Aerosol - Z03696=https://raw.githubusercontent.com/kinggoff/NewSteelesImages/main/PDFs/SDS/zinsser-Zinsser-Covers-Up-Z03696-SDS.pdf?raw=true,Zinsser Covers Up Ceiling Paint & Primer - includes Z03696=https://raw.githubusercontent.com/kinggoff/NewSteelesImages/main/PDFs/TDS/zinsser-Zinsser-Covers-Up-Ceiling-Paint-Primer-TDS.pdf?raw=true,Zinsser Covers Up Ceiling Paint & Primer White 454 g Aerosol - Z03696=https://raw.githubusercontent.com/kinggoff/NewSteelesImages/main/PDFs/SDS/zinsser-Zinsser-Covers-Up-Z03696-SDS.pdf?raw=true,,Zinsser Covers Up Ceiling Paint & Primer - includes Z03696=https://raw.githubusercontent.com/kinggoff/NewSteelesImages/main/PDFs/TDS/zinsser-Zinsser-Covers-Up-Ceiling-Paint-Primer-TDS.pdf?raw=true,,a9245709d1172ba32956a98418fcd5bcd9c926c1dc5f540744f75ecb9ff70b0e,9c4679683bc7cc92a36305ec0e40006452500f6108865809e16a5a4d08e9f914
simple,Zinsser Bulls Eye Shellac,806,ZI-000000807,,"Zinsser Bulls Eye Shellac is a coating formulated for the interior, exterior, specialty or industrial use indicated by its product name and category. The final appearance and service performance depend on the substrate, preparation, film build and complete coating system. Confirm preparation, compatibility, application, coverage and recoat requirements in the current label or technical data sheet.",,Paints > Primers,"shellac finish, clear wood finish, natural resin finish, sealing finish",Zinsser,FLE01-S,https://raw.githubusercontent.com/kinggoff/NewSteelesImages/main/review-images/62-zi-000000807-zinsser-bulls-eye-shellac.png?raw=true,Image Added,Finishes,Amber | Clear,1,1,Variants,Pint | Gallon,1,1,Zinsser Bulls Eye Shellac Amber 473 mL - Z00718=https://raw.githubusercontent.com/kinggoff/NewSteelesImages/main/PDFs/SDS/zinsser-Zinsser-Bulls-Eye-Shellac-Amber-Z00718-SDS.pdf?raw=true,Zinsser Bulls Eye Shellac - Amber and Clear brush formats=https://raw.githubusercontent.com/kinggoff/NewSteelesImages/main/PDFs/TDS/zinsser-Zinsser-Bulls-Eye-Shellac-TDS.pdf?raw=true,Zinsser Bulls Eye Shellac Amber 473 mL - Z00718=https://raw.githubusercontent.com/kinggoff/NewSteelesImages/main/PDFs/SDS/zinsser-Zinsser-Bulls-Eye-Shellac-Amber-Z00718-SDS.pdf?raw=true,,Zinsser Bulls Eye Shellac - Amber and Clear brush formats=https://raw.githubusercontent.com/kinggoff/NewSteelesImages/main/PDFs/TDS/zinsser-Zinsser-Bulls-Eye-Shellac-TDS.pdf?raw=true,,fbaa523220149e0875910ba2d683731b667249491c9e131dd04cfd7aa995fb38,b83c40edcd9a99bd6eee17409d49c42948d1123a2d7586b345fb6e4a72ae6e39
simple,Zinsser WaterTite Hydraulic Cement,807,ZI-000000808,,"Zinsser WaterTite Hydraulic Cement is a repair material for filling, patching, glazing, rebuilding or stabilizing the compatible wood, drywall, window or masonry surface indicated by the product name. Apply to a clean, sound surface and follow the label for mixing, layer depth, drying or cure, sanding and topcoating.",,Painting Tools & Accessories > Paint Prep & Repairs,"hydraulic cement, waterproof repair cement, masonry patch, rapid-setting cement",Zinsser,FLE01-S,https://raw.githubusercontent.com/kinggoff/NewSteelesImages/main/review-images/ZI-000000808-zinsser-watertite-hydraulic-cement.png?raw=true,Image Added,,,,,,,,,,,,,,,a93a4c410e34cdde10b32d9716d7f90c638208169776d0104ac5be32f21adaab,5d400a7d57a8c974e370a03813d4aafe0150263a9d658c4a0a210c98920d1094
simple,Zinsser Shieldz Universal Wallcovering Primer,808,ZI-000000809,,"Zinsser Shieldz Universal Wallcovering Primer is a preparatory coating for the substrate or problem condition named in the product, helping create a more uniform surface for compatible topcoats. Confirm preparation, compatibility, application, coverage and recoat requirements in the current label or technical data sheet.",,Paints > Primers,"wallcovering primer, primer sealer, wall preparation coating, interior primer, primer, surface preparation coating, basecoat",Zinsser,FLE01-S,https://raw.githubusercontent.com/kinggoff/NewSteelesImages/main/review-images/ZI-000000809-zinsser-shieldz-universal-wallcovering-primer.png?raw=true,Image Added,,,,,,,,,Zinsser Shieldz Universal Wallcovering Primer White 1-Gallon - 2501=https://raw.githubusercontent.com/kinggoff/NewSteelesImages/main/PDFs/SDS/zinsser-Zinsser-Shieldz-Universal-Wallcovering-Primer-2501-SDS.pdf?raw=true,Zinsser Shieldz Universal Wallcovering Primer - SHZ-02=https://raw.githubusercontent.com/kinggoff/NewSteelesImages/main/PDFs/TDS/zinsser-Zinsser-Shieldz-Universal-Wallcovering-Primer-TDS.pdf?raw=true,Zinsser Shieldz Universal Wallcovering Primer White 1-Gallon - 2501=https://raw.githubusercontent.com/kinggoff/NewSteelesImages/main/PDFs/SDS/zinsser-Zinsser-Shieldz-Universal-Wallcovering-Primer-2501-SDS.pdf?raw=true,,Zinsser Shieldz Universal Wallcovering Primer - SHZ-02=https://raw.githubusercontent.com/kinggoff/NewSteelesImages/main/PDFs/TDS/zinsser-Zinsser-Shieldz-Universal-Wallcovering-Primer-TDS.pdf?raw=true,,7d03088580a42fc051e179f476252396004c2761792b71b176c6505489a3d77e,c59d32dd352fd7f8e856bcf792955c677115eb574f72db5f6c2e390c25dc9740
simple,Zinsser Peel Stop Plus High Build Binding Primer,809,ZI-000000810,,"Zinsser Peel Stop Plus High Build Binding Primer is a preparatory coating for the substrate or problem condition named in the product, helping create a more uniform surface for compatible topcoats. Confirm preparation, compatibility, application, coverage and recoat requirements in the current label or technical data sheet.",,Paints > Primers,"binding primer, high-build primer, problem-surface primer, primer sealer, primer, surface preparation coating, basecoat",Zinsser,FLE01-S,https://raw.githubusercontent.com/kinggoff/NewSteelesImages/main/review-images/ZI-000000810-zinsser-peel-stop-plus-high-build-binding-primer.png?raw=true,Image Added,,,,,,,,,Zinsser Peel Stop Plus High Build Binding Primer 946 mL - 266847=https://raw.githubusercontent.com/kinggoff/NewSteelesImages/main/PDFs/SDS/zinsser-Zinsser-Peel-Stop-Plus-266847-SDS.pdf?raw=true,Zinsser Peel Stop Plus High Build Binding Primer - includes 946 mL 266847=https://raw.githubusercontent.com/kinggoff/NewSteelesImages/main/PDFs/TDS/zinsser-Zinsser-Peel-Stop-Plus-High-Build-Binding-Primer-TDS.pdf?raw=true,Zinsser Peel Stop Plus High Build Binding Primer 946 mL - 266847=https://raw.githubusercontent.com/kinggoff/NewSteelesImages/main/PDFs/SDS/zinsser-Zinsser-Peel-Stop-Plus-266847-SDS.pdf?raw=true,,Zinsser Peel Stop Plus High Build Binding Primer - includes 946 mL 266847=https://raw.githubusercontent.com/kinggoff/NewSteelesImages/main/PDFs/TDS/zinsser-Zinsser-Peel-Stop-Plus-High-Build-Binding-Primer-TDS.pdf?raw=true,,018c880859d65485578ced232cf13de1ef151e5781b1d077ac3a405200a58356,7b466c15aa82c5986e82e751dd413e6ecdf537b111116f1b1fa61a6420b1ef70
simple,Zinsser DIF Wallpaper Stripper Gel,810,ZI-000000811,,"Zinsser DIF Wallpaper Stripper Gel is a surface-preparation or cleanup product for removing the residue named in the product from compatible materials before refinishing. Test first, then follow the label for dilution, dwell time, rinsing, ventilation and protective equipment. Confirm the exact item and package before ordering.",,Painting Tools & Accessories > Cleaners & Removers,"wallpaper remover, wallpaper stripping gel, wallcovering remover, surface preparation chemical",Zinsser,FLE01-S,https://raw.githubusercontent.com/kinggoff/NewSteelesImages/main/review-images/ZI-000000811-zinsser-dif-wallpaper-stripper-gel.png?raw=true,Image Added,,,,,,,,,,,,,,,525f31ed201437fa8f2cbf051ebfbace04d3a1c6a13f1f3cccc691c53ba2ac37,436eba83ab7fedf58f9827dcfaf2a0e2abbc712ca083ea09330d25e9f1587206
simple,Zipwall Zippole10,811,ZIP-000000812,,"Zipwall Zippole10 is a telescoping, spring-loaded pole for quickly supporting compatible plastic sheeting as a temporary dust barrier up to the height stated in the product name. Choose the listed size for the surface and coating, then clean or dispose of the applicator according to current product guidance.",,Painting Tools & Accessories > Tools,"dust barrier pole, telescoping support pole, plastic sheeting support, renovation containment system",ZipWall,ZIPWALL,https://raw.githubusercontent.com/kinggoff/NewSteelesImages/main/review-images/ZIP-000000812-zipwall-zippole10.png?raw=true,Image Added,,,,,,,,,,,,,,,da62b966c3cf3d64a2581fe3af2e8607b1c02c53306215211fd1518423cf2613,50152058969addee78853359d8e4a2e198ab1872c98a685b29aad1c32d1bda86
simple,Zipwall Heavy Duty Zipper,812,ZIP-000000813,,"Zipwall Heavy Duty Zipper is an adhesive-backed zipper for creating a reusable entry in compatible plastic-sheet dust barriers during renovation, repair and painting work. Review the listed format and current manufacturer instructions to confirm compatibility, safe use, cleaning and storage for the intended job.",,Painting Tools & Accessories > Tools,"dust barrier zipper, adhesive zipper, plastic sheeting access door, renovation containment accessory",ZipWall,ZIPWALL,https://raw.githubusercontent.com/kinggoff/NewSteelesImages/main/review-images/ZIP-000000813-zipwall-heavy-duty-zipper-package-front.png?raw=true,Image Added,,,,,,,,,,,,,,,be0bbdab2f1e2a11a77e9173cf337e1c9da54ed72517404acdd0b40b279321ad,f647276a1d5d78af86d8022930ecaf6a33ae8b323e3536b2b179e601844786e3
