Type,Name,Number Build,SKU,Description,Short Description,Description Status,Categories,Tags,Brands,Vendor,Images,Image Info,Attribute 1 name,Attribute 1 value(s),Attribute 1 visible,Attribute 1 global,Attribute 2 name,Attribute 2 value(s),Attribute 2 visible,Attribute 2 global,meta_sds_map,meta_tds_map
simple,Paint Colour Samples,1,BM-000000001,,"Benjamin Moore Paint Colour Samples let you try real paint on your walls so you can see undertones, lighting effects and coverage in your own space before choosing a full-size can. Confirm preparation, compatibility, application, coverage and recoat requirements in the current label or technical data sheet.",Previously Described,Paints > Interior,"benjamin moore, bm paints, colour sample, paint sample, sample, tester, wall colour test",Benjamin Moore,MOO01,https://github.com/GZToronto/steeles/blob/3d4219d8bbf01f7b53b6d76e609793bdd93d9e4f/coloursample_coloursamples_benjaminmoore.png?raw=true,Image already existed,Finishes,,1,1,,,,,,
simple,Woodluxe Exterior Stain Sample,2,BM-000000002,,"Benjamin Moore Woodluxe Exterior Stain Samples make it easy to preview colour and opacity on decks, siding and outdoor wood so you can choose the right Woodluxe finish with confidence. Confirm preparation, compatibility, application, coverage and recoat requirements in the current label or technical data sheet.",Previously Described,Paints > Stains & Varnishes,"benjamin moore, bm paints, exterior paint, exterior stain, sample, stain sample, tester, wood sample, wood stain",Benjamin Moore,MOO01,https://github.com/GZToronto/steeles/blob/fef9091ad5756d0c7d6127c29b3d4528512d15eb/woodluxestainsample_coloursamples_benjaminmoore.png?raw=true,Image already existed,Finishes,,1,1,,,,,,
simple,Peel and Stick Paint Sample,3,BM-000000003,,"Benjamin Moore Peel & Stick Paint Samples are repositionable decals coated with real paint, letting you move colours around the room, compare options and test in different lighting without opening a can or using a brush. Review the listed format and current manufacturer instructions to confirm compatibility, safe use, cleaning and storage for the intended job.",Previously Described,Painting Tools & Accessories > Tools,"benjamin moore, bm paints, paint swatch, peel & stick, peel and stick, removable sample, sample, tester",Benjamin Moore,MOO01,https://github.com/GZToronto/steeles/blob/25b1c78fe90b82e49f0cc35075f3304296b481bf/peelandstickpaintsample_painttoolsaccessories_benjaminmoore.png?raw=true,Image already existed,Finishes,,1,1,,,,,,
simple,Aura Interior Paint,4,BM-000000004,,"Aura Interior is Benjamin Moore's ultra-premium paint, using Colour Lock technology for rich, long-lasting colour and stunning beauty that lasts. The master lists Matte, Satin, Eggshell, or Semi Gloss finish options. Confirm preparation, compatibility, application, coverage and recoat requirements in the current label or technical data sheet.",Previously Described,Paints > Interior,"aura, aura interior, interior paint, benjamin moore, bm paints, indoor, interior,premium paint, washable walls, colour lock, premium",Benjamin Moore,MOO01,https://github.com/GZToronto/steeles/blob/a47c7ba43e5ea44f073f12f0a375c55e2044fad6/aurainterior_interiorpaints_benjaminmoore.png?raw=true,Image already existed,Finishes,Matte | Satin | Eggshell | Semi Gloss,1,1,,,,,"Eggshell=https://media.benjaminmoore.com/WebServices/prod/assets/production/datasheets/MSDS_0524/F5241X_SDS_EN.pdf, https://media.benjaminmoore.com/WebServices/prod/assets/production/datasheets/MSDS_0524/F5242X_SDS_EN.pdf, https://media.benjaminmoore.com/WebServices/prod/assets/production/datasheets/MSDS_0524/F5243X_SDS_EN.pdf, https://media.benjaminmoore.com/WebServices/prod/assets/production/datasheets/MSDS_0524/F5244X_SDS_EN.pdf|Matte=https://media.benjaminmoore.com/WebServices/prod/assets/production/datasheets/MSDS_0522/F5221X_SDS_EN.pdf, https://media.benjaminmoore.com/WebServices/prod/assets/production/datasheets/MSDS_0522/F5222X_SDS_EN.pdf, https://media.benjaminmoore.com/WebServices/prod/assets/production/datasheets/MSDS_0522/F5223X_SDS_EN.pdf, https://media.benjaminmoore.com/WebServices/prod/assets/production/datasheets/MSDS_0522/F5224X_SDS_EN.pdf|Satin=https://media.benjaminmoore.com/WebServices/prod/assets/production/datasheets/MSDS_N526/F5261X_SDS_EN.pdf, https://media.benjaminmoore.com/WebServices/prod/assets/production/datasheets/MSDS_N526/F5262X_SDS_EN.pdf, https://media.benjaminmoore.com/WebServices/prod/assets/production/datasheets/MSDS_N526/F5263X_SDS_EN.pdf, https://media.benjaminmoore.com/WebServices/prod/assets/production/datasheets/MSDS_N526/F5264X_SDS_EN.pdf|Semi Gloss=https://media.benjaminmoore.com/WebServices/prod/assets/production/datasheets/MSDS_0528/F5281X_SDS_EN.pdf, https://media.benjaminmoore.com/WebServices/prod/assets/production/datasheets/MSDS_0528/F5282X_SDS_EN.pdf, https://media.benjaminmoore.com/WebServices/prod/assets/production/datasheets/MSDS_0528/F5283X_SDS_EN.pdf, https://media.benjaminmoore.com/WebServices/prod/assets/production/datasheets/MSDS_0528/F5284X_SDS_EN.pdf",Eggshell=https://media.benjaminmoore.com/WebServices/prod/assets/production/datasheets/TDS_0524/F524_TDS_CE_OKF.pdf|Matte=https://media.benjaminmoore.com/WebServices/prod/assets/production/datasheets/TDS_0522/F522_TDS_CE_OKF.pdf|Satin=https://media.benjaminmoore.com/WebServices/prod/assets/production/datasheets/TDS_0526/F526_TDS_CE_OKF.pdf|Semi Gloss=https://media.benjaminmoore.com/WebServices/prod/assets/production/datasheets/TDS_0528/F528_TDS_CE_OKF.pdf
simple,Aura Bath & Spa Interior Paint,5,BM-000000005,,"Benjamin Moore Aura Bath & Spa is a luxe matte bathroom paint engineered for high-humidity spaces, offering rich colour, exceptional hide, and a mildew-resistant finish that stands up to steam and frequent cleaning. The master lists Matte finish options. Confirm preparation, compatibility, application, coverage and recoat requirements in the current label or technical data sheet.",Previously Described,Paints > Interior,"aura, aura interior, interior paint, benjamin moore, bath & spa, bathroom paint, bm paints, high humidity, indoor, interior, mildew resistant, colour lock, premium",Benjamin Moore,MOO01,https://github.com/GZToronto/steeles/blob/bcdb734d85f43316adb27f2a19b5eda20791e868/aurabath_interiorpaints_benjaminmoore.png?raw=true,Image already existed,Finishes,Matte,1,1,,,,,"Matte=https://media.benjaminmoore.com/WebServices/prod/assets/production/datasheets/MSDS_0532/K5321X_SDS_EN.pdf, https://media.benjaminmoore.com/WebServices/prod/assets/production/datasheets/MSDS_0532/K5322X_SDS_EN.pdf, https://media.benjaminmoore.com/WebServices/prod/assets/production/datasheets/MSDS_0532/K5323X_SDS_EN.pdf, https://media.benjaminmoore.com/WebServices/prod/assets/production/datasheets/MSDS_0532/K5324X_SDS_EN.pdf",Matte=https://media.benjaminmoore.com/WebServices/prod/assets/production/datasheets/TDS_0532/K532_TDS_CE.pdf
simple,Regal Select Interior Paint,6,BM-000000006,,"Benjamin Moore Regal Select Interior is a premium paint-and-primer-in-one, known for its easy application, excellent hide, and stain-release technology that makes walls washable and ideal for busy rooms. Confirm preparation, compatibility, application, coverage and recoat requirements in the current label or technical data sheet.",Previously Described,Paints > Interior,"regal, regal interior, interior paint, benjamin moore, bm paints, everyday paint, indoor, interior,  regal select, scrubbable",Benjamin Moore,MOO01,https://github.com/GZToronto/steeles/blob/453b70aa60eb522deb5741224566d7e4ff19803c/regalselectinterior_interiorpaints_benjaminmoore.png?raw=true,Image already existed,Finishes,Matte | Eggshell | Semi Gloss | Pearl,1,1,,,,,"Eggshell=https://media.benjaminmoore.com/WebServices/prod/assets/production/datasheets/MSDS_0549/F5491X_SDS_EN.pdf, https://media.benjaminmoore.com/WebServices/prod/assets/production/datasheets/MSDS_0549/F5492X_SDS_EN.pdf, https://media.benjaminmoore.com/WebServices/prod/assets/production/datasheets/MSDS_0549/F5493X_SDS_EN.pdf, https://media.benjaminmoore.com/WebServices/prod/assets/production/datasheets/MSDS_0549/F5494X_SDS_EN.pdf, https://media.benjaminmoore.com/WebServices/prod/assets/production/datasheets/MSDS_0549/F54901_SDS_EN.pdf|Satin Pearl=https://media.benjaminmoore.com/WebServices/prod/assets/production/datasheets/MSDS_0550/F5501X_SDS_EN.pdf, https://media.benjaminmoore.com/WebServices/prod/assets/production/datasheets/MSDS_0550/F5502X_SDS_EN.pdf, https://media.benjaminmoore.com/WebServices/prod/assets/production/datasheets/MSDS_0550/F5503X_SDS_EN.pdf, https://media.benjaminmoore.com/WebServices/prod/assets/production/datasheets/MSDS_0550/F5504X_SDS_EN.pdf, https://media.benjaminmoore.com/WebServices/prod/assets/production/datasheets/MSDS_0550/F55001_SDS_EN.pdf|Semi Gloss=https://media.benjaminmoore.com/WebServices/prod/assets/production/datasheets/MSDS_0551/Y5511X_SDS_EN.pdf, https://media.benjaminmoore.com/WebServices/prod/assets/production/datasheets/MSDS_0551/Y5512X_SDS_EN.pdf, https://media.benjaminmoore.com/WebServices/prod/assets/production/datasheets/MSDS_0551/Y5513X_SDS_EN.pdf, https://media.benjaminmoore.com/WebServices/prod/assets/production/datasheets/MSDS_0551/Y5514X_SDS_EN.pdf, https://media.benjaminmoore.com/WebServices/prod/assets/production/datasheets/MSDS_0551/Y55101_SDS_EN.pdf|Ulti Matte=https://media.benjaminmoore.com/WebServices/prod/assets/production/datasheets/MSDS_0552/K55201_SDS_EN.pdf, https://media.benjaminmoore.com/WebServices/prod/assets/production/datasheets/MSDS_0552/K5521X_SDS_EN.pdf, https://media.benjaminmoore.com/WebServices/prod/assets/production/datasheets/MSDS_0552/K5522X_SDS_EN.pdf, https://media.benjaminmoore.com/WebServices/prod/assets/production/datasheets/MSDS_0552/K5523X_SDS_EN.pdf, https://media.benjaminmoore.com/WebServices/prod/assets/production/datasheets/MSDS_0552/K5524X_SDS_EN.pdf",Eggshell=https://media.benjaminmoore.com/WebServices/prod/assets/production/datasheets/TDS_0549/F549_TDS_CE.pdf|Satin Pearl=https://media.benjaminmoore.com/WebServices/prod/assets/production/datasheets/TDS_0550/F550_TDS_CE.pdf|Semi Gloss=https://media.benjaminmoore.com/WebServices/prod/assets/production/datasheets/TDS_0551/F551_TDS_CE.pdf|Ulti Matte=https://media.benjaminmoore.com/WebServices/prod/assets/production/datasheets/TDS_0552/K552_TDS_CE.pdf
simple,Ben Interior Paint,7,BM-000000007,,"Ben Interior offers Benjamin Moore quality at a value price, with an easy-rolling, low-odour, zero-VOC paint and primer that delivers smooth, scuff-resistant finishes. The master lists Matte, Eggshell, Semi Gloss, or Pearl finish options. Confirm preparation, compatibility, application, coverage and recoat requirements in the current label or technical data sheet.",Previously Described,Paints > Interior,"ben, BEN, ben interior, interior paint, benjamin moore, bm paints, indoor, interior, zero voc, value, budget ",Benjamin Moore,MOO01,https://github.com/GZToronto/steeles/blob/ecab0936531f7d5c8093a59c02d075b643228725/beninterior_interiorpaints_benjaminmoore.png?raw=true,Image already existed,Finishes,Matte | Eggshell | Semi Gloss | Pearl,1,1,,,,,"Eggshell=https://media.benjaminmoore.com/WebServices/prod/assets/production/datasheets/MSDS_0626/F6261X_SDS_EN.pdf, https://media.benjaminmoore.com/WebServices/prod/assets/production/datasheets/MSDS_0626/F6262X_SDS_EN.pdf, https://media.benjaminmoore.com/WebServices/prod/assets/production/datasheets/MSDS_0626/F6263X_SDS_EN.pdf, https://media.benjaminmoore.com/WebServices/prod/assets/production/datasheets/MSDS_0626/F6264X_SDS_EN.pdf, https://media.benjaminmoore.com/WebServices/prod/assets/production/datasheets/MSDS_0626/F62601_SDS_EN.pdf|Matte=https://media.benjaminmoore.com/WebServices/prod/assets/production/datasheets/MSDS_0624/F6241X_SDS_EN.pdf, https://media.benjaminmoore.com/WebServices/prod/assets/production/datasheets/MSDS_0624/F6242X_SDS_EN.pdf, https://media.benjaminmoore.com/WebServices/prod/assets/production/datasheets/MSDS_0624/F6243X_SDS_EN.pdf, https://media.benjaminmoore.com/WebServices/prod/assets/production/datasheets/MSDS_0624/F6244X_SDS_EN.pdf, https://media.benjaminmoore.com/WebServices/prod/assets/production/datasheets/MSDS_0624/F62401_SDS_EN.pdf|Satin Pearl=https://media.benjaminmoore.com/WebServices/prod/assets/production/datasheets/MSDS_0628/F6281X_SDS_EN.PDF, https://media.benjaminmoore.com/WebServices/prod/assets/production/datasheets/MSDS_0628/F6282X_SDS_EN.PDF, https://media.benjaminmoore.com/WebServices/prod/assets/production/datasheets/MSDS_0628/F6283X_SDS_EN.PDF, https://media.benjaminmoore.com/WebServices/prod/assets/production/datasheets/MSDS_0628/F6284X_SDS_EN.PDF, https://media.benjaminmoore.com/WebServices/prod/assets/production/datasheets/MSDS_0628/F62801_SDS_EN.PDF|Semi Gloss=https://media.benjaminmoore.com/WebServices/prod/assets/production/datasheets/MSDS_0627/F6271X_SDS_EN.pdf, https://media.benjaminmoore.com/WebServices/prod/assets/production/datasheets/MSDS_0627/F6272X_SDS_EN.pdf, https://media.benjaminmoore.com/WebServices/prod/assets/production/datasheets/MSDS_0627/F6273X_SDS_EN.pdf, https://media.benjaminmoore.com/WebServices/prod/assets/production/datasheets/MSDS_0627/F6274X_SDS_EN.pdf, https://media.benjaminmoore.com/WebServices/prod/assets/production/datasheets/MSDS_0627/F62701_SDS_EN.pdf",Eggshell=https://media.benjaminmoore.com/WebServices/prod/assets/production/datasheets/TDS_0626/F626_TDS_CE.pdf|Matte=https://media.benjaminmoore.com/WebServices/prod/assets/production/datasheets/TDS_0624/F624_TDS_CE.pdf|Satin Pearl=https://media.benjaminmoore.com/WebServices/prod/assets/production/datasheets/TDS_0628/F628_TDS_CE.pdf|Semi Gloss=https://media.benjaminmoore.com/WebServices/prod/assets/production/datasheets/TDS_0627/F627_TDS_CE.pdf
simple,Kitchen & Bath Interior Paint,8,BM-000000008,,"Benjamin Moore Kitchen & Bath is a premium acrylic paint and primer formulated for humid kitchens and baths, providing durable, mildew-resistant protection with excellent colour retention and easy washability. The master lists Pearl finish options. Confirm preparation, compatibility, application, coverage and recoat requirements in the current label or technical data sheet.",Previously Described,Paints > Interior,"kitchen and bath, bathroom paint, benjamin moore, bm paints, indoor, interior, kitchen paint, mildew resistant, moisture resistant",Benjamin Moore,MOO01,https://github.com/GZToronto/steeles/blob/42eb1a75a80656099448c84273a4fe231adf55bd/kitchenbath_interiorpaints_benjaminmoore.png?raw=true,Image already existed,Finishes,Pearl,1,1,,,,,"Pearl=https://media.benjaminmoore.com/WebServices/prod/assets/production/datasheets/MSDS_0322/F32201_MSDS_EN.pdf, https://media.benjaminmoore.com/WebServices/prod/assets/production/datasheets/MSDS_0322/F3221B_MSDS_EN.pdf, https://media.benjaminmoore.com/WebServices/prod/assets/production/datasheets/MSDS_0322/F3222B_MSDS_EN.pdf, https://media.benjaminmoore.com/WebServices/prod/assets/production/datasheets/MSDS_0322/F3223B_MSDS_EN.pdf, https://media.benjaminmoore.com/WebServices/prod/assets/production/datasheets/MSDS_0322/F3224B_MSDS_EN.pdf",Pearl=https://media.benjaminmoore.com/WebServices/prod/assets/production/datasheets/TDS_0322/Y322_TDS_CE.pdf
simple,Waterborne Ceiling Paint,9,BM-000000009,,"Benjamin Moore waterborne Ceiling is a zero-VOC, ultra-flat acrylic ceiling paint designed to conceal surface imperfections, minimize spatter, and provide a beautiful, uniform finish in any colour. The master lists Ultra Flat finish options. Confirm preparation, compatibility, application, coverage and recoat requirements in the current label or technical data sheet.",Previously Described,Paints > Interior,"benjamin moore, bm paints, ceiling, ceiling paint, indoor, interior, ultra flat, zero voc",Benjamin Moore,MOO01,https://github.com/GZToronto/steeles/blob/05f13770fb611e0f918140251cb94684a964d114/waterborneceilingpaint_interiorpaints_benjaminmoore.png?raw=true,Image already existed,Finishes,Ultra Flat,1,1,,,,,"Ultra Flat=https://media.benjaminmoore.com/WebServices/prod/assets/production/datasheets/MSDS_0508/F50809_SDS_EN.pdf, https://media.benjaminmoore.com/WebServices/prod/assets/production/datasheets/MSDS_0508/F5081X_SDS_EN.pdf, https://media.benjaminmoore.com/WebServices/prod/assets/production/datasheets/MSDS_0508/F5082X_SDS_EN.pdf, https://media.benjaminmoore.com/WebServices/prod/assets/production/datasheets/MSDS_0508/F5083X_SDS_EN.pdf, https://media.benjaminmoore.com/WebServices/prod/assets/production/datasheets/MSDS_0508/F5084X_SDS_EN.pdf",Ultra Flat=https://media.benjaminmoore.com/WebServices/prod/assets/production/datasheets/TDS_0508/F508_TDS_CE.pdf
simple,Muresco Ceiling Paint,10,BM-000000010,,"Benjamin Moore Muresco Ceiling paint is a premium acrylic coating that rolls and sprays on smoothly, delivering a uniform, flat finish that diffuses light and helps obscure minor ceiling imperfections. The master lists Flat finish options. Confirm preparation, compatibility, application, coverage and recoat requirements in the current label or technical data sheet.",Previously Described,Paints > Interior,"benjamin moore, bm paints, ceiling, ceiling paint, flat finish, indoor, interior, muresco",Benjamin Moore,MOO01,https://github.com/GZToronto/steeles/blob/4162e2c5945f084d01a3f95fcb457243810c48ea/murescoceiling_interiorpaints_benjaminmoore.png?raw=true,Image already existed,Finishes,Flat,1,1,,,,,Flat=https://media.benjaminmoore.com/WebServices/prod/assets/production/datasheets/MSDS_0258/K25801_SDS_EN.pdf,Flat=https://media.benjaminmoore.com/WebServices/prod/assets/production/datasheets/TDS_0258/258_TDS_CE.pdf
simple,Aura Exterior Paint,11,BM-000000011,,"Benjamin Moore Aura Exterior is an ultra-premium paint featuring Colour Lock technology for deep, fade-resistant colour, outstanding durability, and protection against harsh weather, UV, and mildew. The master lists Low Lustre, Satin, Flat, or Soft Gloss finish options. Confirm preparation, compatibility, application, coverage and recoat requirements in the current label or technical data sheet.",Previously Described,Paints > Exterior,"aura, aura exterior, exterior paint, benjamin moore, bm paints, colour lock, exterior, exterior paint, fade resistant, outdoor, premium",Benjamin Moore,MOO01,https://github.com/GZToronto/steeles/blob/71cf3152c4c4c4b94aac5d14fd64c7c467088346/auraexterior_exteriorpaint_benjaminmoore.png?raw=true,Image already existed,Finishes,Low Lustre | Satin | Flat | Soft Gloss,1,1,,,,,"Flat=https://media.benjaminmoore.com/WebServices/prod/assets/production/datasheets/MSDS_0629/F6291X_SDS_EN.pdf, https://media.benjaminmoore.com/WebServices/prod/assets/production/datasheets/MSDS_0629/F6292X_SDS_EN.pdf, https://media.benjaminmoore.com/WebServices/prod/assets/production/datasheets/MSDS_0629/F6293X_SDS_EN.pdf, https://media.benjaminmoore.com/WebServices/prod/assets/production/datasheets/MSDS_0629/F6294X_SDS_EN.pdf|Low Lustre=https://media.benjaminmoore.com/WebServices/prod/assets/production/datasheets/MSDS_0634/F6341X_SDS_EN.pdf, https://media.benjaminmoore.com/WebServices/prod/assets/production/datasheets/MSDS_0634/F6342X_SDS_EN.pdf, https://media.benjaminmoore.com/WebServices/prod/assets/production/datasheets/MSDS_0634/F6343X_SDS_EN.pdf, https://media.benjaminmoore.com/WebServices/prod/assets/production/datasheets/MSDS_0634/F6344X_SDS_EN.pdf|Satin=https://media.benjaminmoore.com/WebServices/prod/assets/production/datasheets/MSDS_0631/F6311X_SDS_EN.pdf, https://media.benjaminmoore.com/WebServices/prod/assets/production/datasheets/MSDS_0631/F6312X_SDS_EN.pdf, https://media.benjaminmoore.com/WebServices/prod/assets/production/datasheets/MSDS_0631/F6313X_SDS_EN.pdf, https://media.benjaminmoore.com/WebServices/prod/assets/production/datasheets/MSDS_0631/F6314X_SDS_EN.pdf",Flat=https://media.benjaminmoore.com/WebServices/prod/assets/production/datasheets/TDS_0629/F629_TDS_CE.pdf|Satin=https://media.benjaminmoore.com/WebServices/prod/assets/production/datasheets/TDS_0631/F631_TDS_CE.pdf|Soft Gloss=https://media.benjaminmoore.com/WebServices/prod/assets/production/datasheets/TDS_0632/F632_TDS_CE.pdf|Low Lustre=https://media.benjaminmoore.com/WebServices/prod/assets/production/datasheets/TDS_0634/F634_TDS_CE.pdf
simple,Regal Select Exterior Paint,12,BM-000000012,,"Benjamin Moore Regal Select Exterior High Build is engineered for optimum hide and adheres powerfully to exterior substrates. It is a self-priming paint that bridges small cracks, offers superior adhesion on even chalky surfaces, and provides a mildew- and fade-resistant finish. Check the current manufacturer label or technical data sheet before use.",Previously Described,Paints > Exterior,"regal, regal exterior, exterior paint, benjamin moore, bm paints, exterior, high build, outdoor, regal select, everyday paint",Benjamin Moore,MOO01,https://github.com/GZToronto/steeles/blob/ac681cec2802c3211db81f085bbe5bb02060d85a/regalselectexterior_exteriorpaint_benjaminmoore.png?raw=true,Image already existed,Finishes,Soft Gloss | Flat | Low Lustre,1,1,,,,,"Flat=https://media.benjaminmoore.com/WebServices/prod/assets/production/datasheets/MSDS_0400/K40001_SDS_EN.pdf, https://media.benjaminmoore.com/WebServices/prod/assets/production/datasheets/MSDS_0400/K4001X_SDS_EN.pdf, https://media.benjaminmoore.com/WebServices/prod/assets/production/datasheets/MSDS_0400/K4002X_SDS_EN.pdf, https://media.benjaminmoore.com/WebServices/prod/assets/production/datasheets/MSDS_0400/K4003X_SDS_EN.pdf, https://media.benjaminmoore.com/WebServices/prod/assets/production/datasheets/MSDS_0400/K4004X_SDS_EN.pdf|Low Lustre=https://media.benjaminmoore.com/WebServices/prod/assets/production/datasheets/MSDS_0401/K40101_SDS_EN.pdf, https://media.benjaminmoore.com/WebServices/prod/assets/production/datasheets/MSDS_0401/K4011X_SDS_EN.pdf, https://media.benjaminmoore.com/WebServices/prod/assets/production/datasheets/MSDS_0401/K4012X_SDS_EN.pdf, https://media.benjaminmoore.com/WebServices/prod/assets/production/datasheets/MSDS_0401/K4013X_SDS_EN.pdf, https://media.benjaminmoore.com/WebServices/prod/assets/production/datasheets/MSDS_0401/K4014X_SDS_EN.pdf|Soft Gloss=https://media.benjaminmoore.com/WebServices/prod/assets/production/datasheets/MSDS_0403/F40380_SDS_EN.pdf, https://media.benjaminmoore.com/WebServices/prod/assets/production/datasheets/MSDS_0403/F40301_SDS_EN.pdf, https://media.benjaminmoore.com/WebServices/prod/assets/production/datasheets/MSDS_0403/F4031X_SDS_EN.pdf, https://media.benjaminmoore.com/WebServices/prod/assets/production/datasheets/MSDS_0403/F4032X_SDS_EN.pdf, https://media.benjaminmoore.com/WebServices/prod/assets/production/datasheets/MSDS_0403/F4033X_SDS_EN.pdf, https://media.benjaminmoore.com/WebServices/prod/assets/production/datasheets/MSDS_0403/F4034X_SDS_EN.pdf",Flat=https://media.benjaminmoore.com/WebServices/prod/assets/production/datasheets/TDS_0400/K400_TDS_CE.pdf|Low Lustre=https://media.benjaminmoore.com/WebServices/prod/assets/production/datasheets/TDS_0401/K401_TDS_CE.pdf|Soft Gloss=https://media.benjaminmoore.com/WebServices/prod/assets/production/datasheets/TDS_0403/F403_TDS_CE.pdf
simple,Element Guard Exterior Paint,13,BM-000000013,,"Benjamin Moore Element Guard Exterior is a premium acrylic paint formulated for challenging climates, providing advanced moisture protection that stands up to wind-driven rain, humidity, snow, and temperature swings. Confirm preparation, compatibility, application, coverage and recoat requirements in the current label or technical data sheet.",Previously Described,Paints > Exterior,"benjamin moore, bm paints, element guard, exterior, exterior paint, harsh weather, moisture protection, outdoor",Benjamin Moore,MOO01,https://github.com/GZToronto/steeles/blob/3313bbdae03160c0a19ad5458db79ff875accaef/elementguardexterior_exteriorpaint_benjaminmoore.png?raw=true,Image already existed,Finishes,Flat | Low Lustre | Soft Gloss,1,1,,,,,"Flat=https://media.benjaminmoore.com/WebServices/prod/assets/production/datasheets/MSDS_0763/K7631X_SDS_EN.pdf, https://media.benjaminmoore.com/WebServices/prod/assets/production/datasheets/MSDS_0763/K7632X_SDS_EN.pdf, https://media.benjaminmoore.com/WebServices/prod/assets/production/datasheets/MSDS_0763/K7633X_SDS_EN.pdf, https://media.benjaminmoore.com/WebServices/prod/assets/production/datasheets/MSDS_0763/K7634X_SDS_EN.pdf, https://media.benjaminmoore.com/WebServices/prod/assets/production/datasheets/MSDS_0763/K76301_SDS_EN.pdf|Low Lustre=https://media.benjaminmoore.com/WebServices/prod/assets/production/datasheets/MSDS_0764/K7641X_SDS_EN.pdf, https://media.benjaminmoore.com/WebServices/prod/assets/production/datasheets/MSDS_0764/K7642X_SDS_EN.pdf, https://media.benjaminmoore.com/WebServices/prod/assets/production/datasheets/MSDS_0764/K7643X_SDS_EN.pdf, https://media.benjaminmoore.com/WebServices/prod/assets/production/datasheets/MSDS_0764/K7644X_SDS_EN.pdf, https://media.benjaminmoore.com/WebServices/prod/assets/production/datasheets/MSDS_0764/K76401_SDS_EN.pdf|Soft Gloss=https://media.benjaminmoore.com/WebServices/prod/assets/production/datasheets/MSDS_0765/K7651X_SDS_EN.pdf, https://media.benjaminmoore.com/WebServices/prod/assets/production/datasheets/MSDS_0765/K7652X_SDS_EN.pdf, https://media.benjaminmoore.com/WebServices/prod/assets/production/datasheets/MSDS_0765/K7653X_SDS_EN.pdf, https://media.benjaminmoore.com/WebServices/prod/assets/production/datasheets/MSDS_0765/K7654X_SDS_EN.pdf, https://media.benjaminmoore.com/WebServices/prod/assets/production/datasheets/MSDS_0765/K76501_SDS_EN.pdf",Flat=https://media.benjaminmoore.com/WebServices/prod/assets/production/datasheets/TDS_0763/K763_TDS_CE.pdf|Low Lustre=https://media.benjaminmoore.com/WebServices/prod/assets/production/datasheets/TDS_0764/K764_TDS_CE.pdf|Soft Gloss=https://media.benjaminmoore.com/WebServices/prod/assets/production/datasheets/TDS_0765/K765_TDS_CE.pdf
simple,Ultra Spec Exterior Paint,14,BM-000000014,,"Benjamin Moore Ultra Spec Exterior is a professional-quality acrylic paint designed for contractors, delivering excellent hide, colour retention, and film durability on siding, trim, masonry, and more at a value price. Confirm preparation, compatibility, application, coverage and recoat requirements in the current label or technical data sheet.",Previously Described,Paints > Exterior,"benjamin moore, bm paints, contractor grade, exterior, exterior paint, outdoor, ultra spec",Benjamin Moore,MOO01,https://github.com/GZToronto/steeles/blob/327d23e84f743bc14d35f6db1af0a1ede7ef6939/ultraspecexterior_exteriorpaint_benjaminmoore.png?raw=true,Image already existed,Finishes,Flat | Satin |  Soft Gloss | Low Lustre,1,1,,,,,"Flat=https://media.benjaminmoore.com/WebServices/prod/assets/production/datasheets/MSDS_0447/Y4471X_SDS_EN.pdf, https://media.benjaminmoore.com/WebServices/prod/assets/production/datasheets/MSDS_0447/Y4472X_SDS_EN.pdf, https://media.benjaminmoore.com/WebServices/prod/assets/production/datasheets/MSDS_0447/Y4473X_SDS_EN.pdf, https://media.benjaminmoore.com/WebServices/prod/assets/production/datasheets/MSDS_0447/Y4474X_SDS_EN.pdf, https://media.benjaminmoore.com/WebServices/prod/assets/production/datasheets/MSDS_0447/Y44701_SDS_EN.pdf|Low Lustre=https://media.benjaminmoore.com/WebServices/prod/assets/production/datasheets/MSDS_0455/Y4551X_SDS_EN.pdf, https://media.benjaminmoore.com/WebServices/prod/assets/production/datasheets/MSDS_0455/Y4552X_SDS_EN.pdf, https://media.benjaminmoore.com/WebServices/prod/assets/production/datasheets/MSDS_0455/Y4553X_SDS_EN.pdf, https://media.benjaminmoore.com/WebServices/prod/assets/production/datasheets/MSDS_0455/Y4554X_SDS_EN.pdf, https://media.benjaminmoore.com/WebServices/prod/assets/production/datasheets/MSDS_0455/Y45501_SDS_EN.pdf|Satin=https://media.benjaminmoore.com/WebServices/prod/assets/production/datasheets/MSDS_0448/Y4481X_SDS_EN.pdf, https://media.benjaminmoore.com/WebServices/prod/assets/production/datasheets/MSDS_0448/Y4482X_SDS_EN.pdf, https://media.benjaminmoore.com/WebServices/prod/assets/production/datasheets/MSDS_0448/Y4483X_SDS_EN.pdf, https://media.benjaminmoore.com/WebServices/prod/assets/production/datasheets/MSDS_0448/Y4484X_SDS_EN.pdf, https://media.benjaminmoore.com/WebServices/prod/assets/production/datasheets/MSDS_0448/Y44801_SDS_EN.pdf|Soft Gloss=https://media.benjaminmoore.com/WebServices/prod/assets/production/datasheets/MSDS_0449/Y4491X_SDS_EN.pdf, https://media.benjaminmoore.com/WebServices/prod/assets/production/datasheets/MSDS_0449/Y4492X_SDS_EN.pdf, https://media.benjaminmoore.com/WebServices/prod/assets/production/datasheets/MSDS_0449/Y4493X_SDS_EN.pdf, https://media.benjaminmoore.com/WebServices/prod/assets/production/datasheets/MSDS_0449/Y4494X_SDS_EN.pdf, https://media.benjaminmoore.com/WebServices/prod/assets/production/datasheets/MSDS_0449/Y44901_SDS_EN.pdf",Flat=https://media.benjaminmoore.com/WebServices/prod/assets/production/datasheets/TDS_0447/Y447_TDS_CE.pdf|Low Lustre=https://media.benjaminmoore.com/WebServices/prod/assets/production/datasheets/TDS_0455/Y455_TDS_CE.pdf|Satin=https://media.benjaminmoore.com/WebServices/prod/assets/production/datasheets/TDS_0448/Y448_TDS_CE.pdf|Soft Gloss=https://media.benjaminmoore.com/WebServices/prod/assets/production/datasheets/TDS_0449/Y449_TDS_CE.pdf
simple,Woodluxe Water-Based Waterproofing Exterior Stain + Sealer,15,BM-000000015,,"Benjamin Moore woodluxe Water-Based Stain & Sealer is an innovative exterior stain that showcases the wood grain while providing advanced all-weather, UV- and mildew-resistant protection with easy soap-and-water cleanup. Confirm preparation, compatibility, application, coverage and recoat requirements in the current label or technical data sheet.",Previously Described,Paints > Stains & Varnishes,"benjamin moore, bm paints, deck stain, exterior, exterior wood, outdoor, stain, uv resistant, water-based stain, waterproofing stain, wood stain, woodluxe",Benjamin Moore,MOO01,https://github.com/GZToronto/steeles/blob/64e3f2c981e320d5be08c560da2f8d9dc50f8824/woodluxestainsealer_exteriorstain_benjaminmoore.png?raw=true,Image already existed,Finishes,Translucent | Semi Transparent | Semi Solid | Solid | Ultra Flat Solid,1,1,,,,,"Semi Solid=https://media.benjaminmoore.com/WebServices/prod/assets/production/datasheets/MSDS_0693/K69301_SDS_EN.pdf, https://media.benjaminmoore.com/WebServices/prod/assets/production/datasheets/MSDS_0693/K69306_SDS_EN.pdf|Semi Transparent=https://media.benjaminmoore.com/WebServices/prod/assets/production/datasheets/MSDS_0692/K69206_SDS_EN.pdf|Translucent=https://media.benjaminmoore.com/WebServices/prod/assets/production/datasheets/MSDS_0691/K69178_SDS_EN.pdf, https://media.benjaminmoore.com/WebServices/prod/assets/production/datasheets/MSDS_0691/K69140_SDS_EN.pdf, https://media.benjaminmoore.com/WebServices/prod/assets/production/datasheets/MSDS_0691/K69165_SDS_EN.pdf, https://media.benjaminmoore.com/WebServices/prod/assets/production/datasheets/MSDS_0691/K69160_SDS_EN.pdf, https://media.benjaminmoore.com/WebServices/prod/assets/production/datasheets/MSDS_0691/K69110_SDS_EN.pdf, https://media.benjaminmoore.com/WebServices/prod/assets/production/datasheets/MSDS_0691/K69120_SDS_EN.pdf, https://media.benjaminmoore.com/WebServices/prod/assets/production/datasheets/MSDS_0691/K69130_SDS_EN.pdf",Semi Solid=https://media.benjaminmoore.com/WebServices/prod/assets/production/datasheets/TDS_0693/K693_TDS_CE.pdf|Semi Transparent=https://media.benjaminmoore.com/WebServices/prod/assets/production/datasheets/TDS_0692/K692_TDS_CE.pdf|Translucent=https://media.benjaminmoore.com/WebServices/prod/assets/production/datasheets/TDS_0691/K691_TDS_CE.pdf
simple,Woodluxe Oil-Based Waterproofing Exterior Stain + Sealer,16,BM-000000016,,"Benjamin Moore woodluxe Oil-Based Stain & Sealer uses penetrating oils to enrich wood grain with a classic oil look, while delivering UV- and mildew-resistant, all-weather protection and reduced cracking and peeling. Confirm preparation, compatibility, application, coverage and recoat requirements in the current label or technical data sheet.",Previously Described,Paints > Stains & Varnishes,"benjamin moore, bm paints, exterior, exterior wood, oil-based stain, outdoor, penetrating oil, stain, waterproofing stain, wood stain, woodluxe",Benjamin Moore,MOO01,https://github.com/GZToronto/steeles/blob/b5b33f3eb40f68a3877890d2416b6de0725e7e8e/woodluxeoilbasedstainsealer_exteriorstain_benjaminmoore.png?raw=true,Image already existed,Finishes,,1,1,,,,,"Semi Solid=https://media.benjaminmoore.com/WebServices/prod/assets/production/datasheets/MSDS_0593/K59306_SDS_EN.pdf|Semi Transparent=https://media.benjaminmoore.com/WebServices/prod/assets/production/datasheets/MSDS_0592/K59206_SDS_EN.pdf|Translucent=https://media.benjaminmoore.com/WebServices/prod/assets/production/datasheets/MSDS_0591/K59178_SDS_EN.pdf, https://media.benjaminmoore.com/WebServices/prod/assets/production/datasheets/MSDS_0591/K59140_SDS_EN.pdf, https://media.benjaminmoore.com/WebServices/prod/assets/production/datasheets/MSDS_0591/K59165_SDS_EN.pdf, https://media.benjaminmoore.com/WebServices/prod/assets/production/datasheets/MSDS_0591/K59160_SDS_EN.pdf, https://media.benjaminmoore.com/WebServices/prod/assets/production/datasheets/MSDS_0591/K59110_SDS_EN.pdf, https://media.benjaminmoore.com/WebServices/prod/assets/production/datasheets/MSDS_0591/K59120_SDS_EN.pdf, https://media.benjaminmoore.com/WebServices/prod/assets/production/datasheets/MSDS_0591/K59130_SDS_EN.pdf",Semi Solid=https://media.benjaminmoore.com/WebServices/prod/assets/production/datasheets/TDS_0593/K593_TDS_CE.pdf|Semi Transparent=https://media.benjaminmoore.com/WebServices/prod/assets/production/datasheets/TDS_0592/K592_TDS_CE.pdf|Translucent=https://media.benjaminmoore.com/WebServices/prod/assets/production/datasheets/TDS_0591/K591_TDS_CE.pdf
simple,Woodluxe Water-Based Deck + Siding Exterior Stain,17,BM-000000017,,"Benjamin Moore woodluxe Water-Based Deck Exterior stain is designed for decks, siding, and fences, minimizing film build to reduce cracking and peeling while providing UV- and mildew-resistant protection in a wide range of colours. Confirm preparation, compatibility, application, coverage and recoat requirements in the current label or technical data sheet.",Previously Described,Paints > Stains & Varnishes,"benjamin moore, bm paints, deck stain, exterior, exterior paint, exterior stain, outdoor, siding stain, stain, wood stain, woodluxe",Benjamin Moore,MOO01,https://github.com/GZToronto/steeles/blob/034d96bbf02702b8858482458ecf66439e23be3e/woodluxedecksiding_exteriorstain_benjaminmoore.png?raw=true,Image already existed,Finishes,Solid | Translucent | Semi Transparent | Semi Solid | Ultra Flat Solid,1,1,,,,,"Solid=https://media.benjaminmoore.com/WebServices/prod/assets/production/datasheets/MSDS_0694/K6941X_SDS_EN.pdf, https://media.benjaminmoore.com/WebServices/prod/assets/production/datasheets/MSDS_0694/K6942X_SDS_EN.pdf, https://media.benjaminmoore.com/WebServices/prod/assets/production/datasheets/MSDS_0694/K6943X_SDS_EN.pdf, https://media.benjaminmoore.com/WebServices/prod/assets/production/datasheets/MSDS_0694/K6944X_SDS_EN.pdf, https://media.benjaminmoore.com/WebServices/prod/assets/production/datasheets/MSDS_0694/K69401_SDS_EN.pdf",Solid=https://media.benjaminmoore.com/WebServices/prod/assets/production/datasheets/TDS_0694/K694_TDS_CE.pdf|Semi Solid=https://media.benjaminmoore.com/WebServices/prod/assets/production/datasheets/TDS_0693/K693_TDS_CE.pdf|Semi Transparent=https://media.benjaminmoore.com/WebServices/prod/assets/production/datasheets/TDS_0692/K692_TDS_CE.pdf|Translucent=https://media.benjaminmoore.com/WebServices/prod/assets/production/datasheets/TDS_0691/K691_TDS_CE.pdf
simple,Fresh Start High-Hiding All-Purpose Primer,18,BM-000000018,,"Benjamin Moore Fresh Start High-Hiding all-purpose primer is an acrylic, fast-drying primer that delivers maximum hide, strong adhesion, and effective stain blocking, making it ideal when you need to cover deep colours or problem areas. Confirm preparation, compatibility, application, coverage and recoat requirements in the current label or technical data sheet.",Previously Described,Paints > Primers,"benjamin moore, bm paints, fresh start, high hiding primer, primer, problem surface, stain blocking",Benjamin Moore,MOO01,https://github.com/GZToronto/steeles/blob/499664a6a6cdce24066f12399d212f77881b7e1f/freshstarthighhiding_primer_benjaminmoore.png?raw=true,Image already existed,Finishes,,1,1,,,,,"Primer=https://media.benjaminmoore.com/WebServices/prod/assets/production/datasheets/MSDS_0046/K04600_SDS_EN.pdf, https://media.benjaminmoore.com/WebServices/prod/assets/production/datasheets/MSDS_0046/K04604_SDS_EN.pdf",Primer=https://media.benjaminmoore.com/WebServices/prod/assets/production/datasheets/TDS_0046/K046_TDS_CE.pdf
simple,Stix Waterborne Bonding Primer,19,I-000000019,,"Insl-X Stix Waterborne Bonding Primer is a premium acrylic-urethane primer/sealer with exceptional adhesion to challenging surfaces such as glossy tile, PVC, vinyl, glass, and pre-finished siding, creating a tough base for almost any topcoat. Confirm preparation, compatibility, application, coverage and recoat requirements in the current label or technical data sheet.",Previously Described,Paints > Primers,"adhesion, bonding primer, hard to coat, insl-x, primer, primer sealer, specialty coatings, stix",Insl-X,MOO01,https://github.com/GZToronto/steeles/blob/ac7dd85693c581d39eb60bb8dc4346665cef444e/inslxstix_primer_inslx.png?raw=true,Image already existed,Finishes,,1,1,,,,,Primer=https://media.benjaminmoore.com/WebServices/prod/assets/production/datasheets/MSDS_SXA1100/SXA-1100F_SDS_EN.pdf,Primer=https://media.benjaminmoore.com/WebServices/prod/assets/production/datasheets/TDS_SXA-110/SXA110_TDS_CE.pdf
simple,Fast Sanding Primer,20,BM-000000020,,"Benjamin Moore Fast Sanding Primer is an interior acrylic primer that Sands quickly to a smooth powder, providing an ultra-smooth, well-sealed base coat that levels beautifully for high-end finishes on wood, drywall, and plaster. Match it to the surface, work progressively, and use suitable eye, hand and respiratory protection for the material being removed.",Previously Described,Paints > Primers,"benjamin moore, bm paints, fast sanding, primer, primer sealer, sandable primer, smooth finish, wood primer",Benjamin Moore,MOO01,https://github.com/GZToronto/steeles/blob/b98d3eb0d12bcc5e9d75b7ef42c9ab4b50dbf1b2/fastssandingprimer_primer_benjaminmoore.png?raw=true,Image already existed,Finishes,,1,1,,,,,Primer=https://media.benjaminmoore.com/WebServices/prod/assets/production/datasheets/SDS_507/K50700_SDS_EN.pdf,Primer=https://media.benjaminmoore.com/WebServices/prod/assets/production/datasheets/TDS_507/K507_TDS_CE.pdf
simple,Drywall Primer,21,BM-000000021,,"Benjamin Moore Drywall Primer is an acrylic latex sealer formulated for new or previously painted drywall and plaster, offering high hiding power, excellent sealing, and fast dry times for a uniform finish. Confirm preparation, compatibility, application, coverage and recoat requirements in the current label or technical data sheet.",Previously Described,Paints > Primers,"benjamin moore, bm paints, drywall primer, new drywall, primer, primer sealer, sealer",Benjamin Moore,MOO01,https://github.com/GZToronto/steeles/blob/86c7659a654bfae4dced43b0b4f850d25c2cf896/drywallprimer_primer_benjaminmoore.png?raw=true,Image already existed,Finishes,,1,1,,,,,Primer=https://media.benjaminmoore.com/WebServices/prod/assets/production/datasheets/MSDS_0265/K26500_SDS_EN.pdf,Primer=https://media.benjaminmoore.com/WebServices/prod/assets/production/datasheets/TDS_0265/K265_TDS_CE.pdf
simple,Advance Interior Paint,22,BM-000000022,,"Benjamin Moore advance interior is a premium waterborne alkyd paint that levels like a traditional oil, delivering a hard, furniture-quality finish on doors, trim, and cabinets with low odour and easy soap-and-water cleanup. Confirm preparation, compatibility, application, coverage and recoat requirements in the current label or technical data sheet.",Previously Described,Paints > Interior,"advance, benjamin moore, bm paints, cabinet paint, doors and trim, trim paint, waterborne alkyd",Benjamin Moore,MOO01,https://github.com/GZToronto/steeles/blob/4741e4f6c3f7d8b124903185fbe837f63e92293d/advance_specialty_benjaminmoore.png?raw=true,Image already existed,Finishes,Semi Gloss | Satin | High Gloss,1,1,,,,,"High Gloss=https://media.benjaminmoore.com/WebServices/prod/assets/production/datasheets/MSDS_0794/K79401_MSDS_EN.pdf, https://media.benjaminmoore.com/WebServices/prod/assets/production/datasheets/MSDS_0794/K7941X_MSDS_EN.pdf, https://media.benjaminmoore.com/WebServices/prod/assets/production/datasheets/MSDS_0794/K7942X_MSDS_EN.pdf, https://media.benjaminmoore.com/WebServices/prod/assets/production/datasheets/MSDS_0794/K7943X_MSDS_EN.pdf, https://media.benjaminmoore.com/WebServices/prod/assets/production/datasheets/MSDS_0794/K7944X_MSDS_EN.pdf|Satin=https://media.benjaminmoore.com/WebServices/prod/assets/production/datasheets/MSDS_0792/K79201_SDS_EN.pdf, https://media.benjaminmoore.com/WebServices/prod/assets/production/datasheets/MSDS_0792/K7921X_SDS_EN.pdf, https://media.benjaminmoore.com/WebServices/prod/assets/production/datasheets/MSDS_0792/K7922X_SDS_EN.pdf, https://media.benjaminmoore.com/WebServices/prod/assets/production/datasheets/MSDS_0792/K7923X_SDS_EN.pdf, https://media.benjaminmoore.com/WebServices/prod/assets/production/datasheets/MSDS_0792/K7924X_SDS_EN.pdf|Semi Gloss=https://media.benjaminmoore.com/WebServices/prod/assets/production/datasheets/MSDS_0793/K79301_SDS_EN.pdf, https://media.benjaminmoore.com/WebServices/prod/assets/production/datasheets/MSDS_0793/K7931X_SDS_EN.pdf, https://media.benjaminmoore.com/WebServices/prod/assets/production/datasheets/MSDS_0793/K7932X_SDS_EN.pdf, https://media.benjaminmoore.com/WebServices/prod/assets/production/datasheets/MSDS_0793/K7933X_SDS_EN.pdf, https://media.benjaminmoore.com/WebServices/prod/assets/production/datasheets/MSDS_0793/K7934X_SDS_EN.pdf, https://media.benjaminmoore.com/WebServices/prod/assets/production/datasheets/MSDS_0793/K79380_SDS_EN.pdf",High Gloss=https://media.benjaminmoore.com/WebServices/prod/assets/production/datasheets/TDS_0794/F794_TDS_CE.pdf|Satin=https://media.benjaminmoore.com/WebServices/prod/assets/production/datasheets/TDS_0792/K792_TDS_CE.pdf|Semi Gloss=https://media.benjaminmoore.com/WebServices/prod/assets/production/datasheets/TDS_0793/K793_TDS_CE.pdf
simple,Floor & Patio Latex Enamel,23,BM-000000023,,"Benjamin Moore Floor & Patio latex enamels are quick-drying, epoxy-modified acrylic floor paints that resist soaps, detergents, grease, and oil while providing a smooth, durable finish for interior and exterior concrete and wood floors. Confirm preparation, compatibility, application, coverage and recoat requirements in the current label or technical data sheet.",Previously Described,Paints > Exterior,"benjamin moore, bm paints, concrete floor, floor, floor paint, patio paint, porch paint",Benjamin Moore,MOO01,https://github.com/GZToronto/steeles/blob/60ee5ff01b12f68fd53a59f832349d7bb0b49f0c/floorpatiolatexenamel_specialtypaint_benjaminmoore.png?raw=true,Image already existed,Finishes,High Gloss | Low Sheen,1,1,,,,,"Low Sheen=https://media.benjaminmoore.com/WebServices/prod/assets/production/datasheets/MSDS_0122/F12201_SDS_EN.pdf, https://media.benjaminmoore.com/WebServices/prod/assets/production/datasheets/MSDS_0122/F1221X_SDS_EN.pdf, https://media.benjaminmoore.com/WebServices/prod/assets/production/datasheets/MSDS_0122/F1222X_SDS_EN.pdf, https://media.benjaminmoore.com/WebServices/prod/assets/production/datasheets/MSDS_0122/F1223X_SDS_EN.pdf, https://media.benjaminmoore.com/WebServices/prod/assets/production/datasheets/MSDS_0122/F1224X_SDS_EN.pdf, https://media.benjaminmoore.com/WebServices/prod/assets/production/datasheets/MSDS_0122/F12274_SDS_EN.pdf|High Gloss=https://media.benjaminmoore.com/WebServices/prod/assets/production/datasheets/MSDS_0121/K1211X_SDS_EN.pdf, https://media.benjaminmoore.com/WebServices/prod/assets/production/datasheets/MSDS_0121/K1212X_SDS_EN.pdf, https://media.benjaminmoore.com/WebServices/prod/assets/production/datasheets/MSDS_0121/K1213X_SDS_EN.pdf, https://media.benjaminmoore.com/WebServices/prod/assets/production/datasheets/MSDS_0121/K1214X_SDS_EN.pdf, https://media.benjaminmoore.com/WebServices/prod/assets/production/datasheets/MSDS_0121/K12101_SDS_EN.pdf, https://media.benjaminmoore.com/WebServices/prod/assets/production/datasheets/MSDS_0121/K12174_SDS_EN.pdf",High Gloss=https://media.benjaminmoore.com/WebServices/prod/assets/production/datasheets/TDS_0121/K121_TDS_CE.pdf|Low Sheen=https://media.benjaminmoore.com/WebServices/prod/assets/production/datasheets/TDS_0122/F122_TDS_CE.pdf
simple,"Cabinet Coat Door, Trim & Cabinet Enamel",24,I-000000024,,"Insl-X Cabinet Coat is a urethane-acrylic enamel that delivers an ultra-smooth, factory-like finish on cabinets, trim, and furniture, with excellent adhesion and resistance to Chipping, scuffing, food stains, grease, and water. The master lists Pearl finish options. Confirm preparation, compatibility, application, coverage and recoat requirements in the current label or technical data sheet.",Previously Described,Paints > Interior,"cabinet coat, cabinet paint, furniture paint, insl-x, specialty coatings, urethane acrylic",Insl-X,MOO01,https://github.com/GZToronto/steeles/blob/3eba86508cbec900490bb7ee32cf6d54aab09341/cabinetcoat_specialty_inslx.png?raw=true,Image already existed,Finishes,Pearl,1,1,,,,,"Satin=https://media.benjaminmoore.com/WebServices/prod/assets/production/datasheets/MSDS_CC-65XX/CC651BF_SDS_EN.pdf, https://media.benjaminmoore.com/WebServices/prod/assets/production/datasheets/MSDS_CC-65XX/CC652BF_SDS_EN.pdf, https://media.benjaminmoore.com/WebServices/prod/assets/production/datasheets/MSDS_CC-65XX/CC653BF_SDS_EN.pdf, https://media.benjaminmoore.com/WebServices/prod/assets/production/datasheets/MSDS_CC-65XX/CC654BF_SDS_EN.pdf, https://media.benjaminmoore.com/WebServices/prod/assets/production/datasheets/MSDS_CC-65XX/CC6501F_SDS_EN.pdf",Satin=https://media.benjaminmoore.com/WebServices/prod/assets/production/datasheets/TDS_CC-65XX/CC-65XX_TDS_CE.pdf
simple,Ultra Spec 500 Interior Paint,25,BM-000000025,,"Benjamin Moore Ultra Spec 500 is a zero-VOC, professional-grade interior coating that offers excellent hide, easy application, and durable, washable finishes making it a go-to choice for commercial spaces and large-scale projects. Confirm preparation, compatibility, application, coverage and recoat requirements in the current label or technical data sheet.",Previously Described,Paints > Interior,"benjamin moore, bm paints, commercial paint, indoor, interior, interior paint, ultra spec, zero voc",Benjamin Moore,MOO01,https://github.com/GZToronto/steeles/blob/432dc39024ac933c44df73c615e17c650aace2e0/ultraspec500_commercial_benjaminmoore.png?raw=true,Image already existed,Finishes,Eggshell | Low Sheen Eggshell | Flat | Pearl | Semi Gloss,1,1,,,,,"Eggshell=https://media.benjaminmoore.com/WebServices/prod/assets/production/datasheets/MSDS_0538/F5381X_SDS_EN.pdf, https://media.benjaminmoore.com/WebServices/prod/assets/production/datasheets/MSDS_0538/F5382X_SDS_EN.pdf, https://media.benjaminmoore.com/WebServices/prod/assets/production/datasheets/MSDS_0538/F5383X_SDS_EN.pdf, https://media.benjaminmoore.com/WebServices/prod/assets/production/datasheets/MSDS_0538/F5384X_SDS_EN.PDF, https://media.benjaminmoore.com/WebServices/prod/assets/production/datasheets/MSDS_0538/F53801_SDS_EN.pdf|Low Sheen Eggshell=https://media.benjaminmoore.com/WebServices/prod/assets/production/datasheets/MSDS_0537/F5371X_SDS_EN.pdf, https://media.benjaminmoore.com/WebServices/prod/assets/production/datasheets/MSDS_0537/F5372X_SDS_EN.pdf, https://media.benjaminmoore.com/WebServices/prod/assets/production/datasheets/MSDS_0537/F5373X_SDS_EN.pdf, https://media.benjaminmoore.com/WebServices/prod/assets/production/datasheets/MSDS_0537/F5374X_SDS_EN.PDF, https://media.benjaminmoore.com/WebServices/prod/assets/production/datasheets/MSDS_0537/F53701_SDS_EN.pdf|Flat=https://media.benjaminmoore.com/WebServices/prod/assets/production/datasheets/MSDS_0535/F5351X_SDS_EN.pdf, https://media.benjaminmoore.com/WebServices/prod/assets/production/datasheets/MSDS_0535/F5352X_SDS_EN.pdf, https://media.benjaminmoore.com/WebServices/prod/assets/production/datasheets/MSDS_0535/F5353X_SDS_EN.pdf, https://media.benjaminmoore.com/WebServices/prod/assets/production/datasheets/MSDS_0535/F5354X_SDS_EN.pdf|Satin Pearl=https://media.benjaminmoore.com/WebServices/prod/assets/production/datasheets/MSDS_0545/F5451X_SDS_EN.pdf, https://media.benjaminmoore.com/WebServices/prod/assets/production/datasheets/MSDS_0545/S5451X_SDS_EN.pdf, https://media.benjaminmoore.com/WebServices/prod/assets/production/datasheets/MSDS_0545/F5452X_SDS_EN.pdf, https://media.benjaminmoore.com/WebServices/prod/assets/production/datasheets/MSDS_0545/S5452X_SDS_EN.pdf, https://media.benjaminmoore.com/WebServices/prod/assets/production/datasheets/MSDS_0545/F5453X_SDS_EN.pdf, https://media.benjaminmoore.com/WebServices/prod/assets/production/datasheets/MSDS_0545/S5453X_SDS_EN.pdf, https://media.benjaminmoore.com/WebServices/prod/assets/production/datasheets/MSDS_0545/F5454X_SDS_EN.pdf, https://media.benjaminmoore.com/WebServices/prod/assets/production/datasheets/MSDS_0545/S5454X_SDS_EN.pdf|Semi Gloss=https://media.benjaminmoore.com/WebServices/prod/assets/production/datasheets/MSDS_0539/K5391X_SDS_EN.pdf, https://media.benjaminmoore.com/WebServices/prod/assets/production/datasheets/MSDS_0539/K5392X_SDS_EN.pdf, https://media.benjaminmoore.com/WebServices/prod/assets/production/datasheets/MSDS_0539/K5393X_SDS_EN.pdf, https://media.benjaminmoore.com/WebServices/prod/assets/production/datasheets/MSDS_0539/K5394X_SDS_EN.pdf, https://media.benjaminmoore.com/WebServices/prod/assets/production/datasheets/MSDS_0546/F54601_SDS_EN.pdf",Eggshell=https://media.benjaminmoore.com/WebServices/prod/assets/production/datasheets/TDS_0538/F538_TDS_CE.pdf|Flat=https://media.benjaminmoore.com/WebServices/prod/assets/production/datasheets/TDS_0535/F535_TDS_CE.pdf|Low Sheen Eggshell=https://media.benjaminmoore.com/WebServices/prod/assets/production/datasheets/TDS_0537/F537_TDS_CE.pdf|Satin Pearl=https://media.benjaminmoore.com/WebServices/prod/assets/production/datasheets/TDS_0545/F545_TDS_CE.pdf|Semi Gloss=https://media.benjaminmoore.com/WebServices/prod/assets/production/datasheets/TDS_0546/F546_TDS_CE.pdf
simple,Scuff-X Interior Paint,26,BM-000000026,,"Benjamin Moore Scuff-X is a breakthrough one-component interior latex coating engineered for busy commercial spaces, featuring patented scuff-resistant technology, outstanding durability, easy cleanability, and quick dry times. Confirm preparation, compatibility, application, coverage and recoat requirements in the current label or technical data sheet.",Previously Described,Paints > Interior,"benjamin moore, bm paints, commercial paint, high traffic, indoor, interior, scuff resistant, scuff-x, industrial ",Benjamin Moore,MOO01,https://github.com/GZToronto/steeles/blob/432dc39024ac933c44df73c615e17c650aace2e0/scuffx_commercial_benjaminmoore.png?raw=true,Image already existed,Finishes,Matte | Semi Gloss | Eggshell | Satin,1,1,,,,,"Eggshell=https://media.benjaminmoore.com/WebServices/prod/assets/production/datasheets/SDS_0485/F4851X_SDS_EN.pdf, https://media.benjaminmoore.com/WebServices/prod/assets/production/datasheets/SDS_0485/F4852X_SDS_EN.pdf, https://media.benjaminmoore.com/WebServices/prod/assets/production/datasheets/SDS_0485/F4853X_SDS_EN.pdf, https://media.benjaminmoore.com/WebServices/prod/assets/production/datasheets/SDS_0485/F4854X_SDS_EN.pdf, https://media.benjaminmoore.com/WebServices/prod/assets/production/datasheets/SDS_0485/F48501_SDS_EN.pdf|Matte=https://media.benjaminmoore.com/WebServices/prod/assets/production/datasheets/SDS_0484/F4841X_SDS_EN.pdf, https://media.benjaminmoore.com/WebServices/prod/assets/production/datasheets/SDS_0484/F4842X_SDS_EN.pdf, https://media.benjaminmoore.com/WebServices/prod/assets/production/datasheets/SDS_0484/F4843X_SDS_EN.pdf, https://media.benjaminmoore.com/WebServices/prod/assets/production/datasheets/SDS_0484/F4844X_SDS_EN.pdf, https://media.benjaminmoore.com/WebServices/prod/assets/production/datasheets/SDS_0484/F48401_SDS_EN.pdf|Pearl=https://media.benjaminmoore.com/WebServices/prod/assets/production/datasheets/SDS_0486/F4861X_SDS_EN.pdf, https://media.benjaminmoore.com/WebServices/prod/assets/production/datasheets/SDS_0486/F4862X_SDS_EN.pdf, https://media.benjaminmoore.com/WebServices/prod/assets/production/datasheets/SDS_0486/F4863X_SDS_EN.pdf, https://media.benjaminmoore.com/WebServices/prod/assets/production/datasheets/SDS_0486/F4864X_SDS_EN.pdf, https://media.benjaminmoore.com/WebServices/prod/assets/production/datasheets/SDS_0486/F48601_SDS_EN.pdf|Semi Gloss=https://media.benjaminmoore.com/WebServices/prod/assets/production/datasheets/SDS_0487/F4871X_SDS_EN.pdf, https://media.benjaminmoore.com/WebServices/prod/assets/production/datasheets/SDS_0487/F4872X_SDS_EN.pdf, https://media.benjaminmoore.com/WebServices/prod/assets/production/datasheets/SDS_0487/F4873X_SDS_EN.pdf, https://media.benjaminmoore.com/WebServices/prod/assets/production/datasheets/SDS_0487/F4874X_SDS_EN.pdf, https://media.benjaminmoore.com/WebServices/prod/assets/production/datasheets/SDS_0487/F48701_SDS_EN.pdf",Eggshell=https://media.benjaminmoore.com/WebServices/prod/assets/production/datasheets/TDS_0485/F485_TDS_CE.pdf|Matte=https://media.benjaminmoore.com/WebServices/prod/assets/production/datasheets/TDS_0484/F484_TDS_CE.pdf|Pearl=https://media.benjaminmoore.com/WebServices/prod/assets/production/datasheets/TDS_0486/F486_TDS_CE.pdf|Semi Gloss=https://media.benjaminmoore.com/WebServices/prod/assets/production/datasheets/TDS_0487/F487_TDS_CE.pdf
simple,Eco Spec Interior Paint,27,BM-000000027,,"Eco Spec is Benjamin Moore's greenest interior paint line, delivering low odour, zero VOCs, and zero emissions while providing excellent hide, washability, and quick return to service ideal for health-sensitive and eco-focused spaces. Confirm preparation, compatibility, application, coverage and recoat requirements in the current label or technical data sheet.",Previously Described,Paints > Interior,"benjamin moore, bm paints, eco friendly, eco spec, green paint, indoor, interior, zero voc",Benjamin Moore,MOO01,https://github.com/GZToronto/steeles/blob/432dc39024ac933c44df73c615e17c650aace2e0/ecospec_commercial_benjaminmoore.png?raw=true,Image already existed,Finishes,Flat | Eggshell | Semi Gloss | Flat,1,1,,,,,"Eggshell=https://media.benjaminmoore.com/WebServices/prod/assets/production/datasheets/MSDS_0374/Y37401_SDS_EN.pdf, https://media.benjaminmoore.com/WebServices/prod/assets/production/datasheets/MSDS_0374/Y3741X_SDS_EN.pdf, https://media.benjaminmoore.com/WebServices/prod/assets/production/datasheets/MSDS_0374/Y3742X_SDS_EN.pdf, https://media.benjaminmoore.com/WebServices/prod/assets/production/datasheets/MSDS_0374/Y3743X_SDS_EN.pdf, https://media.benjaminmoore.com/WebServices/prod/assets/production/datasheets/MSDS_0374/Y3744X_SDS_EN.pdf|Flat=https://media.benjaminmoore.com/WebServices/prod/assets/production/datasheets/MSDS_0373/Y37301_SDS_EN.pdf, https://media.benjaminmoore.com/WebServices/prod/assets/production/datasheets/MSDS_0373/Y3731X_SDS_EN.pdf, https://media.benjaminmoore.com/WebServices/prod/assets/production/datasheets/MSDS_0373/Y3732X_SDS_EN.pdf, https://media.benjaminmoore.com/WebServices/prod/assets/production/datasheets/MSDS_0373/Y3733X_SDS_EN.pdf, https://media.benjaminmoore.com/WebServices/prod/assets/production/datasheets/MSDS_0373/Y3734X_SDS_EN.pdf|Pearl=https://media.benjaminmoore.com/WebServices/prod/assets/production/datasheets/MSDS_0375/Y37501_SDS_EN.pdf, https://media.benjaminmoore.com/WebServices/prod/assets/production/datasheets/MSDS_0375/Y3751X_SDS_EN.pdf, https://media.benjaminmoore.com/WebServices/prod/assets/production/datasheets/MSDS_0375/Y3752X_SDS_EN.pdf, https://media.benjaminmoore.com/WebServices/prod/assets/production/datasheets/MSDS_0375/Y3753X_SDS_EN.pdf, https://media.benjaminmoore.com/WebServices/prod/assets/production/datasheets/MSDS_0375/Y3754X_SDS_EN.pdf|Semi Gloss=https://media.benjaminmoore.com/WebServices/prod/assets/production/datasheets/MSDS_0376/Y37601_SDS_EN.pdf, https://media.benjaminmoore.com/WebServices/prod/assets/production/datasheets/MSDS_0376/Y3761X_SDS_EN.pdf, https://media.benjaminmoore.com/WebServices/prod/assets/production/datasheets/MSDS_0376/Y3762X_SDS_EN.pdf, https://media.benjaminmoore.com/WebServices/prod/assets/production/datasheets/MSDS_0376/Y3763X_SDS_EN.pdf, https://media.benjaminmoore.com/WebServices/prod/assets/production/datasheets/MSDS_0376/Y3764X_SDS_EN.pdf",Eggshell=https://media.benjaminmoore.com/WebServices/prod/assets/production/datasheets/TDS_0374/Y374_TDS_CE.pdf|Flat=https://media.benjaminmoore.com/WebServices/prod/assets/production/datasheets/TDS_0373/Y373_TDS_CE.pdf|Pearl=https://media.benjaminmoore.com/WebServices/prod/assets/production/datasheets/TDS_0375/Y375_TDS_CE.pdf|Semi Gloss=https://media.benjaminmoore.com/WebServices/prod/assets/production/datasheets/TDS_0376/Y376_TDS_CE.pdf
simple,Prime All Multi-Surface Latex Primer Sealer,29,I-000000029,,"Insl-X Prime All Multi-Surface Latex Primer Sealer is a dependable latex primer offering strong adhesion, fast drying, and smooth application on drywall, wood, masonry, and previously painted surfaces. Confirm preparation, compatibility, application, coverage and recoat requirements in the current label or technical data sheet.",Previously Described,Paints > Primers,"primer, latex, multi-surface, sealer, drywall, masonry, quick drying",Insl-X,MOO01,https://github.com/GZToronto/steeles/blob/067d7849ce4db979005ecee1762bd13a98b42874/primeallmultisurfacelatexprimersealer_primer_inslx.png?raw=true,Image already existed,Finishes,,1,1,,,,,Primer=https://media.benjaminmoore.com/WebServices/prod/assets/production/datasheets/SDS_AP-1000/AP1000F_SDS_EN.pdf,Primer=https://media.benjaminmoore.com/WebServices/prod/assets/production/datasheets/TDS_AP-1000/AP-1000_TDS_CAE.pdf
simple,Aqua Lock Plus Primer/Sealer,30,I-000000030,,"Insl-X aqua Lock Plus Primer Sealer is a 100% acrylic interior/exterior primer designed for superior stain-blocking and adhesion. The selected topcoat and the condition of the existing surface determine whether additional sealing or spot preparation is needed. Confirm preparation, compatibility, application, coverage and recoat requirements in the current label or technical data sheet.",Previously Described,Paints > Primers,"primer, acrylic, sealer, stain blocker, water stains, adhesion, interior exterior",Insl-X,MOO01,https://github.com/GZToronto/steeles/blob/cb9f0061470af339a0979ef1ed6c50e3e1f74315/aqualockplusprimersealer_primer_inslx.png?raw=true,Image already existed,Finishes,,1,1,,,,,Primer=https://media.benjaminmoore.com/WebServices/prod/assets/production/datasheets/MSDS_AquaLock_AQ0400/AQ-0400F_SDS_EN.pdf,Primer=https://media.benjaminmoore.com/WebServices/prod/assets/production/datasheets/TDS_AQ-0XXX/AQ-0XXX_TDS_CE.pdf
simple,Prime Lock Plus Primer Sealer,31,I-000000031,,"Insl-X Prime Lock Plus is a high-performance alkyd primer engineered to seal tough stains and provide superior enamel holdout. The selected topcoat and the condition of the existing surface determine whether additional sealing or spot preparation is needed. Confirm preparation, compatibility, application, coverage and recoat requirements in the current label or technical data sheet.",Previously Described,Paints > Interior,"alkyd primer, oil-based, stain sealer, enamel holdout, wood, trim, cabinets",Insl-X,MOO01,https://github.com/GZToronto/steeles/blob/5f05b2ec380c06c1430d3f93a8ff6fb1b1c125ce/primelock_primer_inslx.png?raw=true,Image already existed,Finishes,,1,1,,,,,Primer=https://media.benjaminmoore.com/WebServices/prod/assets/production/datasheets/MSDS_PS-8100/PS-8100F_SDS_EN.PDF,Primer=https://media.benjaminmoore.com/WebServices/prod/assets/production/datasheets/TDS_PS-8100/PS-8100_TDS_CE.pdf
simple,Stix Waterborne Bonding Primer,32,I-000000032,,"Insl-X Stix Waterborne Bonding Primer is a premium high-adhesion primer formulated to stick to hard-to-coat surfaces such as PVC, tile, fiberglass, vinyl, and galvanized metal. Confirm preparation, compatibility, application, coverage and recoat requirements in the current label or technical data sheet.",Previously Described,Paints > Primers,"bonding primer, high adhesion, waterborne, multi-surface, tile, pvc, vinyl",Insl-X,MOO01,https://github.com/GZToronto/steeles/blob/8847b583e6bdd3400c5c7b61bd691ed6d9b2055a/stixwaterbornebondingprimer_primer_inslx.png?raw=true,Image already existed,Finishes,,1,1,,,,,Primer=https://media.benjaminmoore.com/WebServices/prod/assets/production/datasheets/MSDS_SXA1100/SXA-1100F_SDS_EN.pdf,Primer=https://media.benjaminmoore.com/WebServices/prod/assets/production/datasheets/TDS_SXA-110/SXA110_TDS_CE.pdf
simple,Max Block,33,I-000000033,,"Insl-X Max Block Advanced Stain Blocking Primer is a powerful water-based formula designed to block severe stains including water damage, nicotine, smoke, grease, crayon, ink, and tannin. Confirm preparation, compatibility, application, coverage and recoat requirements in the current label or technical data sheet.",Previously Described,Paints > Primers,"stain blocker, water-based, severe stains, smoke damage, interior, low odour",Insl-X,MOO01,https://github.com/GZToronto/steeles/blob/00edea887a596b3428e9a66add188f6ace438dd1/maxblockadvancedwaterbasedstainblockingprimer_primer_inslx.png?raw=true,Image already existed,Finishes,,1,1,,,,,Primer=https://media.benjaminmoore.com/WebServices/prod/assets/production/datasheets/MSDS_SB-5000/SB-5000FR_SDS_EN.pdf,Primer=https://media.benjaminmoore.com/WebServices/prod/assets/production/datasheets/TDS_SB-5000/SB-5000_TDS_CE.pdf
simple,High Build Latex Primer,34,BM-000000034,,"Insl-X High Build Latex Primer is a thick-bodied primer designed to fill, level, and hide surface imperfections on drywall and previously painted walls. Check the current manufacturer label or technical data sheet before use. Confirm the exact item and package before ordering. Follow the current manufacturer instructions for the intended job.",Previously Described,Paints > Primers,"high build, latex primer, leveling, drywall repair, uneven walls",Insl-X,MOO01,https://github.com/GZToronto/steeles/blob/1c31a8e5953e5fc8417d499d254e93cbc425cb93/highbuildlatexprimer_primer_inslx.png?raw=true,Image already existed,Finishes,,1,1,,,,,Primer=https://media.benjaminmoore.com/WebServices/prod/assets/production/datasheets/SDS_HB-2100/HB2100FR_SDS_EN.pdf,Primer=https://media.benjaminmoore.com/WebServices/prod/assets/production/datasheets/TDS_HB-2100/HB-2100_TDS_CAE.pdf
simple,Reduced Odour Oil-Based Primer,35,BM-000000035,,Insl-X Reduced Odour Oil-Based Primer delivers the adhesion and stain-blocking performance of an alkyd primer with significantly reduced odour. Check the current manufacturer label or technical data sheet before use. Confirm the exact item and package before ordering. Follow the current manufacturer instructions for the intended job.,Previously Described,Paints > Primers,"oil-based primer, reduced odour, stain blocking, adhesion, sealer",Insl-X,MOO01,https://github.com/GZToronto/steeles/blob/5bad643286b5e31ae3ae60e2e8eca4b71bbb9eb0/reducedodouroilbasedprimer_primer_inslx.png?raw=true,Image already existed,Finishes,,1,1,,,,,Primer=https://media.benjaminmoore.com/WebServices/prod/assets/production/datasheets/MSDS_RO3000/RO3000F_SDS_EN.pdf,Primer=https://media.benjaminmoore.com/WebServices/prod/assets/production/datasheets/TDS_RO3000/RO-3000_TDS_CE.pdf
simple,Vapour Barrier Primer/Sealer,36,BM-000000036,,"Insl-X Vapour Barrier Primer Sealer is a specialty coating formulated to help limit moisture transmission into wall cavities. The selected topcoat and the condition of the existing surface determine whether additional sealing or spot preparation is needed. Confirm preparation, compatibility, application, coverage and recoat requirements in the current label or technical data sheet.",Previously Described,Paints > Interior,"vapour barrier, sealer, moisture control, interior walls, specialty primer",Insl-X,MOO01,https://github.com/GZToronto/steeles/blob/99bbcee497e694fc3a4bc9df7d7ac3a1600b329e/vapourbarrierprimersealer_primer_inslx.png?raw=true,Image already existed,Finishes,,1,1,,,,,Primer=https://media.benjaminmoore.com/WebServices/prod/assets/production/datasheets/MSDS_VB-5000/VB-5000F_SDS_EN.pdf,Primer=https://media.benjaminmoore.com/WebServices/prod/assets/production/datasheets/TDS_VB-5000/VB-5000_TDS_CAE.pdf
simple,High Performance Quick Dry Acrylic Spray DTM,37,BM-000000037,,"Benjamin Moore Quick Dry Acrylic Spray DTM is a direct-to-metal acrylic spray coating that provides fast-drying performance, corrosion resistance, and smooth coverage for small repairs and touch-ups. The master lists Gloss finish options. Confirm preparation, compatibility, application, coverage and recoat requirements in the current label or technical data sheet.",Previously Described,Commercial & Industrial > Paints,"spray, acrylic, dtm, metal, quick dry, corrosion resistant",Benjamin Moore,MOO01,https://github.com/GZToronto/steeles/blob/af4aad08eff9f3d42693ed8a658899dda30eafdd/quickdryacrylicspraydtm_specialtypaint_benjaminmoore.png?raw=true,Image already existed,Finishes,Gloss,1,1,,,,,Gloss=https://media.benjaminmoore.com/WebServices/prod/assets/production/datasheets/MSDS_HP3000/HP3000-01FR_SDS_EN.pdf,Gloss=https://media.benjaminmoore.com/WebServices/prod/assets/production/datasheets/TDS_V300/V300_TDS_CAE.pdf
simple,High Performance DTM Acrylic Enamel,38,BM-000000038,,"Benjamin Moore DTM Acrylic Enamel is a premium waterborne acrylic enamel formulated for direct-to-metal applications. Confirm preparation, compatibility, application, coverage and recoat requirements in the current label or technical data sheet. Confirm the exact item and package before ordering. Follow the current manufacturer instructions for the intended job.",Previously Described,Commercial & Industrial > Paints,"dtm, acrylic enamel, gloss, metal coating, corrosion resistant, interior exterior",Benjamin Moore,MOO01,https://github.com/GZToronto/steeles/blob/0c8b70ae3b643c74d1a47aaaf39b6c7a3eedc6ae/dtmacrylicenamel_specialtypaint_benjaminmoore.png?raw=true,Image already existed,Finishes,Satin | Gloss,1,1,,,,,,
simple,High Performance Pre-Catalyzed Waterborne Epoxy,39,BM-000000039,,"Benjamin Moore Pre-Catalyzed Waterborne Epoxy is a one-component epoxy coating that provides exceptional durability, chemical resistance, and washability. The master lists Semi Gloss or Eggshell finish options. Prepare both surfaces and follow the label for mixing where required, open or working time, assembly, clamping and cure.",Previously Described,Commercial & Industrial > Epoxy,"epoxy, waterborne, semi-gloss, commercial, durable, chemical resistant",Benjamin Moore,MOO01,https://github.com/GZToronto/steeles/blob/235ca5161bce41ea87316b70f8f67b46caf3842a/precatalyzedwaterborneepoxysemigloss_specialtypaint_benjaminmoore.png?raw=true,Image already existed,Finishes,Semi Gloss | Eggshell,1,1,,,,,"Semi Gloss=https://media.benjaminmoore.com/WebServices/prod/assets/production/datasheets/MSDS_HP3410/HP3410-9XFR_SDS_EN.pdf, https://media.benjaminmoore.com/WebServices/prod/assets/production/datasheets/MSDS_HP3410/HP3410-8XFR_SDS_EN.pdf, https://media.benjaminmoore.com/WebServices/prod/assets/production/datasheets/MSDS_HP3410/HP3410-7XFR_SDS_EN.pdf, https://media.benjaminmoore.com/WebServices/prod/assets/production/datasheets/MSDS_HP3410/HP3410-01FR_SDS_EN.pdf|Eggshell=https://media.benjaminmoore.com/WebServices/prod/assets/production/datasheets/MSDS_HP3420/HP3420-8XFR_SDS_EN.pdf, https://media.benjaminmoore.com/WebServices/prod/assets/production/datasheets/MSDS_HP3420/HP3420-01FR_SDS_EN.pdf, https://media.benjaminmoore.com/WebServices/prod/assets/production/datasheets/MSDS_HP3420/HP3420-7XFR_SDS_EN.pdf, https://media.benjaminmoore.com/WebServices/prod/assets/production/datasheets/MSDS_HP3420/HP3420-9XFR_SDS_EN.pdf",Semi Gloss=https://media.benjaminmoore.com/WebServices/prod/assets/production/datasheets/TDS_HP3410/HP3410_TDS_CE.pdf
simple,Command Waterborne Acrylic Urethane,40,BM-000000040,,"Benjamin Moore Command Acrylic Urethane Gloss is a commercial-grade waterborne urethane coating offering quick return-to-service and superior adhesion. The master lists Gloss or Satin finish options. Confirm preparation, compatibility, application, coverage and recoat requirements in the current label or technical data sheet.",Previously Described,Commercial & Industrial > Paints,"urethane, acrylic, command, gloss, commercial, quick dry, high durability",Benjamin Moore,MOO01,https://github.com/GZToronto/steeles/blob/4fe1dd0445ab97362ca1c8375bea1fd62d2ad542/commandwaterborneacrylicurethanegloss_specialtypaint_benjaminmoore.png?raw=true,Image already existed,Finishes,Gloss | Satin,1,1,,,,,,
simple,High Performance Aliphatic Urethane,41,BM-000000041,,"Benjamin Moore Aliphatic Urethane is a two-component urethane coating that provides exceptional UV resistance and chemical durability. The master lists Gloss or Semi Gloss finish options. Confirm preparation, compatibility, application, coverage and recoat requirements in the current label or technical data sheet.",Previously Described,Commercial & Industrial > Epoxy,"aliphatic urethane, 2k, gloss, industrial, uv resistant, chemical resistant",Benjamin Moore,MOO01,https://github.com/GZToronto/steeles/blob/333c1dee2fcebcfeb2a919314e2c61041a558310/aliphaticurethane_specialtypaint_benjaminmoore.png?raw=true,Image already existed,Finishes,Gloss | Semi Gloss,1,1,,,,,,
simple,High Performance DTM Mastic Urethane,42,BM-000000042,,"Benjamin Moore CTM Mastic Urethane is a heavy-duty coating that delivers high film build, corrosion protection, and excellent adhesion. The master lists Gloss or Satin finish options. Confirm preparation, compatibility, application, coverage and recoat requirements in the current label or technical data sheet.",Previously Described,Commercial & Industrial > Epoxy,"urethane mastic, dtm, gloss, corrosion resistant, industrial, high build",Benjamin Moore,MOO01,https://github.com/GZToronto/steeles/blob/1b16ca6898cb6369e7a2518556563612a32adf66/dtmmasticurethanegloss_specialtypaint_benjaminmoore.png?raw=true,Image already existed,Finishes,Gloss | Satin,1,1,,,,,,
simple,High Performance Acrylic Metal Primer,43,BM-000000043,,"Benjamin Moore Acrylic Metal Primer is a high-quality waterborne primer formulated for both ferrous and non-ferrous metal surfaces. The selected topcoat and the condition of the existing surface determine whether additional sealing or spot preparation is needed. Confirm preparation, compatibility, application, coverage and recoat requirements in the current label or technical data sheet.",Previously Described,Commercial & Industrial > Primers,"acrylic, metal primer, corrosion resistant, adhesion, interior exterior",Benjamin Moore,MOO01,https://github.com/GZToronto/steeles/blob/2d8e5da52c9c44230ae76eb26a929e2f089a21a2/acrylicmetalprimer_primer_benjaminmoore.png?raw=true,Image already existed,Finishes,,1,1,,,,,Primer=https://media.benjaminmoore.com/WebServices/prod/assets/production/datasheets/MSDS_HP1100/HP1100-20FR_SDS_EN.pdf|Primer=https://media.benjaminmoore.com/WebServices/prod/assets/production/datasheets/MSDS_HP1100/HP1100-01FR_SDS_EN.pdf,Primer=https://media.benjaminmoore.com/WebServices/prod/assets/production/datasheets/TDS_HP1100/HP1100-20_TDS_CE.pdf?raw=true|Primer=https://media.benjaminmoore.com/WebServices/prod/assets/production/datasheets/TDS_HP1100/HP1100-01_TDS_CE.pdf?raw=true
simple,High Performance Acrylic Sealer/Finish,44,BM-000000044,,"Benjamin Moore Acrylic Sealer Finish is a clear waterborne acrylic coating designed to seal, protect, and enhance surfaces. Selection should be based on the specific task, material, working conditions and compatible products in the complete system. Confirm preparation, compatibility, application, coverage and recoat requirements in the current label or technical data sheet.",Previously Described,Commercial & Industrial > Epoxy,"acrylic sealer, clear coat, protective finish, waterborne",Benjamin Moore,MOO01,https://github.com/GZToronto/steeles/blob/2f450b7c69051ef1c61bc230b36130aadf0d53c5/acrylicsealerfinish_primer_benjaminmoore.png?raw=true,Image already existed,Finishes,,1,1,,,,,Sealer=https://media.benjaminmoore.com/WebServices/prod/assets/production/datasheets/MSDS_HP1270/HP1270-00FR_SDS_EN.pdf,Sealer=https://media.benjaminmoore.com/WebServices/prod/assets/production/datasheets/TDS_HP1270/HP1270_TDS_CE.pdf?raw=true
simple,High Performance Universal Metal Primer,45,BM-000000045,,"Benjamin Moore Universal Metal Primer is a versatile, fast-drying primer engineered for superior adhesion on a wide range of metal substrates. Check the current manufacturer label or technical data sheet before use. Confirm the exact item and package before ordering. Follow the current manufacturer instructions for the intended job.",Previously Described,Commercial & Industrial > Primers,"metal primer, universal, rust inhibiting, adhesion, steel, machinery",Benjamin Moore,MOO01,https://github.com/GZToronto/steeles/blob/15833275274c644bd93396bfc94f4c026bd2adb5/universalmetalprimer_primer_benjaminmoore.png?raw=true,Image already existed,Finishes,,1,1,,,,,"Primer=https://media.benjaminmoore.com/WebServices/prod/assets/production/datasheets/MSDS_HP1320/HP1320-70FR_SDS_EN.pdf, https://media.benjaminmoore.com/WebServices/prod/assets/production/datasheets/MSDS_HP1320/HP1320-20FR_SDS_EN.pdf, https://media.benjaminmoore.com/WebServices/prod/assets/production/datasheets/MSDS_HP1320/HP1320-01FR_SDS_EN.pdf",Primer=https://media.benjaminmoore.com/WebServices/prod/assets/production/datasheets/TDS_HP1320/HP1320_TDS_CE.pdf?raw=true
simple,High Performance Shop Primer,46,BM-000000046,,"Benjamin Moore Shop Primer is an industrial metal primer formulated for structural steel and fabricated metal components. The selected topcoat and the condition of the existing surface determine whether additional sealing or spot preparation is needed. Confirm preparation, compatibility, application, coverage and recoat requirements in the current label or technical data sheet.",Previously Described,Commercial & Industrial > Primers,"shop primer, steel, fabrication, corrosion protection, industrial",Benjamin Moore,MOO01,https://github.com/GZToronto/steeles/blob/505c23a895b17dd10e5b1464cbd10acda1054a7b/shopprimer_primer_benjaminmoore.png?raw=true,Image already existed,Finishes,,1,1,,,,,"Primer=https://media.benjaminmoore.com/WebServices/prod/assets/production/datasheets/MSDS_HP1420/HP1420-70FR_SDS_EN.pdf, https://media.benjaminmoore.com/WebServices/prod/assets/production/datasheets/MSDS_HP1420/HP1420-20FR_SDS_EN.pdf",Primer=https://media.benjaminmoore.com/WebServices/prod/assets/production/datasheets/TDS_HP1420/HP1420_TDS_CE.pdf
simple,High Performance Concrete and Metal Epoxy Primer,47,BM-000000047,,"Benjamin Moore Concrete and Metal Epoxy Primer is a high-performance epoxy primer engineered to promote strong adhesion on concrete and metal. The selected topcoat and the condition of the existing surface determine whether additional sealing or spot preparation is needed. Prepare both surfaces and follow the label for mixing where required, open or working time, assembly, clamping and cure.",Previously Described,Commercial & Industrial > Epoxy,"epoxy primer, concrete, metal, chemical resistant, industrial",Benjamin Moore,MOO01,https://github.com/GZToronto/steeles/blob/8bc11442f0a22ce9e2c439859f812e65a08b98a3/concreteandmetalepoxyprimer_primer_benjaminmoore.png?raw=true,Image already existed,Finishes,,1,1,,,,,"Primer=https://media.benjaminmoore.com/WebServices/prod/assets/production/datasheets/MSDS_HP1550/HP1550-90FR_SDS_EN.pdf, https://media.benjaminmoore.com/WebServices/prod/assets/production/datasheets/MSDS_HP1550/HP1550-00FR_SDS_EN.pdf",Primer=https://media.benjaminmoore.com/WebServices/prod/assets/production/datasheets/TDS_HP1550/HP1550_TDS_CE.pdf?raw=true
simple,High Performance Waterborne Bonding Primer,48,BM-000000048,,"Benjamin Moore Waterborne Bonding Primer is a specialized adhesion-promoting primer formulated for smooth or non-porous surfaces. The selected topcoat and the condition of the existing surface determine whether additional sealing or spot preparation is needed. Confirm preparation, compatibility, application, coverage and recoat requirements in the current label or technical data sheet.",Previously Described,Commercial & Industrial > Primers,"bonding primer, waterborne, adhesion, smooth surfaces",Benjamin Moore,MOO01,https://github.com/GZToronto/steeles/blob/e82e7acfc25695df9f6cbaba87c8d10ff5db0797/waterbornebondingprimer_primer_benjaminmoore.png?raw=true,Image already existed,Finishes,,1,1,,,,,Primer=https://media.benjaminmoore.com/WebServices/prod/assets/production/datasheets/MSDS_HP1750/HP1750-00FR_SDS_EN.pdf,Primer=https://media.benjaminmoore.com/WebServices/prod/assets/production/datasheets/TDS_HP1750/HP1750_TDS_CE.pdf?raw=true
simple,High Performance Polyamide Epoxy,49,BM-000000049,,"Benjamin Moore Polyamide Epoxy is a two-component epoxy coating offering outstanding abrasion resistance and chemical durability. Prepare both surfaces and follow the label for mixing where required, open or working time, assembly, clamping and cure. Confirm the exact item and package before ordering.",Previously Described,Commercial & Industrial > Epoxy,"epoxy, polyamide, 2k, industrial, corrosion resistant, chemical resistant",Benjamin Moore,MOO01,https://github.com/GZToronto/steeles/blob/772daafad9a83347b393cc7a33e9b543acfc9261/polyamideepoxy_specialtypaint_benjaminmoore.png?raw=true,Image already existed,Finishes,Gloss,1,1,,,,,"Gloss=https://media.benjaminmoore.com/WebServices/prod/assets/production/datasheets/MSDS_HP4000/HP4000-75FR_SDS_EN.pdf, https://media.benjaminmoore.com/WebServices/prod/assets/production/datasheets/MSDS_HP4000/HP4000-80FR_SDS_EN.pdf, https://media.benjaminmoore.com/WebServices/prod/assets/production/datasheets/MSDS_HP4000/HP4000-90FR_SDS_EN.pdf, https://media.benjaminmoore.com/WebServices/prod/assets/production/datasheets/MSDS_HP4000/HP4000-92FR_SDS_EN.pdf, https://media.benjaminmoore.com/WebServices/prod/assets/production/datasheets/MSDS_HP4000/HP4000-91FR_SDS_EN.pdf, https://media.benjaminmoore.com/WebServices/prod/assets/production/datasheets/MSDS_HP4000/HP4000-00FR_SDS_EN.pdf, https://media.benjaminmoore.com/WebServices/prod/assets/production/datasheets/MSDS_HP4000/HP4000-9BFR_SDS_EN.pdf, https://media.benjaminmoore.com/WebServices/prod/assets/production/datasheets/MSDS_HP4000/HP4000-8BFR_SDS_EN.pdf, https://media.benjaminmoore.com/WebServices/prod/assets/production/datasheets/MSDS_HP4000/HP4000-20FR_SDS_EN.pdf, https://media.benjaminmoore.com/WebServices/prod/assets/production/datasheets/MSDS_HP4000/HP4000-10FR_SDS_EN.pdf, https://media.benjaminmoore.com/WebServices/prod/assets/production/datasheets/MSDS_HP4000/HP4000-70FR_SDS_EN.pdf, https://media.benjaminmoore.com/WebServices/prod/assets/production/datasheets/MSDS_HP4000/HP4000-7BFR_SDS_EN.pdf",Gloss=https://media.benjaminmoore.com/WebServices/prod/assets/production/datasheets/TDS_HP4000/HP4000_TDS_CE.pdf?raw=true
simple,High Performance Fast-Cure Polyamide Epoxy,50,BM-000000050,,"Benjamin Moore Fast-Cure Polyamide Epoxy is a rapid-drying epoxy designed for fast turnaround and high durability. The master lists Satin finish options. The final appearance and service performance depend on the substrate, preparation, film build and complete coating system. Prepare both surfaces and follow the label for mixing where required, open or working time, assembly, clamping and cure.",Previously Described,Commercial & Industrial > Epoxy,"epoxy, polyamide, fast cure, industrial, corrosion resistant",Benjamin Moore,MOO01,https://github.com/GZToronto/steeles/blob/9003dfce5f1402a015108176929a06aeaa243a38/fastcurepolyamideepoxy_specialtypaint_benjaminmoore.png?raw=true,Image already existed,Finishes,Satin,1,1,,,,,"Satin=https://media.benjaminmoore.com/WebServices/prod/assets/production/datasheets/MSDS_HP4100/HP4100-75FR_SDS_EN.pdf, https://media.benjaminmoore.com/WebServices/prod/assets/production/datasheets/MSDS_HP4100/HP4100-80FR_SDS_EN.pdf, https://media.benjaminmoore.com/WebServices/prod/assets/production/datasheets/MSDS_HP4100/HP4100-90FR_SDS_EN.pdf, https://media.benjaminmoore.com/WebServices/prod/assets/production/datasheets/MSDS_HP4100/HP4100-9BFR_SDS_EN.pdf, https://media.benjaminmoore.com/WebServices/prod/assets/production/datasheets/MSDS_HP4100/HP4100-00FR_SDS_EN.pdf, https://media.benjaminmoore.com/WebServices/prod/assets/production/datasheets/MSDS_HP4100/HP4100-8BFR_SDS_EN.pdf, https://media.benjaminmoore.com/WebServices/prod/assets/production/datasheets/MSDS_HP4100/HP4100-70FR_SDS_EN.pdf, https://media.benjaminmoore.com/WebServices/prod/assets/production/datasheets/MSDS_HP4100/HP4100-7BFR_SDS_EN.pdf, https://media.benjaminmoore.com/WebServices/prod/assets/production/datasheets/MSDS_HP4100/HP4100-01FR_SDS_EN.pdf",Satin=https://media.benjaminmoore.com/WebServices/prod/assets/production/datasheets/TDS_HP4100/HP4100_TDS_CE.pdf?raw=true
simple,High Performance 100% Solids Epoxy,51,BM-000000051,,"Benjamin Moore 100% Solids Epoxy is a high-build, solvent-free epoxy system engineered for maximum durability and chemical resistance. Prepare both surfaces and follow the label for mixing where required, open or working time, assembly, clamping and cure. Confirm the exact item and package before ordering.",Previously Described,Commercial & Industrial > Epoxy,"epoxy, 100% solids, industrial flooring, high build, chemical resistant",Benjamin Moore,MOO01,https://github.com/GZToronto/steeles/blob/32a3e281d4d59efc181eaaa5d625d0953a1e8a88/100%25solidsepoxy_specialtypaint_benjaminmoore.png?raw=true,Image already existed,Finishes,Gloss,1,1,,,,,"Gloss=https://media.benjaminmoore.com/WebServices/prod/assets/production/datasheets/MSDS_HP4300/HP4300-90FR_SDS_EN.pdf, https://media.benjaminmoore.com/WebServices/prod/assets/production/datasheets/MSDS_HP4300/HP4300-00FR_SDS_EN.pdf, https://media.benjaminmoore.com/WebServices/prod/assets/production/datasheets/MSDS_HP4300/HP4300-52FR_SDS_EN.pdf, https://media.benjaminmoore.com/WebServices/prod/assets/production/datasheets/MSDS_HP4300/HP4300-70FR_SDS_EN.pdf, https://media.benjaminmoore.com/WebServices/prod/assets/production/datasheets/MSDS_HP4300/HP4300-01FR_SDS_EN.pdf",Gloss=https://media.benjaminmoore.com/WebServices/prod/assets/production/datasheets/TDS_HP4300/HP4300_TDS_CE.pdf?raw=true
simple,TuffCrete Waterborne Acrylic Concrete Stain,52,I-000000052,,"Insl-X TuffCrete Waterborne Acrylic Concrete Stain is a durable concrete stain formulated for interior and exterior floors. Confirm preparation, compatibility, application, coverage and recoat requirements in the current label or technical data sheet. Confirm the exact item and package before ordering.",Previously Described,Paints > Exterior,"concrete stain, tuffcrete, acrylic, waterborne, interior exterior",Insl-X,MOO01,https://github.com/GZToronto/steeles/blob/bd78dc8323c6e2c9335ce9aea1ac6dbd5c228b29/tuffcretewaterborneacrylicconcretestain_specialtypaint_inslx.png?raw=true,Image already existed,Finishes,Satin,1,1,,,,,"Satin=https://media.benjaminmoore.com/WebServices/prod/assets/production/datasheets/MSDS_CST-2XXX/CST-2100F_SDS_EN.pdf, https://media.benjaminmoore.com/WebServices/prod/assets/production/datasheets/MSDS_CST-2XXX/CST-2308F_SDS_EN.pdf, https://media.benjaminmoore.com/WebServices/prod/assets/production/datasheets/MSDS_CST-2XXX/CST-2310F_SDS_EN.pdf, https://media.benjaminmoore.com/WebServices/prod/assets/production/datasheets/MSDS_CST-2XXX/CST-2789F_SDS_EN.pdf, https://media.benjaminmoore.com/WebServices/prod/assets/production/datasheets/MSDS_CST-2XXX/CST-2110F_SDS_EN.pdf",Satin=https://media.benjaminmoore.com/WebServices/prod/assets/production/datasheets/TDS_CST-2XXX/CST-2XXX_TDS_CAE.pdf
simple,GarageGuard 2-Part Waterborne Epoxy,53,I-000000053,,"Insl-X GarageGuard is a high-performance two-part water-based epoxy floor coating delivering exceptional durability, chemical resistance, and a glossy finish. The master lists Semi Gloss finish options. Prepare both surfaces and follow the label for mixing where required, open or working time, assembly, clamping and cure.",Previously Described,Paints > Epoxy,"garageguard, epoxy, 2-part, concrete floor, chemical resistant, durable",Insl-X,MOO01,https://github.com/GZToronto/steeles/blob/9e94916e94bed3d7ad053bf6cf59ce0720278b4e/garageguard_specialtypaint_inslx.png?raw=true,Image already existed,Finishes,Semi Gloss,1,1,,,,,"Semi Gloss=https://media.benjaminmoore.com/WebServices/prod/assets/production/datasheets/MSDS_EGG/EGG190S9F_EN_SDS.pdf, https://media.benjaminmoore.com/WebServices/prod/assets/production/datasheets/MSDS_EGG/EGG310SF_SDS_EN.pdf, https://media.benjaminmoore.com/WebServices/prod/assets/production/datasheets/MSDS_EGG/EGG-111F_SDS_EN.pdf, https://media.benjaminmoore.com/WebServices/prod/assets/production/datasheets/MSDS_EGG/EGG10BS9F_SDS_EN.pdf",Semi Gloss=https://media.benjaminmoore.com/WebServices/prod/assets/production/datasheets/TDS_EGG-XXXX/EGG_XXXX_TDS_CAE.pdf
simple,GarageGuard 1-Part Concrete & Garage Floor Paint,54,I-000000054,,"Insl-X garageGuard 1-Part Concrete and Garage Floor Paint is a durable acrylic coating for concrete floors with fast drying and abrasion resistance. The master lists Satin finish options. Confirm preparation, compatibility, application, coverage and recoat requirements in the current label or technical data sheet.",Previously Described,Paints > Exterior,"garage floor paint, 1-part, concrete floor, acrylic, durable, quick dry",Insl-X,MOO01,https://github.com/GZToronto/steeles/blob/b033aeff73449cb51c5e3ae3e8ece7df54d1e128/garageguard1partconcrete%26garagefloorpaint_specialtypaint_inslx.png?raw=true,Image already existed,Finishes,Satin,1,1,,,,,"Satin=https://media.benjaminmoore.com/WebServices/prod/assets/production/datasheets/SDS_CG-3XXX/CG-301BFGHS_SDS_EN.pdf, https://media.benjaminmoore.com/WebServices/prod/assets/production/datasheets/SDS_CG-3XXX/CG-304BFGHS_SDS_EN.pdf, https://media.benjaminmoore.com/WebServices/prod/assets/production/datasheets/SDS_CG-3XXX/CG-3022FGHS_SDS_EN.pdf, https://media.benjaminmoore.com/WebServices/prod/assets/production/datasheets/SDS_CG-3XXX/CG-3007FGHS_SDS_EN.pdf, https://media.benjaminmoore.com/WebServices/prod/assets/production/datasheets/SDS_CG-3XXX/CG-3011FGHS_SDS_EN.pdf",Satin=https://media.benjaminmoore.com/WebServices/prod/assets/production/datasheets/TDS_CG-3XXX/CG-3XXX_TDS_CE.pdf
simple,Multi-Surface Waterproofer,55,I-000000055,,"Insl-X Multi-Surface Waterproofer is a clear penetrating water repellent designed to protect masonry, brick, and concrete from water intrusion. The master lists Flat finish options. Confirm preparation, compatibility, application, coverage and recoat requirements in the current label or technical data sheet.",Previously Described,Paints > Exterior,"waterproofer, masonry, concrete, penetrating sealer, clear, exterior",Insl-X,MOO01,https://github.com/GZToronto/steeles/blob/446433257c00a82c6a58a5baa6210647572cbe16/multisurfacewaterproofer_specialtypaint_inslx.png?raw=true,Image already existed,Finishes,Flat,1,1,,,,,Flat=https://media.benjaminmoore.com/WebServices/prod/assets/production/datasheets/SDS_WPS-1000/WPS-1000FR_SDS_EN.PDF,Flat=https://media.benjaminmoore.com/WebServices/prod/assets/production/datasheets/TDS_WPS-1000/WPS-1000_TDS_CE.pdf
simple,Waterborne Swimming Pool Paint,56,I-000000056,,"Insl-X waterborne Swimming Pool Paint Semi-Gloss is an acrylic waterborne coating for concrete pools providing durability and colour retention. The master lists Semi Gloss finish options. Confirm preparation, compatibility, application, coverage and recoat requirements in the current label or technical data sheet.",Previously Described,Paints > Specialty Paints,"pool paint, waterborne, acrylic, semi-gloss, concrete pool",Insl-X,MOO01,https://github.com/GZToronto/steeles/blob/e9eab4a0ca2472cda5462c61b8e1426a62142e97/multisurfacewaterproofer_specialtypaint_inslx.png?raw=true,Image already existed,Finishes,Semi Gloss,1,1,,,,,"Semi Gloss=https://media.benjaminmoore.com/WebServices/prod/assets/production/datasheets/MSDS_WR1000/WR-1023F_SDS_EN.pdf, https://media.benjaminmoore.com/WebServices/prod/assets/production/datasheets/MSDS_WR1000/WR-1024F_3001432_SDS_EN.pdf, https://media.benjaminmoore.com/WebServices/prod/assets/production/datasheets/MSDS_WR1000/WR-1019F_SDS_EN.pdf, https://media.benjaminmoore.com/WebServices/prod/assets/production/datasheets/MSDS_WR1000/WR-1020F_SDS_EN.pdf, https://media.benjaminmoore.com/WebServices/prod/assets/production/datasheets/MSDS_WR1000/WR-1010F_SDS_EN.pdf",Semi Gloss=https://media.benjaminmoore.com/WebServices/prod/assets/production/datasheets/Pool_Paint_Faqs/CAE%20Pool%20Paint%20FAQs.pdf
simple,Rubber Based Swimming Pool Paint,57,I-000000057,,"Insl-X rubber-Based Swimming Pool Paint Satin is a rubber-based coating ideal for previously rubber-coated pools, offering durability and chemical resistance. The master lists Satin finish options. Confirm preparation, compatibility, application, coverage and recoat requirements in the current label or technical data sheet.",Previously Described,Paints > Specialty Paints,"pool paint, rubber-based, satin, concrete pool, durable",Insl-X,MOO01,https://github.com/GZToronto/steeles/blob/39cab65122d4fac07d6520ed0b6b813434bd3de4/rubberbasedswimmingpoolpaintsatin_specialtypaint_inslx.png?raw=true,Image already existed,Finishes,Satin,1,1,,,,,"Satin=https://media.benjaminmoore.com/WebServices/prod/assets/production/datasheets/MSDS_RP27/RP-2719F_SDS_EN.pdf, https://media.benjaminmoore.com/WebServices/prod/assets/production/datasheets/MSDS_RP27/RP-2720F_SDS_EN.pdf, https://media.benjaminmoore.com/WebServices/prod/assets/production/datasheets/MSDS_RP27/RP-2723F_SDS_EN.pdf, https://media.benjaminmoore.com/WebServices/prod/assets/production/datasheets/MSDS_RP27/RP-2724F_SDS_EN.pdf, https://media.benjaminmoore.com/WebServices/prod/assets/production/datasheets/MSDS_RP27/RP-2710F_SDS_EN.pdf",Satin=https://media.benjaminmoore.com/WebServices/prod/assets/production/datasheets/TDS_RP-27XX/RP-27XX_TDS_CAE.pdf
simple,Epoxy Pool Paint,58,I-000000058,,"Insl-X Epoxy Pool Paint is a two-component high-build epoxy coating offering maximum durability and a tile-like finish for concrete pools. The master lists Semi Gloss finish options. Prepare both surfaces and follow the label for mixing where required, open or working time, assembly, clamping and cure.",Previously Described,Paints > Specialty Paints,"pool paint, epoxy, 2-part, high build, chemical resistant, durable",Insl-X,MOO01,https://github.com/GZToronto/steeles/blob/3c24a5f0a269b67f6e64811998b55c4abbdc14e7/epoxypoolpaint_specialtypaint_inslx.png?raw=true,Image already existed,Finishes,Semi Gloss,1,1,,,,,"Semi Gloss=https://media.benjaminmoore.com/WebServices/prod/assets/production/datasheets/MSDS_IG4000/IG-4020F_EN_SDS.pdf, https://media.benjaminmoore.com/WebServices/prod/assets/production/datasheets/MSDS_IG40BS/IG-40BSF_SDS_EN.pdf, https://media.benjaminmoore.com/WebServices/prod/assets/production/datasheets/MSDS_IG4000/IG-4042F_EN_SDS.pdf, https://media.benjaminmoore.com/WebServices/prod/assets/production/datasheets/MSDS_IG4000/IG-4001F_SDS_EN.pdf, https://media.benjaminmoore.com/WebServices/prod/assets/production/datasheets/MSDS_IG4000/IG-4024F_EN_SDS.pdf, https://media.benjaminmoore.com/WebServices/prod/assets/production/datasheets/MSDS_IG4000/IG-4010F_SDS_EN.pdf",Semi Gloss=https://media.benjaminmoore.com/WebServices/prod/assets/production/datasheets/TDS_IG-40XX/IG-40XX_TDS_CAE.pdf
simple,3M ScotchBlue Painter's Tape Applicator,59,3M-000000059,,"3M ScotchBlue Painter’s Tape Applicator helps you place tape quickly and accurately so paint prep feels cleaner, faster and easier from the first edge to the final pull. Choose the listed size for the surface and coating, then clean or dispose of the applicator according to current product guidance.",Previously Described,Painting Tools & Accessories > Tools,"painter’s tape, masking, prep",3M,3MC01,https://github.com/GZToronto/steeles/blob/923e7ffbe26adb9165929e2f142654a274e7796b/scotchbluepainterstapeapplicator_painttoolsaccessories_3m.png?raw=true,Image already existed,,,,,,,,,,
simple,3M Hand-Masker Film & Paper Dispenser Kit,60,3M-000000060,,"3M Hand-Masker Film & Paper Dispenser Kit gives you a complete masking setup for pairing tape with film or paper, helping you protect trim, floors and surfaces more efficiently before painting. Review the listed format and current manufacturer instructions to confirm compatibility, safe use, cleaning and storage for the intended job.",Previously Described,Painting Tools & Accessories > Paint Prep & Repairs,"masking system, paint prep, dispenser",3M,3MC01,https://github.com/GZToronto/steeles/blob/923e7ffbe26adb9165929e2f142654a274e7796b/handmaskerfilmpaperdispenser_painttoolsaccessories_3m.png?raw=true,Image already existed,,,,,,,,,,
simple,3M Hand-Masker M3000 Dispenser,61,3M-000000061,,3M Hand-Masker M3000 Dispenser makes masking faster and more consistent by dispensing tape with film or paper in one smooth step for cleaner paint prep. Check the current manufacturer label or technical data sheet before use. Confirm the exact item and package before ordering. Follow the current manufacturer instructions for the intended job.,Previously Described,Painting Tools & Accessories > Paint Prep & Repairs,"masking tool, paint prep, dispenser",3M,3MC01,https://github.com/GZToronto/steeles/blob/923e7ffbe26adb9165929e2f142654a274e7796b/handmaskerm3000dispenser_painttoolsaccessories_3m.png?raw=true,Image already existed,,,,,,,,,,
simple,3M Hand-Masker Advanced Masking Film AMF48,62,3M-000000062,,"3M Hand-Masker Advanced Masking Film AMF48 protects surfaces during multi-coat paint projects with high-density film designed to cling well and resist paint flaking. Review the listed format and current manufacturer instructions to confirm compatibility, safe use, cleaning and storage for the intended job.",Previously Described,Painting Tools & Accessories > Paint Prep & Repairs,"masking film, paint prep, surface protection",3M,3MC01,https://github.com/GZToronto/steeles/blob/923e7ffbe26adb9165929e2f142654a274e7796b/handmaskeradvancedmaskingfilmamf48_painttoolsaccessories_3m.png.png?raw=true,Image already existed,,,,,,,,,,
simple,3M N95 Respirator 8511 with Valve,63,3M-000000063,,"3M N95 Respirator 8511 with Valve provides disposable N95 protection with an exhalation valve for added comfort during sanding, prep and other dusty project work. Review the listed format and current manufacturer instructions to confirm compatibility, safe use, cleaning and storage for the intended job.",Previously Described,Painting Tools & Accessories > Clothing & Safety,"respirator, dust protection, disposable",3M,3MC01,https://github.com/GZToronto/steeles/blob/923e7ffbe26adb9165929e2f142654a274e7796b/n95respirator8511valve_paintergearsafety_3m.png?raw=true,Image already existed,,,,,,,,,,
simple,3M N95 Respirator 8210 Plus,64,3M-000000064,,"3M N95 Respirator 8210 Plus provides lightweight disposable N95 protection against non-oil based particles, making it a practical choice for sanding, prep and cleanup. Review the listed format and current manufacturer instructions to confirm compatibility, safe use, cleaning and storage for the intended job.",Previously Described,Painting Tools & Accessories > Clothing & Safety,"respirator, dust protection, disposable",3M,3MC01,https://github.com/GZToronto/steeles/blob/923e7ffbe26adb9165929e2f142654a274e7796b/n95respirator8210plus_paintergearsafety_3m.png?raw=true,Image already existed,,,,,,,,,,
simple,3M Organic Vapor Cartridge 6001,65,3M-000000065,,"3M Organic Vapor Cartridge 6001 is designed for compatible 3M respirators to help protect against organic vapours during painting, staining and solvent-based project work. Confirm fit, compatibility and required protection before use, and follow the current safety instructions for the actual workplace hazard.",Previously Described,Painting Tools & Accessories > Clothing & Safety,"respirator cartridge, organic vapor, replacement filter",3M,3MC01,https://github.com/GZToronto/steeles/blob/923e7ffbe26adb9165929e2f142654a274e7796b/organicvaporcartridge6001_paintergearsafety_3m.png?raw=true,Image already existed,,,,,,,,,,
simple,3M Paint Project Reusable Respirator,66,3M-000000066,,"3M Paint Project Reusable Respirator gives you reusable protection for paint projects where fumes, vapours and particulates need to be managed more comfortably. Review the listed format and current manufacturer instructions to confirm compatibility, safe use, cleaning and storage for the intended job.",Previously Described,Painting Tools & Accessories > Clothing & Safety,"respirator, paint fumes, reusable",3M,3MC01,https://github.com/GZToronto/steeles/blob/923e7ffbe26adb9165929e2f142654a274e7796b/paintprojectreusablerespirator_paintergearsafety_3m.png?raw=true,Image already existed,,,,,,,,,,
simple,3M ScotchBlue Original Multi-Surface Painter's Tape,67,3M-000000067,,"3M ScotchBlue Original Multi-Surface Painter’s Tape helps create crisp paint lines on a variety of surfaces and removes cleanly, making it a dependable tape for everyday painting projects. Review the listed format and current manufacturer instructions to confirm compatibility, safe use, cleaning and storage for the intended job.",Previously Described,Painting Tools & Accessories > Paint Prep & Repairs,"painter’s tape, masking, prep",3M,3MC01,https://github.com/GZToronto/steeles/blob/923e7ffbe26adb9165929e2f142654a274e7796b/scotchblueoriginalmultisurfacepainterstape_painttoolsaccessories_3m.png?raw=true,Image already existed,,,,,,,,,,
simple,3M Scotch Delicate Surface Painter's Tape,68,3M-000000068,,"3M Scotch Delicate Surface Painter’s Tape uses a lower-tack adhesive for freshly painted or delicate surfaces, helping you get clean lines with less risk of damage during removal. Review the listed format and current manufacturer instructions to confirm compatibility, safe use, cleaning and storage for the intended job.",Previously Described,Painting Tools & Accessories > Paint Prep & Repairs,"painter’s tape, masking, prep",3M,3MC01,https://github.com/GZToronto/steeles/blob/923e7ffbe26adb9165929e2f142654a274e7796b/scotchdelicatesurfacepainterstape_painttoolsaccessories_3m.png?raw=true,Image already existed,,,,,,,,,,
simple,3M Scotch General Painting Multi-Surface Tape (6 Pack),69,3M-000000069,,"3M Scotch General Painting Multi-Surface Tape (6 Pack) gives you a versatile multi-surface tape for everyday masking, touch-ups and painting projects where clean removal matters. Review the listed format and current manufacturer instructions to confirm compatibility, safe use, cleaning and storage for the intended job.",Previously Described,Painting Tools & Accessories > Paint Prep & Repairs,"painter’s tape, masking, prep",3M,3MC01,https://github.com/GZToronto/steeles/blob/923e7ffbe26adb9165929e2f142654a274e7796b/scotchgeneralpaintingmultisurfacetape6_painttoolsaccessories_3m.png?raw=true,Image already existed,,,,,,,,,,
simple,3M Scotch Heavy Duty Masking Tape (4 Pack),70,3M-000000070,,"3M Scotch Heavy Duty Masking Tape (4 Pack) provides stronger hold for tougher masking jobs, helping tape stay in place on more demanding surfaces during prep and painting. Review the listed format and current manufacturer instructions to confirm compatibility, safe use, cleaning and storage for the intended job.",Previously Described,Painting Tools & Accessories > Paint Prep & Repairs,"painter’s tape, masking, prep",3M,3MC01,https://github.com/GZToronto/steeles/blob/f48448af0bef49ccd449e9bc522b4b68623698ed/scotchheavydutymaskingtape4_painttoolsaccessories_3m.png?raw=true,Image already existed,,,,,,,,,,
simple,3M Scotch Contractor Grade Masking Tape (6 Pack),71,3M-000000071,,"3M Scotch Contractor Grade Masking Tape (6 Pack) is a practical bulk tape option for general masking and contractor use, with reliable hold and easy removal for everyday jobs. Review the listed format and current manufacturer instructions to confirm compatibility, safe use, cleaning and storage for the intended job.",Previously Described,Painting Tools & Accessories > Paint Prep & Repairs,"painter’s tape, masking, prep",3M,3MC01,https://github.com/GZToronto/steeles/blob/923e7ffbe26adb9165929e2f142654a274e7796b/scotchcontractorgrademaskingtape6_painttoolsaccessories_3m.png?raw=true,Image already existed,,,,,,,,,,
simple,3M Bondo Glazing & Spot Putty,72,3M-000000072,,"3M Bondo Glazing & Spot Putty helps repair small scratches, pinholes and surface imperfections so the area can be smoothed and finished before painting. Selection should be based on the specific task, material, working conditions and compatible products in the complete system. Apply to a clean, sound surface and follow the label for mixing, layer depth, drying or cure, sanding and topcoating.",Previously Described,Painting Tools & Accessories > Paint Prep & Repairs,"filler, repair, surface prep",3M,3MC01,https://github.com/GZToronto/steeles/blob/923e7ffbe26adb9165929e2f142654a274e7796b/bondoglazingspotputty_specialtypaint_3m.png?raw=true,Image already existed,,,,,,,,,,
simple,3M Bondo Body Filler,73,3M-000000073,,"3M Bondo Body Filler is a durable repair filler for dents and damaged surfaces, making it useful for automotive, restoration and general repair projects. Selection should be based on the specific task, material, working conditions and compatible products in the complete system. Apply to a clean, sound surface and follow the label for mixing, layer depth, drying or cure, sanding and topcoating.",Previously Described,Painting Tools & Accessories > Paint Prep & Repairs,"filler, repair, surface prep",3M,3MC01,https://github.com/GZToronto/steeles/blob/923e7ffbe26adb9165929e2f142654a274e7796b/bondobodyfiller_specialtypaint_3m.png?raw=true,Image already existed,,,,,,,,,,
simple,3M Paint Project Full Face Respirator,74,3M-000000074,,"3M Paint Project Full Face Respirator offers full-face coverage and reusable protection for projects involving fumes, vapours and airborne particles. Check the current manufacturer label or technical data sheet before use. Confirm the exact item and package before ordering. Follow the current manufacturer instructions for the intended job.",Previously Described,Painting Tools & Accessories > Clothing & Safety,"full face respirator, fume protection, reusable",3M,3MC01,https://github.com/GZToronto/steeles/blob/923e7ffbe26adb9165929e2f142654a274e7796b/paintprojectfullfacerespirator_paintergearsafety_3m.png?raw=true,Image already existed,,,,,,,,,,
simple,Timbermate Water-Based Wood Filler,75,TM-000000075,,"Timbermate Water-Based Wood Filler helps fill cracks, holes and grain imperfections in wood so surfaces can be sanded smooth and finished with a cleaner final result. Check the current manufacturer label or technical data sheet before use. Confirm the exact item and package before ordering. Follow the current manufacturer instructions for the intended job.",Previously Described,Painting Tools & Accessories > Paint Prep & Repairs,"filler, repair, surface prep",Timbermate,DOVER,https://github.com/GZToronto/steeles/blob/923e7ffbe26adb9165929e2f142654a274e7796b/timbermatewaterbasedwoodfiller_specialtypaint_timbermate.png?raw=true,Image already existed,,,,,,,,,,
simple,PC Super Epoxy,76,PC-000000076,,"PC Super Epoxy provides strong two-part bonding, filling, and repair performance across a wide range of household, shop, and jobsite materials. The final appearance and service performance depend on the substrate, preparation, film build and complete coating system. Prepare both surfaces and follow the label for mixing where required, open or working time, assembly, clamping and cure.",Previously Described,Painting Tools & Accessories > Paint Prep & Repairs,"epoxy, repair, adhesive",PC Products,DOVER,https://github.com/GZToronto/steeles/blob/923e7ffbe26adb9165929e2f142654a274e7796b/pcsuperepoxy_specialtypaint_pcproducts.png?raw=true,Image already existed,,,,,,,,,,
simple,Kampel SeamFil ,77,KA-000000077,,"Kampel SeamFil is a professional seam repair compound available in a range of colours to help fill, conceal, and repair open seams, tears, and minor imperfections on vinyl wallcoverings and laminate surfaces for a smooth, durable finish. Review the listed format and current manufacturer instructions to confirm compatibility, safe use, cleaning and storage for the intended job.",Previously Described,Painting Tools & Accessories > Paint Prep & Repairs,"filler, repair, surface prep",Kampel,,https://github.com/GZToronto/steeles/blob/923e7ffbe26adb9165929e2f142654a274e7796b/seamfillaminaterepairfiller_specialtypaint_kampel.png?raw=true,Image already existed,,,,,,,,,,
simple,DFP Sable Hair Brushes,78,DF-000000078,,"DFP Sable Hair Brushes are ideal for graining, spot touch-ups, fine detailing, and French polishing, featuring premium red sable bristles that deliver exceptional precision, smooth stain application, and professional-quality finishes. Choose the listed size for the surface and coating, then clean or dispose of the applicator according to current product guidance.",Previously Described,Painting Tools & Accessories > Tools,"detail brush, fine finish, touch-up",DFP,DOVER,https://github.com/GZToronto/steeles/blob/923e7ffbe26adb9165929e2f142654a274e7796b/artistsabledetailbrushesset_painttoolsaccessories_doverfinishing.png?raw=true,Image already existed,,,,,,,,,,
simple,Dumond Smart Strip PRO Paint Remover,79,DU-000000079,,"Dumond Smart Strip PRO Paint Remover helps remove built-up paint, varnish, and coatings from surfaces, providing a cleaner base for refinishing and restoration projects. Check the current manufacturer label or technical data sheet before use. Confirm the exact item and package before ordering. Follow the current manufacturer instructions for the intended job.",Previously Described,Painting Tools & Accessories > Cleaners & Removers,"paint remover, stripping, surface prep",Dumond,MUM01,https://github.com/GZToronto/steeles/blob/923e7ffbe26adb9165929e2f142654a274e7796b/smartstrippropaintremover5gallon_specialtypaint_dumond.png?raw=true,Image already existed,,,,,,,,,,
simple,Dumond Peel Away 1 Heavy-Duty Paint Remover,80,DU-000000080,,"Dumond Peel Away 1 Heavy-Duty Paint Remover helps remove built-up paint, varnish, and coatings from surfaces, providing a cleaner base for refinishing and restoration projects. Check the current manufacturer label or technical data sheet before use. Confirm the exact item and package before ordering.",Previously Described,Painting Tools & Accessories > Cleaners & Removers,"paint remover, stripping, surface prep",Dumond,MUM01,https://github.com/GZToronto/steeles/blob/923e7ffbe26adb9165929e2f142654a274e7796b/peelaway1heavydutypaintremover5gallon_specialtypaint_dumond.png?raw=true,Image already existed,,,,,,,,,,
simple,Dumond Smart Strip Advanced Paint Remover,81,DU-000000081,,"Dumond Smart Strip Advanced Paint Remover helps remove built-up paint, varnish, and coatings from surfaces, providing a cleaner base for refinishing and restoration projects. Check the current manufacturer label or technical data sheet before use. Confirm the exact item and package before ordering. Follow the current manufacturer instructions for the intended job.",Previously Described,Painting Tools & Accessories > Cleaners & Removers,"paint remover, stripping, surface prep",Dumond,MUM01,https://github.com/GZToronto/steeles/blob/923e7ffbe26adb9165929e2f142654a274e7796b/smartstripadvancedpaintremover5gallon_specialtypaint_dumond.png?raw=true,Image already existed,,,,,,,,,,
simple,PC Concrete Epoxy Adhesive,82,PC-000000082,,"PC Concrete Epoxy Adhesive provides strong two-part bonding and repair performance for concrete, masonry, anchoring, and crack repair projects. The final appearance and service performance depend on the substrate, preparation, film build and complete coating system. Prepare both surfaces and follow the label for mixing where required, open or working time, assembly, clamping and cure.",Previously Described,Painting Tools & Accessories > Paint Prep & Repairs,"epoxy, repair, adhesive",PC Products,DOVER,https://github.com/GZToronto/steeles/blob/5db316d4abb4c0b3275d9f3399fda51a29d7dd08/pcconcreteepoxyadhesive_commercialpaint_pcproducts.png?raw=true,Image already existed,,,,,,,,,,
simple,H.F. Staples Ladder Mitts,83,HFS-000000083,,"H.F. Staples Ladder Mitts help protect walls, siding and trim from ladder marks, dents and scratches while you work. Selection should be based on the specific task, material, working conditions and compatible products in the complete system. Review the listed format and current manufacturer instructions to confirm compatibility, safe use, cleaning and storage for the intended job.",Previously Described,Painting Tools & Accessories > Tools,"ladder protection, non-marking, jobsite safety",H.F. Staples,LES01,https://github.com/GZToronto/steeles/blob/923e7ffbe26adb9165929e2f142654a274e7796b/laddermitts_paintergearsafety_hfstaples.png?raw=true,Image already existed,,,,,,,,,,
simple,Premier HD Touch-Up Marker,84,PR-000000084,,"Premier HD Touch-Up Marker helps repair chips, scratches and small surface imperfections so finished wood, laminate or coated surfaces look cleaner and more complete. Check the current manufacturer label or technical data sheet before use. Confirm the exact item and package before ordering. Follow the current manufacturer instructions for the intended job.",Previously Described,Lacquer and Millwork Coatings > Dover,"touch-up marker, repair, wood finishing",Premier,DOVER,https://github.com/GZToronto/steeles/blob/923e7ffbe26adb9165929e2f142654a274e7796b/premierhdtouchupmarker_specialtypaint_premier.png?raw=true,Image already existed,,,,,,,,,,
simple,GoodFilla Wood & Grain Filler,85,GF-000000085,,"GoodFilla Wood & Grain Filler helps fill cracks, holes and grain imperfections in wood so surfaces can be sanded smooth and finished with a cleaner final result. Check the current manufacturer label or technical data sheet before use. Confirm the exact item and package before ordering. Follow the current manufacturer instructions for the intended job.",Previously Described,Painting Tools & Accessories > Paint Prep & Repairs,"filler, repair, surface prep",GoodFilla,DOVER,https://github.com/GZToronto/steeles/blob/923e7ffbe26adb9165929e2f142654a274e7796b/goodfillawoodgrainfiller_specialtypaint_goodfilla.png?raw=true,Image already existed,,,,,,,,,,
simple,DFP Factory Touch-Up Marker,86,DFP-000000086,,"DFP Factory Touch-Up Marker helps repair chips, scratches and small surface imperfections so finished wood, laminate or coated surfaces look cleaner and more complete. Check the current manufacturer label or technical data sheet before use. Confirm the exact item and package before ordering. Follow the current manufacturer instructions for the intended job.",Previously Described,Lacquer and Millwork Coatings > Dover,"touch-up marker, repair, wood finishing",DFP,DOVER,https://github.com/GZToronto/steeles/blob/923e7ffbe26adb9165929e2f142654a274e7796b/factorytouchupmarker_specialtypaint_dfp.png?raw=true,Image already existed,,,,,,,,,,
simple,DFP Quick Cure Wood Epoxy,87,DFP-000000087,,"DFP Quick Cure Wood Epoxy rebuilds, fills and repairs damaged wood so worn or rotted areas can be restored before sanding, priming or finishing. The final appearance and service performance depend on the substrate, preparation, film build and complete coating system. Prepare both surfaces and follow the label for mixing where required, open or working time, assembly, clamping and cure.",Previously Described,Painting Tools & Accessories > Paint Prep & Repairs,"epoxy, repair, adhesive",DFP,DOVER,https://github.com/GZToronto/steeles/blob/923e7ffbe26adb9165929e2f142654a274e7796b/quickcurewoodepoxy_specialtypaint_dfp.png?raw=true,Image already existed,,,,,,,,,,
simple,DFP Fill Stick Repair Stick,88,DFP-000000088,,"DFP Fill Stick Repair Stick helps repair chips, scratches and small surface imperfections so finished wood, laminate or coated surfaces look cleaner and more complete. Check the current manufacturer label or technical data sheet before use. Confirm the exact item and package before ordering. Follow the current manufacturer instructions for the intended job.",Previously Described,Lacquer and Millwork Coatings > Dover,"painting tool, accessory, application",DFP,DOVER,https://github.com/GZToronto/steeles/blob/923e7ffbe26adb9165929e2f142654a274e7796b/fillstickrepairstick_painttoolsaccessories_dfp.png?raw=true,Image already existed,,,,,,,,,,
simple,Innovatco Caulking Applicator,89,IN-000000089,,"Innovatco Caulking Applicator Tool helps shape, smooth and finish caulking or sealant joints for cleaner lines and a more professional-looking result. Check the current manufacturer label or technical data sheet before use. Confirm the exact item and package before ordering. Follow the current manufacturer instructions for the intended job.",Previously Described,Painting Tools & Accessories > Tools,"caulking tool, finishing, application",Innovatco,MUM01,https://github.com/GZToronto/steeles/blob/e29be3b77edf6e333c7ca83baad50b6386bacae7/caulkingapplicatortool_painttoolsaccessories_innovatco.png?raw=true,Image already existed,,,,,,,,,,
simple,PC Woody Wood Repair Epoxy,90,PC-000000090,,"PC Woody Wood Repair Epoxy rebuilds, fills, and repairs damaged wood so worn or rotted areas can be restored before sanding, priming, or finishing. The final appearance and service performance depend on the substrate, preparation, film build and complete coating system. Prepare both surfaces and follow the label for mixing where required, open or working time, assembly, clamping and cure.",Previously Described,Painting Tools & Accessories > Paint Prep & Repairs,"epoxy, repair, adhesive",PC Products,DOVER,https://github.com/GZToronto/steeles/blob/923e7ffbe26adb9165929e2f142654a274e7796b/pcwoodywoodrepairepoxy_specialtypaint_pcproducts.png?raw=true,Image already existed,,,,,,,,,,
simple,PC 7 Epoxy Paste,91,PC-000000091,,"PC 7 Epoxy Paste provides strong two-part bonding, filling, and repair performance across a wide range of household, shop, and jobsite materials. The final appearance and service performance depend on the substrate, preparation, film build and complete coating system. Prepare both surfaces and follow the label for mixing where required, open or working time, assembly, clamping and cure.",Previously Described,Painting Tools & Accessories > Paint Prep & Repairs,"epoxy, repair, adhesive",PC Products,DOVER,https://github.com/GZToronto/steeles/blob/923e7ffbe26adb9165929e2f142654a274e7796b/pc7epoxypaste_specialtypaint_pcproducts.png?raw=true,Image already existed,,,,,,,,,,
simple,Gotham Mineral Spirits,92,GO-000000092,,"Gotham Mineral Spirits is formulated for thinning oil-based coatings, cleaning brushes and tools, and preparing surfaces for painting and finishing projects. Check the current manufacturer label or technical data sheet before use. Confirm the exact item and package before ordering. Follow the current manufacturer instructions for the intended job.",Previously Described,Lacquer and Millwork Coatings > Goudey,"solvent, thinner, cleanup",Gotham,GOTHAM,https://github.com/GZToronto/steeles/blob/923e7ffbe26adb9165929e2f142654a274e7796b/mineralspirits189l_specialtypaint_gotham.png?raw=true,Image already existed,,,,,,,,,,
simple,Gotham Lacquer Thinner,93,GO-000000093,,"Gotham Lacquer Thinner is formulated for thinning lacquer-based coatings, cleaning spray equipment and tools, and preparing surfaces for professional finishing applications. Colour and sheen can vary with wood species, porosity and preparation, so a representative test area is recommended. Test first, then follow the label for dilution, dwell time, rinsing, ventilation and protective equipment.",Previously Described,Lacquer and Millwork Coatings > Goudey,"lacquer thinner, solvent, cleanup",Gotham,GOTHAM,https://github.com/GZToronto/steeles/blob/923e7ffbe26adb9165929e2f142654a274e7796b/lacquerthinner189l_lacquers_gotham.png.png?raw=true,Image already existed,,,,,,,,,,
simple,Gotham Acetone,94,GO-000000094,,"Gotham Acetone is a fast-evaporating solvent ideal for cleaning tools, removing residues, and preparing surfaces before painting, coating, or refinishing. Selection should be based on the specific task, material, working conditions and compatible products in the complete system. Test first, then follow the label for dilution, dwell time, rinsing, ventilation and protective equipment.",Previously Described,Lacquer and Millwork Coatings > Goudey,"solvent, thinner, cleanup",Gotham,GOTHAM,https://github.com/GZToronto/steeles/blob/923e7ffbe26adb9165929e2f142654a274e7796b/acetone378l_specialtypaint_gotham.png?raw=true,Image already existed,,,,,,,,,,
simple,Gotham Eco-Solv Paint Thinner,95,GO-000000095,,"Gotham Eco-Solv Paint Thinner is formulated to thin oil-based paints and coatings while effectively cleaning brushes, rollers, and other painting tools. The final appearance and service performance depend on the substrate, preparation, film build and complete coating system. Test first, then follow the label for dilution, dwell time, rinsing, ventilation and protective equipment.",Previously Described,Lacquer and Millwork Coatings > Goudey,"stain, wood finish, wood projects",Gotham,GOTHAM,https://github.com/GZToronto/steeles/blob/923e7ffbe26adb9165929e2f142654a274e7796b/ecosolvpaintthinner378l_stains_gotham.png?raw=true,Image already existed,,,,,,,,,,
simple,Gotham Methyl Hydrate,96,GO-000000096,,"Gotham Methyl Hydrate is ideal for cleaning surfaces, thinning select products, and removing grease, dirt, and residue before painting or finishing. Check the current manufacturer label or technical data sheet before use. Confirm the exact item and package before ordering. Follow the current manufacturer instructions for the intended job.",Previously Described,Lacquer and Millwork Coatings > Goudey,"shellac, wood finish, clear coat",Gotham,GOTHAM,https://github.com/GZToronto/steeles/blob/923e7ffbe26adb9165929e2f142654a274e7796b/methylhydrate378l_lacquers_gotham.png?raw=true,Image already existed,,,,,,,,,,
simple,Goudey 700 Methyl Hydrate Blend,97,GY-000000097,,"Goudey 700 Methyl Hydrate Blend is ideal for cleaning surfaces, thinning select products, and removing grease, dirt, and residue before painting or finishing. Check the current manufacturer label or technical data sheet before use. Confirm the exact item and package before ordering. Follow the current manufacturer instructions for the intended job.",Previously Described,Lacquer and Millwork Coatings > Goudey,"solvent, thinner, cleanup",Goudey,GOE01,https://github.com/GZToronto/steeles/blob/923e7ffbe26adb9165929e2f142654a274e7796b/700methylhydrateblend378l_specialtypaint_goudey.png?raw=true,Image already existed,,,,,,,,,,
simple,Goudey 706 Toluene,98,GY-000000098,,"Goudey 706 Toluene is a powerful solvent for thinning compatible coatings, cleaning tools, and supporting professional finishing applications. Selection should be based on the specific task, material, working conditions and compatible products in the complete system. Confirm preparation, compatibility, application, coverage and recoat requirements in the current label or technical data sheet.",Previously Described,Lacquer and Millwork Coatings > Goudey,"solvent, thinner, cleanup",Goudey,GOE01,https://github.com/GZToronto/steeles/blob/d23e0edff16e4e2c93b6e06f6f74b392f9fd4337/706toluene378l_specialtypaint_goudey.png?raw=true,Image already existed,,,,,,,,,,
simple,Goudey 718 VM&P Naphtha,99,GY-000000099,,"Goudey 718 VM&P Naphtha is a fast-drying solvent designed for thinning compatible coatings, cleaning tools, and preparing surfaces before finishing. Check the current manufacturer label or technical data sheet before use. Confirm the exact item and package before ordering. Follow the current manufacturer instructions for the intended job.",Previously Described,Lacquer and Millwork Coatings > Goudey,"solvent, thinner, cleanup",Goudey,GOE01,https://github.com/GZToronto/steeles/blob/923e7ffbe26adb9165929e2f142654a274e7796b/718vmpnaphtha378l_specialtypaint_goudey.png?raw=true,Image already existed,,,,,,,,,,
simple,Goudey 732 Mineral Spirits,100,GY-000000100,,"Goudey 732 Mineral Spirits is formulated for thinning oil-based coatings, cleaning brushes and tools, and preparing surfaces for painting and finishing projects. Check the current manufacturer label or technical data sheet before use. Confirm the exact item and package before ordering. Follow the current manufacturer instructions for the intended job.",Previously Described,Lacquer and Millwork Coatings > Goudey,"solvent, thinner, cleanup",Goudey,GOE01,https://github.com/GZToronto/steeles/blob/923e7ffbe26adb9165929e2f142654a274e7796b/732mineralspirits378l_specialtypaint_goudey.png?raw=true,Image already existed,,,,,,,,,,
simple,Goudey 734 Blush Retarder,101,GY-000000101,,"Goudey 734 Blush Retarder helps reduce blushing in lacquer finishes by slowing evaporation, promoting a smoother, more consistent finish. Selection should be based on the specific task, material, working conditions and compatible products in the complete system. Confirm preparation, compatibility, application, coverage and recoat requirements in the current label or technical data sheet.",Previously Described,Lacquer and Millwork Coatings > Goudey,"blush retarder, lacquer additive, spray finishing",Goudey,GOE01,https://github.com/GZToronto/steeles/blob/923e7ffbe26adb9165929e2f142654a274e7796b/734blushretarder378l_lacquers_goudey.png?raw=true,Image already existed,,,,,,,,,,
simple,Goudey 754 Wiping Stain Reducer,102,GY-000000102,,"Goudey 754 Wiping Stain Reducer is designed to thin solvent-based wiping stains for improved flow, workability, and colour control. Colour and sheen can vary with wood species, porosity and preparation, so a representative test area is recommended. Confirm preparation, compatibility, application, coverage and recoat requirements in the current label or technical data sheet.",Previously Described,Lacquer and Millwork Coatings > Goudey,"wiping stain, wood stain, interior wood",Goudey,GOE01,https://github.com/GZToronto/steeles/blob/923e7ffbe26adb9165929e2f142654a274e7796b/754wipingstainreducer378l_stains_goudey.png?raw=true,Image already existed,,,,,,,,,,
simple,Goudey 770 Paint & Varnish Remover,103,GY-000000103,,"Goudey 770 Paint & Varnish Remover helps remove paint, varnish, and other coatings, making surface preparation faster and easier for refinishing projects. Its role is to leave the surface ready for the next repair or coating step without assuming compatibility with every material. Test first, then follow the label for dilution, dwell time, rinsing, ventilation and protective equipment.",Previously Described,Painting Tools & Accessories > Cleaners & Removers,"paint remover, stripping, surface prep",Goudey,GOE01,https://github.com/GZToronto/steeles/blob/923e7ffbe26adb9165929e2f142654a274e7796b/770paintvarnishremover378l_specialtypaint_goudey.png?raw=true,Image already existed,,,,,,,,,,
simple,Goudey 788 Lacquer Reducer,104,GY-000000104,,"Goudey 788 Lacquer Reducer is formulated to thin lacquer coatings for improved spray performance, flow, and finish quality. Colour and sheen can vary with wood species, porosity and preparation, so a representative test area is recommended. Confirm preparation, compatibility, application, coverage and recoat requirements in the current label or technical data sheet.",Previously Described,Lacquer and Millwork Coatings > Goudey,"lacquer thinner, solvent, cleanup",Goudey,GOE01,https://github.com/GZToronto/steeles/blob/923e7ffbe26adb9165929e2f142654a274e7796b/788lacquerreducer378l_lacquers_goudey.png?raw=true,Image already existed,,,,,,,,,,
simple,Goudey High Performance Wood Bleach Kit,105,GY-000000105,,Goudey High Performance Wood Bleach Kit helps lighten wood and reduce unwanted natural colour so stained or finished surfaces can be prepared for a more consistent look. Check the current manufacturer label or technical data sheet before use. Confirm the exact item and package before ordering. Follow the current manufacturer instructions for the intended job.,Previously Described,Lacquer and Millwork Coatings > Goudey,"wood bleach, wood prep, stain projects",Goudey,GOE01,https://github.com/GZToronto/steeles/blob/923e7ffbe26adb9165929e2f142654a274e7796b/highperformancewoodbleach125l_stains_goudey.png?raw=true,Image already existed,,,,,,,,,,
simple,Goudey 888 High Solids White Undercoat,106,GY-000000106,,"Goudey 888 High Solids White Undercoat builds a smooth, uniform base that helps improve coverage and finish quality before applying lacquer or other topcoats. Check the current manufacturer label or technical data sheet before use. Confirm the exact item and package before ordering. Follow the current manufacturer instructions for the intended job.",Previously Described,Lacquer and Millwork Coatings > Goudey,"undercoat, wood primer, solvent-based",Goudey,GOE01,https://github.com/GZToronto/steeles/blob/923e7ffbe26adb9165929e2f142654a274e7796b/888highsolidswhiteundercoat378l_primer_goudey.png?raw=true,Image already existed,,,,,,,,,,
simple,Goudey Pcultra Pre-Catalyzed Lacquer,107,GY-000000107,,"Goudey Pcultra Pre-Catalyzed Lacquer delivers a smooth, durable lacquer finish for woodwork, cabinetry, and professional finishing applications. Colour and sheen can vary with wood species, porosity and preparation, so a representative test area is recommended. Confirm preparation, compatibility, application, coverage and recoat requirements in the current label or technical data sheet.",Previously Described,Lacquer and Millwork Coatings > Goudey,"pre-cat lacquer, wood finish, professional",Goudey,GOE01,https://github.com/GZToronto/steeles/blob/923e7ffbe26adb9165929e2f142654a274e7796b/pcultraprecatalyzedlacquer378l_lacquers_goudey.png?raw=true,Image already existed,,,,,,,,,,
simple,Goudey 0113 Stain Glaze Base Wood Conditioner,108,GY-000000108,,"Goudey 0113 Stain Glaze Base Wood Conditioner helps prepare wood for staining by improving absorption and reducing blotchiness for a more even finish. Colour and sheen can vary with wood species, porosity and preparation, so a representative test area is recommended. Confirm preparation, compatibility, application, coverage and recoat requirements in the current label or technical data sheet.",Previously Described,Lacquer and Millwork Coatings > Goudey,"wood conditioner, pre-stain prep, wood finishing",Goudey,GOE01,https://github.com/GZToronto/steeles/blob/d25c40b3be100407d4e054b2c78cfce7d214c550/0113stainglazebasewoodconditioner378l_stains_goudey.png?raw=true,Image already existed,,,,,,,,,,
simple,Goudey Solvent-Based Wiping Stain,109,GY-000000109,,"Goudey Solvent-Based Wiping Stain helps add rich colour to wood while enhancing the grain, making it easier to achieve a smooth, even stained finish. Colour and sheen can vary with wood species, porosity and preparation, so a representative test area is recommended. Confirm preparation, compatibility, application, coverage and recoat requirements in the current label or technical data sheet.",Previously Described,Lacquer and Millwork Coatings > Goudey,"wiping stain, wood stain, interior wood",Goudey,GOE01,https://github.com/GZToronto/steeles/blob/923e7ffbe26adb9165929e2f142654a274e7796b/solventbasedwipingstain378l_stains_goudey.png?raw=true,Image already existed,,,,,,,,,,
simple,Goudey Shellac,110,GY-000000110,,"Goudey Shellac works as a fast-drying wood finish and sealer, helping create a warm, protective base for fine finishing projects. Selection should be based on the specific task, material, working conditions and compatible products in the complete system. Confirm preparation, compatibility, application, coverage and recoat requirements in the current label or technical data sheet.",Previously Described,Lacquer and Millwork Coatings > Goudey,"shellac, wood finish, clear coat",Goudey,GOE01,https://github.com/GZToronto/steeles/blob/923e7ffbe26adb9165929e2f142654a274e7796b/shellac4l_lacquers_goudey.png?raw=true,Image already existed,,,,,,,,,,
simple,Goudey Water-Based Wiping Stain,111,GY-000000111,,"Goudey Water-Based Wiping Stain helps add rich colour to wood while enhancing the grain, making it easier to achieve a smooth, even stained finish. Colour and sheen can vary with wood species, porosity and preparation, so a representative test area is recommended. Confirm preparation, compatibility, application, coverage and recoat requirements in the current label or technical data sheet.",Previously Described,Lacquer and Millwork Coatings > Goudey,"water-based stain, wood stain, low odor",Goudey,GOE01,https://github.com/GZToronto/steeles/blob/923e7ffbe26adb9165929e2f142654a274e7796b/waterbasedwipingstain378l_stains_goudey.png?raw=true,Image already existed,,,,,,,,,,
simple,Messmer's Deck & Siding ,112,ME-000000112,,"Messmer's Deck & Siding durable alkyd oil finish protects and enhances exterior wood on decks, siding, fences, and other outdoor surfaces while enriching the wood's natural beauty with a durable, weather-resistant finish. Confirm preparation, compatibility, application, coverage and recoat requirements in the current label or technical data sheet.",Previously Described,Paints > Exterior,"deck stain, exterior wood, oil finish",Messmer's,YHD01,https://github.com/GZToronto/steeles/blob/923e7ffbe26adb9165929e2f142654a274e7796b/decksidingdurablealkydoilfinish378l_stains_messmers.png?raw=true,Image already existed,,,,,,,,,,
simple,"Nour WoodCare 4.7"" Deck Staining Brush",113,NO-000000113,,"Nour WoodCare Deck Staining Brush 4.7"" (120mm) helps apply stain smoothly across deck boards and exterior wood surfaces, giving you better coverage and control on larger outdoor projects. Choose the listed size for the surface and coating, then clean or dispose of the applicator according to current product guidance.",Previously Described,Painting Tools & Accessories > Tools,"paint brush, application, professional",Nour,NOUR,https://github.com/GZToronto/steeles/blob/923e7ffbe26adb9165929e2f142654a274e7796b/woodcaredeckstainingbrush47120mm_painttoolsaccessories_nour.png?raw=true,Image already existed,,,,,,,,,,
simple,Nour Banff Angular Brush with Black Bristle 63mm,114,NO-000000114,,"Nour Banff Angular Brush with Black Bristle 63mm helps deliver smooth, controlled paint application for trim, touch-ups and everyday finishing work. It is intended to give the applicator practical control over loading, placement and finish on the matching surface area. Choose the listed size for the surface and coating, then clean or dispose of the applicator according to current product guidance.",Previously Described,Painting Tools & Accessories > Tools,"paint brush, application, professional",Nour,NOUR,https://github.com/GZToronto/steeles/blob/923e7ffbe26adb9165929e2f142654a274e7796b/banffblendedbristlebrush21263mm_painttoolsaccessories_nour.png?raw=true,Image already existed,,,,,,,,,,
simple,"AllPro Silver Series Polyester Brush 1 1/2"" (37mm)",115,AP-000000115,,"AllPro Silver Series Polyester Brush 1 1/2"" (37mm) helps deliver smooth, controlled paint application for trim, touch-ups and everyday finishing work. Check the current manufacturer label or technical data sheet before use. Confirm the exact item and package before ordering. Follow the current manufacturer instructions for the intended job.",Previously Described,Painting Tools & Accessories > Tools,"paint brush, application, professional",AllPro,NOUR,https://github.com/GZToronto/steeles/blob/923e7ffbe26adb9165929e2f142654a274e7796b/allprosilverseriespolyesterbrush11237mm_painttoolsaccessories_allpro.png?raw=true,Image already existed,,,,,,,,,,
simple,"AllPro Silver Series Polyester Brush 2"" (50mm)",116,AP-000000116,,"AllPro Silver Series Polyester Brush 2"" (50mm) helps deliver smooth, controlled paint application for trim, touch-ups and everyday finishing work. It is intended to give the applicator practical control over loading, placement and finish on the matching surface area. Choose the listed size for the surface and coating, then clean or dispose of the applicator according to current product guidance.",Previously Described,Painting Tools & Accessories > Tools,"paint brush, application, professional",AllPro,NOUR,https://github.com/GZToronto/steeles/blob/923e7ffbe26adb9165929e2f142654a274e7796b/allprosilverseriespolyesterbrush250mm_painttoolsaccessories_allpro.png?raw=true,Image already existed,,,,,,,,,,
simple,"AllPro Silver Series Polyester Brush 3"" (75mm)",117,AP-000000117,,"AllPro Silver Series Polyester Brush 3"" (75mm) helps deliver smooth, controlled paint application for trim, touch-ups and everyday finishing work. It is intended to give the applicator practical control over loading, placement and finish on the matching surface area. Choose the listed size for the surface and coating, then clean or dispose of the applicator according to current product guidance.",Previously Described,Painting Tools & Accessories > Tools,"paint brush, application, professional",AllPro,NOUR,https://github.com/GZToronto/steeles/blob/923e7ffbe26adb9165929e2f142654a274e7796b/allprosilverseriespolyesterbrush375mm_painttoolsaccessories_allpro.png?raw=true,Image already existed,,,,,,,,,,
simple,"AllPro Silver Series Oval Brush 2 1/2"" (63mm)",118,AP-000000118,,"AllPro Silver Series Oval Brush 2 1/2"" (63mm) holds more paint for smooth, efficient coverage while still giving you control on trim, detail work and smaller surfaces. Check the current manufacturer label or technical data sheet before use. Confirm the exact item and package before ordering. Follow the current manufacturer instructions for the intended job.",Previously Described,Painting Tools & Accessories > Tools,"paint brush, application, professional",AllPro,NOUR,https://github.com/GZToronto/steeles/blob/923e7ffbe26adb9165929e2f142654a274e7796b/allprosilverseriesovalbrush21263mm_painttoolsaccessories_allpro.png?raw=true,Image already existed,,,,,,,,,,
simple,"AllPro Silver Series Oval Brush 3"" (75mm)",119,AP-000000119,,"AllPro Silver Series Oval Brush 3"" (75mm) holds more paint for smooth, efficient coverage while still giving you control on trim, detail work and smaller surfaces. Check the current manufacturer label or technical data sheet before use. Confirm the exact item and package before ordering. Follow the current manufacturer instructions for the intended job.",Previously Described,Painting Tools & Accessories > Tools,"paint brush, application, professional",AllPro,NOUR,https://github.com/GZToronto/steeles/blob/923e7ffbe26adb9165929e2f142654a274e7796b/allprosilverseriesovalbrush375mm_painttoolsaccessories_allpro.png?raw=true,Image already existed,,,,,,,,,,
simple,"Aqua Glide Angular Brush 2 1/2"" (63mm)",120,NO-000000120,,"Nour Aqua Glide Angular Brush 2 1/2"" (63mm) gives you controlled cutting, edging and trim work with bristles designed for smooth paint flow and a clean finish. Check the current manufacturer label or technical data sheet before use. Confirm the exact item and package before ordering. Follow the current manufacturer instructions for the intended job.",Previously Described,Painting Tools & Accessories > Tools,"paint brush, application, professional",Nour,NOUR,https://github.com/GZToronto/steeles/blob/5045808f18ac655776516598d2b39a71b43dc533/aquaglideangularbrush21263mm_painttoolsaccessories_nour.png?raw=True ,Image already existed,,,,,,,,,,
simple,"Nour Heritage Angular Brush 2 1/2"" (63mm)",121,NO-000000121,,"Nour Heritage Angular Brush 2 1/2"" (63mm) gives you controlled cutting, edging and trim work with bristles designed for smooth paint flow and a clean finish. Check the current manufacturer label or technical data sheet before use. Confirm the exact item and package before ordering. Follow the current manufacturer instructions for the intended job.",Previously Described,Painting Tools & Accessories > Tools,"paint brush, application, professional",Nour,NOUR,https://github.com/GZToronto/steeles/blob/923e7ffbe26adb9165929e2f142654a274e7796b/heritageangularbrush21263mm_painttoolsaccessories_nour.png?raw=true,Image already existed,,,,,,,,,,
simple,"Nour Smooth Finish Angular Brush 2 1/2"" (63mm)",122,NO-000000122,,"Nour Smooth Finish Angular Brush 2 1/2"" (63mm) gives you controlled cutting, edging and trim work with bristles designed for smooth paint flow and a clean finish. Check the current manufacturer label or technical data sheet before use. Confirm the exact item and package before ordering. Follow the current manufacturer instructions for the intended job.",Previously Described,Painting Tools & Accessories > Tools,"paint brush, application, professional",Nour,NOUR,https://github.com/GZToronto/steeles/blob/923e7ffbe26adb9165929e2f142654a274e7796b/smoothfinishangularbrush21263mm_painttoolsaccessories_nour.png?raw=true,Image already existed,,,,,,,,,,
simple,"Nour Heritage Angular Brush 3"" (75mm)",123,NO-000000123,,"Nour Heritage Angular Brush 3"" (75mm) gives you controlled cutting, edging and trim work with bristles designed for smooth paint flow and a clean finish. Check the current manufacturer label or technical data sheet before use. Confirm the exact item and package before ordering. Follow the current manufacturer instructions for the intended job.",Previously Described,Painting Tools & Accessories > Tools,"paint brush, application, professional",Nour,NOUR,https://github.com/GZToronto/steeles/blob/923e7ffbe26adb9165929e2f142654a274e7796b/heritageangularbrush375mm_painttoolsaccessories_nour.png?raw=true,Image already existed,,,,,,,,,,
simple,"Nour Perfect Finish Angular Brush 2"" (50mm)",124,NO-000000124,,"Nour Perfect Finish Angular Brush 2"" (50mm) gives you controlled cutting, edging and trim work with bristles designed for smooth paint flow and a clean finish. Check the current manufacturer label or technical data sheet before use. Confirm the exact item and package before ordering. Follow the current manufacturer instructions for the intended job.",Previously Described,Painting Tools & Accessories > Tools,"paint brush, application, professional",Nour,NOUR,https://github.com/GZToronto/steeles/blob/923e7ffbe26adb9165929e2f142654a274e7796b/perfectfinishangularbrush250mm_painttoolsaccessories_nour.png?raw=true,Image already existed,,,,,,,,,,
simple,"Nour Perfect Finish Angular Brush 2 1/2"" (63mm)",125,NO-000000125,,"Nour Perfect Finish Angular Brush 2 1/2"" (63mm) gives you controlled cutting, edging and trim work with bristles designed for smooth paint flow and a clean finish. Check the current manufacturer label or technical data sheet before use. Confirm the exact item and package before ordering. Follow the current manufacturer instructions for the intended job.",Previously Described,Painting Tools & Accessories > Tools,"paint brush, application, professional",Nour,NOUR,https://github.com/GZToronto/steeles/blob/923e7ffbe26adb9165929e2f142654a274e7796b/perfectfinishangularbrush21263mm_painttoolsaccessories_nour.png?raw=true,Image already existed,,,,,,,,,,
simple,"All Pro Master Flex Nylon/Polyester Brush 2 1/2"" (63mm)",126,AP-000000126,,"AllPro Master Flex Nylon/Polyester Brush 2 1/2"" (63mm) helps deliver smooth, controlled paint application for trim, touch-ups and everyday finishing work. Check the current manufacturer label or technical data sheet before use. Confirm the exact item and package before ordering. Follow the current manufacturer instructions for the intended job.",Previously Described,Painting Tools & Accessories > Tools,"paint brush, application, professional",AllPro,NOUR,https://github.com/GZToronto/steeles/blob/923e7ffbe26adb9165929e2f142654a274e7796b/masterflexnylonpolyesterbrush21263mm_painttoolsaccessories_allpro.png?raw=true,Image already existed,,,,,,,,,,
simple,"AllPro Microfiber Roller Refills 4.5"" (2 Pack)",127,AP-000000127,,"AllPro Microfiber Roller Refills 4"" (2 Pack) helps load and release paint evenly on smooth to semi-smooth surfaces, supporting faster coverage and a smoother finished look. Choose the listed size for the surface and coating, then clean or dispose of the applicator according to current product guidance.",Previously Described,Painting Tools & Accessories > Tools,"roller cover, paint application, refill",AllPro,NOUR,https://github.com/GZToronto/steeles/blob/923e7ffbe26adb9165929e2f142654a274e7796b/allpromicrofiberrollerrefills42_painttoolsaccessories_allpro.png?raw=true,Image already existed,,,,,,,,,,
simple,"AllPro Microfiber Roller Refills 4.5"" (10 Pack)",128,AP-000000128,,"AllPro Microfiber Roller Refills 4"" (10 Pack) helps load and release paint evenly on smooth to semi-smooth surfaces, supporting faster coverage and a smoother finished look. Choose the listed size for the surface and coating, then clean or dispose of the applicator according to current product guidance.",Previously Described,Painting Tools & Accessories > Tools,"roller cover, paint application, refill",AllPro,NOUR,https://github.com/GZToronto/steeles/blob/923e7ffbe26adb9165929e2f142654a274e7796b/allpromicrofiberrollerrefills410_painttoolsaccessories_allpro.png?raw=true,Image already existed,,,,,,,,,,
simple,"AllPro Microfiber Roller Refills 4"" (2 Pack)",129,AP-000000129,,"AllPro Microfiber Roller Refills 4"" (2 Pack Alt) helps load and release paint evenly on smooth to semi-smooth surfaces, supporting faster coverage and a smoother finished look. Choose the listed size for the surface and coating, then clean or dispose of the applicator according to current product guidance.",Previously Described,Painting Tools & Accessories > Tools,"roller cover, paint application, refill",AllPro,NOUR,https://github.com/GZToronto/steeles/blob/923e7ffbe26adb9165929e2f142654a274e7796b/allpromicrofiberrollerrefills42alt_painttoolsaccessories_allpro.png?raw=true,Image already existed,,,,,,,,,,
simple,"AllPro Microfiber Roller Refills 4"" (10 Pack)",130,AP-000000130,,"AllPro Microfiber Roller Refills 4"" (10 Pack Alt) helps load and release paint evenly on smooth to semi-smooth surfaces, supporting faster coverage and a smoother finished look. Choose the listed size for the surface and coating, then clean or dispose of the applicator according to current product guidance.",Previously Described,Painting Tools & Accessories > Tools,"roller cover, paint application, refill",AllPro,NOUR,https://github.com/GZToronto/steeles/blob/923e7ffbe26adb9165929e2f142654a274e7796b/allpromicrofiberrollerrefills410alt_painttoolsaccessories_allpro.png?raw=true,Image already existed,,,,,,,,,,
simple,"Nour Top-Pro Professional Roller Cover 9"" 15mm Nap",131,NO-000000131,,"Nour Top-Pro Professional Roller Cover 9"" 15mm Nap helps load and release paint evenly on rougher surfaces, supporting faster coverage and a smoother finished look. Check the current manufacturer label or technical data sheet before use. Confirm the exact item and package before ordering. Follow the current manufacturer instructions for the intended job.",Previously Described,Painting Tools & Accessories > Tools,"roller cover, paint application, refill",Nour,NOUR,https://github.com/GZToronto/steeles/blob/923e7ffbe26adb9165929e2f142654a274e7796b/topproprofessionalrollercover915mmnap_painttoolsaccessories_nour.png?raw=true,Image already existed,,,,,,,,,,
simple,"Nour Tradition Microfiber Roller Refills 9"" 10mm (3 Pack)",132,NO-000000132,,"Nour Tradition Microfiber Roller Refills 9"" 10mm (3 Pack) helps load and release paint evenly on smooth to semi-smooth surfaces, supporting faster coverage and a smoother finished look. Choose the listed size for the surface and coating, then clean or dispose of the applicator according to current product guidance.",Previously Described,Painting Tools & Accessories > Tools,"roller cover, paint application, refill",Nour,NOUR,https://github.com/GZToronto/steeles/blob/923e7ffbe26adb9165929e2f142654a274e7796b/traditionmicrofiberrollerrefills910mm3_painttoolsaccessories_nour.png?raw=true,Image already existed,,,,,,,,,,
simple,"Nour Tradition Microfiber Roller Refills 9"" 10mm (10 Pack)",133,NO-000000133,,"Nour Tradition Microfiber Roller Refills 9"" 10mm (10 Pack) helps load and release paint evenly on smooth to semi-smooth surfaces, supporting faster coverage and a smoother finished look. Choose the listed size for the surface and coating, then clean or dispose of the applicator according to current product guidance.",Previously Described,Painting Tools & Accessories > Tools,"roller cover, paint application, refill",Nour,NOUR,https://github.com/GZToronto/steeles/blob/923e7ffbe26adb9165929e2f142654a274e7796b/traditionmicrofiberrollerrefills910mm10_painttoolsaccessories_nour.png?raw=true,Image already existed,,,,,,,,,,
simple,"Nour Tradition Microfiber Roller Refills 9"" 15mm (3 Pack)",134,NO-000000134,,"Nour Tradition Microfiber Roller Refills 9"" 15mm (3 Pack) helps load and release paint evenly on rougher surfaces, supporting faster coverage and a smoother finished look. Choose the listed size for the surface and coating, then clean or dispose of the applicator according to current product guidance.",Previously Described,Painting Tools & Accessories > Tools,"roller cover, paint application, refill",Nour,NOUR,https://github.com/GZToronto/steeles/blob/923e7ffbe26adb9165929e2f142654a274e7796b/traditionmicrofiberrollerrefills915mm3_painttoolsaccessories_nour.png?raw=true,Image already existed,,,,,,,,,,
simple,AllPro Loop Roller Refill ,135,AP-000000135,,"AllPro Loop Roller Refill helps apply textured coatings evenly, creating a consistent textured finish on walls and ceilings while holding larger amounts of material for efficient coverage. Choose the listed size for the surface and coating, then clean or dispose of the applicator according to current product guidance.",Previously Described,Painting Tools & Accessories > Tools,"roller cover, paint application, refill",AllPro,NOUR,https://github.com/GZToronto/steeles/blob/923e7ffbe26adb9165929e2f142654a274e7796b/allpromicrofiberrollercover918mmnap_painttoolsaccessories_allpro.png?raw=true,Image already existed,,,,,,,,,,
simple,"Nour 18"" Pro Frame  ",137,NO-000000137,,"Nour 18"" Pro Frame provides a durable, professional-grade roller frame designed for use with 18"" roller covers, helping you cover large surfaces faster with smooth, consistent results. Choose the listed size for the surface and coating, then clean or dispose of the applicator according to current product guidance.",Previously Described,Painting Tools & Accessories > Tools,"roller cover, paint application, refill",Nour,NOUR,https://github.com/GZToronto/steeles/blob/923e7ffbe26adb9165929e2f142654a274e7796b/prorollercover918mmnapyellowcore_painttoolsaccessories_nour.png?raw=true,Image already existed,,,,,,,,,,
simple,AllPro EZ Lock Roller Frame,138,AP-000000138,,"AllPro EZ Lock Roller Frame gives you a sturdy, comfortable frame for smooth rolling and secure roller cover changes during painting projects. It is intended to give the applicator practical control over loading, placement and finish on the matching surface area. Choose the listed size for the surface and coating, then clean or dispose of the applicator according to current product guidance.",Previously Described,Painting Tools & Accessories > Tools,"roller frame, paint application, tool",AllPro,NOUR,https://github.com/GZToronto/steeles/blob/a0ee4b89426614311c02b89454746b5e9ab43262/allproezlockrollerframe_painttoolsaccessories_allpro.png?raw=true,Image already existed,,,,,,,,,,
simple,Nour Aluminum Clamp Squeegee,139,NO-000000139,,"Nour Aluminum Clamp Squeegee helps spread coatings, sealers, and epoxy evenly across floors, featuring a durable aluminum clamp frame for easy blade changes and extension pole compatibility. Review the listed format and current manufacturer instructions to confirm compatibility, safe use, cleaning and storage for the intended job.",Previously Described,Painting Tools & Accessories > Tools,"squeegee, floor coating, application",Nour,NOUR,https://github.com/GZToronto/steeles/blob/bcee98d3ee0c4d1063972b342bc252f0487c85e7/heavydutyfloorsqueegee_painttoolsaccessories_allpro.png?raw=true,Image already existed,,,,,,,,,,
simple,Nour Spiked Roller ,140,NO-000000140,,"Nour Spiked Roller helps remove trapped air bubbles and improve coating leveling in epoxy and floor coating applications. Made from solvent-resistant nylon, it features attached end caps and is designed for use with the Nour Pro Frame. Available in 9.5"" and 18"" sizes. Choose the listed size for the surface and coating, then clean or dispose of the applicator according to current product guidance.",Previously Described,Painting Tools & Accessories > Tools,"roller frame, paint application, tool",Nour,NOUR,https://github.com/GZToronto/steeles/blob/d56cade3e37e96ae641e1807b067ff961a4bf637/spikedrollerhead_painttoolsaccessories_allpro.png?raw=true,Image already existed,,,,,,,,,,
simple,"Nour 18"" Coating Squeegee with Straight Blade",141,NO-000000141,,"Nour 18"" Coating Squeegee with Straight Blade helps spread coatings, sealers, and epoxy evenly across floors, delivering consistent coverage and a smooth finish on large surface areas. Match it to the surface, work progressively, and use suitable eye, hand and respiratory protection for the material being removed.",Previously Described,Painting Tools & Accessories > Tools,"squeegee, floor coating, application",Nour,NOUR,https://github.com/GZToronto/steeles/blob/ed3d8960aeafbf8a62921807295b80a3d7da9ed3/24inchclampsqueegee_painttoolsaccessories_nour.png?raw=true,Image already existed,,,,,,,,,,
simple,Nour EPDM Rubber Blades,142,NO-000000142,,"Nour EPDM Rubber Blades provide durable, solvent-resistant replacement blades for coating squeegees, helping ensure smooth, even application of epoxy, sealers, and floor coatings. Match it to the surface, work progressively, and use suitable eye, hand and respiratory protection for the material being removed.",Previously Described,Painting Tools & Accessories > Tools,"squeegee, floor coating, application",Nour,NOUR,https://github.com/GZToronto/steeles/blob/24d2c22cf690e2065f53cfee675d9e92d0f0d29b/notchedfloorsqueegee_painttoolsaccessories_allpro.png?raw=true,Image already existed,,,,,,,,,,
simple,Nour Spiked Gunite Shoes,143,AP-000000143,,"Nour Spiked Gunite Shoes allow you to walk on freshly applied epoxy and floor coatings with minimal surface disturbance, helping maintain a smooth, even finish during application. Review the listed format and current manufacturer instructions to confirm compatibility, safe use, cleaning and storage for the intended job.",Previously Described,Painting Tools & Accessories > Clothing & Safety,"spiked shoes, epoxy flooring, self-leveling",AllPro,NOUR,https://github.com/GZToronto/steeles/blob/4a762cc7dcca9f73c042d2d113bf53506d79532c/spikedshoes_paintergearsafety_allpro.png?raw=true,Image already existed,,,,,,,,,,
simple,"Nour 9.5"" Spiked Roller",144,NO-000000144,,"Nour 9.5"" Spiked Roller helps remove trapped air bubbles and improve coating leveling in epoxy and floor coating applications, supporting a smoother, more professional finish. Choose the listed size for the surface and coating, then clean or dispose of the applicator according to current product guidance.",Previously Described,Painting Tools & Accessories > Tools,"roller frame, paint application, tool",Nour,NOUR,https://github.com/GZToronto/steeles/blob/1fcfa8d608b92209207b2d58b5c11feccdca8069/spikedrollerframe_painttoolsaccessories_nour.png?raw=true,Image already existed,,,,,,,,,,
simple,Nour Plastic Widebody Pro Tray,145,AP-000000145,,"Nour Plastic Widebody Pro Tray is a heavy-duty 4 L paint tray made from durable recycled polypropylene, designed to hold more paint for fewer refills and provide stable, efficient rolling on larger painting projects. Choose the listed size for the surface and coating, then clean or dispose of the applicator according to current product guidance.",Previously Described,Painting Tools & Accessories > Tools,"paint tray, paint application, tool",AllPro,NOUR,https://github.com/GZToronto/steeles/blob/5045808f18ac655776516598d2b39a71b43dc533/plasticwidebodyprotray_painttoolsaccessories_nour.png?raw=true,Image already existed,,,,,,,,,,
simple,Nour Deck Staining Brush 4.7 Inch,146,NO-000000146,,"Nour Deck Staining Brush 4.7 Inch helps apply stain smoothly across deck boards and exterior wood surfaces, giving you better coverage and control on larger outdoor projects. Choose the listed size for the surface and coating, then clean or dispose of the applicator according to current product guidance.",Previously Described,Painting Tools & Accessories > Tools,"paint brush, application, professional",Nour,NOUR,https://github.com/GZToronto/steeles/blob/41b802ae7dfa0406954e27ca58696e56461c2967/deckstainingbrush47inch_painttoolsaccessories_nour.png?raw=true,Image already existed,,,,,,,,,,
simple,Old Masters Wiping Stain Golden Oak,147,OM-000000147,,"Old Masters Wiping Stain Golden Oak helps add rich colour to wood while enhancing the grain, making it easier to achieve a smooth, even stained finish. Colour and sheen can vary with wood species, porosity and preparation, so a representative test area is recommended. Confirm preparation, compatibility, application, coverage and recoat requirements in the current label or technical data sheet.",Previously Described,Paints > Stains & Varnishes,"wiping stain, wood stain, interior wood",Old Masters,OLD,https://github.com/GZToronto/steeles/blob/923e7ffbe26adb9165929e2f142654a274e7796b/wipingstaingoldenoak378l_stains_oldmasters.png?raw=true,Image already existed,,,,,,,,,,
simple,Old Masters Wood Graining Tool,148,OM-000000148,,"Old Masters Wood Graining Tool helps create realistic wood grain effects on painted or finished surfaces for decorative painting, faux finishing, and restoration projects. Review the listed format and current manufacturer instructions to confirm compatibility, safe use, cleaning and storage for the intended job.",Previously Described,Painting Tools & Accessories > Tools,"wood graining, decorative tool, faux finish",Old Masters,OLD,https://github.com/GZToronto/steeles/blob/923e7ffbe26adb9165929e2f142654a274e7796b/woodgrainingtool_painttoolsaccessories_oldmasters.png?raw=true,Image already existed,,,,,,,,,,
simple,Old Masters Wood Conditioner,149,OM-000000149,,Old Masters Wood Conditioner helps prepare soft or porous wood for staining by promoting even absorption and reducing blotchiness for a more consistent finish. Check the current manufacturer label or technical data sheet before use. Confirm the exact item and package before ordering. Follow the current manufacturer instructions for the intended job.,Previously Described,Paints > Stains & Varnishes,"wood conditioner, pre-stain prep, wood finishing",Old Masters,OLD,https://github.com/GZToronto/steeles/blob/923e7ffbe26adb9165929e2f142654a274e7796b/woodconditioner946ml_stains_oldmasters.png?raw=true,Image already existed,,,,,,,,,,
simple,Old Masters Masters Armor Interior/Exterior Finish,150,OM-000000150,,"Old Masters Masters Armor Interior/Exterior Finish provides a durable, clear protective coating that helps preserve the beauty of interior and exterior wood surfaces while resisting everyday wear. Confirm preparation, compatibility, application, coverage and recoat requirements in the current label or technical data sheet.",Previously Described,Paints > Stains & Varnishes,"clear finish, interior exterior, wood protection",Old Masters,OLD,https://github.com/GZToronto/steeles/blob/923e7ffbe26adb9165929e2f142654a274e7796b/mastersarmorinteriorexteriorfinish378l_stains_oldmasters.png?raw=true,Image already existed,,,,,,,,,,
simple,Old Masters Water-Based Wood Stain Natural,151,OM-000000151,,"Old Masters Water-Based Wood Stain Natural helps enhance the natural beauty of wood with rich colour, fast drying performance, and a smooth, even finish. Colour and sheen can vary with wood species, porosity and preparation, so a representative test area is recommended. Confirm preparation, compatibility, application, coverage and recoat requirements in the current label or technical data sheet.",Previously Described,Paints > Stains & Varnishes,"water-based stain, wood stain, low odor",Old Masters,OLD,https://github.com/GZToronto/steeles/blob/923e7ffbe26adb9165929e2f142654a274e7796b/waterbasedwoodstainnatural378l_stains_oldmasters.png?raw=true,Image already existed,,,,,,,,,,
simple,Old Masters Gel Stain Natural,152,OM-000000152,,"Old Masters Gel Stain Natural delivers rich colour with controlled application, making it ideal for vertical surfaces and achieving an even, professional-looking wood finish. Confirm preparation, compatibility, application, coverage and recoat requirements in the current label or technical data sheet.",Previously Described,Paints > Stains & Varnishes,"gel stain, wood stain, interior wood",Old Masters,OLD,https://github.com/GZToronto/steeles/blob/923e7ffbe26adb9165929e2f142654a274e7796b/gelstainnatural946ml_stains_oldmasters.png?raw=true,Image already existed,,,,,,,,,,
simple,Wooster Pelican Hand-Held Paint Pail,153,WO-000000153,,"Wooster Pelican Hand-Held Paint Pail keeps paint close at hand for brush and mini-roller work, making cutting in, touch-ups and small projects easier to manage. Review the listed format and current manufacturer instructions to confirm compatibility, safe use, cleaning and storage for the intended job.",Previously Described,Painting Tools & Accessories > Tools,"paint brush, application, professional",Wooster,WOOSTER,https://github.com/GZToronto/steeles/blob/923e7ffbe26adb9165929e2f142654a274e7796b/pelicanhandheldpaintpail_painttoolsaccessories_wooster.png?raw=true,Image already existed,,,,,,,,,,
simple,Wooster Pelican Liner (3 Pack),154,WO-000000154,,"Wooster Pelican Liner 3-Pack make cleanup faster by fitting Wooster Pelican pails, helping keep your pail ready for the next coat or colour. Check the current manufacturer label or technical data sheet before use. Confirm the exact item and package before ordering. Follow the current manufacturer instructions for the intended job.",Previously Described,Painting Tools & Accessories > Tools,"paint pail, hand-held, tool",Wooster,WOOSTER,https://github.com/GZToronto/steeles/blob/923e7ffbe26adb9165929e2f142654a274e7796b/pelicanliner3_painttoolsaccessories_wooster.png?raw=true,Image already existed,,,,,,,,,,
simple,Wooster Sherlock Mini Pro Jumbo-Koter Roller Frame,155,WO-000000155,,"Wooster Sherlock Mini Pro Jumbo-Koter Roller Frame features a comfortable 12-inch handle and a durable frame that provides smooth, controlled paint application on trim, doors, cabinets, and other detailed surfaces. Choose the listed size for the surface and coating, then clean or dispose of the applicator according to current product guidance.",Previously Described,Painting Tools & Accessories > Tools,"roller frame, paint application, tool",Wooster,MUM01,https://github.com/GZToronto/steeles/blob/923e7ffbe26adb9165929e2f142654a274e7796b/sherlockminiprorollerframe_painttoolsaccessories_wooster.png?raw=true,Image already existed,,,,,,,,,,
simple,Wooster Sherlock Extension Pole 2–4 ft,156,WO-000000156,,"Wooster Sherlock Extension Pole 2–4 ft extends your reach for walls, ceilings and higher surfaces while maintaining a secure connection to compatible Wooster tools. Check the current manufacturer label or technical data sheet before use. Confirm the exact item and package before ordering. Follow the current manufacturer instructions for the intended job.",Previously Described,Painting Tools & Accessories > Tools,"extension pole, painting tool, reach",Wooster,WOOSTER,https://github.com/GZToronto/steeles/blob/923e7ffbe26adb9165929e2f142654a274e7796b/sherlockextensionpole24ft_painttoolsaccessories_wooster.png?raw=true,Image already existed,,,,,,,,,,
simple,Wooster Sherlock Extension Pole 1–2 ft,157,WO-000000157,,"Wooster Sherlock Extension Pole 1–2 ft extends your reach for walls, ceilings and higher surfaces while maintaining a secure connection to compatible Wooster tools. Check the current manufacturer label or technical data sheet before use. Confirm the exact item and package before ordering. Follow the current manufacturer instructions for the intended job.",Previously Described,Painting Tools & Accessories > Tools,"extension pole, painting tool, reach",Wooster,WOOSTER,https://github.com/GZToronto/steeles/blob/923e7ffbe26adb9165929e2f142654a274e7796b/sherlockextensionpole12ft_painttoolsaccessories_wooster.png?raw=true,Image already existed,,,,,,,,,,
simple,"Wooster Sherlock 14"" Roller Frame",158,WO-000000158,,"Wooster Sherlock 14"" Roller Frame provides a durable, lightweight frame with a secure roller connection for smooth, even paint application on large walls, ceilings, and other expansive surfaces. Choose the listed size for the surface and coating, then clean or dispose of the applicator according to current product guidance.",Previously Described,Painting Tools & Accessories > Tools,"roller frame, paint application, tool",Wooster,WOOSTER,https://github.com/GZToronto/steeles/blob/923e7ffbe26adb9165929e2f142654a274e7796b/sherlockrollerframe_painttoolsaccessories_wooster.png?raw=true,Image already existed,,,,,,,,,,
simple,Wooster Sherlock Maintenance Kit,159,WO-000000159,,Wooster Sherlock Maintenance Kit includes replacement parts to help keep compatible Wooster Sherlock poles working smoothly over time. Check the current manufacturer label or technical data sheet before use. Confirm the exact item and package before ordering. Follow the current manufacturer instructions for the intended job.,Previously Described,Painting Tools & Accessories > Tools,"painting tool, accessory, application",Wooster,WOOSTER,https://github.com/GZToronto/steeles/blob/923e7ffbe26adb9165929e2f142654a274e7796b/sherlockmaintenance_painttoolsaccessories_wooster.png?raw=true,Image already existed,,,,,,,,,,
simple,"Wooster Sherlock 14"" Bucket-Tray",160,WO-000000160,,"Wooster Sherlock 14"" Bucket-Tray combines the convenience of a paint tray with the capacity of a bucket, featuring a built-in roll-off grid and sturdy side handles for efficient paint loading and easy carrying. Choose the listed size for the surface and coating, then clean or dispose of the applicator according to current product guidance.",Previously Described,Painting Tools & Accessories > Tools,"paint tray, paint application, tool",Wooster,WOOSTER,https://github.com/GZToronto/steeles/blob/5045808f18ac655776516598d2b39a71b43dc533/14inchbuckettrayalt3_painttoolsaccessories_wooster.png,Image already existed,,,,,,,,,,
simple,"Wooster Big Ben 18"" Roller Tray",164,WO-000000164,,"Wooster Big Ben 18"" Roller Tray features an extra-large roll-off area designed for 18-inch roller frames, providing efficient paint loading and smooth application on large painting projects. Choose the listed size for the surface and coating, then clean or dispose of the applicator according to current product guidance.",Previously Described,Painting Tools & Accessories > Tools,"paint tray, paint application, tool",Wooster,WOOSTER,https://github.com/GZToronto/steeles/blob/923e7ffbe26adb9165929e2f142654a274e7796b/bigbenpainttray_painttoolsaccessories_wooster.png?raw=true,Image already existed,,,,,,,,,,
simple,Wooster Sherlock Bucket-Tray Liner,165,WO-000000165,,"Wooster Sherlock Bucket-Tray Liner provides a solvent-resistant, disposable liner that fits Sherlock Bucket-Trays, making paint cleanup faster while helping keep trays clean during painting projects. Choose the listed size for the surface and coating, then clean or dispose of the applicator according to current product guidance.",Previously Described,Painting Tools & Accessories > Tools,"paint tray, paint application, tool",Wooster,WOOSTER,https://github.com/GZToronto/steeles/blob/3958d81ea1ca44ef6a1930ff5a35f47cb47cd963/14inchbuckettray_painttoolsaccessories_wooster.png?raw=true,Image already existed,,,,,,,,,,
simple,Zinsser Odorless Oil-Based Stain Blocker Spray,166,ZI-000000166,,"Zinsser Odorless Oil-Based Stain Blocker Spray helps seal surfaces, block stains and improve topcoat adhesion so paint finishes look smoother and last longer. Check the current manufacturer label or technical data sheet before use. Confirm the exact item and package before ordering. Follow the current manufacturer instructions for the intended job.",Previously Described,Paints > Aerosols,"primer, spray, sealer",Zinsser,FLE01-S,https://github.com/GZToronto/steeles/blob/923e7ffbe26adb9165929e2f142654a274e7796b/zinsserodorlessoilbasedstainblockerspray_primer_zinsser.png?raw=true,Image already existed,,,,,,,,,,
simple,Zinsser Cover Stain Oil-Based Primer-Sealer,167,ZI-000000167,,"Zinsser Cover Stain Oil-Based Primer-Sealer blocks stains and seals interior or exterior surfaces, helping improve adhesion and coverage before the finish coat. Check the current manufacturer label or technical data sheet before use. Confirm the exact item and package before ordering. Follow the current manufacturer instructions for the intended job.",Previously Described,Paints > Primers,"primer, oil-based, stain blocking",Zinsser,FLE01-S,https://github.com/GZToronto/steeles/blob/923e7ffbe26adb9165929e2f142654a274e7796b/zinssercoverstainoilbasedprimersealer_primer_zinsser.png?raw=true,Image already existed,,,,,,,,,,
simple,Zinsser Cover Stain Spray Primer,168,ZI-000000168,,"Zinsser Cover Stain Spray Primer blocks stains and seals interior or exterior surfaces, helping improve adhesion and coverage before the finish coat. Check the current manufacturer label or technical data sheet before use. Confirm the exact item and package before ordering. Follow the current manufacturer instructions for the intended job.",Previously Described,Paints > Aerosols,"primer, spray, sealer",Zinsser,FLE01-S,https://github.com/GZToronto/steeles/blob/923e7ffbe26adb9165929e2f142654a274e7796b/zinssercoverstainsprayprimer_primer_zinsser.png?raw=true,Image already existed,,,,,,,,,,
simple,Zinsser B-I-N Shellac-Based Primer,169,ZI-000000169,,"Zinsser B-I-N Shellac-Based Primer works as a fast-drying wood finish and sealer, helping create a warm, protective base for fine finishing projects. Check the current manufacturer label or technical data sheet before use. Confirm the exact item and package before ordering. Follow the current manufacturer instructions for the intended job.",Previously Described,Paints > Primers,"primer, shellac, stain blocking",Zinsser,FLE01-S,https://github.com/GZToronto/steeles/blob/923e7ffbe26adb9165929e2f142654a274e7796b/zinsserbinshellacbasedprimer_primer_zinsser.png?raw=true,Image already existed,,,,,,,,,,
simple,Zinsser B-I-N Shellac Spray Primer,170,ZI-000000170,,"Zinsser B-I-N Shellac Spray Primer works as a fast-drying wood finish and sealer, helping create a warm, protective base for fine finishing projects. Check the current manufacturer label or technical data sheet before use. Confirm the exact item and package before ordering. Follow the current manufacturer instructions for the intended job.",Previously Described,Paints > Aerosols,"primer, spray, sealer",Zinsser,FLE01-S,https://github.com/GZToronto/steeles/blob/923e7ffbe26adb9165929e2f142654a274e7796b/zinsserbinshellacsprayprimer_primer_zinsser.png?raw=true,Image already existed,,,,,,,,,,
simple,Zinsser Bulls Eye 1-2-3 Water-Based Primer,171,ZI-000000171,,"Zinsser Bulls Eye 1-2-3 Water-Based Primer helps seal surfaces, block stains and improve topcoat adhesion so paint finishes look smoother and last longer. Check the current manufacturer label or technical data sheet before use. Confirm the exact item and package before ordering. Follow the current manufacturer instructions for the intended job.",Previously Described,Paints > Primers,"primer, water-based, multi-surface",Zinsser,FLE01-S,https://github.com/GZToronto/steeles/blob/923e7ffbe26adb9165929e2f142654a274e7796b/zinsserbullseye123waterbasedprimer_primer_zinsser.png?raw=true,Image already existed,,,,,,,,,,
simple,Tremclad Rust Paint Gloss Grey Spray,172,TR-000000172,,"Tremclad Rust Paint Gloss Grey Spray protects metal from rust while adding a durable finish, making it a strong choice for railings, tools, equipment and exterior metal surfaces. Confirm preparation, compatibility, application, coverage and recoat requirements in the current label or technical data sheet.",Previously Described,Paints > Aerosols,"rust paint, metal protection, oil-based",Tremclad,FLE01-S,https://github.com/GZToronto/steeles/blob/923e7ffbe26adb9165929e2f142654a274e7796b/tremcladrustpaintglossgreyspray_specialtypaint_tremclad.png?raw=true,Image already existed,,,,,,,,,,
simple,Tremclad High Heat Enamel Flat Black,173,TR-000000173,,"Tremclad High Heat Enamel Flat Black protects high-temperature metal surfaces with a durable flat finish suited for items like BBQs, stoves and heat-exposed equipment. Check the current manufacturer label or technical data sheet before use. Confirm the exact item and package before ordering. Follow the current manufacturer instructions for the intended job.",Previously Described,Paints > Specialty Paints,"high heat paint, metal protection, heat resistant",Tremclad,FLE01-S,https://github.com/GZToronto/steeles/blob/923e7ffbe26adb9165929e2f142654a274e7796b/tremcladhighheatenamelflatblack_specialtypaint_tremclad.png?raw=true,Image already existed,,,,,,,,,,
simple,Tremclad Rust Paint Gloss Yellow,174,TR-000000174,,"Tremclad Rust Paint Gloss Yellow protects metal from rust while adding a durable finish, making it a strong choice for railings, tools, equipment and exterior metal surfaces. Confirm preparation, compatibility, application, coverage and recoat requirements in the current label or technical data sheet.",Previously Described,Paints > Specialty Paints,"rust paint, metal protection, oil-based",Tremclad,FLE01-S,https://github.com/GZToronto/steeles/blob/923e7ffbe26adb9165929e2f142654a274e7796b/tremcladrustpaintglossyellow_specialtypaint_tremclad.png?raw=true,Image already existed,,,,,,,,,,
simple,Tremclad Rust Paint Semi-Gloss White,175,TR-000000175,,"Tremclad Rust Paint Semi-Gloss White protects metal from rust while adding a durable finish, making it a strong choice for railings, tools, equipment and exterior metal surfaces. Confirm preparation, compatibility, application, coverage and recoat requirements in the current label or technical data sheet.",Previously Described,Paints > Specialty Paints,"rust paint, metal protection, oil-based",Tremclad,FLE01-S,https://github.com/GZToronto/steeles/blob/923e7ffbe26adb9165929e2f142654a274e7796b/tremcladrustpaintsemiglosswhite_specialtypaint_tremclad.png?raw=true,Image already existed,,,,,,,,,,
simple,Tremclad Rust Paint Flat White,176,TR-000000176,,"Tremclad Rust Paint Flat White protects metal from rust while adding a durable finish, making it a strong choice for railings, tools, equipment and exterior metal surfaces. Confirm preparation, compatibility, application, coverage and recoat requirements in the current label or technical data sheet.",Previously Described,Paints > Specialty Paints,"rust paint, metal protection, oil-based",Tremclad,FLE01-S,https://github.com/GZToronto/steeles/blob/923e7ffbe26adb9165929e2f142654a274e7796b/tremcladrustpaintflatwhite_specialtypaint_tremclad.png?raw=true,Image already existed,,,,,,,,,,
simple,Tremclad Rust Paint Gloss Recreational White,177,TR-000000177,,"Tremclad Rust Paint Gloss Recreational White protects metal from rust while adding a durable finish, making it a strong choice for railings, tools, equipment and exterior metal surfaces. Confirm preparation, compatibility, application, coverage and recoat requirements in the current label or technical data sheet.",Previously Described,Paints > Specialty Paints,"rust paint, metal protection, oil-based",Tremclad,FLE01-S,https://github.com/GZToronto/steeles/blob/923e7ffbe26adb9165929e2f142654a274e7796b/tremcladrustpaintglossrecreationalwhite_specialtypaint_tremclad.png?raw=true,Image already existed,,,,,,,,,,
simple,Tremclad Rust Paint Gloss Real Orange,178,TR-000000178,,"Tremclad Rust Paint Gloss Real Orange protects metal from rust while adding a durable finish, making it a strong choice for railings, tools, equipment and exterior metal surfaces. Confirm preparation, compatibility, application, coverage and recoat requirements in the current label or technical data sheet.",Previously Described,Paints > Specialty Paints,"rust paint, metal protection, oil-based",Tremclad,FLE01-S,https://github.com/GZToronto/steeles/blob/923e7ffbe26adb9165929e2f142654a274e7796b/tremcladrustpaintglossrealorange_specialtypaint_tremclad.png?raw=true,Image already existed,,,,,,,,,,
simple,Tremclad Rust Paint Gloss Medium Blue,179,TR-000000179,,"Tremclad Rust Paint Gloss Medium Blue protects metal from rust while adding a durable finish, making it a strong choice for railings, tools, equipment and exterior metal surfaces. Confirm preparation, compatibility, application, coverage and recoat requirements in the current label or technical data sheet.",Previously Described,Paints > Specialty Paints,"rust paint, metal protection, oil-based",Tremclad,FLE01-S,https://github.com/GZToronto/steeles/blob/923e7ffbe26adb9165929e2f142654a274e7796b/tremcladrustpaintglossmediumblue_specialtypaint_tremclad.png?raw=true,Image already existed,,,,,,,,,,
simple,Tremclad Rust Paint Gloss John Deere Green,180,TR-000000180,,"Tremclad Rust Paint Gloss John Deere Green protects metal from rust while adding a durable finish, making it a strong choice for railings, tools, equipment and exterior metal surfaces. Confirm preparation, compatibility, application, coverage and recoat requirements in the current label or technical data sheet.",Previously Described,Paints > Specialty Paints,"rust paint, metal protection, oil-based",Tremclad,FLE01-S,https://github.com/GZToronto/steeles/blob/923e7ffbe26adb9165929e2f142654a274e7796b/tremcladrustpaintglossjohndeeregreen_specialtypaint_tremclad.png?raw=true,Image already existed,,,,,,,,,,
simple,Tremclad Rust Paint Gloss Grey,181,TR-000000181,,"Tremclad Rust Paint Gloss Grey protects metal from rust while adding a durable finish, making it a strong choice for railings, tools, equipment and exterior metal surfaces. Confirm preparation, compatibility, application, coverage and recoat requirements in the current label or technical data sheet.",Previously Described,Paints > Specialty Paints,"rust paint, metal protection, oil-based",Tremclad,FLE01-S,https://github.com/GZToronto/steeles/blob/923e7ffbe26adb9165929e2f142654a274e7796b/tremcladrustpaintglossgrey_specialtypaint_tremclad.png?raw=true,Image already existed,,,,,,,,,,
simple,Tremclad Rust Paint Gloss Fire Red,182,TR-000000182,,"Tremclad Rust Paint Gloss Fire Red protects metal from rust while adding a durable finish, making it a strong choice for railings, tools, equipment and exterior metal surfaces. Confirm preparation, compatibility, application, coverage and recoat requirements in the current label or technical data sheet.",Previously Described,Paints > Specialty Paints,"rust paint, metal protection, oil-based",Tremclad,FLE01-S,https://github.com/GZToronto/steeles/blob/923e7ffbe26adb9165929e2f142654a274e7796b/tremcladrustpaintglossfirered_specialtypaint_tremclad.png?raw=true,Image already existed,,,,,,,,,,
simple,Tremclad Rust Paint Gloss Dark Blue,183,TR-000000183,,"Tremclad Rust Paint Gloss Dark Blue protects metal from rust while adding a durable finish, making it a strong choice for railings, tools, equipment and exterior metal surfaces. Confirm preparation, compatibility, application, coverage and recoat requirements in the current label or technical data sheet.",Previously Described,Paints > Specialty Paints,"rust paint, metal protection, oil-based",Tremclad,FLE01-S,https://github.com/GZToronto/steeles/blob/923e7ffbe26adb9165929e2f142654a274e7796b/tremcladrustpaintglossdarkblue_specialtypaint_tremclad.png?raw=true,Image already existed,,,,,,,,,,
simple,Tremclad Rust Paint Gloss Brown,184,TR-000000184,,"Tremclad Rust Paint Gloss Brown protects metal from rust while adding a durable finish, making it a strong choice for railings, tools, equipment and exterior metal surfaces. Confirm preparation, compatibility, application, coverage and recoat requirements in the current label or technical data sheet.",Previously Described,Paints > Specialty Paints,"rust paint, metal protection, oil-based",Tremclad,FLE01-S,https://github.com/GZToronto/steeles/blob/923e7ffbe26adb9165929e2f142654a274e7796b/tremcladrustpaintglossbrown_specialtypaint_tremclad.png?raw=true,Image already existed,,,,,,,,,,
simple,Tremclad Rust Paint Semi-Gloss Black,185,TR-000000185,,"Tremclad Rust Paint Semi-Gloss Black protects metal from rust while adding a durable finish, making it a strong choice for railings, tools, equipment and exterior metal surfaces. Confirm preparation, compatibility, application, coverage and recoat requirements in the current label or technical data sheet.",Previously Described,Paints > Specialty Paints,"rust paint, metal protection, oil-based",Tremclad,FLE01-S,https://github.com/GZToronto/steeles/blob/923e7ffbe26adb9165929e2f142654a274e7796b/tremcladrustpaintsemiglossblack_specialtypaint_tremclad.png?raw=true,Image already existed,,,,,,,,,,
simple,Tremclad Rust Paint Gloss Black,186,TR-000000186,,"Tremclad Rust Paint Gloss Black protects metal from rust while adding a durable finish, making it a strong choice for railings, tools, equipment and exterior metal surfaces. Confirm preparation, compatibility, application, coverage and recoat requirements in the current label or technical data sheet.",Previously Described,Paints > Specialty Paints,"rust paint, metal protection, oil-based",Tremclad,FLE01-S,https://github.com/GZToronto/steeles/blob/923e7ffbe26adb9165929e2f142654a274e7796b/tremcladrustpaintglossblack_specialtypaint_tremclad.png?raw=true,Image already existed,,,,,,,,,,
simple,Tremclad Rust Paint Flat Black,187,TR-000000187,,"Tremclad Rust Paint Flat Black protects metal from rust while adding a durable finish, making it a strong choice for railings, tools, equipment and exterior metal surfaces. Confirm preparation, compatibility, application, coverage and recoat requirements in the current label or technical data sheet.",Previously Described,Paints > Specialty Paints,"rust paint, metal protection, oil-based",Tremclad,FLE01-S,https://github.com/GZToronto/steeles/blob/923e7ffbe26adb9165929e2f142654a274e7796b/tremcladrustpaintflatblack_specialtypaint_tremclad.png?raw=true,Image already existed,,,,,,,,,,
simple,Tremclad Rust Paint Gloss Aluminum,188,TR-000000188,,"Tremclad Rust Paint Gloss Aluminum protects metal from rust while adding a durable finish, making it a strong choice for railings, tools, equipment and exterior metal surfaces. Confirm preparation, compatibility, application, coverage and recoat requirements in the current label or technical data sheet.",Previously Described,Paints > Specialty Paints,"rust paint, metal protection, oil-based",Tremclad,FLE01-S,https://github.com/GZToronto/steeles/blob/923e7ffbe26adb9165929e2f142654a274e7796b/tremcladrustpaintglossaluminum_specialtypaint_tremclad.png?raw=true,Image already existed,,,,,,,,,,
simple,Tremclad Rust Preventative Coating Flat Grey (Gallon),189,TR-000000189,,"Tremclad Rust Preventative Coating Flat Grey (Gallon) protects metal from rust while adding a durable finish, making it a strong choice for railings, tools, equipment and exterior metal surfaces. Confirm preparation, compatibility, application, coverage and recoat requirements in the current label or technical data sheet.",Previously Described,Paints > Specialty Paints,"rust paint, metal protection, oil-based",Tremclad,FLE01-S,https://github.com/GZToronto/steeles/blob/923e7ffbe26adb9165929e2f142654a274e7796b/tremcladrustpreventativecoatingflatgreygallon_specialtypaint_tremclad.png?raw=true,Image already existed,,,,,,,,,,
simple,Tremclad Rust Preventative Coating Flat Red Oxide (Gallon),190,TR-000000190,,"Tremclad Rust Preventative Coating Flat Red Oxide (Gallon) protects metal from rust while adding a durable finish, making it a strong choice for railings, tools, equipment and exterior metal surfaces. Confirm preparation, compatibility, application, coverage and recoat requirements in the current label or technical data sheet.",Previously Described,Paints > Specialty Paints,"rust paint, metal protection, oil-based",Tremclad,FLE01-S,https://github.com/GZToronto/steeles/blob/923e7ffbe26adb9165929e2f142654a274e7796b/tremcladrustpreventativecoatingflatredoxidegallon_specialtypaint_tremclad.png?raw=true,Image already existed,,,,,,,,,,
simple,Zinsser Mould Stop Primer,191,ZI-000000191,,"Zinsser Mould Stop Primer helps prime surfaces while blocking mould and mildew growth, creating a better base for interior or exterior topcoats. Check the current manufacturer label or technical data sheet before use. Confirm the exact item and package before ordering. Follow the current manufacturer instructions for the intended job.",Previously Described,Paints > Primers,"primer, water-based, multi-surface",Zinsser,FLE01-S,https://github.com/GZToronto/steeles/blob/923e7ffbe26adb9165929e2f142654a274e7796b/zinssermouldstopprimer_primer_zinsser.png?raw=true,Image already existed,,,,,,,,,,
simple,Zinsser Bulls Eye 1-2-3 Spray Primer,192,ZI-000000192,,"Zinsser Bulls Eye 1-2-3 Spray Primer helps seal surfaces, block stains and improve topcoat adhesion so paint finishes look smoother and last longer. Check the current manufacturer label or technical data sheet before use. Confirm the exact item and package before ordering. Follow the current manufacturer instructions for the intended job.",Previously Described,Paints > Aerosols,"primer, spray, sealer",Zinsser,FLE01-S,https://github.com/GZToronto/steeles/blob/923e7ffbe26adb9165929e2f142654a274e7796b/zinsserbullseye123sprayprimer_primer_zinsser.png?raw=true,Image already existed,,,,,,,,,,
simple,Tremclad Rust Preventative Coating Flat Grey (946 mL),193,TR-000000193,,"Tremclad Rust Preventative Coating Flat Grey (946 mL) protects metal from rust while adding a durable finish, making it a strong choice for railings, tools, equipment and exterior metal surfaces. Confirm preparation, compatibility, application, coverage and recoat requirements in the current label or technical data sheet.",Previously Described,Paints > Specialty Paints,"rust paint, metal protection, oil-based",Tremclad,FLE01-S,https://github.com/GZToronto/steeles/blob/923e7ffbe26adb9165929e2f142654a274e7796b/tremcladrustpreventativecoatingflatgrey946ml_specialtypaint_tremclad.png?raw=true,Image already existed,,,,,,,,,,
simple,Tremclad Rust Preventative Coating Flat Red Oxide (946 mL),194,TR-000000194,,"Tremclad Rust Preventative Coating Flat Red Oxide (946 mL) protects metal from rust while adding a durable finish, making it a strong choice for railings, tools, equipment and exterior metal surfaces. Confirm preparation, compatibility, application, coverage and recoat requirements in the current label or technical data sheet.",Previously Described,Paints > Specialty Paints,"rust paint, metal protection, oil-based",Tremclad,FLE01-S,https://github.com/GZToronto/steeles/blob/923e7ffbe26adb9165929e2f142654a274e7796b/tremcladrustpreventativecoatingflatredoxide946ml_specialtypaint_tremclad.png?raw=true,Image already existed,,,,,,,,,,
simple,Zinsser Odorless Oil-Based Stain Blocker,195,ZI-000000195,,"Zinsser Odorless Oil-Based Stain Blocker helps seal surfaces, block stains and improve topcoat adhesion so paint finishes look smoother and last longer. Colour and sheen can vary with wood species, porosity and preparation, so a representative test area is recommended. Confirm preparation, compatibility, application, coverage and recoat requirements in the current label or technical data sheet.",Previously Described,Paints > Primers,"primer, oil-based, stain blocking",Zinsser,FLE01-S,https://github.com/GZToronto/steeles/blob/923e7ffbe26adb9165929e2f142654a274e7796b/zinsserodorlessoilbasedstainblocker_primer_zinsser.png?raw=true,Image already existed,,,,,,,,,,
simple,Zinsser Bulls Eye 1-2-3 Primer Grey,196,ZI-000000196,,"Zinsser Bulls Eye 1-2-3 Primer Grey helps seal surfaces, block stains and improve topcoat adhesion so paint finishes look smoother and last longer. Check the current manufacturer label or technical data sheet before use. Confirm the exact item and package before ordering. Follow the current manufacturer instructions for the intended job.",Previously Described,Paints > Primers,"primer, water-based, multi-surface",Zinsser,FLE01-S,https://github.com/GZToronto/steeles/blob/923e7ffbe26adb9165929e2f142654a274e7796b/zinsserbullseye123primergrey_primer_zinsser.png?raw=true,Image already existed,,,,,,,,,,
simple,Tremclad Rust Paint Flat Leather Brown,197,TR-000000197,,"Tremclad Rust Paint Flat Leather Brown protects metal from rust while adding a durable finish, making it a strong choice for railings, tools, equipment and exterior metal surfaces. Confirm preparation, compatibility, application, coverage and recoat requirements in the current label or technical data sheet.",Previously Described,Paints > Specialty Paints,"rust paint, metal protection, oil-based",Tremclad,FLE01-S,https://github.com/GZToronto/steeles/blob/923e7ffbe26adb9165929e2f142654a274e7796b/tremcladrustpaintflatleatherbrown_specialtypaint_tremclad.png?raw=true,Image already existed,,,,,,,,,,
simple,Tremclad Rust Paint Gloss Green,198,TR-000000198,,"Tremclad Rust Paint Gloss Green protects metal from rust while adding a durable finish, making it a strong choice for railings, tools, equipment and exterior metal surfaces. Confirm preparation, compatibility, application, coverage and recoat requirements in the current label or technical data sheet.",Previously Described,Paints > Specialty Paints,"rust paint, metal protection, oil-based",Tremclad,FLE01-S,https://github.com/GZToronto/steeles/blob/923e7ffbe26adb9165929e2f142654a274e7796b/tremcladrustpaintglossgreen_specialtypaint_tremclad.png?raw=true,Image already existed,,,,,,,,,,
simple,Tremclad Rust Paint Gloss White,199,TR-000000199,,"Tremclad Rust Paint Gloss White protects metal from rust while adding a durable finish, making it a strong choice for railings, tools, equipment and exterior metal surfaces. Confirm preparation, compatibility, application, coverage and recoat requirements in the current label or technical data sheet.",Previously Described,Paints > Specialty Paints,"rust paint, metal protection, oil-based",Tremclad,FLE01-S,https://github.com/GZToronto/steeles/blob/923e7ffbe26adb9165929e2f142654a274e7796b/tremcladrustpaintglosswhite_specialtypaint_tremclad.png?raw=true,Image already existed,,,,,,,,,,
simple,Blue Dolphin Axis APT Advanced Washi Painter's Tape 36mm (3 Pack),200,BD-000000201,,"Blue Dolphin Axis APT Advanced Washi Painter's Tape 36mm (3 Pack) is designed to provide professional-quality performance, durability, and reliable results for painting, finishing, surface preparation, or coating applications. Review the listed format and current manufacturer instructions to confirm compatibility, safe use, cleaning and storage for the intended job.",Previously Described,Painting Tools & Accessories > Tools,"painters tape, masking tape, washi tape, blue dolphin, axis apt",Blue Dolphin,PIN02-S,https://github.com/GZToronto/steeles/blob/66c78bb3ead6d6adf731f693f63131345e4d17a0/axisaptadvancedwashipainterstape36mm3pack_painttoolsaccessories_bluedolphin.png?raw=true,Image already existed,,,,,,,,,,
simple,Blue Dolphin Axis APT Advanced Washi Painter's Tape 48mm x 50m,201,BD-000000202,,"Blue Dolphin Axis APT Advanced Washi Painter's Tape 48mm x 50m is designed to provide professional-quality performance, durability, and reliable results for painting, finishing, surface preparation, or coating applications. Review the listed format and current manufacturer instructions to confirm compatibility, safe use, cleaning and storage for the intended job.",Previously Described,Painting Tools & Accessories > Tools,"painters tape, masking tape, washi tape, blue dolphin, axis apt",Blue Dolphin,PIN02-S,https://github.com/GZToronto/steeles/blob/13c1fb2b02f7e0f6d7a84e6f93d2c51a01c2b1fd/axisaptadvancedwashipainterstape48mmx50m_painttoolsaccessories_bluedolphin.png?raw=true,Image already existed,,,,,,,,,,
simple,Blue Dolphin Axis APT Advanced Washi Painter's Tape 36mm x 50m,202,BD-000000203,,"Blue Dolphin Axis APT Advanced Washi Painter's Tape 36mm x 50m is designed to provide professional-quality performance, durability, and reliable results for painting, finishing, surface preparation, or coating applications. Review the listed format and current manufacturer instructions to confirm compatibility, safe use, cleaning and storage for the intended job.",Previously Described,Painting Tools & Accessories > Tools,"painters tape, masking tape, washi tape, blue dolphin, axis apt",Blue Dolphin,PIN02-S,https://github.com/GZToronto/steeles/blob/7c15bf375ce4c51932f626ca86422a3d0f101702/axisaptadvancedwashipainterstape36mmx50m_painttoolsaccessories_bluedolphin.png?raw=true,Image already existed,,,,,,,,,,
simple,Blue Dolphin Axis APT Advanced Washi Painter's Tape 24mm x 50m,203,BD-000000204,,"Blue Dolphin Axis APT Advanced Washi Painter's Tape 24mm x 50m is designed to provide professional-quality performance, durability, and reliable results for painting, finishing, surface preparation, or coating applications. Review the listed format and current manufacturer instructions to confirm compatibility, safe use, cleaning and storage for the intended job.",Previously Described,Painting Tools & Accessories > Tools,"painters tape, masking tape, washi tape, blue dolphin, axis apt",Blue Dolphin,PIN02-S,https://github.com/GZToronto/steeles/blob/d9d1c4120e2daedc4f33648a0e6c159a30533108/axisaptadvancedwashipainterstape24mmx50m_painttoolsaccessories_bluedolphin.png?raw=true,Image already existed,,,,,,,,,,
simple,Everlok Extension Pole 3 ft to 6 ft,204,EV-000000205,,"Everlok Extension Pole 3 ft to 6 ft extends your reach for painting walls, ceilings, and hard-to-access areas, featuring a comfortable foam grip and a secure locking mechanism for reliable, twist-free performance. Choose the listed size for the surface and coating, then clean or dispose of the applicator according to current product guidance.",Previously Described,Painting Tools & Accessories > Tools,"extension pole, paint pole, everlok, roller pole",Everlok,PIN02-S,https://github.com/GZToronto/steeles/blob/c53be377226833916e8c3deae9fe05f76d24f2e3/everlokextensionpole3ftto6ft_painttoolsaccessories_everlok.png?raw=true,Image already existed,,,,,,,,,,
simple,Everlok Extension Pole 2 ft to 4 ft,205,EV-000000206,,"Everlok Extension Pole 2 ft to 4 ft extends your reach for painting walls, ceilings, and hard-to-access areas, featuring a comfortable foam grip and a secure locking mechanism for reliable, twist-free performance. Choose the listed size for the surface and coating, then clean or dispose of the applicator according to current product guidance.",Previously Described,Painting Tools & Accessories > Tools,"extension pole, paint pole, everlok, roller pole",Everlok,PIN02-S,https://github.com/GZToronto/steeles/blob/61cde1d3298058666879e4dd75d0a6607f9c2c34/everlokextensionpole2ftto4ft_painttoolsaccessories_everlok.png?raw=true,Image already existed,,,,,,,,,,
simple,Pintar Heavy Duty Pro 5-Wire 9.5 Roller Frame,206,PI-000000207,,"Pintar 4 Inch Roller Frame provides a sturdy, comfortable grip and secure roller support for smooth, controlled paint application on trim, doors, cabinets, and other smaller surfaces. Choose the listed size for the surface and coating, then clean or dispose of the applicator according to current product guidance.",Previously Described,Painting Tools & Accessories > Tools,"roller frame, mini roller frame, painting tools",Pintar,PIN02-S,https://github.com/GZToronto/steeles/blob/9d4165493fdb75315e8fdea671a71732183d555c/pintar4inchrollerframe_painttoolsaccessories_pintar.png?raw=true,Image already existed,,,,,,,,,,
simple,Everlok Extension Pole 1 ft to 2 ft,207,EV-000000208,,"Everlok Extension Pole 1 ft to 2 ft extends your reach for painting walls, ceilings, and hard-to-access areas, featuring a comfortable foam grip and a secure locking mechanism for reliable, twist-free performance. Choose the listed size for the surface and coating, then clean or dispose of the applicator according to current product guidance.",Previously Described,Painting Tools & Accessories > Tools,"extension pole, paint pole, everlok, roller pole",Everlok,PIN02-S,https://github.com/GZToronto/steeles/blob/bc0bb98e4b915eb75ee2f4be4f07b97dd18f1e7e/everlokextensionpole1ftto2ft_painttoolsaccessories_everlok.png?raw=true,Image already existed,,,,,,,,,,
simple,Everlok Extension Pole 4 ft to 8 ft,208,EV-000000209,,"Everlok Extension Pole 4 ft to 8 ft extends your reach for painting walls, ceilings, and hard-to-access areas, featuring a comfortable foam grip and a secure locking mechanism for reliable, twist-free performance. Choose the listed size for the surface and coating, then clean or dispose of the applicator according to current product guidance.",Previously Described,Painting Tools & Accessories > Tools,"extension pole, paint pole, everlok, roller pole",Everlok,PIN02-S,https://github.com/GZToronto/steeles/blob/bdd3c8474b38c8dbdb7dacff8f9ad64bd4ac1de8/everlokextensionpole4ftto8ft_painttoolsaccessories_everlok.png?raw=true,Image already existed,,,,,,,,,,
simple,"Pintar Soft Grip Heavy Duty 9.5"" Roller Frame",209,PI-000000210,,"Pintar Soft Grip Heavy Duty 9.5"" Roller Frame provides a comfortable grip and sturdy roller support for smooth, controlled paint application across walls, ceilings, and other large surfaces. Choose the listed size for the surface and coating, then clean or dispose of the applicator according to current product guidance.",Previously Described,Painting Tools & Accessories > Tools,"roller frame, wire cage frame, painting tools",Pintar,PIN02-S,https://github.com/GZToronto/steeles/blob/dfdf3d321713fd6c0be324926edbbc1a41b9aaa9/wirecagerollerframe_painttoolsaccessories_pintar.png?raw=true,Image already existed,,,,,,,,,,
simple,"Pintar Lint-Free Trim Roller 4""",210,PI-000000211,,"Pintar Lint-Free Trim Roller 4"" delivers a smooth, lint-free finish on trim, doors, cabinets, and other detailed surfaces, helping achieve clean, professional-quality paint results. Choose the listed size for the surface and coating, then clean or dispose of the applicator according to current product guidance.",Previously Described,Painting Tools & Accessories > Tools,"roller cover, mini roller, paint roller cover",Pintar,PIN02-S,https://github.com/GZToronto/steeles/blob/eb093926ecfaccae109a75edaa81b1f19ca9eb16/minirollercover_painttoolsaccessories_pintar.png?raw=true,Image already existed,,,,,,,,,,
simple,Advance Equipment Vinyl Wallcovering Trimmer,211,AE-000000212,,"Vinyl Wallcovering Trimmer is designed to provide professional-quality performance, durability, and reliable results for painting, finishing, surface preparation, or coating applications. Review the listed format and current manufacturer instructions to confirm compatibility, safe use, cleaning and storage for the intended job.",Previously Described,Painting Tools & Accessories > Tools,"wallpaper tools, vinyl trimmer, wallcovering trimmer, wallpaper installation, trimming tool",Advance Equipment,ADV01-S,https://github.com/GZToronto/steeles/blob/65cf06a9a8c701a5c484d816423b242b1d48c6e2/vinylwallcoveringtrimmer_painttoolsaccessories_advanceequipment.png?raw=true,Image already existed,,,,,,,,,,
simple,Advance Equipment Qwikpaster Tabletop Pasting Machine,212,AE-000000213,,"Qwikpaster Tabletop Pasting Machine is designed to provide professional-quality performance, durability, and reliable results for painting, finishing, surface preparation, or coating applications. Review the listed format and current manufacturer instructions to confirm compatibility, safe use, cleaning and storage for the intended job.",Previously Described,Painting Tools & Accessories > Tools,"wallpaper tools, pasting machine, qwikpaster, wallpaper adhesive, wallcovering installation",Advance Equipment,ADV01-S,https://github.com/GZToronto/steeles/blob/5a092c6fe8fad00cc4085237b4766c0a2c69bd69/qwikpastertabletoppastingmachine_painttoolsaccessories_advanceequipment.png?raw=true,Image already existed,,,,,,,,,,
simple,Advance Equipment Pasting Syringe,213,AE-000000214,,"Pasting Syringe is designed to provide professional-quality performance, durability, and reliable results for painting, finishing, surface preparation, or coating applications. Review the listed format and current manufacturer instructions to confirm compatibility, safe use, cleaning and storage for the intended job.",Previously Described,Painting Tools & Accessories > Tools,"pasting syringe, wallpaper repair, seam repair, wallpaper adhesive, wallcovering tools",Advance Equipment,ADV01-S,https://github.com/GZToronto/steeles/blob/3607d91364c7cf30e8ed7753789a59f7a84eeb12/pastingsyringe_painttoolsaccessories_advanceequipment.png?raw=true,Image already existed,,,,,,,,,,
simple,Advance Equipment Plastic Corner Roller,214,AE-000000215,,"Plastic Corner Roller is designed to provide professional-quality performance, durability, and reliable results for painting, finishing, surface preparation, or coating applications. Choose the listed size for the surface and coating, then clean or dispose of the applicator according to current product guidance.",Previously Described,Painting Tools & Accessories > Tools,"corner roller, wallpaper roller, seam roller, wallcovering tools, wallpaper installation",Advance Equipment,ADV01-S,https://github.com/GZToronto/steeles/blob/cb7e588e950816b4647b2fe3a5277053c140a4d5/plasticcornerroller_painttoolsaccessories_advanceequipment.png?raw=true,Image already existed,,,,,,,,,,
simple,Advance Equipment Corner Bead Applicator,215,AE-000000216,,"Corner Bead Applicator is designed to provide professional-quality performance, durability, and reliable results for painting, finishing, surface preparation, or coating applications. Choose the listed size for the surface and coating, then clean or dispose of the applicator according to current product guidance.",Previously Described,Painting Tools & Accessories > Tools,"corner bead applicator, drywall tools, mud application, corner bead, finishing tools",Advance Equipment,ADV01-S,https://github.com/GZToronto/steeles/blob/cb862432819e1130ea89e94a73e5277a39f5cf7a/cornerbeadapplicator_painttoolsaccessories_advanceequipment.png?raw=true,Image already existed,,,,,,,,,,
simple,Saman Oil Based Hybrid Floor Varnish ,226,SA-000000227,,"Saman Oil Based Hybrid Floor Varnish - Semi-Gloss is a protective varnish designed to provide durable protection and a long-lasting finish for wood surfaces. The master lists Flat, Semi-Gloss, or Gloss finish options. Confirm preparation, compatibility, application, coverage and recoat requirements in the current label or technical data sheet.",Previously Described,Paints > Stains & Varnishes,"oil based varnish, hybrid varnish, floor varnish, semi-gloss finish",Saman,SAMAN,https://github.com/GZToronto/steeles/blob/1c9a7f6e4ede67cee52671737fde7a3cd8871c40/samanoilbasedhybridfloorvarnishsemigloss_stains_saman.png?raw=true,Image already existed,Finishes,Flat | Semi-Gloss | Gloss,,,,,,,,
simple,Saman Water-Based Wood Stain - Urban Grey,228,SA-000000229,,"Saman Water-Based Wood Stain - Urban Grey 099 is a stain designed to enhance the natural appearance of wood while providing rich, consistent colour. Colour and sheen can vary with wood species, porosity and preparation, so a representative test area is recommended. Confirm preparation, compatibility, application, coverage and recoat requirements in the current label or technical data sheet.",Previously Described,Paints > Stains & Varnishes,"wood stain, urban grey, 099, waterbased stain, interior wood finishing",Saman,SAMAN,https://github.com/GZToronto/steeles/blob/6e4195d5bba9319623e5fa48e91e9e292adeeb11/samanwaterbasedwoodstainurbangrey_stains_saman.png?raw=true,Image already existed,,,,,,,,,,
simple,Saman Waterbased Dead Flat Varnish,219,SA-000000220,,"Saman Waterbased Dead Flat Varnish is a protective varnish designed to provide durable protection and a long-lasting finish for wood surfaces. Colour and sheen can vary with wood species, porosity and preparation, so a representative test area is recommended. Confirm preparation, compatibility, application, coverage and recoat requirements in the current label or technical data sheet.",Previously Described,Paints > Stains & Varnishes,"dead flat varnish, clear finish, protective coating, waterbased varnish",Saman,SAMAN,https://github.com/GZToronto/steeles/blob/b6d0bd3da3de81da00da8d8d93d611ff68943db3/samanwaterbaseddeadflatvarnish_stains_saman.png?raw=true,Image already existed,,,,,,,,,,
simple,Saman Waterbased Exterior Clear Coat ,216,SA-000000217,,"Saman Waterbased Exterior Clear Coat - Semi-Gloss is a protective clear coat designed to help shield exterior wood surfaces from weather, moisture, and UV exposure. The master lists Flat, Satin, or Semi-Gloss finish options. Confirm preparation, compatibility, application, coverage and recoat requirements in the current label or technical data sheet.",Previously Described,Paints > Stains & Varnishes,"exterior clear coat, wood protection, uv protection, semi-gloss, waterbased finish",Saman,SAMAN,https://github.com/GZToronto/steeles/blob/c6a935b1b841f9d3b17e1c08d38fa7345dba91ce/samanwaterbasedexteriorclearcoatsemigloss_stains_saman.png?raw=true,Image already existed,Finishes,Flat | Satin | Semi-Gloss,,,,,,,,
simple,Saman Waterbased Floor Varnish ,220,SA-000000221,,"Saman Waterbased Floor Varnish - Semi-Gloss is a protective varnish designed to provide durable protection and a long-lasting finish for wood surfaces. The master lists Flat, Satin, Semi-Gloss, or Gloss finish options. Confirm preparation, compatibility, application, coverage and recoat requirements in the current label or technical data sheet.",Previously Described,Paints > Stains & Varnishes,"floor varnish, waterbased varnish, hardwood floors, semi-gloss finish",Saman,SAMAN,https://github.com/GZToronto/steeles/blob/972246dfac51a294ed930875da7551fc0c9bb17f/samanwaterbasedfloorvarnishsemigloss_stains_saman.png?raw=true,Image already existed,Finishes,Flat | Satin | Semi-Gloss | Gloss,,,,,,,,
simple,Swing TSP Heavy Duty Cleaner,230,SW-000000231,,"Swing TSP Heavy Duty Cleaner is designed to provide professional-quality performance, durability, and reliable results for painting, finishing, surface preparation, or coating applications. Check the current manufacturer label or technical data sheet before use. Confirm the exact item and package before ordering.",Previously Described,Painting Tools & Accessories > Paint Prep & Repairs,"tsp, surface cleaner, paint preparation, degreaser, heavy duty cleaner, biodegradable",Swing,MUM01,https://github.com/GZToronto/steeles/blob/76bc57d73715384a493bdb11dce2309c3b954a5e/swingtspheavydutycleaner_painttoolsaccessories_swing.png?raw=true,Image already existed,,,,,,,,,,
simple,Swing Wallpaper Pre-Coat Universal Primer Sealer,231,SW-000000232,,"Swing Wallpaper Pre-Coat Universal Primer Sealer is a primer designed to improve adhesion, create a uniform surface, and support better topcoat performance. Check the current manufacturer label or technical data sheet before use. Confirm the exact item and package before ordering. Follow the current manufacturer instructions for the intended job.",Previously Described,Paints > Primers,"wallpaper primer, primer sealer, wallpaper pre-coat, universal primer, tintable primer",Swing,MUM01,https://github.com/GZToronto/steeles/blob/7525d270bc40d2fd99181e0ec4e625dc34bf3737/swingwallpaperprecoatuniversalprimersealer_primer_swing.png?raw=true,Image already existed,,,,,,,,,,
simple,Swing Prime+ Universal Primer Sealer,232,SW-000000233,,"Swing Prime+ Universal Primer Sealer is a primer designed to improve adhesion, create a uniform surface, and support better topcoat performance. Check the current manufacturer label or technical data sheet before use. Confirm the exact item and package before ordering. Follow the current manufacturer instructions for the intended job.",Previously Described,Paints > Primers,"primer sealer, universal primer, prime plus, interior exterior primer, water based primer",Swing,MUM01,https://github.com/GZToronto/steeles/blob/732fc3e10158df5d88e01aef7cf11280c10b98db/swingprimeuniversalprimersealer_primer_swing.png?raw=true,Image already existed,,,,,,,,,,
simple,Circa 1850 Heavy Body Paint & Varnish Remover,233,CI-000000234,,"Circa 1850 Heavy Body Paint & Varnish Remover is a protective varnish designed to provide durable protection and a long-lasting finish for wood surfaces. Its role is to leave the surface ready for the next repair or coating step without assuming compatibility with every material. Test first, then follow the label for dilution, dwell time, rinsing, ventilation and protective equipment.",Previously Described,Painting Tools & Accessories > Cleaners & Removers,"paint remover, varnish remover, stripper, heavy body gel, surface restoration",Circa 1850,YHD01,https://github.com/GZToronto/steeles/blob/1e5d36f6ffdde312dfa7f0078d80148f0cc90388/circa1850heavybodypaintvarnishremover_painttoolsaccessories_circa1850.png?raw=true,Image already existed,,,,,,,,,,
simple,Circa 1850 Furniture Stripper,234,CI-000000235,,"Circa 1850 Furniture Stripper is designed to provide professional-quality performance, durability, and reliable results for painting, finishing, surface preparation, or coating applications. Check the current manufacturer label or technical data sheet before use. Confirm the exact item and package before ordering.",Previously Described,Painting Tools & Accessories > Cleaners & Removers,"furniture stripper, paint remover, varnish remover, wood restoration, furniture refinishing",Circa 1850,YHD01,https://github.com/GZToronto/steeles/blob/473e5ac03a1cdc02609b70f5949aff440b1f5c57/circa1850furniturestripper_painttoolsaccessories_circa1850.png?raw=true,Image already existed,,,,,,,,,,
simple,Zeraus ZeraBrite CL-121 Polyaspartic Coating,235,ZE-000000236,,"Zeraus ZeraBrite CL-121 Polyaspartic Coating is designed to provide professional-quality performance, durability, and reliable results for painting, finishing, surface preparation, or coating applications. Confirm preparation, compatibility, application, coverage and recoat requirements in the current label or technical data sheet.",Previously Described,Commercial & Industrial > Epoxy,"polyaspartic coating, uv resistant coating, clear topcoat, epoxy flooring, garage floor coating, industrial coating",Zeraus,ZPI01,https://github.com/GZToronto/steeles/blob/14be4ab822f6fb9fc33c9b0094c4ace4b6ff47a0/zerabritecl121polyasparticcoating_commercialpaint_zeraus.png?raw=true,Image already existed,,,,,,,,,,
simple,Zeraus ZeraBond Type 3 Epoxy Adhesive Gel,236,ZE-000000237,,"Zeraus ZeraBond Type 3 Epoxy Adhesive Gel is an epoxy coating designed to provide exceptional durability, abrasion resistance, and long-term surface protection. Check the current manufacturer label or technical data sheet before use. Confirm the exact item and package before ordering. Follow the current manufacturer instructions for the intended job.",Previously Described,Commercial & Industrial > Epoxy,"epoxy adhesive, concrete repair, crack filler, structural epoxy, bonding gel, epoxy repair",Zeraus,ZPI01,https://github.com/GZToronto/steeles/blob/0cc548cfe25aeb16379081fb0ea152320ebb99f0/zerabondtype3epoxyadhesivegel_commercialpaint_zeraus.png?raw=true,Image already existed,,,,,,,,,,
simple,Zeraus ZeraKlear SC Clear Epoxy Coating,237,ZE-000000238,,"Zeraus ZeraKlear SC Clear Epoxy Coating is an epoxy coating designed to provide exceptional durability, abrasion resistance, and long-term surface protection. The final appearance and service performance depend on the substrate, preparation, film build and complete coating system. Follow the label for component mixing, pot life, film thickness, application conditions and full cure before service.",Previously Described,Commercial & Industrial > Epoxy,"clear epoxy, epoxy coating, decorative flooring, flake floor coating, quartz flooring, countertop coating",Zeraus,ZPI01,https://github.com/GZToronto/steeles/blob/53eb9556fa09a8b03aa61d8da3b92f0877719011/zeraklearscclearepoxycoating_commercialpaint_zeraus.png?raw=true,Image already existed,,,,,,,,,,
simple,Zeraus ZeraDur 100 Epoxy Floor Coating,238,ZE-000000239,,"Zeraus ZeraDur 100 Epoxy Floor Coating is an epoxy coating designed to provide exceptional durability, abrasion resistance, and long-term surface protection. The final appearance and service performance depend on the substrate, preparation, film build and complete coating system. Follow the label for component mixing, pot life, film thickness, application conditions and full cure before service.",Previously Described,Commercial & Industrial > Epoxy,"epoxy floor coating, industrial flooring, garage floor coating, commercial flooring, concrete coating, chemical resistant coating",Zeraus,ZPI01,https://github.com/GZToronto/steeles/blob/8c43439c8e6464e1a33ad80385409828d6407cac/zeradur100epoxyfloorcoating_commercialpaint_zeraus.png?raw=true,Image already existed,,,,,,,,,,
simple,3M Super77 Spray Adhesive,239,3M-000000240,,"3M Super77 Spray Adhesive is a multipurpose aerosol adhesive for bonding lightweight materials such as paper, fabric, foam, cardboard, plastic, metal and wood. Apply to clean, compatible surfaces and follow the label for spray distance, open time, bonding, ventilation and cure. Confirm the exact item and package before ordering.",,Painting Tools & Accessories > Tools,"3m, 3m super77 spray adhesive, painting tools & accessories, tools",3M,3MC01,https://raw.githubusercontent.com/kinggoff/NewSteelesImages/main/review-images/3M-000000240-3m-super77-spray-adhesive.png?raw=true,Image Added,,,,,,,,,,
simple,3M Multi-Gas/Vapour Cartridge 6006,240,3M-000000241,,"3M Multi-Gas/Vapour Cartridge 6006 is a replacement gas-and-vapour cartridge for compatible 3M reusable respirators, intended for hazards covered by the selected cartridge and an approved respiratory-protection program. Confirm fit, compatibility and required protection before use, and follow the current safety instructions for the actual workplace hazard.",,Painting Tools & Accessories > Clothing & Safety,"3m, 3m multi-gas/vapour cartridge 6006, painting tools & accessories, clothing & safety",3M,3MC01,https://sanvictraders.com/wp-content/uploads/2024/10/6006-2.png,Image Added,,,,,,,,,,
simple,3M Scotch-Brite General Purpose Hand Pad 7447,241,3M-000000242,,"3M Scotch-Brite General Purpose Hand Pad 7447 is a hand or machine surface-preparation abrasive for scuffing, cleaning, smoothing or finishing compatible materials. Review the listed format and current manufacturer instructions to confirm compatibility, safe use, cleaning and storage for the intended job.",,Painting Tools & Accessories > Paint Prep & Repairs,"3m, 3m scotch-brite general purpose hand pad 7447, painting tools & accessories, paint prep & repairs",3M,3MC01,https://raw.githubusercontent.com/kinggoff/NewSteelesImages/main/review-images/3M-000000242-3m-scotch-brite-general-purpose-hand-pad-7447.png?raw=true,Image Added,,,,,Variants,Single Pad | 20PK,1,1,,
simple,3M Replacement Lens Covers,242,3M-000000243,,"3M Replacement Lens Covers is a replaceable protective cover intended to help shield the lens of a compatible full-face respirator from overspray, dust and jobsite wear. Apply to a clean, sound surface and follow the label for mixing, layer depth, drying or cure, sanding and topcoating. Confirm the exact item and package before ordering.",,Painting Tools & Accessories > Clothing & Safety,"3m, 3m replacement lens covers, painting tools & accessories, clothing & safety",3M,3MC01,https://raw.githubusercontent.com/kinggoff/NewSteelesImages/main/review-images/3M-000000243-3m-replacement-lens-covers-v2.png?raw=true,Image Added,,,,,,,,,,
simple,3M New Safe Release Blue 3M Canad,243,3M-000000244,,"3M New Safe Release Blue 3M Canad is a masking or project tape for defining paint lines, securing protection or joining compatible materials during preparation and finishing work. Review the listed format and current manufacturer instructions to confirm compatibility, safe use, cleaning and storage for the intended job.",,Painting Tools & Accessories > Paint Prep & Repairs,"3m, 3m new safe release blue 3m canad, painting tools & accessories, paint prep & repairs",3M,3MC01,https://raw.githubusercontent.com/kinggoff/NewSteelesImages/main/review-images/3M-000000244-3m-new-safe-release-blue-3m-canad.png?raw=true,Images for Review,,,,,,,,,,
simple,3M Performance Green Masking Tape,244,3M-000000245,,"3M Performance Green Masking Tape is a masking or project tape for defining paint lines, securing protection or joining compatible materials during preparation and finishing work. Review the listed format and current manufacturer instructions to confirm compatibility, safe use, cleaning and storage for the intended job.",,Painting Tools & Accessories > Paint Prep & Repairs,"3m, 3m performance green masking tape, painting tools & accessories, paint prep & repairs",3M,3MC01,https://hausoftools.com/cdn/shop/files/f2ftpp8v_1.png?v=1775515447,Image Added,,,,,Variants,"1"" 6 PACK | 1 1/2""",1,1,,
simple,3M Filter P100,245,3M-000000246,,"3M Filter P100 is a particulate filter for compatible 3M reusable respirator systems; selection depends on the airborne hazard, facepiece and approved workplace protection plan. Confirm fit, compatibility and required protection before use, and follow the current safety instructions for the actual workplace hazard.",,Painting Tools & Accessories > Clothing & Safety,"3m, 3m filter p100, painting tools & accessories, clothing & safety",3M,3MC01,https://raw.githubusercontent.com/kinggoff/NewSteelesImages/main/review-images/3M-000000246-3m-filter-p100-v2.png?raw=true,Images for Review,,,,,,,,,,
simple,3M Blue Long Mask,246,3M-000000247,,"3M Blue Long Mask is a blue painter's masking tape for protecting compatible painted trim, woodwork, glass and metal while defining coating lines. Review the listed format and current manufacturer instructions to confirm compatibility, safe use, cleaning and storage for the intended job. Confirm the exact item and package before ordering.",,Painting Tools & Accessories > Clothing & Safety,"3m, 3m blue long mask, painting tools & accessories, clothing & safety",3M,3MC01,https://raw.githubusercontent.com/kinggoff/NewSteelesImages/main/review-images/3M-000000247-3m-blue-long-mask-v2.png?raw=true,Images for Review,,,,,,,,,,
simple,"3M Hand-Masker 12"" Film Blade",247,3M-000000248,,"3M Hand-Masker 12"" Film Blade is a replacement cutting or scraping blade for the compatible hand tool named in the product; blade style and size should match the holder and task. Match it to the surface, work progressively, and use suitable eye, hand and respiratory protection for the material being removed.",,Painting Tools & Accessories > Paint Prep & Repairs,"3m, 3m hand-masker 12"" film blade, painting tools & accessories, paint prep & repairs",3M,3MC01,https://raw.githubusercontent.com/kinggoff/NewSteelesImages/main/review-images/3M-000000248-3m-hand-masker-12-film-blade.png?raw=true,Image Added,,,,,,,,,,
simple,3M Cutoff Blade,248,3M-000000249,,"3M Cutoff Blade is a replacement cutting or scraping blade for the compatible hand tool named in the product; blade style and size should match the holder and task. Match it to the surface, work progressively, and use suitable eye, hand and respiratory protection for the material being removed. Confirm the exact item and package before ordering.",,Painting Tools & Accessories > Paint Prep & Repairs,"3m, 3m cutoff blade, painting tools & accessories, paint prep & repairs",3M,3MC01,https://raw.githubusercontent.com/kinggoff/NewSteelesImages/main/review-images/3M-000000249-3m-cutoff-blade.png?raw=true,Images for Review,,,,,,,,,,
simple,W-10 Wood Scraper,249,RIC-000000250,,"W-10 Wood Scraper from Richard is a hand scraper for removing loose paint, adhesive residue, coatings or surface buildup during preparation and cleanup. Match it to the surface, work progressively, and use suitable eye, hand and respiratory protection for the material being removed. Confirm the exact item and package before ordering.",,Painting Tools & Accessories > Tools,"richard, w-10 wood scraper, painting tools & accessories, tools",Richard,ARICHAR,https://raw.githubusercontent.com/kinggoff/NewSteelesImages/main/review-images/RIC-000000250-w-10-wood-scraper.png?raw=true,Image Added,,,,,,,,,,
simple,W 1 3/4 Blade,250,RIC-000000251,,"W 1 3/4 Blade from Richard is a replacement cutting or scraping blade for the compatible hand tool named in the product; blade style and size should match the holder and task. Match it to the surface, work progressively, and use suitable eye, hand and respiratory protection for the material being removed.",,Painting Tools & Accessories > Tools,"richard, w 1 3/4 blade, painting tools & accessories, tools",Richard,ARICHAR,https://raw.githubusercontent.com/kinggoff/NewSteelesImages/main/review-images/RIC-000000251-w-1-3-4-blade.png?raw=true,Images for Review,,,,,,,,,,
simple,U-S-10 Richard Lever Bar,251,RIC-000000252,,"U-S-10 Richard Lever Bar from Richard is a compact hand lever for prying, lifting and removing trim or other jobsite materials during preparation and repair. Match it to the surface, work progressively, and use suitable eye, hand and respiratory protection for the material being removed. Confirm the exact item and package before ordering.",,Painting Tools & Accessories > Tools,"richard, u-s-10 richard lever bar, painting tools & accessories, tools",Richard,ARICHAR,https://raw.githubusercontent.com/kinggoff/NewSteelesImages/main/review-images/RIC-000000252-u-s-10-richard-lever-bar.png?raw=true,Image Added,,,,,,,,,,
simple,Sp2 Sash Painter,252,RIC-000000253,,"Sp2 Sash Painter from Richard is a purpose-shaped brush for controlled application of compatible paint, stain or decorative coating; its filament style and profile suit the task named in the product. Review the listed format and current manufacturer instructions to confirm compatibility, safe use, cleaning and storage for the intended job.",,Painting Tools & Accessories > Tools,"richard, sp2 sash painter, painting tools & accessories, tools",Richard,ARICHAR,https://raw.githubusercontent.com/kinggoff/NewSteelesImages/main/review-images/RIC-000000253-sp2-sash-painter.png?raw=true,Images for Review,,,,,,,,,,
simple,Sp1 Sash Painter,253,RIC-000000254,,"Sp1 Sash Painter from Richard is a purpose-shaped brush for controlled application of compatible paint, stain or decorative coating; its filament style and profile suit the task named in the product. Review the listed format and current manufacturer instructions to confirm compatibility, safe use, cleaning and storage for the intended job.",,Painting Tools & Accessories > Tools,"richard, sp1 sash painter, painting tools & accessories, tools",Richard,ARICHAR,https://raw.githubusercontent.com/kinggoff/NewSteelesImages/main/review-images/RIC-000000254-sp1-sash-painter.png?raw=true,Image Added,,,,,,,,,,
simple,Rubber Sanding Block,254,RIC-000000255,,"Rubber Sanding Block from Richard is a manual sanding holder or replacement pad for keeping abrasive material supported while smoothing walls, wood or repaired surfaces. Match it to the surface, work progressively, and use suitable eye, hand and respiratory protection for the material being removed.",,Painting Tools & Accessories > Tools,"richard, rubber sanding block, painting tools & accessories, tools",Richard,ARICHAR,https://raw.githubusercontent.com/kinggoff/NewSteelesImages/main/review-images/RIC-000000255-rubber-sanding-block.png?raw=true,Image Added,,,,,,,,,,
simple,Richard Wallpaper Smoother,255,RIC-000000256,,"Richard Wallpaper Smoother is a hand-finishing tool for applying, shaping or smoothing patching compound, joint compound, filler or wallcovering material. Review the listed format and current manufacturer instructions to confirm compatibility, safe use, cleaning and storage for the intended job. Confirm the exact item and package before ordering.",,Painting Tools & Accessories > Tools,"richard, richard wallpaper smoother, painting tools & accessories, tools",Richard,ARICHAR,https://raw.githubusercontent.com/kinggoff/NewSteelesImages/main/review-images/RIC-000000256-richard-wallpaper-smoother-605.png?raw=true,Images for Review,,,,,,,,,,
simple,Richard Utility Blades U-1-B,256,RIC-000000257,,"Richard Utility Blades U-1-B is a replacement cutting or scraping blade for the compatible hand tool named in the product; blade style and size should match the holder and task. Match it to the surface, work progressively, and use suitable eye, hand and respiratory protection for the material being removed.",,Painting Tools & Accessories > Tools,"richard, richard utility blades u-1-b, painting tools & accessories, tools",Richard,ARICHAR,https://raw.githubusercontent.com/kinggoff/NewSteelesImages/main/review-images/RIC-000000257-richard-utility-blades-u-1-b.png?raw=true,Image Added,,,,,,,,,,
simple,Richard Stir Whip Mixer,257,RIC-000000258,,"Richard Stir Whip Mixer is a mixing accessory for blending compatible paint, compound or sealant to a more uniform consistency before application. Match it to the surface, work progressively, and use suitable eye, hand and respiratory protection for the material being removed. Confirm the exact item and package before ordering.",,Painting Tools & Accessories > Tools,"richard, richard stir whip mixer, painting tools & accessories, tools",Richard,ARICHAR,https://raw.githubusercontent.com/kinggoff/NewSteelesImages/main/review-images/RIC-000000258-richard-18-stirwhip-mixer.png?raw=true,Image Added,,,,,,,,,,
simple,Richard H.D. Plastic Tray Liner,258,RIC-000000259,,"Richard H.D. Plastic Tray Liner is a disposable liner sized for the matching paint tray, helping contain coating and reduce tray cleanup between colours or products. Choose the listed size for the surface and coating, then clean or dispose of the applicator according to current product guidance. Confirm the exact item and package before ordering.",,Painting Tools & Accessories > Tools,"richard, richard h.d. plastic tray liner, painting tools & accessories, tools",Richard,ARICHAR,https://raw.githubusercontent.com/kinggoff/NewSteelesImages/main/review-images/RIC-000000259-richard-hd-plastic-tray-liner-92068.png?raw=true,Image Added,,,,,,,,,,
simple,Richard H.D. Jumbo Plastic Tray,259,RIC-000000260,,"Richard H.D. Jumbo Plastic Tray is a paint tray or tray set for loading rollers and holding a practical working quantity of coating during application. Choose the listed size for the surface and coating, then clean or dispose of the applicator according to current product guidance. Confirm the exact item and package before ordering.",,Painting Tools & Accessories > Tools,"richard, richard h.d. jumbo plastic tray, painting tools & accessories, tools",Richard,ARICHAR,https://raw.githubusercontent.com/kinggoff/NewSteelesImages/main/review-images/RIC-000000260-richard-hd-jumbo-plastic-tray.png?raw=true,Image Added,,,,,,,,,,
simple,"Richard Fat Boy 2 1/2"" Oval Angle Brush",260,RIC-000000261,,"Richard Fat Boy 2 1/2"" Oval Angle Brush is a purpose-shaped brush for controlled application of compatible paint, stain or decorative coating; its filament style and profile suit the task named in the product. Choose the listed size for the surface and coating, then clean or dispose of the applicator according to current product guidance.",,Painting Tools & Accessories > Tools,"richard, richard fat boy 2 1/2"" oval angle brush, painting tools & accessories, tools",Richard,ARICHAR,https://raw.githubusercontent.com/kinggoff/NewSteelesImages/main/review-images/RIC-000000261-richard-fat-boy-2-5-oval-angle-brush.png?raw=true,Image Added,,,,,,,,,,
simple,Richard Ergo-Grip Hand Sander Rub-18350,261,RIC-000000262,,"Richard Ergo-Grip Hand Sander Rub-18350 is a manual sanding holder or replacement pad for keeping abrasive material supported while smoothing walls, wood or repaired surfaces. Match it to the surface, work progressively, and use suitable eye, hand and respiratory protection for the material being removed.",,Painting Tools & Accessories > Tools,"richard, richard ergo-grip hand sander rub-18350, painting tools & accessories, tools",Richard,ARICHAR,https://raw.githubusercontent.com/kinggoff/NewSteelesImages/main/review-images/RIC-000000262-richard-ergo-grip-hand-sander-rub-18350.png?raw=true,Image Added,,,,,,,,,,
simple,Richard Drywall Saw Ergo-Grip,262,RIC-000000263,,"Richard Drywall Saw Ergo-Grip is a hand saw for making controlled cut-outs in drywall during repair and installation work. Selection should be based on the specific task, material, working conditions and compatible products in the complete system. Match it to the surface, work progressively, and use suitable eye, hand and respiratory protection for the material being removed.",,Painting Tools & Accessories > Tools,"richard, richard drywall saw ergo-grip, painting tools & accessories, tools",Richard,ARICHAR,https://raw.githubusercontent.com/kinggoff/NewSteelesImages/main/review-images/RIC-000000263-richard-drywall-saw-ergo-grip-18828.png?raw=true,Image Added,,,,,,,,,,
simple,Richard Drywall Patch 18204,263,RIC-000000264,,"Richard Drywall Patch 18204 is a repair material for filling, patching, glazing, rebuilding or stabilizing the compatible wood, drywall, window or masonry surface indicated by the product name. Apply to a clean, sound surface and follow the label for mixing, layer depth, drying or cure, sanding and topcoating.",,Painting Tools & Accessories > Tools,"richard, richard drywall patch 18204, painting tools & accessories, tools",Richard,ARICHAR,https://raw.githubusercontent.com/kinggoff/NewSteelesImages/main/review-images/RIC-000000264-richard-drywall-patch-18204.png?raw=true,Image Added,,,,,,,,,,
simple,Richard Aluminum Pole Sander,264,RIC-000000265,,"Richard Aluminum Pole Sander is a manual sanding holder or replacement pad for keeping abrasive material supported while smoothing walls, wood or repaired surfaces. Choose the listed size for the surface and coating, then clean or dispose of the applicator according to current product guidance. Confirm the exact item and package before ordering.",,Painting Tools & Accessories > Tools,"richard, richard aluminum pole sander, painting tools & accessories, tools",Richard,ARICHAR,https://raw.githubusercontent.com/kinggoff/NewSteelesImages/main/review-images/RIC-000000265-richard-aluminum-pole-sander-18393.png?raw=true,Images for Review,,,,,,,,,,
simple,Richard Aluminum Round Pole Sander,265,RIC-000000266,,"Richard Aluminum Round Pole Sander is a manual sanding holder or replacement pad for keeping abrasive material supported while smoothing walls, wood or repaired surfaces. Choose the listed size for the surface and coating, then clean or dispose of the applicator according to current product guidance.",,Painting Tools & Accessories > Tools,"richard, richard aluminum round pole sander, painting tools & accessories, tools",Richard,ARICHAR,https://images.squarespace-cdn.com/content/v1/677eb10cd27c68576bda3634/c15d5f08-a3d5-49e7-9e13-93991522665b/42.png,Image Added,,,,,,,,,,
simple,Richard Ergo-Grip Taping Knife,266,RIC-000000267,,"Richard Ergo-Grip Taping Knife is a hand-finishing tool for applying, shaping or smoothing patching compound, joint compound, filler or wallcovering material. Match it to the surface, work progressively, and use suitable eye, hand and respiratory protection for the material being removed. Confirm the exact item and package before ordering.",,Painting Tools & Accessories > Tools,"richard, richard ergo-grip taping knife, painting tools & accessories, tools",Richard,ARICHAR,https://raw.githubusercontent.com/kinggoff/NewSteelesImages/main/review-images/RIC-000000267-richard-ergo-grip-taping-knife.png?raw=true,Images for Review,,,,,,,,,,
simple,Richard Heavy Duty Floor Scraper,267,RIC-000000268,,"Richard Heavy Duty Floor Scraper is a hand scraper for removing loose paint, adhesive residue, coatings or surface buildup during preparation and cleanup. Match it to the surface, work progressively, and use suitable eye, hand and respiratory protection for the material being removed. Confirm the exact item and package before ordering.",,Painting Tools & Accessories > Tools,"richard, richard heavy duty floor scraper, painting tools & accessories, tools",Richard,ARICHAR,https://www.bcepoxydepot.shop/cdn/shop/files/Untitleddesign-2025-07-04T161810.100.png?v=1751671109&width=1946,Image Added,,,,,,,,,,
simple,Richard Floor Scraper Blade,268,RIC-000000269,,"Richard Floor Scraper Blade is a replacement cutting or scraping blade for the compatible hand tool named in the product; blade style and size should match the holder and task. Match it to the surface, work progressively, and use suitable eye, hand and respiratory protection for the material being removed.",,Painting Tools & Accessories > Tools,"richard, richard floor scraper blade, painting tools & accessories, tools",Richard,ARICHAR,https://raw.githubusercontent.com/kinggoff/NewSteelesImages/main/review-images/RIC-000000269-richard-floor-scraper-blade-13304.png?raw=true,Images for Review,,,,,,,,,,
simple,Richard Scraper Pro Series Rub-114,269,RIC-000000270,,"Richard Scraper Pro Series Rub-114 is a hand scraper for removing loose paint, adhesive residue, coatings or surface buildup during preparation and cleanup. Match it to the surface, work progressively, and use suitable eye, hand and respiratory protection for the material being removed. Confirm the exact item and package before ordering.",,Painting Tools & Accessories > Tools,"richard, richard scraper pro series rub-114, painting tools & accessories, tools",Richard,ARICHAR,https://raw.githubusercontent.com/kinggoff/NewSteelesImages/main/review-images/RIC-000000270-richard-rub-114-taping-knife.png?raw=true,Image Added,,,,,,,,,,
simple,Richard Stainless Steel Putty Knife,270,RIC-000000271,,"Richard Stainless Steel Putty Knife is a hand-finishing tool for applying, shaping or smoothing patching compound, joint compound, filler or wallcovering material. Match it to the surface, work progressively, and use suitable eye, hand and respiratory protection for the material being removed. Confirm the exact item and package before ordering.",,Painting Tools & Accessories > Tools,"richard, richard stainless steel putty knife, painting tools & accessories, tools",Richard,ARICHAR,https://raw.githubusercontent.com/kinggoff/NewSteelesImages/main/review-images/RIC-000000271-richard-stainless-steel-putty-knife.png?raw=true,Images for Review,,,,,,,,,,
simple,"Richard 2 1/2"" Goose Neck Flexible Paint Brush",271,RIC-000000272,,"Richard 2 1/2"" Goose Neck Flexible Paint Brush is a purpose-shaped brush for controlled application of compatible paint, stain or decorative coating; its filament style and profile suit the task named in the product. Choose the listed size for the surface and coating, then clean or dispose of the applicator according to current product guidance.",,Painting Tools & Accessories > Tools,"richard, richard 2 1/2"" goose neck flexible paint brush, painting tools & accessories, tools",Richard,ARICHAR,https://raw.githubusercontent.com/kinggoff/NewSteelesImages/main/review-images/RIC-000000272-richard-goose-neck-brush-80833.png?raw=true,Image Added,,,,,,,,,,
simple,Richard Ergo-Grip Scraper,272,RIC-000000273,,"Richard Ergo-Grip Scraper is a hand scraper for removing loose paint, adhesive residue, coatings or surface buildup during preparation and cleanup. Match it to the surface, work progressively, and use suitable eye, hand and respiratory protection for the material being removed. Confirm the exact item and package before ordering.",,Painting Tools & Accessories > Tools,"richard, richard ergo-grip scraper, painting tools & accessories, tools",Richard,ARICHAR,https://raw.githubusercontent.com/kinggoff/NewSteelesImages/main/review-images/RIC-000000273-richard-ergo-grip-razor-scraper.png?raw=true,Images for Review,,,,,,,,,,
simple,Richard New Plastic Pole Sander,273,RIC-000000274,,"Richard New Plastic Pole Sander is a manual sanding holder or replacement pad for keeping abrasive material supported while smoothing walls, wood or repaired surfaces. Choose the listed size for the surface and coating, then clean or dispose of the applicator according to current product guidance. Confirm the exact item and package before ordering.",,Painting Tools & Accessories > Tools,"richard, richard new plastic pole sander, painting tools & accessories, tools",Richard,ARICHAR,https://raw.githubusercontent.com/kinggoff/NewSteelesImages/main/review-images/RIC-000000274-richard-plastic-pole-sander-18300.png?raw=true,Image Added,,,,,,,,,,
simple,Richard Mini Wire Brush,274,RIC-000000275,,"Richard Mini Wire Brush is a paint or decorative-finish brush whose stated shape, filament and size are intended to provide control for the named application. Choose the listed size for the surface and coating, then clean or dispose of the applicator according to current product guidance. Confirm the exact item and package before ordering.",,Painting Tools & Accessories > Tools,"richard, richard mini wire brush, painting tools & accessories, tools",Richard,ARICHAR,https://raw.githubusercontent.com/kinggoff/NewSteelesImages/main/review-images/RIC-000000275-richard-mini-wire-brush-03281.png?raw=true,Images for Review,,,,,,,,,,
simple,Paint Pad Sp2,275,RIC-000000276,,"Paint Pad Sp2 from Richard is a pad-style applicator for spreading compatible paint, stain or finish across flat surfaces with direct hand control. It is intended to give the applicator practical control over loading, placement and finish on the matching surface area. Choose the listed size for the surface and coating, then clean or dispose of the applicator according to current product guidance.",,Painting Tools & Accessories > Tools,"richard, paint pad sp2, painting tools & accessories, tools",Richard,ARICHAR,https://raw.githubusercontent.com/kinggoff/NewSteelesImages/main/review-images/RIC-000000276-richard-paint-pad-sp2.png?raw=true,Image Added,,,,,,,,,,
simple,Window Scraper Blades,276,RIC-000000277,,"Window Scraper Blades from Richard is a replacement cutting or scraping blade for the compatible hand tool named in the product; blade style and size should match the holder and task. Match it to the surface, work progressively, and use suitable eye, hand and respiratory protection for the material being removed.",,Painting Tools & Accessories > Tools,"richard, window scraper blades, painting tools & accessories, tools",Richard,ARICHAR,https://raw.githubusercontent.com/kinggoff/NewSteelesImages/main/review-images/RIC-000000277-richard-window-scraper-blades.png?raw=true,Images for Review,,,,,,,,,,
simple,Drywall Knife Richard Rub-Rw-10-Ab,277,RIC-000000278,,"Drywall Knife Richard Rub-Rw-10-Ab from Richard is a hand-finishing tool for applying, shaping or smoothing patching compound, joint compound, filler or wallcovering material. Match it to the surface, work progressively, and use suitable eye, hand and respiratory protection for the material being removed.",,Painting Tools & Accessories > Tools,"richard, drywall knife richard rub-rw-10-ab, painting tools & accessories, tools",Richard,ARICHAR,https://raw.githubusercontent.com/kinggoff/NewSteelesImages/main/review-images/RIC-000000278-richard-rw-10-ab-drywall-knife.png?raw=true,Image Added,,,,,,,,,,
simple,Seam Buster Double Cutter Advance,278,AE-000000279,,"Seam Buster Double Cutter Advance from Advance Equipment is a wallcovering installation tool for pressing seams or making controlled double cuts during wallpaper application. Review the listed format and current manufacturer instructions to confirm compatibility, safe use, cleaning and storage for the intended job.",,Painting Tools & Accessories > Tools,"advance equipment, seam buster double cutter advance, painting tools & accessories, tools",Advance Equipment,ADV01-S,https://raw.githubusercontent.com/kinggoff/NewSteelesImages/main/review-images/AE-000000279-advance-seam-buster-51101.png?raw=true,Image Added,,,,,,,,,,
simple,Advance Quick Truss Door Painting Stands,279,AE-000000280,,"Advance Quick Truss Door Painting Stands from Advance Equipment is a coating formulated for the interior, exterior, specialty or industrial use indicated by its product name and category. Review the listed format and current manufacturer instructions to confirm compatibility, safe use, cleaning and storage for the intended job.",,Painting Tools & Accessories > Tools,"advance equipment, advance quick truss door painting stands, painting tools & accessories, tools",Advance Equipment,ADV01-S,https://raw.githubusercontent.com/kinggoff/NewSteelesImages/main/review-images/AE-000000280-advance-quicktruss-q300-door-painting-stands.png?raw=true,Image Added,,,,,,,,,,
simple,"Advance Equipment 2"" Stainless Steel Seam Roller",280,AE-000000281,,"Advance Equipment 2"" Stainless Steel Seam Roller is a wallcovering installation tool for pressing seams or making controlled double cuts during wallpaper application. Choose the listed size for the surface and coating, then clean or dispose of the applicator according to current product guidance. Confirm the exact item and package before ordering.",,Painting Tools & Accessories > Tools,"advance equipment, advance equipment 2"" stainless steel seam roller, painting tools & accessories, tools",Advance Equipment,ADV01-S,https://raw.githubusercontent.com/kinggoff/NewSteelesImages/main/review-images/AE-000000281-advance-684-stainless-steel-seam-roller.png?raw=true,Image Added,,,,,,,,,,
simple,"Advance Equipment 2"" Plastic Oval Seam Roller",281,AE-000000282,,"Advance Equipment 2"" Plastic Oval Seam Roller is a wallcovering installation tool for pressing seams or making controlled double cuts during wallpaper application. Choose the listed size for the surface and coating, then clean or dispose of the applicator according to current product guidance. Confirm the exact item and package before ordering.",,Painting Tools & Accessories > Tools,"advance equipment, advance equipment 2"" plastic oval seam roller, painting tools & accessories, tools",Advance Equipment,ADV01-S,https://raw.githubusercontent.com/kinggoff/NewSteelesImages/main/review-images/AE-000000282-advance-695-plastic-oval-seam-roller.png?raw=true,Image Added,,,,,,,,,,
simple,Advance Equipment Plastic Flat Seam Roller,282,AE-000000283,,"Advance Equipment Plastic Flat Seam Roller is a wallcovering installation tool for pressing seams or making controlled double cuts during wallpaper application. Choose the listed size for the surface and coating, then clean or dispose of the applicator according to current product guidance. Confirm the exact item and package before ordering.",,Painting Tools & Accessories > Tools,"advance equipment, advance equipment plastic flat seam roller, painting tools & accessories, tools",Advance Equipment,ADV01-S,https://raw.githubusercontent.com/kinggoff/NewSteelesImages/main/review-images/AE-000000283-advance-694-plastic-flat-seam-roller.png?raw=true,Image Added,,,,,Variants,"1 1/2"" | 2""",1,1,,
simple,Floor Guard 400 Sq Ft Wide,283,ANC-000000284,,"Floor Guard 400 Sq Ft Wide from Anchor is a temporary surface-protection material for covering floors, furniture or adjacent areas against dust, drips and ordinary painting debris. Lay it over a clean, dry area, secure the edges safely, and confirm that any adhesive or film suits the underlying finish.",,Painting Tools & Accessories > Paint Prep & Repairs,"anchor, floor guard 400 sq ft wide, painting tools & accessories, paint prep & repairs",Anchor,ANC01,https://raw.githubusercontent.com/kinggoff/NewSteelesImages/main/review-images/ANC-000000284-floor-guard-400-sq-ft.png?raw=true,Image Added,,,,,,,,,,
simple,Anchored Rubber Coated Paper (86),284,ANC-000000285,,"Anchored Rubber Coated Paper (86) is a temporary surface-protection material for covering floors, furniture or adjacent areas against dust, drips and ordinary painting debris. Lay it over a clean, dry area, secure the edges safely, and confirm that any adhesive or film suits the underlying finish. Confirm the exact item and package before ordering.",,Painting Tools & Accessories > Paint Prep & Repairs,"anchor, anchored rubber coated paper (86), painting tools & accessories, paint prep & repairs",Anchor,ANC01,https://raw.githubusercontent.com/kinggoff/NewSteelesImages/main/review-images/ANC-000000285-anchored-rubberized-floor-paper.png?raw=true,Images for Review,,,,,,,,,,
simple,ANCHORED COATED PAPER 700sq ft W(77),285,ANC-000000286,,"ANCHORED COATED PAPER 700sq ft W(77) is a temporary surface-protection material for covering floors, furniture or adjacent areas against dust, drips and ordinary painting debris. Lay it over a clean, dry area, secure the edges safely, and confirm that any adhesive or film suits the underlying finish.",,Painting Tools & Accessories > Paint Prep & Repairs,"anchor, anchored coated paper 700sq ft w(77), painting tools & accessories, paint prep & repairs",Anchor,ANC01,https://raw.githubusercontent.com/kinggoff/NewSteelesImages/main/review-images/ANC-000000286-anchored-coated-paper-700-sq-ft.png?raw=true,Images for Review,,,,,,,,,,
simple,Wonder Wipes 100,286,ATR-000000287,,"Wonder Wipes 100 from Atrium is a wiping material for removing dust, grime or light jobsite residue during surface preparation and cleanup. Review the listed format and current manufacturer instructions to confirm compatibility, safe use, cleaning and storage for the intended job. Confirm the exact item and package before ordering.",,Painting Tools & Accessories > Paint Prep & Repairs,"atrium, wonder wipes 100, painting tools & accessories, paint prep & repairs",Atrium,ATRIUM,https://raw.githubusercontent.com/kinggoff/NewSteelesImages/main/review-images/ATR-000000287-everbuild-wonder-wipes-100.png?raw=true,Image Added,,,,,,,,,,
simple,Mitre Bond Adhesive,287,ATR-000000288,,"Mitre Bond Adhesive from Atrium is an adhesive or repair compound for joining compatible materials; bond strength depends on surface preparation, fit, cure and the specific substrates involved. Prepare both surfaces and follow the label for mixing where required, open or working time, assembly, clamping and cure.",,Painting Tools & Accessories > Paint Prep & Repairs,"atrium, mitre bond adhesive, painting tools & accessories, paint prep & repairs",Atrium,ATRIUM,https://raw.githubusercontent.com/kinggoff/NewSteelesImages/main/review-images/ATR-000000288-everbuild-mitre-fast-bonding-kit.png?raw=true,Images for Review,,,,,,,,,,
simple,Mammoth Double Sided Tape 2.5 Meters,288,ATR-000000289,,"Mammoth Double Sided Tape 2.5 Meters from Atrium is a masking or project tape for defining paint lines, securing protection or joining compatible materials during preparation and finishing work. Review the listed format and current manufacturer instructions to confirm compatibility, safe use, cleaning and storage for the intended job.",,Painting Tools & Accessories > Paint Prep & Repairs,"atrium, mammoth double sided tape 2.5 meters, painting tools & accessories, paint prep & repairs",Atrium,ATRIUM,https://raw.githubusercontent.com/kinggoff/NewSteelesImages/main/review-images/ATR-000000289-everbuild-mammoth-double-sided-tape-25mm-x-2-5m.png?raw=true,Images for Review,,,,,,,,,,
simple,Insl-X Fire Retardant Latex - Flat White,289,I-000000290,,"Insl-X Fire Retardant Latex - Flat White is a coating formulated for the interior, exterior, specialty or industrial use indicated by its product name and category. Confirm preparation, compatibility, application, coverage and recoat requirements in the current label or technical data sheet. Confirm the exact item and package before ordering.",,Paints > Interior,"insl-x, insl-x fire retardant latex - flat white, paints, interior",Insl-X,MOO01,https://raw.githubusercontent.com/kinggoff/NewSteelesImages/main/review-images/I-000000290-insl-x-fire-retardant-flat-white.png?raw=true,Image Added,,,,,,,,,,
simple,Benjamin Moore High Performance Epoxy Floor Sealer,290,BM-000000291,,"Benjamin Moore High Performance Epoxy Floor Sealer is an epoxy coating or repair system for the compatible floor, concrete, wood or assembly application named in the product. Follow the label for component mixing, pot life, film thickness, application conditions and full cure before service. Confirm the exact item and package before ordering.",,Commercial & Industrial > Epoxy,"benjamin moore, benjamin moore high performance epoxy floor sealer, commercial & industrial, epoxy",Benjamin Moore,MOO01,https://raw.githubusercontent.com/kinggoff/NewSteelesImages/main/review-images/BM-000000291-benjamin-moore-hp1560-epoxy-floor-sealer.png?raw=true,Image Added,,,,,,,,,,
simple,Benjamin Moore High Performance Alkyd Urethane,291,BM-000000292,,"Benjamin Moore High Performance Alkyd Urethane is a high-performance alkyd-urethane coating for compatible prepared commercial and industrial surfaces where a hard service finish is required. Confirm preparation, compatibility, application, coverage and recoat requirements in the current label or technical data sheet.",,Commercial & Industrial > Paints,"benjamin moore, benjamin moore high performance alkyd urethane, commercial & industrial, paints",Benjamin Moore,MOO01,https://raw.githubusercontent.com/kinggoff/NewSteelesImages/main/review-images/BM-000000292-benjamin-moore-hp2210-alkyd-urethane.png?raw=true,Images for Review,Finishes,Gloss | Semi-Gloss,1,1,,,,,,
simple,Benjamin Moore High Performance Quick-Dry Alkyd Enamel,292,BM-000000293,,"Benjamin Moore High Performance Quick-Dry Alkyd Enamel is a coating formulated for the interior, exterior, specialty or industrial use indicated by its product name and category. Confirm preparation, compatibility, application, coverage and recoat requirements in the current label or technical data sheet.",,Commercial & Industrial > Paints,"benjamin moore, benjamin moore high performance quick-dry alkyd enamel, commercial & industrial, paints",Benjamin Moore,MOO01,https://raw.githubusercontent.com/kinggoff/NewSteelesImages/main/review-images/BM-000000293-benjamin-moore-hp2300-quick-dry-alkyd-enamel.png?raw=true,Image Added,,,,,,,,,,
simple,Benjamin Moore High Performance Rapid-Dry Alkyd Enamel,293,BM-000000294,,"Benjamin Moore High Performance Rapid-Dry Alkyd Enamel is a coating formulated for the interior, exterior, specialty or industrial use indicated by its product name and category. Confirm preparation, compatibility, application, coverage and recoat requirements in the current label or technical data sheet.",,Commercial & Industrial > Paints,"benjamin moore, benjamin moore high performance rapid-dry alkyd enamel, commercial & industrial, paints",Benjamin Moore,MOO01,https://raw.githubusercontent.com/kinggoff/NewSteelesImages/main/review-images/BM-000000294-benjamin-moore-hp2400-rapid-dry-alkyd-enamel.png?raw=true,Image Added,,,,,,,,,,
simple,Benjamin Moore High Performance Waterborne Epoxy,294,BM-000000295,,"Benjamin Moore High Performance Waterborne Epoxy is an epoxy coating or repair system for the compatible floor, concrete, wood or assembly application named in the product. Prepare both surfaces and follow the label for mixing where required, open or working time, assembly, clamping and cure. Confirm the exact item and package before ordering.",,Commercial & Industrial > Epoxy,"benjamin moore, benjamin moore high performance waterborne epoxy, commercial & industrial, epoxy",Benjamin Moore,MOO01,https://raw.githubusercontent.com/kinggoff/NewSteelesImages/main/review-images/BM-000000295-benjamin-moore-hp4400-waterborne-epoxy.png?raw=true,Images for Review,,,,,,,,,,
simple,Benjamin Moore Woodluxe Stain Remover,295,BM-000000296,,"Benjamin Moore Woodluxe Stain Remover is a surface-preparation or cleanup product for removing the residue named in the product from compatible materials before refinishing. Test first, then follow the label for dilution, dwell time, rinsing, ventilation and protective equipment. Confirm the exact item and package before ordering.",,Paints > Stains & Varnishes,"benjamin moore, benjamin moore woodluxe stain remover, paints, stains & varnishes",Benjamin Moore,MOO01,https://www.benjaminmoore.com/es-us/_assets_benjaminmoore_com/transform/3af685d5-2af8-49cc-a0f3-1eabd98c6f72/image_0015_1080x1080-content_en_US,Image Added,,,,,,,,,,
simple,Benjamin Moore Woodluxe Wood Restorer,296,BM-000000297,,"Benjamin Moore Woodluxe Wood Restorer is a wood-finishing product for colouring, conditioning or protecting the compatible interior or exterior wood surface named in the product. Confirm preparation, compatibility, application, coverage and recoat requirements in the current label or technical data sheet.",,Paints > Stains & Varnishes,"benjamin moore, benjamin moore woodluxe wood restorer, paints, stains & varnishes",Benjamin Moore,MOO01,https://cdn.shopify.com/s/files/1/0665/9617/5949/files/image_K016_1080x1080-content_CA.webp?v=1767026858,Image Added,,,,,,,,,,
simple,Benjamin Moore Woodluxe Wood Brightener/Neutralizer,297,BM-000000298,,"Benjamin Moore Woodluxe Wood Brightener/Neutralizer is a wood-finishing product for colouring, conditioning or protecting the compatible interior or exterior wood surface named in the product. Confirm preparation, compatibility, application, coverage and recoat requirements in the current label or technical data sheet.",,Paints > Stains & Varnishes,"benjamin moore, benjamin moore woodluxe wood brightener/neutralizer, paints, stains & varnishes",Benjamin Moore,MOO01,https://www.benjaminmoore.com/es-us/_assets_benjaminmoore_com/transform/2c73d540-7e34-4033-ad87-1c7855ad1dcd/image_0017_1080x1080-content_en_US,Image Added,,,,,,,,,,
simple,Benjamin Moore Woodluxe Wood Cleaner,298,BM-000000299,,"Benjamin Moore Woodluxe Wood Cleaner is a surface-preparation or cleanup product for removing the residue named in the product from compatible materials before refinishing. Test first, then follow the label for dilution, dwell time, rinsing, ventilation and protective equipment. Confirm the exact item and package before ordering.",,Paints > Stains & Varnishes,"benjamin moore, benjamin moore woodluxe wood cleaner, paints, stains & varnishes",Benjamin Moore,MOO01,https://www.benjaminmoore.com/es-us/_assets_benjaminmoore_com/transform/4be60113-57a4-4b84-bc78-4a7ae2dd153a/image_0018_1080x1080-content_en_US,Image Added,,,,,,,,,,
simple,Benjamin Moore Ultra Spec Elastomeric Coating,299,BM-000000300,,"Benjamin Moore Ultra Spec Elastomeric Coating is a coating formulated for the interior, exterior, specialty or industrial use indicated by its product name and category. Confirm preparation, compatibility, application, coverage and recoat requirements in the current label or technical data sheet. Confirm the exact item and package before ordering.",,Paints > Exterior,"benjamin moore, benjamin moore ultra spec elastomeric coating, paints, exterior",Benjamin Moore,MOO01,https://www.hardwarestore.com/media/catalog/product/B/M/BM-US-MA.png,Image Added,,,,,,,,,,
simple,Benjamin Moore Latex Dryfall,300,BM-000000301,,"Benjamin Moore Latex Dryfall is a coating formulated for the interior, exterior, specialty or industrial use indicated by its product name and category. Confirm preparation, compatibility, application, coverage and recoat requirements in the current label or technical data sheet. Confirm the exact item and package before ordering.",,Paints > Interior,"benjamin moore, benjamin moore latex dryfall, paints, interior",Benjamin Moore,MOO01,https://raw.githubusercontent.com/kinggoff/NewSteelesImages/main/review-images/BM-000000301-benjamin-moore-latex-dry-fall-flat.png?raw=true,Images for Review,,,,,,,,,,
simple,Benjamin Moore Paint Extender,301,BM-000000302,,"Benjamin Moore Paint Extender is a coating formulated for the interior, exterior, specialty or industrial use indicated by its product name and category. Confirm preparation, compatibility, application, coverage and recoat requirements in the current label or technical data sheet. Confirm the exact item and package before ordering.",,Paints > Interior,"benjamin moore, benjamin moore paint extender, paints, interior",Benjamin Moore,MOO01,https://raw.githubusercontent.com/kinggoff/NewSteelesImages/main/review-images/BM-000000302-benjamin-moore-paint-extender-518.png?raw=true,Image Added,,,,,,,,,,
simple,Insl-X Sure Step Anti-Slip Coating - Knight Gray,302,I-000000303,,"Insl-X Sure Step Anti-Slip Coating - Knight Gray is a coating formulated for the interior, exterior, specialty or industrial use indicated by its product name and category. Confirm preparation, compatibility, application, coverage and recoat requirements in the current label or technical data sheet.",,Paints > Exterior,"insl-x, insl-x sure step anti-slip coating - knight gray, paints, exterior",Insl-X,MOO01,https://raw.githubusercontent.com/kinggoff/NewSteelesImages/main/review-images/I-000000303-insl-x-sure-step-anti-slip-knight-gray.png?raw=true,Images for Review,,,,,,,,,,
simple,Coronado Rust-A-Void - Semi-Gloss White,303,COR-000000304,,"Coronado Rust-A-Void - Semi-Gloss White is a coating formulated for the interior, exterior, specialty or industrial use indicated by its product name and category. Confirm preparation, compatibility, application, coverage and recoat requirements in the current label or technical data sheet. Confirm the exact item and package before ordering.",,Paints > Exterior,"coronado, coronado rust-a-void - semi-gloss white, paints, exterior",Coronado,MOO01,https://www.bayviewpaints.com/cdn/shop/files/R13_Rust-A-Void_SEMI-GLOSS_3.79L_BMSTANDARD_WarnSym_CAENG.png?v=1766856538&width=3840,Image Added,,,,,,,,,,
simple,Insl-X Latex Zone Marking Paint,304,I-000000305,,"Insl-X Latex Zone Marking Paint is a marking coating for compatible pavement or traffic-control applications, with the listed colour supporting layout, safety or line-renewal work. Confirm preparation, compatibility, application, coverage and recoat requirements in the current label or technical data sheet.",,Commercial & Industrial > Traffic Paints,"insl-x, insl-x latex zone marking paint, commercial & industrial, traffic paints",Insl-X,MOO01,https://raw.githubusercontent.com/kinggoff/NewSteelesImages/main/review-images/I-000000305-insl-x-latex-traffic-marking-paint-white.png?raw=true,Images for Review,,,,,,,,,,
simple,Benjamin Moore Fresh Start Exterior Wood Primer,305,BM-000000306,,"Benjamin Moore Fresh Start Exterior Wood Primer is a preparatory coating for the substrate or problem condition named in the product, helping create a more uniform surface for compatible topcoats. Confirm preparation, compatibility, application, coverage and recoat requirements in the current label or technical data sheet.",,Paints > Primers,"benjamin moore, benjamin moore fresh start exterior wood primer, paints, primers",Benjamin Moore,MOO01,https://www.hardwarestore.com/media/catalog/product/1/1/110113.png,Image Added,,,,,,,,,,
simple,White Taklon Short,306,BEN-000000307,,"White Taklon Short from Bennett is a purpose-shaped brush for controlled application of compatible paint, stain or decorative coating; its filament style and profile suit the task named in the product. Review the listed format and current manufacturer instructions to confirm compatibility, safe use, cleaning and storage for the intended job.",,Painting Tools & Accessories > Tools,"bennett, white taklon short, painting tools & accessories, tools",Bennett,BEN01-S,https://raw.githubusercontent.com/kinggoff/NewSteelesImages/main/review-images/BEN-000000307-bennett-white-taklon-short-flat-3-4.png?raw=true,Images for Review,,,,,,,,,,
simple,White Taklon Round,307,BEN-000000308,,"White Taklon Round from Bennett is a purpose-shaped brush for controlled application of compatible paint, stain or decorative coating; its filament style and profile suit the task named in the product. Review the listed format and current manufacturer instructions to confirm compatibility, safe use, cleaning and storage for the intended job.",,Painting Tools & Accessories > Tools,"bennett, white taklon round, painting tools & accessories, tools",Bennett,BEN01-S,https://raw.githubusercontent.com/kinggoff/NewSteelesImages/main/review-images/BEN-000000308-bennett-white-taklon-round-3-pack.png?raw=true,Images for Review,,,,,,,,,,
simple,TRAY LINER FOR TRAY,308,BEN-000000309,,"TRAY LINER FOR TRAY from Bennett is a disposable liner sized for the matching paint tray, helping contain coating and reduce tray cleanup between colours or products. Choose the listed size for the surface and coating, then clean or dispose of the applicator according to current product guidance. Confirm the exact item and package before ordering.",,Painting Tools & Accessories > Tools,"bennett, tray liner for tray, painting tools & accessories, tools",Bennett,BEN01-S,https://raw.githubusercontent.com/kinggoff/NewSteelesImages/main/review-images/BEN-000000309-bennett-tray-liner-tpl-4.png?raw=true,Images for Review,,,,,,,,,,
simple,"Rounded, Flat Artist Brushes",309,BEN-000000310,,"Rounded, Flat Artist Brushes from Bennett is a purpose-shaped brush for controlled application of compatible paint, stain or decorative coating; its filament style and profile suit the task named in the product. Choose the listed size for the surface and coating, then clean or dispose of the applicator according to current product guidance.",,Painting Tools & Accessories > Tools,"bennett, rounded, flat artist brushes, painting tools & accessories, tools",Bennett,BEN01-S,https://raw.githubusercontent.com/kinggoff/NewSteelesImages/main/review-images/BEN-000000310-bennett-flat-professional-artist-brushes-3-pack.png?raw=true,Images for Review,,,,,,,,,,
simple,"Bennett Perfection 2 1/2"" Soft Latex Brush",310,BEN-000000311,,"Bennett Perfection 2 1/2"" Soft Latex Brush is a purpose-shaped brush for controlled application of compatible paint, stain or decorative coating; its filament style and profile suit the task named in the product. Choose the listed size for the surface and coating, then clean or dispose of the applicator according to current product guidance.",,Painting Tools & Accessories > Tools,"bennett, bennett perfection 2 1/2"" soft latex brush, painting tools & accessories, tools",Bennett,BEN01-S,https://raw.githubusercontent.com/kinggoff/NewSteelesImages/main/review-images/BEN-000000311-bennett-perfection-2-5-soft-latex-brush.png?raw=true,Image Added,,,,,,,,,,
simple,Pad Painter Replacement,311,BEN-000000312,,"Pad Painter Replacement from Bennett is a pad-style applicator for spreading compatible paint, stain or finish across flat surfaces with direct hand control. Choose the listed size for the surface and coating, then clean or dispose of the applicator according to current product guidance. Confirm the exact item and package before ordering.",,Painting Tools & Accessories > Tools,"bennett, pad painter replacement, painting tools & accessories, tools",Bennett,BEN01-S,https://raw.githubusercontent.com/kinggoff/NewSteelesImages/main/review-images/BEN-000000312-bennett-7-inch-replacement-pad.png?raw=true,Images for Review,,,,,,,,,,
simple,Metal Sander Head,312,BEN-000000313,,"Metal Sander Head from Bennett is a metal sanding head for holding compatible abrasive sheets during manual wall and ceiling preparation. Match it to the surface, work progressively, and use suitable eye, hand and respiratory protection for the material being removed. Confirm the exact item and package before ordering.",,Painting Tools & Accessories > Tools,"bennett, metal sander head, painting tools & accessories, tools",Bennett,BEN01-S,https://raw.githubusercontent.com/kinggoff/NewSteelesImages/main/review-images/BEN-000000313-bennett-aluminum-pole-sander-head.png?raw=true,Image Added,,,,,,,,,,
simple,FOAM CORNER ROLLER,313,BEN-000000314,,"FOAM CORNER ROLLER from Bennett is a shaped paint roller for coating corners, pipes, trim or other areas that are awkward to reach with a standard wall roller. Choose the listed size for the surface and coating, then clean or dispose of the applicator according to current product guidance. Confirm the exact item and package before ordering.",,Painting Tools & Accessories > Tools,"bennett, foam corner roller, painting tools & accessories, tools",Bennett,BEN01-S,https://raw.githubusercontent.com/kinggoff/NewSteelesImages/main/review-images/BEN-000000314-bennett-foam-corner-roller.png?raw=true,Image Added,,,,,,,,,,
simple,Flat White Taklon,314,BEN-000000315,,"Flat White Taklon from Bennett is a purpose-shaped brush for controlled application of compatible paint, stain or decorative coating; its filament style and profile suit the task named in the product. Review the listed format and current manufacturer instructions to confirm compatibility, safe use, cleaning and storage for the intended job.",,Painting Tools & Accessories > Tools,"bennett, flat white taklon, painting tools & accessories, tools",Bennett,BEN01-S,https://raw.githubusercontent.com/kinggoff/NewSteelesImages/main/review-images/BEN-000000310-bennett-flat-professional-artist-brushes-3-pack.png?raw=true,Images for Review,,,,,,,,,,
simple,Dualon German Roller,315,BEN-000000316,,"Dualon German Roller from Bennett is a paint-roller cover or refill for applying compatible coatings; its stated fabric, width and nap help determine finish texture, loading and surface reach. Choose the listed size for the surface and coating, then clean or dispose of the applicator according to current product guidance.",,Painting Tools & Accessories > Tools,"bennett, dualon german roller, painting tools & accessories, tools",Bennett,BEN01-S,https://raw.githubusercontent.com/kinggoff/NewSteelesImages/main/review-images/BEN-000000316-bennett-dualon-blue-stripe-10-inch-roller.png?raw=true,Images for Review,,,,,,,,,,
simple,Cheese Cloth,316,BEN-000000317,,"Cheese Cloth from Bennett is a wiping material for removing dust, grime or light jobsite residue during surface preparation and cleanup. Review the listed format and current manufacturer instructions to confirm compatibility, safe use, cleaning and storage for the intended job. Confirm the exact item and package before ordering.",,Painting Tools & Accessories > Paint Prep & Repairs,"bennett, cheese cloth, painting tools & accessories, paint prep & repairs",Bennett,BEN01-S,https://raw.githubusercontent.com/kinggoff/NewSteelesImages/main/review-images/BEN-000000317-bennett-lint-free-cheese-cloth.png?raw=true,Images for Review,,,,,,,,,,
simple,CanPro Cotton Drop Sheet,317,CAN-000000318,,"CanPro Cotton Drop Sheet is a temporary surface-protection material for covering floors, furniture or adjacent areas against dust, drips and ordinary painting debris. Lay it over a clean, dry area, secure the edges safely, and confirm that any adhesive or film suits the underlying finish. Confirm the exact item and package before ordering.",,Painting Tools & Accessories > Paint Prep & Repairs,"canpro, canpro cotton drop sheet, painting tools & accessories, paint prep & repairs",CanPro,BEN01-S,https://raw.githubusercontent.com/kinggoff/NewSteelesImages/main/review-images/CAN-000000318-allpro-canvas-drop-cloth.png?raw=true,Images for Review,,,,,Variants,4X12 | 8X12 | 14X12,1,1,,
simple,Black Goat Hair Artist Brush 555,318,BEN-000000319,,"Black Goat Hair Artist Brush 555 from Bennett is a purpose-shaped brush for controlled application of compatible paint, stain or decorative coating; its filament style and profile suit the task named in the product. Choose the listed size for the surface and coating, then clean or dispose of the applicator according to current product guidance.",,Painting Tools & Accessories > Tools,"bennett, black goat hair artist brush 555, painting tools & accessories, tools",Bennett,BEN01-S,https://raw.githubusercontent.com/kinggoff/NewSteelesImages/main/review-images/BEN-000000319-linzer-a555-artist-brush-set.png?raw=true,Images for Review,,,,,,,,,,
simple,Bennett Small Plastic Tray Liner,319,BEN-000000320,,"Bennett Small Plastic Tray Liner is a disposable liner sized for the matching paint tray, helping contain coating and reduce tray cleanup between colours or products. Choose the listed size for the surface and coating, then clean or dispose of the applicator according to current product guidance. Confirm the exact item and package before ordering.",,Painting Tools & Accessories > Tools,"bennett, bennett small plastic tray liner, painting tools & accessories, tools",Bennett,BEN01-S,https://raw.githubusercontent.com/kinggoff/NewSteelesImages/main/review-images/BEN-000000320-bennett-small-paint-tray-liner.png?raw=true,Images for Review,,,,,,,,,,
simple,Bennett Small Plastic Tray,320,BEN-000000321,,"Bennett Small Plastic Tray is a paint tray or tray set for loading rollers and holding a practical working quantity of coating during application. Choose the listed size for the surface and coating, then clean or dispose of the applicator according to current product guidance. Confirm the exact item and package before ordering.",,Painting Tools & Accessories > Tools,"bennett, bennett small plastic tray, painting tools & accessories, tools",Bennett,BEN01-S,https://raw.githubusercontent.com/kinggoff/NewSteelesImages/main/review-images/BEN-000000321-bennett-small-paint-tray.png?raw=true,Images for Review,,,,,,,,,,
simple,Bennett Plastic XL Tray Liner,321,BEN-000000322,,"Bennett Plastic XL Tray Liner is a disposable liner sized for the matching paint tray, helping contain coating and reduce tray cleanup between colours or products. Choose the listed size for the surface and coating, then clean or dispose of the applicator according to current product guidance. Confirm the exact item and package before ordering.",,Painting Tools & Accessories > Tools,"bennett, bennett plastic xl tray liner, painting tools & accessories, tools",Bennett,BEN01-S,https://raw.githubusercontent.com/kinggoff/NewSteelesImages/main/review-images/BEN-000000322-bennett-xxl-plastic-tray-liner.png?raw=true,Image Added,,,,,,,,,,
simple,Bennett One Stroke Taklon,322,BEN-000000323,,"Bennett One Stroke Taklon is a purpose-shaped brush for controlled application of compatible paint, stain or decorative coating; its filament style and profile suit the task named in the product. Review the listed format and current manufacturer instructions to confirm compatibility, safe use, cleaning and storage for the intended job.",,Painting Tools & Accessories > Tools,"bennett, bennett one stroke taklon, painting tools & accessories, tools",Bennett,BEN01-S,https://raw.githubusercontent.com/kinggoff/NewSteelesImages/main/review-images/BEN-000000310-bennett-flat-professional-artist-brushes-3-pack.png?raw=true,Images for Review,,,,,,,,,,
simple,Bennett Micropro Refill,323,BEN-000000324,,"Bennett Micropro Refill is a paint-roller cover or refill for applying compatible coatings; its stated fabric, width and nap help determine finish texture, loading and surface reach. Review the listed format and current manufacturer instructions to confirm compatibility, safe use, cleaning and storage for the intended job.",,Painting Tools & Accessories > Tools,"bennett, bennett micropro refill, painting tools & accessories, tools",Bennett,BEN01-S,https://raw.githubusercontent.com/kinggoff/NewSteelesImages/main/review-images/BEN-000000324-bennett-micropro-15mm-10-pack.png?raw=true,Image Added,,,,,Variants,15MM x 10PK | 15MM,1,1,,
simple,Bennett Liner For Tray,324,BEN-000000325,,"Bennett Liner For Tray is a disposable liner sized for a compatible paint tray, helping contain coating and reduce cleanup between products or colours. Choose the listed size for the surface and coating, then clean or dispose of the applicator according to current product guidance. Confirm the exact item and package before ordering.",,Painting Tools & Accessories > Tools,"bennett, bennett liner for tray, painting tools & accessories, tools",Bennett,BEN01-S,https://raw.githubusercontent.com/kinggoff/NewSteelesImages/main/review-images/BEN-000000325-bennett-tpl-8-tray-liner.png?raw=true,Images for Review,,,,,,,,,,
simple,Bennett Large Sea Sponge,325,BEN-000000326,,"Bennett Large Sea Sponge is a natural-style sponge applicator for decorative painting, glazing and mottled texture effects on compatible prepared surfaces. Review the listed format and current manufacturer instructions to confirm compatibility, safe use, cleaning and storage for the intended job. Confirm the exact item and package before ordering.",,Painting Tools & Accessories > Tools,"bennett, bennett large sea sponge, painting tools & accessories, tools",Bennett,BEN01-S,https://raw.githubusercontent.com/kinggoff/NewSteelesImages/main/review-images/BEN-000000326-bennett-large-natural-sea-sponge.png?raw=true,Image Added,,,,,,,,,,
simple,Bennett Jumbo XL Plastic Tray,326,BEN-000000327,,"Bennett Jumbo XL Plastic Tray is a paint tray or tray set for loading rollers and holding a practical working quantity of coating during application. Choose the listed size for the surface and coating, then clean or dispose of the applicator according to current product guidance. Confirm the exact item and package before ordering.",,Painting Tools & Accessories > Tools,"bennett, bennett jumbo xl plastic tray, painting tools & accessories, tools",Bennett,BEN01-S,https://raw.githubusercontent.com/kinggoff/NewSteelesImages/main/review-images/BEN-000000327-bennett-jumbo-xl-plastic-tray.png?raw=true,Image Added,,,,,,,,,,
simple,Bennett Gallon Paint Grid,327,BEN-000000328,,"Bennett Gallon Paint Grid is a roller grid for removing excess coating and distributing paint evenly on a roller used from a compatible pail or container. Choose the listed size for the surface and coating, then clean or dispose of the applicator according to current product guidance. Confirm the exact item and package before ordering.",,Painting Tools & Accessories > Tools,"bennett, bennett gallon paint grid, painting tools & accessories, tools",Bennett,BEN01-S,https://raw.githubusercontent.com/kinggoff/NewSteelesImages/main/review-images/BEN-000000328-bennett-one-gallon-metal-paint-grid.png?raw=true,Image Added,,,,,,,,,,
simple,Bennett Disposable Coverall Large,328,BEN-000000329,,"Bennett Disposable Coverall Large is jobsite clothing or personal protective wear intended to help keep ordinary paint, dust and surface-preparation debris off the user. Confirm fit, compatibility and required protection before use, and follow the current safety instructions for the actual workplace hazard.",,Painting Tools & Accessories > Clothing & Safety,"bennett, bennett disposable coverall large, painting tools & accessories, clothing & safety",Bennett,BEN01-S,https://raw.githubusercontent.com/kinggoff/NewSteelesImages/main/review-images/BEN-000000329-bennett-coveralls-large.png?raw=true,Image Added,,,,,,,,,,
simple,Bennett Brass Mini Wire Brush,329,BEN-000000330,,"Bennett Brass Mini Wire Brush is a paint or decorative-finish brush whose stated shape, filament and size are intended to provide control for the named application. Choose the listed size for the surface and coating, then clean or dispose of the applicator according to current product guidance. Confirm the exact item and package before ordering.",,Painting Tools & Accessories > Tools,"bennett, bennett brass mini wire brush, painting tools & accessories, tools",Bennett,BEN01-S,https://raw.githubusercontent.com/kinggoff/NewSteelesImages/main/review-images/BEN-000000330-bennett-mini-brass-wire-brush.png?raw=true,Image Added,,,,,,,,,,
simple,Bennett Mini Red Tray,330,BEN-000000331,,"Bennett Mini Red Tray is a paint tray or tray set for loading rollers and holding a practical working quantity of coating during application. Selection should be based on the specific task, material, working conditions and compatible products in the complete system. Choose the listed size for the surface and coating, then clean or dispose of the applicator according to current product guidance.",,Painting Tools & Accessories > Tools,"bennett, bennett mini red tray, painting tools & accessories, tools",Bennett,BEN01-S,https://raw.githubusercontent.com/kinggoff/NewSteelesImages/main/review-images/BEN-000000331-bennett-mini-red-tray.png?raw=true,Image Added,,,,,,,,,,
simple,Bennett Fiberglass Pole,331,BEN-000000332,,"Bennett Fiberglass Pole is an extension pole for increasing the reach of compatible rollers, sanding heads or other threaded painting tools. Selection should be based on the specific task, material, working conditions and compatible products in the complete system. Choose the listed size for the surface and coating, then clean or dispose of the applicator according to current product guidance.",,Painting Tools & Accessories > Tools,"bennett, bennett fiberglass pole, painting tools & accessories, tools",Bennett,BEN01-S,https://raw.githubusercontent.com/kinggoff/NewSteelesImages/main/review-images/BEN-000000332-bennett-pro-glas-fiberglass-pole.png?raw=true,Images for Review,,,,,Variants,"72"" | 54""",1,1,,
simple,Bennett Pad Painter,332,BEN-000000333,,"Bennett Pad Painter is a pad-style applicator for spreading compatible paint, stain or finish across flat surfaces with direct hand control. It is intended to give the applicator practical control over loading, placement and finish on the matching surface area. Choose the listed size for the surface and coating, then clean or dispose of the applicator according to current product guidance.",,Painting Tools & Accessories > Tools,"bennett, bennett pad painter, painting tools & accessories, tools",Bennett,BEN01-S,https://raw.githubusercontent.com/kinggoff/NewSteelesImages/main/review-images/BEN-000000333-bennett-7-inch-pad-painter.png?raw=true,Image Added,,,,,,,,,,
simple,Bennett Twist Fiberglass,333,BEN-000000334,,"Bennett Twist Fiberglass is an extension pole for increasing the reach of compatible rollers, sanding heads or other threaded painting tools. Review the listed format and current manufacturer instructions to confirm compatibility, safe use, cleaning and storage for the intended job. Confirm the exact item and package before ordering.",,Painting Tools & Accessories > Tools,"bennett, bennett twist fiberglass, painting tools & accessories, tools",Bennett,BEN01-S,https://raw.githubusercontent.com/kinggoff/NewSteelesImages/main/review-images/BEN-000000334-bennett-twist-fiberglass-pole-6-12.png?raw=true,Images for Review,,,,,Variants,6'-12' | 4'-8',1,1,,
simple,Bennett Red Tray,334,BEN-000000335,,"Bennett Red Tray is a paint tray or tray set for loading rollers and holding a practical working quantity of coating during application. Selection should be based on the specific task, material, working conditions and compatible products in the complete system. Choose the listed size for the surface and coating, then clean or dispose of the applicator according to current product guidance.",,Painting Tools & Accessories > Tools,"bennett, bennett red tray, painting tools & accessories, tools",Bennett,BEN01-S,https://raw.githubusercontent.com/kinggoff/NewSteelesImages/main/review-images/BEN-000000335-bennett-t8-red-paint-tray-v2.png?raw=true,Images for Review,,,,,,,,,,
simple,Bennett Pure Bristle Chip Brush,335,BEN-000000336,,"Bennett Pure Bristle Chip Brush is a purpose-shaped brush for controlled application of compatible paint, stain or decorative coating; its filament style and profile suit the task named in the product. Choose the listed size for the surface and coating, then clean or dispose of the applicator according to current product guidance.",,Painting Tools & Accessories > Tools,"bennett, bennett pure bristle chip brush, painting tools & accessories, tools",Bennett,BEN01-S,https://raw.githubusercontent.com/kinggoff/NewSteelesImages/main/review-images/BEN-000000336-bennett-c60-3-pure-bristle-brush.png?raw=true,Images for Review,,,,,,,,,,
simple,Bennett Micropro Tray Set,336,BEN-000000337,,"Bennett Micropro Tray Set is a paint tray or tray set for loading rollers and holding a practical working quantity of coating during application. Choose the listed size for the surface and coating, then clean or dispose of the applicator according to current product guidance. Confirm the exact item and package before ordering.",,Painting Tools & Accessories > Tools,"bennett, bennett micropro tray set, painting tools & accessories, tools",Bennett,BEN01-S,https://raw.githubusercontent.com/kinggoff/NewSteelesImages/main/review-images/BEN-000000337-bennett-micropro-5-piece-tray-set.png?raw=true,Image Added,,,,,,,,,,
simple,Bennett Micropro Refills,337,BEN-000000338,,"Bennett Micropro Refills is a paint-roller refill for applying compatible coatings, with the product family and selected nap determining loading, release and surface texture. Review the listed format and current manufacturer instructions to confirm compatibility, safe use, cleaning and storage for the intended job.",,Painting Tools & Accessories > Tools,"bennett, bennett micropro refills, painting tools & accessories, tools",Bennett,BEN01-S,https://raw.githubusercontent.com/kinggoff/NewSteelesImages/main/review-images/BEN-000000338-bennett-micropro-13mm-roller-3-pack.png?raw=true,Images for Review,,,,,,,,,,
simple,Bennett Foam Refills,338,BEN-000000339,,"Bennett Foam Refills is a paint-roller cover or refill for applying compatible coatings; its stated fabric, width and nap help determine finish texture, loading and surface reach. Review the listed format and current manufacturer instructions to confirm compatibility, safe use, cleaning and storage for the intended job.",,Painting Tools & Accessories > Tools,"bennett, bennett foam refills, painting tools & accessories, tools",Bennett,BEN01-S,https://raw.githubusercontent.com/kinggoff/NewSteelesImages/main/review-images/BEN-000000339-bennett-high-density-foam-refills-10-pack.png?raw=true,Image Added,,,,,,,,,,
simple,Bennett Foam Brush,339,BEN-000000340,,"Bennett Foam Brush is a purpose-shaped brush for controlled application of compatible paint, stain or decorative coating; its filament style and profile suit the task named in the product. Choose the listed size for the surface and coating, then clean or dispose of the applicator according to current product guidance.",,Painting Tools & Accessories > Tools,"bennett, bennett foam brush, painting tools & accessories, tools",Bennett,BEN01-S,https://raw.githubusercontent.com/kinggoff/NewSteelesImages/main/review-images/BEN-000000340-bennett-foam-brushes-10-pack.png?raw=true,Images for Review,,,,,,,,,,
simple,Bennett 4X12 Cotton Drop Sheet,340,BEN-000000341,,"Bennett 4X12 Cotton Drop Sheet is a temporary surface-protection material for covering floors, furniture or adjacent areas against dust, drips and ordinary painting debris. Lay it over a clean, dry area, secure the edges safely, and confirm that any adhesive or film suits the underlying finish. Confirm the exact item and package before ordering.",,Painting Tools & Accessories > Tools,"bennett, bennett 4x12 cotton drop sheet, painting tools & accessories, tools",Bennett,BEN01-S,https://raw.githubusercontent.com/kinggoff/NewSteelesImages/main/review-images/BEN-000000341-bennett-4x12-cotton-drop-cloth.png?raw=true,Image Added,,,,,,,,,,
simple,Bennett Drill Mixer,341,BEN-000000342,,"Bennett Drill Mixer is a mixing accessory for blending compatible paint, compound or sealant to a more uniform consistency before application. Selection should be based on the specific task, material, working conditions and compatible products in the complete system. Match it to the surface, work progressively, and use suitable eye, hand and respiratory protection for the material being removed.",,Painting Tools & Accessories > Tools,"bennett, bennett drill mixer, painting tools & accessories, tools",Bennett,BEN01-S,https://raw.githubusercontent.com/kinggoff/NewSteelesImages/main/review-images/BEN-000000342-bennett-mix60-drill-mixer.png?raw=true,Images for Review,,,,,Variants,2 GALLON | 1 GALLON,1,1,,
simple,Bennett Mini Roller Handle,342,BEN-000000343,,"Bennett Mini Roller Handle is a reusable roller frame or handle for mounting a compatible cover and applying paint to the intended surface area. It is intended to give the applicator practical control over loading, placement and finish on the matching surface area. Choose the listed size for the surface and coating, then clean or dispose of the applicator according to current product guidance.",,Painting Tools & Accessories > Tools,"bennett, bennett mini roller handle, painting tools & accessories, tools",Bennett,BEN01-S,https://raw.githubusercontent.com/kinggoff/NewSteelesImages/main/review-images/BEN-000000343-bennett-mini-roller-frame.png?raw=true,Image Added,,,,,,,,,,
simple,Bennett Putty Knife,343,BEN-000000344,,"Bennett Putty Knife is a hand-finishing tool for applying, shaping or smoothing patching compound, joint compound, filler or wallcovering material. Match it to the surface, work progressively, and use suitable eye, hand and respiratory protection for the material being removed. Confirm the exact item and package before ordering.",,Painting Tools & Accessories > Tools,"bennett, bennett putty knife, painting tools & accessories, tools",Bennett,BEN01-S,https://images.squarespace-cdn.com/content/v1/677eb10cd27c68576bda3634/3d554bca-5a76-4143-8b43-35eedf9438e8/27.png,Image Added,,,,,,,,,,
simple,Bennett 5-Wire Cage,344,BEN-000000345,,"Bennett 5-Wire Cage is a reusable roller frame or handle for mounting a compatible cover and applying paint to the intended surface area. Review the listed format and current manufacturer instructions to confirm compatibility, safe use, cleaning and storage for the intended job. Confirm the exact item and package before ordering.",,Painting Tools & Accessories > Tools,"bennett, bennett 5-wire cage, painting tools & accessories, tools",Bennett,BEN01-S,https://raw.githubusercontent.com/kinggoff/NewSteelesImages/main/review-images/BEN-000000345-bennett-five-wire-roller-cage.png?raw=true,Image Added,,,,,,,,,,
simple,8 X 12 Plastic Drop Sheet,345,BEN-000000346,,"8 X 12 Plastic Drop Sheet from Bennett is a temporary surface-protection material for covering floors, furniture or adjacent areas against dust, drips and ordinary painting debris. Lay it over a clean, dry area, secure the edges safely, and confirm that any adhesive or film suits the underlying finish.",,Painting Tools & Accessories > Tools,"bennett, 8 x 12 plastic drop sheet, painting tools & accessories, tools",Bennett,BEN01-S,https://raw.githubusercontent.com/kinggoff/NewSteelesImages/main/review-images/BEN-000000346-bennett-8x12-medium-plastic-drop-sheet.png?raw=true,Image Added,,,,,,,,,,
simple,CHIP BRUSH CHIP,346,BEN-000000347,,"CHIP BRUSH CHIP from Bennett is a purpose-shaped brush for controlled application of compatible paint, stain or decorative coating; its filament style and profile suit the task named in the product. Choose the listed size for the surface and coating, then clean or dispose of the applicator according to current product guidance.",,Painting Tools & Accessories > Tools,"bennett, chip brush chip, painting tools & accessories, tools",Bennett,BEN01-S,https://raw.githubusercontent.com/kinggoff/NewSteelesImages/main/review-images/BEN-000000336-bennett-c60-3-pure-bristle-brush.png?raw=true,Images for Review,,,,,,,,,,
simple,Plastic Putty Knife,347,BEN-000000348,,"Plastic Putty Knife from Bennett is a hand-finishing tool for applying, shaping or smoothing patching compound, joint compound, filler or wallcovering material. Match it to the surface, work progressively, and use suitable eye, hand and respiratory protection for the material being removed. Confirm the exact item and package before ordering.",,Painting Tools & Accessories > Tools,"bennett, plastic putty knife, painting tools & accessories, tools",Bennett,BEN01-S,https://www.bcepoxydepot.shop/cdn/shop/files/Untitleddesign-2025-07-04T154919.855.png?v=1751669367&width=1445,Image Added,,,,,,,,,,
simple,Bennett Red Bee Chip Brush,348,BEN-000000349,,"Bennett Red Bee Chip Brush is a purpose-shaped brush for controlled application of compatible paint, stain or decorative coating; its filament style and profile suit the task named in the product. Choose the listed size for the surface and coating, then clean or dispose of the applicator according to current product guidance.",,Painting Tools & Accessories > Tools,"bennett, bennett red bee chip brush, painting tools & accessories, tools",Bennett,BEN01-S,https://raw.githubusercontent.com/kinggoff/NewSteelesImages/main/review-images/BEN-000000349-bennett-red-bee-3-inch-brush.png?raw=true,Images for Review,,,,,,,,,,
simple,High Density Foam,349,BEN-000000350,,"High Density Foam from Bennett is a high-density foam applicator refill for laying down compatible smooth coatings on trim, doors and other suitable surfaces. Review the listed format and current manufacturer instructions to confirm compatibility, safe use, cleaning and storage for the intended job.",,Painting Tools & Accessories > Tools,"bennett, high density foam, painting tools & accessories, tools",Bennett,BEN01-S,https://raw.githubusercontent.com/kinggoff/NewSteelesImages/main/review-images/BEN-000000339-bennett-high-density-foam-refills-10-pack.png?raw=true,Images for Review,,,,,,,,,,
simple,Lint-Free Tray Set,350,BEN-000000351,,"Lint-Free Tray Set from Bennett is a paint tray or tray set for loading rollers and holding a practical working quantity of coating during application. Choose the listed size for the surface and coating, then clean or dispose of the applicator according to current product guidance. Confirm the exact item and package before ordering.",,Painting Tools & Accessories > Tools,"bennett, lint-free tray set, painting tools & accessories, tools",Bennett,BEN01-S,https://raw.githubusercontent.com/kinggoff/NewSteelesImages/main/review-images/BEN-000000351-bennett-lf-240hp-lint-free-tray-set.png?raw=true,Image Added,,,,,,,,,,
simple,Bennett Lint Free Rollers,351,BEN-000000352,,"Bennett Lint Free Rollers is a paint-roller cover or refill for applying compatible coatings; its stated fabric, width and nap help determine finish texture, loading and surface reach. Choose the listed size for the surface and coating, then clean or dispose of the applicator according to current product guidance.",,Painting Tools & Accessories > Tools,"bennett, bennett lint free rollers, painting tools & accessories, tools",Bennett,BEN01-S,https://raw.githubusercontent.com/kinggoff/NewSteelesImages/main/review-images/BEN-000000352-bennett-lint-free-10mm-roller-cover.png?raw=true,Images for Review,,,,,,,,,,
simple,Angular White Taklon,352,BEN-000000353,,"Angular White Taklon from Bennett is a purpose-shaped brush for controlled application of compatible paint, stain or decorative coating; its filament style and profile suit the task named in the product. Review the listed format and current manufacturer instructions to confirm compatibility, safe use, cleaning and storage for the intended job.",,Painting Tools & Accessories > Tools,"bennett, angular white taklon, painting tools & accessories, tools",Bennett,BEN01-S,https://raw.githubusercontent.com/kinggoff/NewSteelesImages/main/review-images/BEN-000000353-bennett-angular-white-taklon-brush-set.png?raw=true,Images for Review,,,,,,,,,,
simple,High Density Foam Brush,353,BEN-000000354,,"High Density Foam Brush from Bennett is a purpose-shaped brush for controlled application of compatible paint, stain or decorative coating; its filament style and profile suit the task named in the product. Choose the listed size for the surface and coating, then clean or dispose of the applicator according to current product guidance.",,Painting Tools & Accessories > Tools,"bennett, high density foam brush, painting tools & accessories, tools",Bennett,BEN01-S,https://raw.githubusercontent.com/kinggoff/NewSteelesImages/main/review-images/BEN-000000354-bennett-high-density-foam-brush.png?raw=true,Images for Review,,,,,,,,,,
simple,Red X Pro Red Blocker,354,CAN-000000355,,"Red X Pro Red Blocker from Canlak is a stain-blocking preparation product for isolating compatible red dyes or colourants before a new finish is applied. Review the listed format and current manufacturer instructions to confirm compatibility, safe use, cleaning and storage for the intended job. Confirm the exact item and package before ordering.",,Painting Tools & Accessories > Paint Prep & Repairs,"canlak, red x pro red blocker, painting tools & accessories, paint prep & repairs",Canlak,CANLAK,https://raw.githubusercontent.com/kinggoff/NewSteelesImages/main/review-images/CAN-000000355-absco-red-x-pro-red-blocker.png?raw=true,Image Added,,,,,,,,,,
simple,Canlak White Dry Glaze,355,CAN-000000356,,"Canlak White Dry Glaze is a decorative or finishing glaze used to adjust colour, accent detail or create visual depth on a compatible prepared coating system. Confirm preparation, compatibility, application, coverage and recoat requirements in the current label or technical data sheet. Confirm the exact item and package before ordering.",,Lacquer And Millwork Coatings > Canlak,"canlak, canlak white dry glaze, lacquer and millwork coatings",Canlak,CANLAK,https://raw.githubusercontent.com/kinggoff/NewSteelesImages/main/review-images/CAN-000000358-canlak-industrial-pail.png?raw=true,Images for Review,,,,,,,,,,
simple,Canlak WB Lacquer 10% Sheen,356,CAN-000000357,,"Canlak WB Lacquer 10% Sheen is a clear or translucent finish for building the sheen and protection appropriate to the compatible surface and coating system. Confirm preparation, compatibility, application, coverage and recoat requirements in the current label or technical data sheet. Confirm the exact item and package before ordering.",,Lacquer And Millwork Coatings > Canlak,"canlak, canlak wb lacquer 10% sheen, lacquer and millwork coatings",Canlak,CANLAK,https://raw.githubusercontent.com/kinggoff/NewSteelesImages/main/review-images/CAN-000000358-canlak-industrial-pail.png?raw=true,Images for Review,,,,,,,,,,
simple,Canlak Varnish Thinner,357,CAN-000000358,,"Canlak Varnish Thinner is a surface-preparation or cleanup product for removing the residue named in the product from compatible materials before refinishing. Colour and sheen can vary with wood species, porosity and preparation, so a representative test area is recommended. Test first, then follow the label for dilution, dwell time, rinsing, ventilation and protective equipment.",,Lacquer And Millwork Coatings > Canlak,"canlak, canlak varnish thinner, lacquer and millwork coatings",Canlak,CANLAK,https://raw.githubusercontent.com/kinggoff/NewSteelesImages/main/review-images/CAN-000000358-canlak-industrial-pail.png?raw=true,Images for Review,,,,,,,,,,
simple,Canlak Thinner,358,CAN-000000359,,"Canlak Thinner is a surface-preparation or cleanup product for removing the residue named in the product from compatible materials before refinishing. Selection should be based on the specific task, material, working conditions and compatible products in the complete system. Test first, then follow the label for dilution, dwell time, rinsing, ventilation and protective equipment.",,Lacquer And Millwork Coatings > Canlak,"canlak, canlak thinner, lacquer and millwork coatings",Canlak,CANLAK,https://raw.githubusercontent.com/kinggoff/NewSteelesImages/main/review-images/CAN-000000358-canlak-industrial-pail.png?raw=true,Images for Review,,,,,,,,,,
simple,Canlak Post-Cat Clear 10% Sheen,359,CAN-000000360,,"Canlak Post-Cat Clear 10% Sheen is a clear or translucent finish for building the sheen and protection appropriate to the compatible surface and coating system. Confirm preparation, compatibility, application, coverage and recoat requirements in the current label or technical data sheet. Confirm the exact item and package before ordering.",,Lacquer And Millwork Coatings > Canlak,"canlak, canlak post-cat clear 10% sheen, lacquer and millwork coatings",Canlak,CANLAK,https://raw.githubusercontent.com/kinggoff/NewSteelesImages/main/review-images/CAN-000000358-canlak-industrial-pail.png?raw=true,Images for Review,,,,,,,,,,
simple,Canlak High Build Post-Catalyzed White Primer,360,CAN-000000361,,"Canlak High Build Post-Catalyzed White Primer is a preparatory coating for the substrate or problem condition named in the product, helping create a more uniform surface for compatible topcoats. Confirm preparation, compatibility, application, coverage and recoat requirements in the current label or technical data sheet.",,Lacquer And Millwork Coatings > Canlak,"canlak, canlak high build post-catalyzed white primer, lacquer and millwork coatings",Canlak,CANLAK,https://raw.githubusercontent.com/kinggoff/NewSteelesImages/main/review-images/CAN-000000358-canlak-industrial-pail.png?raw=true,Images for Review,,,,,,,,,,
simple,Canlak Clear Perma-Shine50% Sheen,361,CAN-000000362,,"Canlak Clear Perma-Shine50% Sheen is a clear or translucent finish for building the sheen and protection appropriate to the compatible surface and coating system. Confirm preparation, compatibility, application, coverage and recoat requirements in the current label or technical data sheet. Confirm the exact item and package before ordering.",,Lacquer And Millwork Coatings > Canlak,"canlak, canlak clear perma-shine50% sheen, lacquer and millwork coatings",Canlak,CANLAK,https://raw.githubusercontent.com/kinggoff/NewSteelesImages/main/review-images/CAN-000000358-canlak-industrial-pail.png?raw=true,Images for Review,,,,,,,,,,
simple,Canlak Black Wet Glaze,362,CAN-000000363,,"Canlak Black Wet Glaze is a decorative or finishing glaze used to adjust colour, accent detail or create visual depth on a compatible prepared coating system. Confirm preparation, compatibility, application, coverage and recoat requirements in the current label or technical data sheet. Confirm the exact item and package before ordering.",,Lacquer And Millwork Coatings > Canlak,"canlak, canlak black wet glaze, lacquer and millwork coatings",Canlak,CANLAK,https://raw.githubusercontent.com/kinggoff/NewSteelesImages/main/review-images/CAN-000000358-canlak-industrial-pail.png?raw=true,Images for Review,,,,,,,,,,
simple,Chapin Xtreme Concrete Sprayer,363,CHA-000000364,,"Chapin Xtreme Concrete Sprayer is a portable sprayer for applying compatible liquid materials in a controlled pattern; seals, nozzle and pressure range must suit the product being sprayed. Review the listed format and current manufacturer instructions to confirm compatibility, safe use, cleaning and storage for the intended job.",,Painting Tools & Accessories > Tools,"chapin, chapin xtreme concrete sprayer, painting tools & accessories, tools",Chapin,CHAPIN,https://raw.githubusercontent.com/kinggoff/NewSteelesImages/main/review-images/CHA-000000364-chapin-19049-xtreme-concrete-sprayer.png?raw=true,Images for Review,,,,,,,,,,
simple,Allpro Mini Wallpaper Sprayer,364,AP-000000365,,"Allpro Mini Wallpaper Sprayer is a portable sprayer for applying compatible liquid materials in a controlled pattern; seals, nozzle and pressure range must suit the product being sprayed. Review the listed format and current manufacturer instructions to confirm compatibility, safe use, cleaning and storage for the intended job.",,Painting Tools & Accessories > Tools,"allpro, allpro mini wallpaper sprayer, painting tools & accessories, tools",AllPro,CHAPIN,https://raw.githubusercontent.com/kinggoff/NewSteelesImages/main/review-images/AP-000000365-allpro-48oz-wallpaper-sprayer.png?raw=true,Images for Review,,,,,,,,,,
simple,Corona Ultraweave Roller,365,COR-000000366,,"Corona Ultraweave Roller is a paint-roller cover or refill for applying compatible coatings; its stated fabric, width and nap help determine finish texture, loading and surface reach. Choose the listed size for the surface and coating, then clean or dispose of the applicator according to current product guidance.",,Painting Tools & Accessories > Tools,"corona, corona ultraweave roller, painting tools & accessories, tools",Corona,COR02-S,https://raw.githubusercontent.com/kinggoff/NewSteelesImages/main/review-images/COR-000000366-corona-ultraweave-9-inch-half-inch-nap.png?raw=true,Images for Review,,,,,Variants,"1/2"" x 3PK | 1/2""",1,1,,
simple,Corona Ultrafast,366,COR-000000367,,"Corona Ultrafast is a paint-roller refill for applying compatible coatings, with the product family and selected nap determining loading, release and surface texture. Review the listed format and current manufacturer instructions to confirm compatibility, safe use, cleaning and storage for the intended job.",,Painting Tools & Accessories > Tools,"corona, corona ultrafast, painting tools & accessories, tools",Corona,COR02-S,https://raw.githubusercontent.com/kinggoff/NewSteelesImages/main/review-images/COR-000000367-corona-ultrafast-9-inch-half-inch-nap.png?raw=true,Images for Review,,,,,,,,,,
simple,Corona Glasskoter Mohair,367,COR-000000368,,"Corona Glasskoter Mohair is a paint-roller cover or refill for applying compatible coatings; its stated fabric, width and nap help determine finish texture, loading and surface reach. Review the listed format and current manufacturer instructions to confirm compatibility, safe use, cleaning and storage for the intended job.",,Painting Tools & Accessories > Tools,"corona, corona glasskoter mohair, painting tools & accessories, tools",Corona,COR02-S,https://raw.githubusercontent.com/kinggoff/NewSteelesImages/main/review-images/COR-000000368-corona-glasskoter-mohair-roller-cover.png?raw=true,Images for Review,,,,,,,,,,
simple,Cortez Latex Brush Corona,368,COR-000000369,,"Cortez Latex Brush Corona from Corona is a purpose-shaped brush for controlled application of compatible paint, stain or decorative coating; its filament style and profile suit the task named in the product. Choose the listed size for the surface and coating, then clean or dispose of the applicator according to current product guidance.",,Painting Tools & Accessories > Tools,"corona, cortez latex brush corona, painting tools & accessories, tools",Corona,COR02-S,https://raw.githubusercontent.com/kinggoff/NewSteelesImages/main/review-images/COR-000000369-corona-cortez-2-5-inch-angle-brush.png?raw=true,Images for Review,,,,,,,,,,
simple,Shelby Latex Brush,369,COR-000000370,,"Shelby Latex Brush from Corona is a purpose-shaped brush for controlled application of compatible paint, stain or decorative coating; its filament style and profile suit the task named in the product. Choose the listed size for the surface and coating, then clean or dispose of the applicator according to current product guidance.",,Painting Tools & Accessories > Tools,"corona, shelby latex brush, painting tools & accessories, tools",Corona,COR02-S,https://raw.githubusercontent.com/kinggoff/NewSteelesImages/main/review-images/COR-000000370-corona-shelby-2-5-inch-angle-brush.png?raw=true,Images for Review,,,,,,,,,,
simple,Excalibur Chinex Brush Corona,370,COR-000000371,,"Excalibur Chinex Brush Corona from Corona is a purpose-shaped brush for controlled application of compatible paint, stain or decorative coating; its filament style and profile suit the task named in the product. Choose the listed size for the surface and coating, then clean or dispose of the applicator according to current product guidance.",,Painting Tools & Accessories > Tools,"corona, excalibur chinex brush corona, painting tools & accessories, tools",Corona,COR02-S,https://raw.githubusercontent.com/kinggoff/NewSteelesImages/main/review-images/COR-000000371-corona-excalibur-3-inch-chinex-brush.png?raw=true,Images for Review,,,,,,,,,,
simple,Corona Ryan Chinex Brush,371,COR-000000372,,"Corona Ryan Chinex Brush is a purpose-shaped brush for controlled application of compatible paint, stain or decorative coating; its filament style and profile suit the task named in the product. Choose the listed size for the surface and coating, then clean or dispose of the applicator according to current product guidance.",,Painting Tools & Accessories > Tools,"corona, corona ryan chinex brush, painting tools & accessories, tools",Corona,COR02-S,https://raw.githubusercontent.com/kinggoff/NewSteelesImages/main/review-images/COR-000000372-corona-ryan-2-5-inch-chinex-brush.png?raw=true,Images for Review,,,,,,,,,,
simple,Vegas Latex Brush,372,COR-000000373,,"Vegas Latex Brush from Corona is a purpose-shaped brush for controlled application of compatible paint, stain or decorative coating; its filament style and profile suit the task named in the product. Choose the listed size for the surface and coating, then clean or dispose of the applicator according to current product guidance.",,Painting Tools & Accessories > Tools,"corona, vegas latex brush, painting tools & accessories, tools",Corona,COR02-S,https://raw.githubusercontent.com/kinggoff/NewSteelesImages/main/review-images/COR-000000373-corona-vegas-2-5-inch-brush.png?raw=true,Images for Review,,,,,,,,,,
simple,Sabre Brush Corona,373,COR-000000374,,"Sabre Brush Corona from Corona is a paint or decorative-finish brush whose stated shape, filament and size are intended to provide control for the named application. Choose the listed size for the surface and coating, then clean or dispose of the applicator according to current product guidance. Confirm the exact item and package before ordering.",,Painting Tools & Accessories > Tools,"corona, sabre brush corona, painting tools & accessories, tools",Corona,COR02-S,https://raw.githubusercontent.com/kinggoff/NewSteelesImages/main/review-images/COR-000000374-corona-sabre-2-5-inch-angle-brush.png?raw=true,Images for Review,,,,,,,,,,
simple,Corona Classic Smoother,374,COR-000000375,,"Corona Classic Smoother is a hand-finishing tool for applying, shaping or smoothing patching compound, joint compound, filler or wallcovering material. Review the listed format and current manufacturer instructions to confirm compatibility, safe use, cleaning and storage for the intended job. Confirm the exact item and package before ordering.",,Painting Tools & Accessories > Tools,"corona, corona classic smoother, painting tools & accessories, tools",Corona,COR02-S,https://raw.githubusercontent.com/kinggoff/NewSteelesImages/main/review-images/COR-000000375-corona-classic-smoother-12-inch.png?raw=true,Images for Review,,,,,,,,,,
simple,Cutek Extreme,375,CUT-000000376,,"Cutek Extreme is a wood-finishing product for colouring, conditioning or protecting the compatible interior or exterior wood surface named in the product. Confirm preparation, compatibility, application, coverage and recoat requirements in the current label or technical data sheet. Confirm the exact item and package before ordering.",,Paints > Exterior,"cutek, cutek extreme, paints, exterior",Cutek,CUTEK,https://raw.githubusercontent.com/kinggoff/NewSteelesImages/main/review-images/CUT-000000376-cutek-extreme-3-6l.png?raw=true,Images for Review,,,,,,,,,,
simple,Dynaflex 50Yr Caulking White,376,DAP-000000377,,"Dynaflex 50Yr Caulking White from DAP is a gap-filling sealant for compatible joints and seams; substrate, movement, moisture exposure and paintability should be checked for the application. Use on clean, compatible joints and follow the label for gap size, tooling, cure, moisture exposure and paintability.",,Painting Tools & Accessories > Paint Prep & Repairs,"dap, dynaflex 50yr caulking white, painting tools & accessories, paint prep & repairs",DAP,DAP,https://raw.githubusercontent.com/kinggoff/NewSteelesImages/main/review-images/DAP-000000377-dynaflex-230-50-year-white-caulk.png?raw=true,Images for Review,,,,,,,,,,
simple,Drydex Spackling,377,DAP-000000378,,"Drydex Spackling from DAP is a repair material for filling, patching, glazing, rebuilding or stabilizing the compatible wood, drywall, window or masonry surface indicated by the product name. Apply to a clean, sound surface and follow the label for mixing, layer depth, drying or cure, sanding and topcoating.",,Painting Tools & Accessories > Paint Prep & Repairs,"dap, drydex spackling, painting tools & accessories, paint prep & repairs",DAP,DAP,https://chadwebstorage.azureedge.net/images/456065_1500.png,Image Added,,,,,,,,,,
simple,DAP Silicone Caulk White,378,DAP-000000379,,"DAP Silicone Caulk White is a gap-filling sealant for compatible joints and seams; substrate, movement, moisture exposure and paintability should be checked for the application. Use on clean, compatible joints and follow the label for gap size, tooling, cure, moisture exposure and paintability. Confirm the exact item and package before ordering.",,Painting Tools & Accessories > Paint Prep & Repairs,"dap, dap silicone caulk white, painting tools & accessories, paint prep & repairs",DAP,DAP,https://raw.githubusercontent.com/kinggoff/NewSteelesImages/main/review-images/DAP-000000379-100-percent-silicone-white-caulk.png?raw=true,Images for Review,,,,,,,,,,
simple,DAP Premium Wood Filler,379,DAP-000000380,,"DAP Premium Wood Filler is a repair material for filling, patching, glazing, rebuilding or stabilizing the compatible wood, drywall, window or masonry surface indicated by the product name. Apply to a clean, sound surface and follow the label for mixing, layer depth, drying or cure, sanding and topcoating.",,Painting Tools & Accessories > Paint Prep & Repairs,"dap, dap premium wood filler, painting tools & accessories, paint prep & repairs",DAP,DAP,https://raw.githubusercontent.com/kinggoff/NewSteelesImages/main/review-images/DAP-000000380-premium-wood-filler-16oz.png?raw=true,Images for Review,,,,,,,,,,
simple,DAP Platinum Patch,380,DAP-000000381,,"DAP Platinum Patch is a repair material for filling, patching, glazing, rebuilding or stabilizing the compatible wood, drywall, window or masonry surface indicated by the product name. Apply to a clean, sound surface and follow the label for mixing, layer depth, drying or cure, sanding and topcoating.",,Painting Tools & Accessories > Paint Prep & Repairs,"dap, dap platinum patch, painting tools & accessories, paint prep & repairs",DAP,DAP,https://raw.githubusercontent.com/kinggoff/NewSteelesImages/main/review-images/DAP-000000381-platinum-patch-946ml.png?raw=true,Images for Review,,,,,Variants,Quart | 207ML,1,1,,
simple,DAP Natural WoodPro Wood Filler - Squeeze Tube,381,DAP-000000382,,"DAP Natural WoodPro Wood Filler - Squeeze Tube is a repair material for filling, patching, glazing, rebuilding or stabilizing the compatible wood, drywall, window or masonry surface indicated by the product name. Apply to a clean, sound surface and follow the label for mixing, layer depth, drying or cure, sanding and topcoating.",,Painting Tools & Accessories > Paint Prep & Repairs,"dap, dap natural woodpro wood filler - squeeze tube, painting tools & accessories, paint prep & repairs",DAP,DAP,https://raw.githubusercontent.com/kinggoff/NewSteelesImages/main/review-images/DAP-000000382-natural-woodpro-wood-filler-85g.png?raw=true,Images for Review,,,,,,,,,,
simple,DAP Kwik Seal Ultra White,382,DAP-000000383,,"DAP Kwik Seal Ultra White is a gap-filling sealant for compatible joints and seams; substrate, movement, moisture exposure and paintability should be checked for the application. Review the listed format and current manufacturer instructions to confirm compatibility, safe use, cleaning and storage for the intended job.",,Painting Tools & Accessories > Paint Prep & Repairs,"dap, dap kwik seal ultra white, painting tools & accessories, paint prep & repairs",DAP,DAP,https://media-www.canadiantire.ca/product/fixing/paint/surface-prep-maintenance/0641698/kwik-seal-ultra-kitchen-bath-white-300ml-dc51363f-89f0-4fdd-b68f-3cb261878d7c.png?imdensity=1&imwidth=1244,Image Added,,,,,,,,,,
simple,DAP Kwik Seal,383,DAP-000000384,,"DAP Kwik Seal is a gap-filling sealant for compatible joints and seams; substrate, movement, moisture exposure and paintability should be checked for the application. Review the listed format and current manufacturer instructions to confirm compatibility, safe use, cleaning and storage for the intended job.",,Painting Tools & Accessories > Paint Prep & Repairs,"dap, dap kwik seal, painting tools & accessories, paint prep & repairs",DAP,DAP,https://raw.githubusercontent.com/kinggoff/NewSteelesImages/main/review-images/DAP-000000384-kwik-seal-white-5-5oz.png?raw=true,Images for Review,,,,,,,,,,
simple,DAP Fast'N Final Filler,384,DAP-000000385,,"DAP Fast'N Final Filler is a repair material for filling, patching, glazing, rebuilding or stabilizing the compatible wood, drywall, window or masonry surface indicated by the product name. Apply to a clean, sound surface and follow the label for mixing, layer depth, drying or cure, sanding and topcoating.",,Painting Tools & Accessories > Paint Prep & Repairs,"dap, dap fast'n final filler, painting tools & accessories, paint prep & repairs",DAP,DAP,https://raw.githubusercontent.com/kinggoff/NewSteelesImages/main/review-images/DAP-000000385-fast-n-final-16oz.png?raw=true,Images for Review,,,,,,,,,,
simple,DAP Fast Dry Premium Spackling,385,DAP-000000386,,"DAP Fast Dry Premium Spackling is a repair material for filling, patching, glazing, rebuilding or stabilizing the compatible wood, drywall, window or masonry surface indicated by the product name. Apply to a clean, sound surface and follow the label for mixing, layer depth, drying or cure, sanding and topcoating.",,Painting Tools & Accessories > Paint Prep & Repairs,"dap, dap fast dry premium spackling, painting tools & accessories, paint prep & repairs",DAP,DAP,https://raw.githubusercontent.com/kinggoff/NewSteelesImages/main/review-images/DAP-000000386-fast-dry-premium-spackling-32oz.png?raw=true,Images for Review,,,,,,,,,,
simple,DAP Alex Flex Spackling,386,DAP-000000387,,"DAP Alex Flex Spackling is a repair material for filling, patching, glazing, rebuilding or stabilizing the compatible wood, drywall, window or masonry surface indicated by the product name. Apply to a clean, sound surface and follow the label for mixing, layer depth, drying or cure, sanding and topcoating.",,Painting Tools & Accessories > Paint Prep & Repairs,"dap, dap alex flex spackling, painting tools & accessories, paint prep & repairs",DAP,DAP,https://raw.githubusercontent.com/kinggoff/NewSteelesImages/main/review-images/DAP-000000387-alex-flex-spackling-473ml.png?raw=true,Images for Review,,,,,,,,,,
simple,DAP Alex Fast Dry Contractor,387,DAP-000000388,,"DAP Alex Fast Dry Contractor is a gap-filling sealant for compatible joints and seams; substrate, movement, moisture exposure and paintability should be checked for the application. Review the listed format and current manufacturer instructions to confirm compatibility, safe use, cleaning and storage for the intended job.",,Painting Tools & Accessories > Paint Prep & Repairs,"dap, dap alex fast dry contractor, painting tools & accessories, paint prep & repairs",DAP,DAP,https://chadwebstorage.azureedge.net/images/454098_1500.png,Image Added,,,,,,,,,,
simple,DAP Alex Fast Dry Caulk Squeeze Tube,388,DAP-000000389,,"DAP Alex Fast Dry Caulk Squeeze Tube is a gap-filling sealant for compatible joints and seams; substrate, movement, moisture exposure and paintability should be checked for the application. Use on clean, compatible joints and follow the label for gap size, tooling, cure, moisture exposure and paintability.",,Painting Tools & Accessories > Paint Prep & Repairs,"dap, dap alex fast dry caulk squeeze tube, painting tools & accessories, paint prep & repairs",DAP,DAP,https://raw.githubusercontent.com/kinggoff/NewSteelesImages/main/review-images/DAP-000000389-alex-fast-dry-white-162ml-squeeze-tube.png?raw=true,Images for Review,,,,,,,,,,
simple,DAP Alex Fast Dry Caulk Squeeze,389,DAP-000000390,,"DAP Alex Fast Dry Caulk Squeeze is a gap-filling sealant for compatible joints and seams; substrate, movement, moisture exposure and paintability should be checked for the application. Use on clean, compatible joints and follow the label for gap size, tooling, cure, moisture exposure and paintability.",,Painting Tools & Accessories > Paint Prep & Repairs,"dap, dap alex fast dry caulk squeeze, painting tools & accessories, paint prep & repairs",DAP,DAP,https://www.painterssolutions.com/cdn/shop/files/Dap_db516679-f54a-4c2f-900a-eed6a561c462_1200x1200.png?v=1699042438,Image Added,,,,,,,,,,
simple,DAP Alex Fast Dry,390,DAP-000000391,,"DAP Alex Fast Dry is a gap-filling sealant for compatible joints and seams; substrate, movement, moisture exposure and paintability should be checked for the application. Review the listed format and current manufacturer instructions to confirm compatibility, safe use, cleaning and storage for the intended job.",,Painting Tools & Accessories > Paint Prep & Repairs,"dap, dap alex fast dry, painting tools & accessories, paint prep & repairs",DAP,DAP,https://chadwebstorage.azureedge.net/images/454098_1500.png,Image Added,,,,,,,,,,
simple,DAP 33 Glazing,391,DAP-000000392,,"DAP 33 Glazing is a repair material for filling, patching, glazing, rebuilding or stabilizing the compatible wood, drywall, window or masonry surface indicated by the product name. Review the listed format and current manufacturer instructions to confirm compatibility, safe use, cleaning and storage for the intended job.",,Painting Tools & Accessories > Paint Prep & Repairs,"dap, dap 33 glazing, painting tools & accessories, paint prep & repairs",DAP,DAP,https://raw.githubusercontent.com/kinggoff/NewSteelesImages/main/review-images/DAP-000000392-dap-33-glazing-half-pint.png?raw=true,Images for Review,,,,,Variants,1LT | 4 Litres,1,1,,
simple,Plaster Of Paris,392,DAP-000000393,,"Plaster Of Paris from DAP is a repair material for filling, patching, glazing, rebuilding or stabilizing the compatible wood, drywall, window or masonry surface indicated by the product name. Apply to a clean, sound surface and follow the label for mixing, layer depth, drying or cure, sanding and topcoating.",,Painting Tools & Accessories > Paint Prep & Repairs,"dap, plaster of paris, painting tools & accessories, paint prep & repairs",DAP,DAP,https://raw.githubusercontent.com/kinggoff/NewSteelesImages/main/review-images/DAP-000000393-plaster-of-paris-25lb-bag.png?raw=true,Images for Review,,,,,,,,,,
simple,Decozi Window Film,393,DEC-000000394,,"Decozi Window Film is a decorative window film for changing the appearance or privacy of compatible glass without applying a liquid coating. Selection should be based on the specific task, material, working conditions and compatible products in the complete system. Confirm preparation, compatibility, application, coverage and recoat requirements in the current label or technical data sheet.",,Specialty & Decorative Products > Window Films,"decozi, decozi window film, specialty & decorative products, window films",Decozi,DECOZI,https://raw.githubusercontent.com/kinggoff/NewSteelesImages/main/review-images/DEC-000000394-decozi-window-film-dso-02.png?raw=true,Images for Review,,,,,Variants,"48"" | 36""",1,1,,
simple,Full Body Harness With Lanyard,394,DEG-000000395,,"Full Body Harness With Lanyard from Degil is a fall-protection harness and lanyard assembly for trained users working in a properly designed fall-arrest system. Confirm fit, compatibility and required protection before use, and follow the current safety instructions for the actual workplace hazard. Confirm the exact item and package before ordering.",,Painting Tools & Accessories > Clothing & Safety,"degil, full body harness with lanyard, painting tools & accessories, clothing & safety",Degil,DEG01,https://raw.githubusercontent.com/kinggoff/NewSteelesImages/main/review-images/DEG-000000395-degil-full-body-harness-lanyard-kit.png?raw=true,Images for Review,,,,,,,,,,
simple,Hard Hat,395,DEG-000000396,,"Hard Hat from Degil is head protection for worksites where compatible, properly fitted protective equipment is required. Selection should be based on the specific task, material, working conditions and compatible products in the complete system. Confirm fit, compatibility and required protection before use, and follow the current safety instructions for the actual workplace hazard.",,Painting Tools & Accessories > Clothing & Safety,"degil, hard hat, painting tools & accessories, clothing & safety",Degil,DEG01,https://raw.githubusercontent.com/kinggoff/NewSteelesImages/main/review-images/DEG-000000396-degil-type-1-white-hard-hat.png?raw=true,Images for Review,,,,,,,,,,
simple,Citation 932 Safety Glasses Gray,396,DEN-000000397,,"Citation 932 Safety Glasses Gray from Dentec is protective eyewear for general jobsite tasks where flying particles, dust or incidental splash may be present. Confirm fit, compatibility and required protection before use, and follow the current safety instructions for the actual workplace hazard. Confirm the exact item and package before ordering.",,Painting Tools & Accessories > Clothing & Safety,"dentec, citation 932 safety glasses gray, painting tools & accessories, clothing & safety",Dentec,DENTEC,https://raw.githubusercontent.com/kinggoff/NewSteelesImages/main/review-images/DEN-000000397-dentec-citation-932-gray-safety-glasses.png?raw=true,Images for Review,,,,,,,,,,
simple,DICKIES PAINTERS OVERALLS 34x30,397,DIC-000000398,,"DICKIES PAINTERS OVERALLS 34x30 is jobsite clothing or personal protective wear intended to help keep ordinary paint, dust and surface-preparation debris off the user. Confirm fit, compatibility and required protection before use, and follow the current safety instructions for the actual workplace hazard.",,Painting Tools & Accessories > Clothing & Safety,"dickies, dickies painters overalls 34x30, painting tools & accessories, clothing & safety",Dickies,DICKIES,https://raw.githubusercontent.com/kinggoff/NewSteelesImages/main/review-images/DIC-000000398-dickies-white-painters-bib-overalls.png?raw=true,Images for Review,,,,,,,,,,
simple,Dickies Painter Shorts Size 34,398,DIC-000000399,,"Dickies Painter Shorts Size 34 is jobsite clothing or personal protective wear intended to help keep ordinary paint, dust and surface-preparation debris off the user. Review the listed format and current manufacturer instructions to confirm compatibility, safe use, cleaning and storage for the intended job.",,Painting Tools & Accessories > Clothing & Safety,"dickies, dickies painter shorts size 34, painting tools & accessories, clothing & safety",Dickies,DICKIES,https://raw.githubusercontent.com/kinggoff/NewSteelesImages/main/review-images/DIC-000000399-dickies-white-painter-shorts.png?raw=true,Images for Review,,,,,,,,,,
simple,Dickies Painter Pants 32X30,399,DIC-000000400,,"Dickies Painter Pants 32X30 is jobsite clothing or personal protective wear intended to help keep ordinary paint, dust and surface-preparation debris off the user. Review the listed format and current manufacturer instructions to confirm compatibility, safe use, cleaning and storage for the intended job.",,Painting Tools & Accessories > Clothing & Safety,"dickies, dickies painter pants 32x30, painting tools & accessories, clothing & safety",Dickies,DICKIES,https://raw.githubusercontent.com/kinggoff/NewSteelesImages/main/review-images/DIC-000000400-dickies-white-painter-pants-32x30.png?raw=true,Images for Review,,,,,,,,,,
simple,Trade Secret Furniture Polish&Cleaner 4,400,TS-000000401,,"Trade Secret Furniture Polish&Cleaner 4 is a surface-preparation or cleanup product for removing the residue named in the product from compatible materials before refinishing. Test first, then follow the label for dilution, dwell time, rinsing, ventilation and protective equipment. Confirm the exact item and package before ordering.",,Painting Tools & Accessories > Paint Prep & Repairs,"trade secret, trade secret furniture polish&cleaner 4, painting tools & accessories, paint prep & repairs",Trade Secret,DOVER,https://raw.githubusercontent.com/kinggoff/NewSteelesImages/main/review-images/TS-000000401-trade-secret-furniture-polish-cleaner-236ml.png?raw=true,Images for Review,,,,,,,,,,
simple,Trac Safe Anti Slip Sealer,401,TRA-000000402,,"Trac Safe Anti Slip Sealer from TracSafe is a coating formulated for the interior, exterior, specialty or industrial use indicated by its product name and category. Confirm preparation, compatibility, application, coverage and recoat requirements in the current label or technical data sheet. Confirm the exact item and package before ordering.",,Paints > Specialty Paints,"tracsafe, trac safe anti slip sealer, paints, specialty paints",TracSafe,DOVER,https://raw.githubusercontent.com/kinggoff/NewSteelesImages/main/review-images/TRA-000000402-tracsafe-anti-slip-sealer-3-78l.png?raw=true,Images for Review,,,,,,,,,,
simple,Dover Touch-Up Marker 24-Piece Set,402,DOV-000000403,,"Dover Touch-Up Marker 24-Piece Set is a furniture and millwork touch-up product for disguising small scratches, chips or colour loss on a compatible finished surface. Review the listed format and current manufacturer instructions to confirm compatibility, safe use, cleaning and storage for the intended job.",,Painting Tools & Accessories > Paint Prep & Repairs,"dover, dover touch-up marker 24-piece set, painting tools & accessories, paint prep & repairs",Dover,DOVER,https://raw.githubusercontent.com/kinggoff/NewSteelesImages/main/review-images/DOV-000000403-dover-pump-touch-up-marker-set.png?raw=true,Images for Review,,,,,,,,,,
simple,Terrazzo Decorative Silverado,403,TER-000000404,,"Terrazzo Decorative Silverado is a coating formulated for the interior, exterior, specialty or industrial use indicated by its product name and category. Confirm preparation, compatibility, application, coverage and recoat requirements in the current label or technical data sheet. Confirm the exact item and package before ordering.",,Paints > Specialty Paints,"terrazzo, terrazzo decorative silverado, paints, specialty paints",Terrazzo,DOVER,https://raw.githubusercontent.com/kinggoff/NewSteelesImages/main/review-images/TER-000000404-terrazzo-silverado-3-gallon.png?raw=true,Images for Review,,,,,,,,,,
simple,Trade Secret Scratch Remover,404,TS-000000405,,"Trade Secret Scratch Remover is a surface-preparation or cleanup product for removing the residue named in the product from compatible materials before refinishing. Its role is to leave the surface ready for the next repair or coating step without assuming compatibility with every material. Test first, then follow the label for dilution, dwell time, rinsing, ventilation and protective equipment.",,Painting Tools & Accessories > Paint Prep & Repairs,"trade secret, trade secret scratch remover, painting tools & accessories, paint prep & repairs",Trade Secret,DOVER,https://raw.githubusercontent.com/kinggoff/NewSteelesImages/main/review-images/TS-000000405-trade-secret-scratch-remover-dark-236ml.png?raw=true,Images for Review,Finishes,Dark | Light,1,1,,,,,,
simple,Howard Wax It All,405,HOW-000000406,,"Howard Wax It All is a clear or translucent finish for building the sheen and protection appropriate to the compatible surface and coating system. Review the listed format and current manufacturer instructions to confirm compatibility, safe use, cleaning and storage for the intended job. Confirm the exact item and package before ordering.",,Painting Tools & Accessories > Paint Prep & Repairs,"howard, howard wax it all, painting tools & accessories, paint prep & repairs",Howard,DOVER,https://raw.githubusercontent.com/kinggoff/NewSteelesImages/main/review-images/HOW-000000406-howard-wax-it-all-9oz.png?raw=true,Images for Review,,,,,,,,,,
simple,Dover Classic Fill Sticks,406,PC-000000407,,"Dover Classic Fill Sticks from PC Products is a furniture and millwork touch-up product for disguising small scratches, chips or colour loss on a compatible finished surface. Review the listed format and current manufacturer instructions to confirm compatibility, safe use, cleaning and storage for the intended job.",,Painting Tools & Accessories > Paint Prep & Repairs,"pc products, dover classic fill sticks, painting tools & accessories, paint prep & repairs",PC Products,DOVER,https://raw.githubusercontent.com/kinggoff/NewSteelesImages/main/review-images/PC-000000407-dover-classic-fill-sticks.png?raw=true,Images for Review,,,,,,,,,,
simple,Caulking Smoothing Finger,407,DOV-000000408,,"Caulking Smoothing Finger from Dover is a gap-filling sealant for compatible joints and seams; substrate, movement, moisture exposure and paintability should be checked for the application. Use on clean, compatible joints and follow the label for gap size, tooling, cure, moisture exposure and paintability.",,Painting Tools & Accessories > Tools,"dover, caulking smoothing finger, painting tools & accessories, tools",Dover,DOVER,https://raw.githubusercontent.com/kinggoff/NewSteelesImages/main/review-images/DOV-000000408-the-caulking-finger-front.png?raw=true,Images for Review,,,,,,,,,,
simple,Dover Pump Touch-Up Marker - White,408,DOV-000000409,,"Dover Pump Touch-Up Marker - White is a furniture and millwork touch-up product for disguising small scratches, chips or colour loss on a compatible finished surface. Confirm preparation, compatibility, application, coverage and recoat requirements in the current label or technical data sheet. Confirm the exact item and package before ordering.",,Lacquer And Millwork Coatings > Dover,"dover, dover pump touch-up marker - white, lacquer and millwork coatings",Dover,DOVER,https://raw.githubusercontent.com/kinggoff/NewSteelesImages/main/review-images/DOV-000000409-dover-pump-touch-up-marker-white-review.png?raw=true,Images for Review,,,,,,,,,,
simple,Dover Empty Stain Marker Pen Refill,409,DOV-000000410,,"Dover Empty Stain Marker Pen Refill is a paint-roller cover or refill for applying compatible coatings; its stated fabric, width and nap help determine finish texture, loading and surface reach. Confirm preparation, compatibility, application, coverage and recoat requirements in the current label or technical data sheet.",,Lacquer And Millwork Coatings > Dover,"dover, dover empty stain marker pen refill, lacquer and millwork coatings",Dover,DOVER,https://raw.githubusercontent.com/kinggoff/NewSteelesImages/main/review-images/DOV-000000410-dover-fill-your-own-empty-marker.png?raw=true,Images for Review,,,,,,,,,,
simple,Dover Spray Universal Walnut,410,DOV-000000411,,"Dover Spray Universal Walnut is an aerosol coating or treatment for the colour, effect or repair task stated in the product name on a compatible prepared surface. Confirm preparation, compatibility, application, coverage and recoat requirements in the current label or technical data sheet. Confirm the exact item and package before ordering.",,Lacquer And Millwork Coatings > Dover,"dover, dover spray universal walnut, lacquer and millwork coatings",Dover,DOVER,https://raw.githubusercontent.com/kinggoff/NewSteelesImages/main/review-images/DOV-000000411-dover-pro-finish-toner-walnut-family.png?raw=true,Images for Review,,,,,,,,,,
simple,Dover Spray Gloss White,411,DOV-000000412,,"Dover Spray Gloss White is an aerosol coating or treatment for the colour, effect or repair task stated in the product name on a compatible prepared surface. Confirm preparation, compatibility, application, coverage and recoat requirements in the current label or technical data sheet. Confirm the exact item and package before ordering.",,Lacquer And Millwork Coatings > Dover,"dover, dover spray gloss white, lacquer and millwork coatings",Dover,DOVER,https://raw.githubusercontent.com/kinggoff/NewSteelesImages/main/review-images/DOV-000000412-dover-pro-finish-opaque-white-family.png?raw=true,Images for Review,,,,,,,,,,
simple,Dover Clear Satin Lacquer,412,DOV-000000413,,"Dover Clear Satin Lacquer is a clear or translucent finish for building the sheen and protection appropriate to the compatible surface and coating system. Colour and sheen can vary with wood species, porosity and preparation, so a representative test area is recommended. Confirm preparation, compatibility, application, coverage and recoat requirements in the current label or technical data sheet.",,Lacquer And Millwork Coatings > Dover,"dover, dover clear satin lacquer, lacquer and millwork coatings",Dover,DOVER,https://raw.githubusercontent.com/kinggoff/NewSteelesImages/main/review-images/DOV-000000413-dover-pro-finish-clear-satin-family.png?raw=true,Images for Review,,,,,,,,,,
simple,Dover Blush Stopper/Leveler,413,DOV-000000414,,"Dover Blush Stopper/Leveler is a lacquer repair additive used to address compatible finish defects such as blushing or poor flow in an appropriate coating system. Confirm preparation, compatibility, application, coverage and recoat requirements in the current label or technical data sheet. Confirm the exact item and package before ordering.",,Lacquer And Millwork Coatings > Dover,"dover, dover blush stopper/leveler, lacquer and millwork coatings",Dover,DOVER,https://raw.githubusercontent.com/kinggoff/NewSteelesImages/main/review-images/DOV-000000414-dover-pro-finish-blush-stopper-family.png?raw=true,Image Added,,,,,,,,,,
simple,Skrapr + Skrapr Jr,414,SKR-000000415,,"Skrapr + Skrapr Jr is a hand scraper for removing loose paint, adhesive residue, coatings or surface buildup during preparation and cleanup. Review the listed format and current manufacturer instructions to confirm compatibility, safe use, cleaning and storage for the intended job. Confirm the exact item and package before ordering.",,Painting Tools & Accessories > Tools,"skrapr, skrapr + skrapr jr, painting tools & accessories, tools",Skrapr,DOVER,https://raw.githubusercontent.com/kinggoff/NewSteelesImages/main/review-images/SKR-000000415-skrapr-and-skrapr-jr.png?raw=true,Image Added,,,,,,,,,,
simple,Allpro Dripless Caulking Gun 3000,415,AP-000000416,,"Allpro Dripless Caulking Gun 3000 is a manual caulking gun for dispensing compatible cartridge sealants and adhesives with controlled pressure at joints, gaps and seams. Use on clean, compatible joints and follow the label for gap size, tooling, cure, moisture exposure and paintability. Confirm the exact item and package before ordering.",,Painting Tools & Accessories > Tools,"allpro, allpro dripless caulking gun 3000, painting tools & accessories, tools",AllPro,CANPRO,https://raw.githubusercontent.com/kinggoff/NewSteelesImages/main/review-images/AP-000000416-allpro-gold-pro-3000-caulk-gun.png?raw=true,Image Added,,,,,,,,,,
simple,Allpro Dripless Caulking Gun 2000,416,AP-000000417,,"Allpro Dripless Caulking Gun 2000 is a manual caulking gun for dispensing compatible cartridge sealants and adhesives with controlled pressure at joints, gaps and seams. Use on clean, compatible joints and follow the label for gap size, tooling, cure, moisture exposure and paintability. Confirm the exact item and package before ordering.",,Painting Tools & Accessories > Tools,"allpro, allpro dripless caulking gun 2000, painting tools & accessories, tools",AllPro,CANPRO,https://raw.githubusercontent.com/kinggoff/NewSteelesImages/main/review-images/AP-000000417-allpro-gold-pro-2000-caulk-gun.png?raw=true,Image Added,,,,,,,,,,
simple,Allpro Consumer Dripless Gun,417,AP-000000418,,"Allpro Consumer Dripless Gun is a manual caulking gun for dispensing compatible cartridge sealants and adhesives with controlled pressure at joints, gaps and seams. Review the listed format and current manufacturer instructions to confirm compatibility, safe use, cleaning and storage for the intended job.",,Painting Tools & Accessories > Tools,"allpro, allpro consumer dripless gun, painting tools & accessories, tools",AllPro,CANPRO,https://raw.githubusercontent.com/kinggoff/NewSteelesImages/main/review-images/AP-000000418-allpro-100c-consumer-caulk-gun.png?raw=true,Image Added,,,,,,,,,,
simple,Watchdog Wipe Out Graffiti Remover 1,418,DU-000000419,,"Watchdog Wipe Out Graffiti Remover 1 from Dumond is a surface-preparation or cleanup product for removing the residue named in the product from compatible materials before refinishing. Test first, then follow the label for dilution, dwell time, rinsing, ventilation and protective equipment. Confirm the exact item and package before ordering.",,Painting Tools & Accessories > Paint Prep & Repairs,"dumond, watchdog wipe out graffiti remover 1, painting tools & accessories, paint prep & repairs",Dumond,MUM01,https://raw.githubusercontent.com/kinggoff/NewSteelesImages/main/review-images/DU-000000419-dumond-watch-dog-wipe-out-8402.png?raw=true,Images for Review,,,,,,,,,,
simple,Dura Seal Quick Coat Rosewood,419,DUR-000000420,,"Dura Seal Quick Coat Rosewood from DuraSeal is a coating formulated for the interior, exterior, specialty or industrial use indicated by its product name and category. Confirm preparation, compatibility, application, coverage and recoat requirements in the current label or technical data sheet. Confirm the exact item and package before ordering.",,Paints > Interior,"duraseal, dura seal quick coat rosewood, paints, interior",DuraSeal,BHF01,https://raw.githubusercontent.com/kinggoff/NewSteelesImages/main/review-images/DUR-000000420-duraseal-quick-coat-rosewood-quart.png?raw=true,Image Added,,,,,,,,,,
simple,Famowood Water-Based Wood Filler,420,FAM-000000421,,"Famowood Water-Based Wood Filler is a repair material for filling, patching, glazing, rebuilding or stabilizing the compatible wood, drywall, window or masonry surface indicated by the product name. Apply to a clean, sound surface and follow the label for mixing, layer depth, drying or cure, sanding and topcoating.",,Painting Tools & Accessories > Paint Prep & Repairs,"famowood, famowood water-based wood filler, painting tools & accessories, paint prep & repairs",Famowood,ECLECTI,https://raw.githubusercontent.com/kinggoff/NewSteelesImages/main/review-images/FAM-000000421-famowood-water-based-natural-24oz.png?raw=true,Images for Review,,,,,Variants,24 OZ | Gallon,1,1,,
simple,Ennis Traffic Paint Fed. Yellow,421,EF-000000422,,"Ennis Traffic Paint Fed. Yellow from Ennis-Flint is a marking coating for compatible pavement or traffic-control applications, with the listed colour supporting layout, safety or line-renewal work. Confirm preparation, compatibility, application, coverage and recoat requirements in the current label or technical data sheet.",,Commercial & Industrial > Traffic Paints,"ennis-flint, ennis traffic paint fed. yellow, commercial & industrial, traffic paints",Ennis-Flint,ENN01,https://raw.githubusercontent.com/kinggoff/NewSteelesImages/main/review-images/EF-000000422-ennis-flint-traffic-paint-family.png?raw=true,Images for Review,,,,,,,,,,
simple,Ennis Traffic Paint Fed. White - P,422,EF-000000423,,"Ennis Traffic Paint Fed. White - P from Ennis-Flint is a marking coating for compatible pavement or traffic-control applications, with the listed colour supporting layout, safety or line-renewal work. Confirm preparation, compatibility, application, coverage and recoat requirements in the current label or technical data sheet.",,Commercial & Industrial > Traffic Paints,"ennis-flint, ennis traffic paint fed. white - p, commercial & industrial, traffic paints",Ennis-Flint,ENN01,https://raw.githubusercontent.com/kinggoff/NewSteelesImages/main/review-images/EF-000000422-ennis-flint-traffic-paint-family.png?raw=true,Images for Review,,,,,,,,,,
simple,Ennis Low VOC Red Traffic Paint,423,EF-000000424,,"Ennis Low VOC Red Traffic Paint from Ennis-Flint is a marking coating for compatible pavement or traffic-control applications, with the listed colour supporting layout, safety or line-renewal work. Confirm preparation, compatibility, application, coverage and recoat requirements in the current label or technical data sheet.",,Commercial & Industrial > Traffic Paints,"ennis-flint, ennis low voc red traffic paint, commercial & industrial, traffic paints",Ennis-Flint,ENN01,https://raw.githubusercontent.com/kinggoff/NewSteelesImages/main/review-images/EF-000000422-ennis-flint-traffic-paint-family.png?raw=true,Images for Review,,,,,,,,,,
simple,Ennis Low VOC Green Traffic Paint,424,EF-000000425,,"Ennis Low VOC Green Traffic Paint from Ennis-Flint is a marking coating for compatible pavement or traffic-control applications, with the listed colour supporting layout, safety or line-renewal work. Confirm preparation, compatibility, application, coverage and recoat requirements in the current label or technical data sheet.",,Commercial & Industrial > Traffic Paints,"ennis-flint, ennis low voc green traffic paint, commercial & industrial, traffic paints",Ennis-Flint,ENN01,https://raw.githubusercontent.com/kinggoff/NewSteelesImages/main/review-images/EF-000000422-ennis-flint-traffic-paint-family.png?raw=true,Images for Review,,,,,,,,,,
simple,Ennis Handicap Blue Safety Paint,425,EF-000000426,,"Ennis Handicap Blue Safety Paint from Ennis-Flint is a coating formulated for the interior, exterior, specialty or industrial use indicated by its product name and category. Confirm preparation, compatibility, application, coverage and recoat requirements in the current label or technical data sheet.",,Commercial & Industrial > Traffic Paints,"ennis-flint, ennis handicap blue safety paint, commercial & industrial, traffic paints",Ennis-Flint,ENN01,https://raw.githubusercontent.com/kinggoff/NewSteelesImages/main/review-images/EF-000000422-ennis-flint-traffic-paint-family.png?raw=true,Images for Review,,,,,,,,,,
simple,Blackout Ennis Traffic Paint,426,EF-000000427,,"Blackout Ennis Traffic Paint from Ennis-Flint is a marking coating for compatible pavement or traffic-control applications, with the listed colour supporting layout, safety or line-renewal work. Confirm preparation, compatibility, application, coverage and recoat requirements in the current label or technical data sheet.",,Commercial & Industrial > Traffic Paints,"ennis-flint, blackout ennis traffic paint, commercial & industrial, traffic paints",Ennis-Flint,ENN01,https://raw.githubusercontent.com/kinggoff/NewSteelesImages/main/review-images/EF-000000422-ennis-flint-traffic-paint-family.png?raw=true,Images for Review,,,,,,,,,,
simple,Featherlite Fiberglass Ladder Grade 1,427,FEA-000000428,,"Featherlite Fiberglass Ladder Grade 1 is jobsite access equipment for creating an elevated working position during painting, repair or maintenance tasks. Review the listed format and current manufacturer instructions to confirm compatibility, safe use, cleaning and storage for the intended job. Confirm the exact item and package before ordering.",,Painting Tools & Accessories > Tools,"featherlite, featherlite fiberglass ladder grade 1, painting tools & accessories, tools",Featherlite,FEA01,https://raw.githubusercontent.com/kinggoff/NewSteelesImages/main/review-images/FEA-000000428-featherlite-fl-3110-04-fiberglass-step-ladder.png?raw=true,Image Added,,,,,,,,,,
simple,Step Ladder Lite,428,FEA-000000429,,"Step Ladder Lite from Featherlite is jobsite access equipment for creating an elevated working position during painting, repair or maintenance tasks. Review the listed format and current manufacturer instructions to confirm compatibility, safe use, cleaning and storage for the intended job. Confirm the exact item and package before ordering.",,Painting Tools & Accessories > Tools,"featherlite, step ladder lite, painting tools & accessories, tools",Featherlite,TOO01,https://raw.githubusercontent.com/kinggoff/NewSteelesImages/main/review-images/FEA-000000429-lite-five-foot-aluminum-step-ladder.png?raw=true,Images for Review,,,,,,,,,,
simple,filter bag SC-FIS-CT MINI/MIDI -2/5,429,FES-000000430,,"filter bag SC-FIS-CT MINI/MIDI -2/5 from Festool is a replacement dust-collection filter bag for the compatible Festool mobile dust extractor listed in the product name. Review the listed format and current manufacturer instructions to confirm compatibility, safe use, cleaning and storage for the intended job.",,Painting Tools & Accessories > Festool,"festool, filter bag sc-fis-ct mini/midi -2/5, painting tools & accessories",Festool,FESTOOL,https://raw.githubusercontent.com/kinggoff/NewSteelesImages/main/review-images/FES-000000430-festool-204308-selfclean-filter-bags.png?raw=true,Image Added,,,,,,,,,,
simple,Stickfix sandpa STF D225/8 P40 GR/25,430,FES-000000431,,"Stickfix sandpa STF D225/8 P40 GR/25 from Festool is an abrasive product for levelling, smoothing or keying surfaces during staged preparation; the stated grit determines how aggressively it cuts. Review the listed format and current manufacturer instructions to confirm compatibility, safe use, cleaning and storage for the intended job.",,Painting Tools & Accessories > Festool,"festool, stickfix sandpa stf d225/8 p40 gr/25, painting tools & accessories",Festool,FESTOOL,https://raw.githubusercontent.com/kinggoff/NewSteelesImages/main/review-images/FES-000000431-festool-205653-d225-p40-granat-disc.png?raw=true,Images for Review,,,,,,,,,,
simple,Stickfix qty. STF 80x133 P 40 GR 50X,431,FES-000000432,,"Stickfix qty. STF 80x133 P 40 GR 50X from Festool is an abrasive product for levelling, smoothing or keying surfaces during staged preparation; the stated grit determines how aggressively it cuts. Review the listed format and current manufacturer instructions to confirm compatibility, safe use, cleaning and storage for the intended job.",,Painting Tools & Accessories > Festool,"festool, stickfix qty. stf 80x133 p 40 gr 50x, painting tools & accessories",Festool,FESTOOL,https://raw.githubusercontent.com/kinggoff/NewSteelesImages/main/review-images/FES-000000432-festool-497117-80x133-p40-granat-sheet.png?raw=true,Image Added,,,,,,,,,,
simple,sandpaper STF D125/8 P 40 GR 50X,432,FES-000000433,,"sandpaper STF D125/8 P 40 GR 50X from Festool is an abrasive product for levelling, smoothing or keying surfaces during staged preparation; the stated grit determines how aggressively it cuts. Match it to the surface, work progressively, and use suitable eye, hand and respiratory protection for the material being removed.",,Painting Tools & Accessories > Festool,"festool, sandpaper stf d125/8 p 40 gr 50x, painting tools & accessories",Festool,FESTOOL,https://raw.githubusercontent.com/kinggoff/NewSteelesImages/main/review-images/FES-000000433-festool-497165-d125-p40-granat-disc.png?raw=true,Image Added,,,,,,,,,,
simple,Stickfix sandpa STF D90/6 P 40 GR / 50,433,FES-000000434,,"Stickfix sandpa STF D90/6 P 40 GR / 50 from Festool is an abrasive product for levelling, smoothing or keying surfaces during staged preparation; the stated grit determines how aggressively it cuts. Review the listed format and current manufacturer instructions to confirm compatibility, safe use, cleaning and storage for the intended job.",,Painting Tools & Accessories > Festool,"festool, stickfix sandpa stf d90/6 p 40 gr / 50, painting tools & accessories",Festool,FESTOOL,https://raw.githubusercontent.com/kinggoff/NewSteelesImages/main/review-images/FES-000000434-festool-497363-d90-p40-granat-disc.png?raw=true,Image Added,,,,,,,,,,
simple,sandpaper STF V93/6 P 40 GR / 50,434,FES-000000435,,"sandpaper STF V93/6 P 40 GR / 50 from Festool is an abrasive product for levelling, smoothing or keying surfaces during staged preparation; the stated grit determines how aggressively it cuts. Match it to the surface, work progressively, and use suitable eye, hand and respiratory protection for the material being removed.",,Painting Tools & Accessories > Festool,"festool, sandpaper stf v93/6 p 40 gr / 50, painting tools & accessories",Festool,FESTOOL,https://raw.githubusercontent.com/kinggoff/NewSteelesImages/main/review-images/FES-000000435-festool-497390-v93-p40-granat-sheet.png?raw=true,Image Added,,,,,,,,,,
simple,sanding discs STF D150/48 P40 GR/50,435,FES-000000436,,"sanding discs STF D150/48 P40 GR/50 from Festool is an abrasive product for levelling, smoothing or keying surfaces during staged preparation; the stated grit determines how aggressively it cuts. Match it to the surface, work progressively, and use suitable eye, hand and respiratory protection for the material being removed.",,Painting Tools & Accessories > Festool,"festool, sanding discs stf d150/48 p40 gr/50, painting tools & accessories",Festool,FESTOOL,https://raw.githubusercontent.com/kinggoff/NewSteelesImages/main/review-images/FES-000000436-festool-575160-d150-p40-granat-disc.png?raw=true,Image Added,,,,,,,,,,
simple,Long-reach sand PLANEX LHS 225 EQ-Plus,436,FES-000000437,,"Long-reach sand PLANEX LHS 225 EQ-Plus from Festool is a long-reach drywall sander designed to smooth walls and ceilings while working with compatible abrasives and dust extraction. Review the listed format and current manufacturer instructions to confirm compatibility, safe use, cleaning and storage for the intended job.",,Painting Tools & Accessories > Festool,"festool, long-reach sand planex lhs 225 eq-plus, painting tools & accessories",Festool,FESTOOL,https://raw.githubusercontent.com/kinggoff/NewSteelesImages/main/review-images/FES-000000437-festool-planex-lhs-225-eq-plus.png?raw=true,Images for Review,,,,,,,,,,
simple,Rotex RO 150 FEQ-Plus USA 120V,437,FES-000000438,,"Rotex RO 150 FEQ-Plus USA 120V from Festool is a powered sander for controlled surface preparation using the compatible abrasive format and grit specified for the task. Review the listed format and current manufacturer instructions to confirm compatibility, safe use, cleaning and storage for the intended job.",,Painting Tools & Accessories > Festool,"festool, rotex ro 150 feq-plus usa 120v, painting tools & accessories",Festool,FESTOOL,https://raw.githubusercontent.com/kinggoff/NewSteelesImages/main/review-images/FES-000000438-festool-ro-150-feq-plus-us.png?raw=true,Image Added,,,,,,,,,,
simple,Rotex RO 125 FEQ Plus USA 120V,438,FES-000000439,,"Rotex RO 125 FEQ Plus USA 120V from Festool is a powered sander for controlled surface preparation using the compatible abrasive format and grit specified for the task. Review the listed format and current manufacturer instructions to confirm compatibility, safe use, cleaning and storage for the intended job.",,Painting Tools & Accessories > Festool,"festool, rotex ro 125 feq plus usa 120v, painting tools & accessories",Festool,FESTOOL,https://raw.githubusercontent.com/kinggoff/NewSteelesImages/main/review-images/FES-000000439-festool-ro-125-feq-plus-us.png?raw=true,Image Added,,,,,,,,,,
simple,Orbital sander RTS 400 REQ-Plus USA,439,FES-000000440,,"Orbital sander RTS 400 REQ-Plus USA from Festool is a powered sander for controlled surface preparation using the compatible abrasive format and grit specified for the task. Match it to the surface, work progressively, and use suitable eye, hand and respiratory protection for the material being removed.",,Painting Tools & Accessories > Festool,"festool, orbital sander rts 400 req-plus usa, painting tools & accessories",Festool,FESTOOL,https://raw.githubusercontent.com/kinggoff/NewSteelesImages/main/review-images/FES-000000440-festool-rts-400-req-plus-us.png?raw=true,Image Added,,,,,,,,,,
simple,FESTOOL ETS 125 REQ-Plus orbital sander,440,FES-000000441,,"FESTOOL ETS 125 REQ-Plus orbital sander is a powered sander for controlled surface preparation using the compatible abrasive format and grit specified for the task. Match it to the surface, work progressively, and use suitable eye, hand and respiratory protection for the material being removed. Confirm the exact item and package before ordering.",,Painting Tools & Accessories > Festool,"festool, festool ets 125 req-plus orbital sander, painting tools & accessories",Festool,FESTOOL,https://firstsoftware.wlg01-cos.planb-global.com/rob_sk92-cfwe-43ee-83sd-z90js9j1l2/images/products/large/fes5760671_qdhhkod3.xp4.png,Image Added,,,,,,,,,,
simple,Rotex RO 90 DX FEQ-Plus USA120,441,FES-000000442,,"Rotex RO 90 DX FEQ-Plus USA120 from Festool is a powered sander for controlled surface preparation using the compatible abrasive format and grit specified for the task. Review the listed format and current manufacturer instructions to confirm compatibility, safe use, cleaning and storage for the intended job.",,Painting Tools & Accessories > Festool,"festool, rotex ro 90 dx feq-plus usa120, painting tools & accessories",Festool,FESTOOL,https://raw.githubusercontent.com/kinggoff/NewSteelesImages/main/review-images/FES-000000442-festool-ro-90-dx-feq-plus-us.png?raw=true,Image Added,,,,,,,,,,
simple,Orbital sander ETS EC150/3 EQ-Plus,442,FES-000000443,,"Orbital sander ETS EC150/3 EQ-Plus from Festool is a powered sander for controlled surface preparation using the compatible abrasive format and grit specified for the task. Match it to the surface, work progressively, and use suitable eye, hand and respiratory protection for the material being removed.",,Painting Tools & Accessories > Festool,"festool, orbital sander ets ec150/3 eq-plus, painting tools & accessories",Festool,FESTOOL,https://raw.githubusercontent.com/kinggoff/NewSteelesImages/main/review-images/FES-000000443-festool-ets-ec150-3-eq-plus-us.png?raw=true,Image Added,,,,,,,,,,
simple,Ecc. grinder ETS EC125/3 EQ-PLUS USA,443,FES-000000444,,"Ecc. grinder ETS EC125/3 EQ-PLUS USA from Festool is a powered sander for controlled surface preparation using the compatible abrasive format and grit specified for the task. Review the listed format and current manufacturer instructions to confirm compatibility, safe use, cleaning and storage for the intended job.",,Painting Tools & Accessories > Festool,"festool, ecc. grinder ets ec125/3 eq-plus usa, painting tools & accessories",Festool,FESTOOL,https://raw.githubusercontent.com/kinggoff/NewSteelesImages/main/review-images/FES-000000444-festool-ets-ec125-3-eq-plus-us.png?raw=true,Image Added,,,,,,,,,,
simple,Diamond grinder RG 130 ECI-Plus RENOFIX,444,FES-000000445,,"Diamond grinder RG 130 ECI-Plus RENOFIX from Festool is a surface-renovation grinder for removing or levelling compatible mineral coatings and substrates with the correct diamond tooling and dust extraction. Review the listed format and current manufacturer instructions to confirm compatibility, safe use, cleaning and storage for the intended job.",,Painting Tools & Accessories > Festool,"festool, diamond grinder rg 130 eci-plus renofix, painting tools & accessories",Festool,FESTOOL,https://raw.githubusercontent.com/kinggoff/NewSteelesImages/main/review-images/FES-000000445-festool-rg-130-eci-plus-us.png?raw=true,Image Added,,,,,,,,,,
simple,"cordl. d.sander DTSC 400 Li 3,1-Plus USA",445,FES-000000446,,"cordl. d.sander DTSC 400 Li 3,1-Plus USA from Festool is a powered sander for controlled surface preparation using the compatible abrasive format and grit specified for the task. Match it to the surface, work progressively, and use suitable eye, hand and respiratory protection for the material being removed.",,Painting Tools & Accessories > Festool,"festool, cordl. d.sander dtsc 400 li 3,1-plus usa, painting tools & accessories",Festool,FESTOOL,https://raw.githubusercontent.com/kinggoff/NewSteelesImages/main/review-images/FES-000000446-festool-dtsc-400-3-0-i-plus-us.png?raw=true,Images for Review,,,,,,,,,,
simple,Delta sander DTS 400 REQ-Plus USA,446,FES-000000447,,"Delta sander DTS 400 REQ-Plus USA from Festool is a powered sander for controlled surface preparation using the compatible abrasive format and grit specified for the task. Match it to the surface, work progressively, and use suitable eye, hand and respiratory protection for the material being removed.",,Painting Tools & Accessories > Festool,"festool, delta sander dts 400 req-plus usa, painting tools & accessories",Festool,FESTOOL,https://raw.githubusercontent.com/kinggoff/NewSteelesImages/main/review-images/FES-000000447-festool-dts-400-req-plus-us.png?raw=true,Image Added,,,,,,,,,,
simple,sandpaper STF DELTA/7 P 40 GR 50X,447,FES-000000448,,"sandpaper STF DELTA/7 P 40 GR 50X from Festool is an abrasive product for levelling, smoothing or keying surfaces during staged preparation; the stated grit determines how aggressively it cuts. Match it to the surface, work progressively, and use suitable eye, hand and respiratory protection for the material being removed.",,Painting Tools & Accessories > Festool,"festool, sandpaper stf delta/7 p 40 gr 50x, painting tools & accessories",Festool,FESTOOL,https://raw.githubusercontent.com/kinggoff/NewSteelesImages/main/review-images/FES-000000448-festool-577542-delta-p40-granat-sheet.png?raw=true,Images for Review,,,,,,,,,,
simple,"cordless drill T18+3 HPC 4,0 I-Set",448,PC-000000449,,"cordless drill T18+3 HPC 4,0 I-Set from PC Products is a cordless drilling and fastening tool for installation, assembly and general jobsite work with compatible bits, batteries and accessories. Review the listed format and current manufacturer instructions to confirm compatibility, safe use, cleaning and storage for the intended job.",,Painting Tools & Accessories > Festool,"pc products, cordless drill t18+3 hpc 4,0 i-set, painting tools & accessories, festool",PC Products,FESTOOL,https://raw.githubusercontent.com/kinggoff/NewSteelesImages/main/review-images/PC-000000449-festool-t18-plus-3-hpc-4-0-i-set-us.png?raw=true,Image Added,,,,,,,,,,
simple,Festool Cordless Impact Drill TID 18 Basic,449,FES-000000450,,"Festool Cordless Impact Drill TID 18 Basic is a cordless drilling and fastening tool for installation, assembly and general jobsite work with compatible bits, batteries and accessories. Review the listed format and current manufacturer instructions to confirm compatibility, safe use, cleaning and storage for the intended job.",,Painting Tools & Accessories > Festool,"festool, festool cordless impact drill tid 18 basic, painting tools & accessories",Festool,FESTOOL,https://raw.githubusercontent.com/kinggoff/NewSteelesImages/main/review-images/FES-000000450-festool-tid-18-basic-us.png?raw=true,Image Added,,,,,,,,,,
simple,"cordless impact drill TID 18 HPC 4,0 set",450,PC-000000451,,"cordless impact drill TID 18 HPC 4,0 set from PC Products is a cordless drilling and fastening tool for installation, assembly and general jobsite work with compatible bits, batteries and accessories. Review the listed format and current manufacturer instructions to confirm compatibility, safe use, cleaning and storage for the intended job.",,Painting Tools & Accessories > Festool,"pc products, cordless impact drill tid 18 hpc 4,0 set, painting tools & accessories, festool",PC Products,FESTOOL,"https://crdms.images.consumerreports.org/f_auto,w_1200/prod/products/cr/models/413301-standard-impact-drivers-festool-tid-18-hpc-4-0-i-plus-10038293.png",Image Added,,,,,,,,,,
simple,Dust Extractor Ct48 E Ac Hepa,451,FES-000000452,,"Dust Extractor Ct48 E Ac Hepa from Festool is a mobile dust extractor for collecting compatible sanding and jobsite dust when connected to the correct tool, hose and filter system. Review the listed format and current manufacturer instructions to confirm compatibility, safe use, cleaning and storage for the intended job.",,Painting Tools & Accessories > Festool,"festool, dust extractor ct48 e ac hepa, painting tools & accessories",Festool,FESTOOL,https://raw.githubusercontent.com/kinggoff/NewSteelesImages/main/review-images/FES-000000452-festool-ct-48-e-ac-hepa.png?raw=true,Image Added,,,,,,,,,,
simple,Mobil Dust Extr Ct15,452,FES-000000453,,"Mobil Dust Extr Ct15 from Festool is a mobile dust extractor for collecting compatible sanding and jobsite dust when connected to the correct tool, hose and filter system. Review the listed format and current manufacturer instructions to confirm compatibility, safe use, cleaning and storage for the intended job.",,Painting Tools & Accessories > Festool,"festool, mobil dust extr ct15, painting tools & accessories",Festool,FESTOOL,https://raw.githubusercontent.com/kinggoff/NewSteelesImages/main/review-images/FES-000000453-festool-ct-15-hepa-us.png?raw=true,Image Added,,,,,,,,,,
simple,mobil dust extr CT MIDI USA HEPA,453,FES-000000454,,"mobil dust extr CT MIDI USA HEPA from Festool is a mobile dust extractor for collecting compatible sanding and jobsite dust when connected to the correct tool, hose and filter system. Review the listed format and current manufacturer instructions to confirm compatibility, safe use, cleaning and storage for the intended job.",,Painting Tools & Accessories > Festool,"festool, mobil dust extr ct midi usa hepa, painting tools & accessories",Festool,FESTOOL,https://raw.githubusercontent.com/kinggoff/NewSteelesImages/main/review-images/FES-000000454-festool-ct-midi-i-hepa-us.png?raw=true,Images for Review,,,,,,,,,,
simple,"Flame Control Finish Coat Low,Semi,High",454,FC-000000455,,"Flame Control Finish Coat Low,Semi,High is a coating formulated for the interior, exterior, specialty or industrial use indicated by its product name and category. Confirm preparation, compatibility, application, coverage and recoat requirements in the current label or technical data sheet. Confirm the exact item and package before ordering.",,Paints > Specialty Paints,"flame control, flame control finish coat low,semi,high, paints, specialty paints",Flame Control,FLA01-S,https://raw.githubusercontent.com/kinggoff/NewSteelesImages/main/review-images/FC-000000455-flame-control-finish-coat.png?raw=true,Images for Review,Finishes,Low Sheen | Semi-Gloss | High Gloss,1,1,,,,,,
simple,Radius 360 Sanding Tool,455,R3-000000456,,"Radius 360 Sanding Tool is a manual sanding holder or replacement pad for keeping abrasive material supported while smoothing walls, wood or repaired surfaces. Match it to the surface, work progressively, and use suitable eye, hand and respiratory protection for the material being removed. Confirm the exact item and package before ordering.",,Painting Tools & Accessories > Tools,"radius 360, radius 360 sanding tool, painting tools & accessories, tools",Radius 360,CANPRO,https://cdn11.bigcommerce.com/s-4awkiie8vs/images/stencil/1280x1280/products/4709/8049/R360_v1_current__00181.1733343981.png?c=2,Image Added,,,,,,,,,,
simple,Radius 360 Sanding Disc 100 Grit,456,R3-000000457,,"Radius 360 Sanding Disc 100 Grit is an abrasive product for levelling, smoothing or keying surfaces during staged preparation; the stated grit determines how aggressively it cuts. Match it to the surface, work progressively, and use suitable eye, hand and respiratory protection for the material being removed.",,Painting Tools & Accessories > Tools,"radius 360, radius 360 sanding disc 100 grit, painting tools & accessories, tools",Radius 360,CANPRO,https://raw.githubusercontent.com/kinggoff/NewSteelesImages/main/review-images/R3-000000457-level360-sd100-5-100-grit-discs.png?raw=true,Image Added,,,,,,,,,,
simple,Full Circle Flex Edge Replacement Pad,457,R3-000000458,,"Full Circle Flex Edge Replacement Pad from Radius 360 is a manual sanding holder or replacement pad for keeping abrasive material supported while smoothing walls, wood or repaired surfaces. Apply to a clean, sound surface and follow the label for mixing, layer depth, drying or cure, sanding and topcoating.",,Painting Tools & Accessories > Tools,"radius 360, full circle flex edge replacement pad, painting tools & accessories, tools",Radius 360,CANPRO,https://raw.githubusercontent.com/kinggoff/NewSteelesImages/main/review-images/R3-000000458-full-circle-flex-edge-2-replacement-pad.png?raw=true,Images for Review,,,,,,,,,,
simple,Drive Kote 10 Year Driveway Sealer,458,GI-000000459,,"Drive Kote 10 Year Driveway Sealer from GH International is a sealer or treatment for compatible concrete, asphalt, paving stone or masonry surfaces as indicated by the product name. Confirm preparation, compatibility, application, coverage and recoat requirements in the current label or technical data sheet.",,Paints > Driveway Coatings,"gh international, drive kote 10 year driveway sealer, paints, driveway coatings",GH International,GHI01,https://raw.githubusercontent.com/kinggoff/NewSteelesImages/main/review-images/GI-000000459-black-jack-drive-kote-500.png?raw=true,Images for Review,,,,,,,,,,
simple,Gorilla Wood Glue,459,GOR-000000460,,"Gorilla Wood Glue is an adhesive or repair compound for joining compatible materials; bond strength depends on surface preparation, fit, cure and the specific substrates involved. Prepare both surfaces and follow the label for mixing where required, open or working time, assembly, clamping and cure.",,Painting Tools & Accessories > Paint Prep & Repairs,"gorilla, gorilla wood glue, painting tools & accessories, paint prep & repairs",Gorilla,CANPRO,https://raw.githubusercontent.com/kinggoff/NewSteelesImages/main/review-images/GOR-000000460-gorilla-wood-glue-8oz.png?raw=true,Images for Review,,,,,,,,,,
simple,Gorilla Tape Crystal Clear,460,GOR-000000461,,"Gorilla Tape Crystal Clear is a clear repair tape for sealing and patching compatible materials where a less visible tape line is preferred. Review the listed format and current manufacturer instructions to confirm compatibility, safe use, cleaning and storage for the intended job. Confirm the exact item and package before ordering.",,Painting Tools & Accessories > Paint Prep & Repairs,"gorilla, gorilla tape crystal clear, painting tools & accessories, paint prep & repairs",Gorilla,CANPRO,https://www.solseal.co.uk/wp-content/uploads/2025/08/Gorilla-Tape-Crystal-Clear-8.2m-1.png,Image Added,,,,,,,,,,
simple,Gorilla Mounting Tape,461,GOR-000000462,,"Gorilla Mounting Tape is a strong project tape for mounting, sealing or repairing compatible materials where the named tape format suits the load and surface. Review the listed format and current manufacturer instructions to confirm compatibility, safe use, cleaning and storage for the intended job.",,Painting Tools & Accessories > Paint Prep & Repairs,"gorilla, gorilla mounting tape, painting tools & accessories, paint prep & repairs",Gorilla,CANPRO,https://www.makersoulhk.com/media/catalog/product/cache/a3945ec6ccd9af5c739c6c1112b4742b/m/o/mounting-tape-60in.png,Image Added,,,,,,,,,,
simple,Gorilla Glue Original,462,GOR-000000463,,"Gorilla Glue Original is an adhesive or repair compound for joining compatible materials; bond strength depends on surface preparation, fit, cure and the specific substrates involved. Prepare both surfaces and follow the label for mixing where required, open or working time, assembly, clamping and cure.",,Painting Tools & Accessories > Paint Prep & Repairs,"gorilla, gorilla glue original, painting tools & accessories, paint prep & repairs",Gorilla,CANPRO,https://www.tacticalstore.se/images/zoom/gor_brandfolder_sca_rgb_0021_gg_60ml_hanger_front.png,Image Added,,,,,,,,,,
simple,Gorilla Epoxy,463,GOR-000000464,,"Gorilla Epoxy is an adhesive or repair compound for joining compatible materials; bond strength depends on surface preparation, fit, cure and the specific substrates involved. Prepare both surfaces and follow the label for mixing where required, open or working time, assembly, clamping and cure. Confirm the exact item and package before ordering.",,Painting Tools & Accessories > Paint Prep & Repairs,"gorilla, gorilla epoxy, painting tools & accessories, paint prep & repairs",Gorilla,CANPRO,https://raw.githubusercontent.com/kinggoff/NewSteelesImages/main/review-images/GOR-000000464-gorilla-epoxy-clear.png?raw=true,Image Added,,,,,,,,,,
simple,E-Z Mix Cups,464,EZ-000000465,,"E-Z Mix Cups is a reusable work container for holding, measuring or mixing compatible paint and finishing materials during preparation and application. Review the listed format and current manufacturer instructions to confirm compatibility, safe use, cleaning and storage for the intended job. Confirm the exact item and package before ordering.",,Painting Tools & Accessories > Tools,"e-z mix, e-z mix cups, painting tools & accessories, tools",E-Z Mix,GOE01,https://raw.githubusercontent.com/kinggoff/NewSteelesImages/main/review-images/EZ-000000465-ez-mix-70032-one-quart-cup.png?raw=true,Images for Review,,,,,Variants,2 1/2 QUART | 1 PINT | 1 QUART,1,1,,
simple,Slik Bottle Fisheye Eliminator,465,GY-000000466,,"Slik Bottle Fisheye Eliminator from Goudey is a coating additive intended to reduce fisheye defects in compatible lacquer or finishing systems when contamination cannot otherwise be eliminated. Confirm preparation, compatibility, application, coverage and recoat requirements in the current label or technical data sheet.",,Lacquer And Millwork Coatings > Goudey,"goudey, slik bottle fisheye eliminator, lacquer and millwork coatings",Goudey,GOE01,https://raw.githubusercontent.com/kinggoff/NewSteelesImages/main/review-images/GY-000000466-slik-bottle-fisheye-eliminator.png?raw=true,Images for Review,,,,,,,,,,
simple,Nationale Silver Leaf 500 Sheet Box,466,NAT-000000467,,"Nationale Silver Leaf 500 Sheet Box is a decorative gilding material or system component for creating metallic leaf finishes on compatible prepared surfaces. Confirm preparation, compatibility, application, coverage and recoat requirements in the current label or technical data sheet. Confirm the exact item and package before ordering.",,Specialty & Decorative Products > Gold Leaf,"nationale, nationale silver leaf 500 sheet box, specialty & decorative products, gold leaf",Nationale,GOE01,https://raw.githubusercontent.com/kinggoff/NewSteelesImages/main/review-images/NAT-000000467-nazionale-silver-leaf-500-sheet-pack.png?raw=true,Image Added,,,,,,,,,,
simple,Nationale Gold Leaf 500 Sheet Box,467,NAT-000000468,,"Nationale Gold Leaf 500 Sheet Box is a decorative gilding material or system component for creating metallic leaf finishes on compatible prepared surfaces. Confirm preparation, compatibility, application, coverage and recoat requirements in the current label or technical data sheet. Confirm the exact item and package before ordering.",,Specialty & Decorative Products > Gold Leaf,"nationale, nationale gold leaf 500 sheet box, specialty & decorative products, gold leaf",Nationale,GOE01,https://raw.githubusercontent.com/kinggoff/NewSteelesImages/main/review-images/NAT-000000468-nazionale-composition-gold-leaf-500-sheet-pack.png?raw=true,Image Added,,,,,,,,,,
simple,Goudey NGR Stain - Red,468,GY-000000469,,"Goudey NGR Stain - Red is a wood-finishing product for colouring, conditioning or protecting the compatible interior or exterior wood surface named in the product. Confirm preparation, compatibility, application, coverage and recoat requirements in the current label or technical data sheet. Confirm the exact item and package before ordering.",,Lacquer And Millwork Coatings > Goudey,"goudey, goudey ngr stain - red, lacquer and millwork coatings",Goudey,GOE01,https://raw.githubusercontent.com/kinggoff/NewSteelesImages/main/review-images/GY-000000469-goudey-ngr-stain-red.png?raw=true,Images for Review,,,,,,,,,,
simple,Goudey Natural Paste Wood Filler,469,GY-000000470,,"Goudey Natural Paste Wood Filler is a repair material for filling, patching, glazing, rebuilding or stabilizing the compatible wood, drywall, window or masonry surface indicated by the product name. Apply to a clean, sound surface and follow the label for mixing, layer depth, drying or cure, sanding and topcoating.",,Lacquer And Millwork Coatings > Goudey,"goudey, goudey natural paste wood filler, lacquer and millwork coatings",Goudey,GOE01,https://raw.githubusercontent.com/kinggoff/NewSteelesImages/main/review-images/GY-000000470-goudey-natural-paste-wood-filler.png?raw=true,Images for Review,,,,,,,,,,
simple,Goudey Acetone,470,GY-000000471,,"Goudey Acetone is a surface-preparation or cleanup product for removing the residue named in the product from compatible materials before refinishing. Selection should be based on the specific task, material, working conditions and compatible products in the complete system. Test first, then follow the label for dilution, dwell time, rinsing, ventilation and protective equipment.",,Lacquer And Millwork Coatings > Goudey,"goudey, goudey acetone, lacquer and millwork coatings",Goudey,GOE01,https://raw.githubusercontent.com/kinggoff/NewSteelesImages/main/review-images/GY-000000471-goudey-acetone.png?raw=true,Image Added,,,,,,,,,,
simple,Dux Water-Based Gilding Size,471,GY-000000472,,"Dux Water-Based Gilding Size from Goudey is a decorative gilding material or system component for creating metallic leaf finishes on compatible prepared surfaces. Confirm preparation, compatibility, application, coverage and recoat requirements in the current label or technical data sheet. Confirm the exact item and package before ordering.",,Lacquer And Millwork Coatings > Goudey,"goudey, dux water-based gilding size, lacquer and millwork coatings",Goudey,GOE01,https://raw.githubusercontent.com/kinggoff/NewSteelesImages/main/review-images/GY-000000472-dux-water-based-gilding-size-8oz.png?raw=true,Images for Review,,,,,,,,,,
simple,Graco Tip HD,472,GRA-000000473,,"Graco Tip HD is an airless spray tip that controls fan width and material flow; the exact tip size must be matched to the coating, sprayer and desired finish. Confirm model compatibility and pressure rating, then follow the equipment manual for setup, flushing, maintenance and safe operation. Confirm the exact item and package before ordering.",,Spray Equipment Sales & Service > Graco,"graco, graco tip hd, spray equipment sales & service",Graco,GRA01-S,https://raw.githubusercontent.com/kinggoff/NewSteelesImages/main/review-images/GRA-000000473-graco-tip-hd.png?raw=true,Images for Review,,,,,,,,,,
simple,Graco Throat Seal,473,GRA-000000474,,"Graco Throat Seal is a maintenance fluid used with compatible airless sprayer pump packings to help protect the displacement rod and wet-cup area. Confirm model compatibility and pressure rating, then follow the equipment manual for setup, flushing, maintenance and safe operation. Confirm the exact item and package before ordering.",,Spray Equipment Sales & Service > Graco,"graco, graco throat seal, spray equipment sales & service",Graco,GRA01-S,https://raw.githubusercontent.com/kinggoff/NewSteelesImages/main/review-images/GRA-000000474-graco-206994-tsl-throat-seal-liquid.png?raw=true,Images for Review,,,,,,,,,,
simple,Graco Rac 10 Tip,474,GRA-000000475,,"Graco Rac 10 Tip is an airless spray tip that controls fan width and material flow; the exact tip size must be matched to the coating, sprayer and desired finish. Confirm model compatibility and pressure rating, then follow the equipment manual for setup, flushing, maintenance and safe operation. Confirm the exact item and package before ordering.",,Spray Equipment Sales & Service > Graco,"graco, graco rac 10 tip, spray equipment sales & service",Graco,GRA01-S,https://raw.githubusercontent.com/kinggoff/NewSteelesImages/main/review-images/GRA-000000475-graco-rac-10-tip.png?raw=true,Images for Review,,,,,,,,,,
simple,Graco Quickshot 3,475,GRA-000000476,,"Graco Quickshot 3 is a professional paint-spray system for applying compatible architectural or finishing coatings; capacity and setup should be matched to the material and project. Confirm model compatibility and pressure rating, then follow the equipment manual for setup, flushing, maintenance and safe operation.",,Spray Equipment Sales & Service > Graco,"graco, graco quickshot 3, spray equipment sales & service",Graco,GRA01-S,https://raw.githubusercontent.com/kinggoff/NewSteelesImages/main/review-images/GRA-000000476-graco-ultra-quickshot-20b473.png?raw=true,Images for Review,,,,,,,,,,
simple,Graco Linelazer Rac 5 Switch Tip,476,GRA-000000477,,"Graco Linelazer Rac 5 Switch Tip is an airless spray tip that controls fan width and material flow; the exact tip size must be matched to the coating, sprayer and desired finish. Confirm model compatibility and pressure rating, then follow the equipment manual for setup, flushing, maintenance and safe operation.",,Spray Equipment Sales & Service > Graco,"graco, graco linelazer rac 5 switch tip, spray equipment sales & service",Graco,GRA01-S,https://raw.githubusercontent.com/kinggoff/NewSteelesImages/main/review-images/GRA-000000477-graco-ll5315-linelazer-rac-5-switchtip.png?raw=true,Images for Review,,,,,,,,,,
simple,Graco Flat Tip,477,GRA-000000478,,"Graco Flat Tip is an airless spray tip that controls fan width and material flow; the exact tip size must be matched to the coating, sprayer and desired finish. Confirm model compatibility and pressure rating, then follow the equipment manual for setup, flushing, maintenance and safe operation. Confirm the exact item and package before ordering.",,Spray Equipment Sales & Service > Graco,"graco, graco flat tip, spray equipment sales & service",Graco,GRA01-S,https://raw.githubusercontent.com/kinggoff/NewSteelesImages/main/review-images/GRA-000000478-graco-flat-tip.png?raw=true,Images for Review,,,,,,,,,,
simple,Graco Finishpro Gx19 120V,478,GRA-000000479,,"Graco Finishpro Gx19 120V is a professional paint-spray system for applying compatible architectural or finishing coatings; capacity and setup should be matched to the material and project. Confirm model compatibility and pressure rating, then follow the equipment manual for setup, flushing, maintenance and safe operation.",,Spray Equipment Sales & Service > Graco,"graco, graco finishpro gx19 120v, spray equipment sales & service",Graco,GRA01-S,https://raw.githubusercontent.com/kinggoff/NewSteelesImages/main/review-images/GRA-000000479-graco-finishpro-gx19-17f924.png?raw=true,Image Added,,,,,,,,,,
simple,Graco Fine Finish Tip 107,479,GRA-000000480,,"Graco Fine Finish Tip 107 is an airless spray tip that controls fan width and material flow; the exact tip size must be matched to the coating, sprayer and desired finish. Confirm model compatibility and pressure rating, then follow the equipment manual for setup, flushing, maintenance and safe operation.",,Spray Equipment Sales & Service > Graco,"graco, graco fine finish tip 107, spray equipment sales & service",Graco,GRA01-S,https://raw.githubusercontent.com/kinggoff/NewSteelesImages/main/review-images/GRA-000000480-graco-fflp108-fine-finish-switchtip.png?raw=true,Images for Review,,,,,,,,,,
simple,Graco Filter,480,GRA-000000481,,"Graco Filter is a replacement spray-gun or system filter that helps screen coating debris and reduce tip clogs in compatible equipment. Selection should be based on the specific task, material, working conditions and compatible products in the complete system. Confirm model compatibility and pressure rating, then follow the equipment manual for setup, flushing, maintenance and safe operation.",,Spray Equipment Sales & Service > Graco,"graco, graco filter, spray equipment sales & service",Graco,GRA01-S,https://raw.githubusercontent.com/kinggoff/NewSteelesImages/main/review-images/GRA-000000481-graco-filter.png?raw=true,Images for Review,,,,,,,,,,
simple,Graco Contractor Powershot Gun,481,GRA-000000482,,"Graco Contractor Powershot Gun is a paint-spray gun or gun package for delivering compatible coatings through the specified spray system. Selection should be based on the specific task, material, working conditions and compatible products in the complete system. Confirm model compatibility and pressure rating, then follow the equipment manual for setup, flushing, maintenance and safe operation.",,Spray Equipment Sales & Service > Graco,"graco, graco contractor powershot gun, spray equipment sales & service",Graco,GRA01-S,https://raw.githubusercontent.com/kinggoff/NewSteelesImages/main/review-images/GRA-000000482-graco-contractor-powershot-xt-18h301.png?raw=true,Images for Review,,,,,,,,,,
simple,Graco Ext,482,GRA-000000483,,"Graco Ext is a spray-gun extension for reaching ceilings, walls and other elevated or recessed areas with compatible airless equipment. Selection should be based on the specific task, material, working conditions and compatible products in the complete system. Confirm model compatibility and pressure rating, then follow the equipment manual for setup, flushing, maintenance and safe operation.",,Spray Equipment Sales & Service > Graco,"graco, graco ext, spray equipment sales & service",Graco,GRA01-S,https://raw.githubusercontent.com/kinggoff/NewSteelesImages/main/review-images/GRA-000000483-graco-extension.png?raw=true,Images for Review,,,,,,,,,,
simple,Purple Max Cleaner + Degreaser Concentrate,483,GE-000000484,,"Purple Max Cleaner + Degreaser Concentrate from Grime Eater is a surface-preparation or cleanup product for removing the residue named in the product from compatible materials before refinishing. Test first, then follow the label for dilution, dwell time, rinsing, ventilation and protective equipment.",,Painting Tools & Accessories > Cleaners & Removers,"grime eater, purple max cleaner + degreaser concentrate, painting tools & accessories, cleaners & removers",Grime Eater,GRIME,https://raw.githubusercontent.com/kinggoff/NewSteelesImages/main/review-images/GE-000000484-purple-max-cleaner-degreaser.png?raw=true,Image Added,,,,,,,,,,
simple,Power Maxx Hand Cleaner,484,GE-000000485,,"Power Maxx Hand Cleaner from Grime Eater is a surface-preparation or cleanup product for removing the residue named in the product from compatible materials before refinishing. Test first, then follow the label for dilution, dwell time, rinsing, ventilation and protective equipment. Confirm the exact item and package before ordering.",,Painting Tools & Accessories > Cleaners & Removers,"grime eater, power maxx hand cleaner, painting tools & accessories, cleaners & removers",Grime Eater,GRIME,https://raw.githubusercontent.com/kinggoff/NewSteelesImages/main/review-images/GE-000000485-power-maxx-hand-cleaner.png?raw=true,Images for Review,,,,,,,,,,
simple,Power Maxx Hand Cleaner - Gal,485,GE-000000486,,"Power Maxx Hand Cleaner - Gal from Grime Eater is a surface-preparation or cleanup product for removing the residue named in the product from compatible materials before refinishing. Test first, then follow the label for dilution, dwell time, rinsing, ventilation and protective equipment. Confirm the exact item and package before ordering.",,Painting Tools & Accessories > Cleaners & Removers,"grime eater, power maxx hand cleaner - gal, painting tools & accessories, cleaners & removers",Grime Eater,GRIME,https://raw.githubusercontent.com/kinggoff/NewSteelesImages/main/review-images/GE-000000485-power-maxx-hand-cleaner.png?raw=true,Images for Review,,,,,,,,,,
simple,Grime Eater Orange Hand Cleaner,486,GE-000000487,,"Grime Eater Orange Hand Cleaner is a surface-preparation or cleanup product for removing the residue named in the product from compatible materials before refinishing. Test first, then follow the label for dilution, dwell time, rinsing, ventilation and protective equipment. Confirm the exact item and package before ordering.",,Painting Tools & Accessories > Cleaners & Removers,"grime eater, grime eater orange hand cleaner, painting tools & accessories, cleaners & removers",Grime Eater,GRIME,https://raw.githubusercontent.com/kinggoff/NewSteelesImages/main/review-images/GE-000000487-grime-eater-orange-hand-cleaner.png?raw=true,Image Added,,,,,,,,,,
simple,Handy Paint Pail,487,HPP-000000488,,"Handy Paint Pail is a reusable work container for holding, measuring or mixing compatible paint and finishing materials during preparation and application. Review the listed format and current manufacturer instructions to confirm compatibility, safe use, cleaning and storage for the intended job. Confirm the exact item and package before ordering.",,Painting Tools & Accessories > Tools,"handy paint pail, painting tools & accessories, tools",Handy Paint Pail,CANPRO,https://aboffs.com/cdn/shop/files/Handy-Paint-Pail_2000x.png?v=1730821589,Image Added,,,,,,,,,,
simple,Handy Pail Liners,488,HPP-000000489,,"Handy Pail Liners from Handy Paint Pail is a disposable liner for the matching handheld paint pail, helping speed colour changes and simplify cleanup. Review the listed format and current manufacturer instructions to confirm compatibility, safe use, cleaning and storage for the intended job. Confirm the exact item and package before ordering.",,Painting Tools & Accessories > Tools,"handy paint pail, handy pail liners, painting tools & accessories, tools",Handy Paint Pail,CANPRO,https://raw.githubusercontent.com/kinggoff/NewSteelesImages/main/review-images/HPP-000000489-handy-pail-liners.png?raw=true,Image Added,,,,,,,,,,
simple,Shoppro Cordless Led Tripod Worklight,489,HOL-000000490,,"Shoppro Cordless Led Tripod Worklight from Holland is a portable LED work light for illuminating walls, ceilings and work areas during preparation, coating and inspection. Review the listed format and current manufacturer instructions to confirm compatibility, safe use, cleaning and storage for the intended job.",,Painting Tools & Accessories > Tools,"holland, shoppro cordless led tripod worklight, painting tools & accessories, tools",Holland,HOLLAND,https://raw.githubusercontent.com/kinggoff/NewSteelesImages/main/review-images/HOL-000000490-shoppro-cordless-led-tripod-worklight.png?raw=true,Image Added,,,,,,,,,,
simple,360 Degree Cannon Work Light,490,HOL-000000491,,"360 Degree Cannon Work Light from Holland is a portable LED work light for illuminating walls, ceilings and work areas during preparation, coating and inspection. Review the listed format and current manufacturer instructions to confirm compatibility, safe use, cleaning and storage for the intended job.",,Painting Tools & Accessories > Tools,"holland, 360 degree cannon work light, painting tools & accessories, tools",Holland,HOLLAND,https://raw.githubusercontent.com/kinggoff/NewSteelesImages/main/review-images/HOL-000000491-shoppro-360-cannon-work-light.png?raw=true,Image Added,,,,,,,,,,
simple,J-B Weld Superweld Epoxy,491,JBW-000000492,,"J-B Weld Superweld Epoxy is an adhesive or repair compound for joining compatible materials; bond strength depends on surface preparation, fit, cure and the specific substrates involved. Prepare both surfaces and follow the label for mixing where required, open or working time, assembly, clamping and cure.",,Painting Tools & Accessories > Paint Prep & Repairs,"j-b weld, j-b weld superweld epoxy, painting tools & accessories, paint prep & repairs",J-B Weld,MUM01,https://raw.githubusercontent.com/kinggoff/NewSteelesImages/main/review-images/JBW-000000492-jb-weld-superweld-instant-adhesive.png?raw=true,Images for Review,,,,,,,,,,
simple,J-B Weld Original Cold Weld,492,JBW-000000493,,"J-B Weld Original Cold Weld is an adhesive or repair compound for joining compatible materials; bond strength depends on surface preparation, fit, cure and the specific substrates involved. Prepare both surfaces and follow the label for mixing where required, open or working time, assembly, clamping and cure.",,Painting Tools & Accessories > Paint Prep & Repairs,"j-b weld, j-b weld original cold weld, painting tools & accessories, paint prep & repairs",J-B Weld,MUM01,https://raw.githubusercontent.com/kinggoff/NewSteelesImages/main/review-images/JBW-000000493-jb-weld-original-cold-weld-8265s.png?raw=true,Images for Review,,,,,,,,,,
simple,J-B Weld Minuteweld Epoxy Syringe,493,JBW-000000494,,"J-B Weld Minuteweld Epoxy Syringe is an adhesive or repair compound for joining compatible materials; bond strength depends on surface preparation, fit, cure and the specific substrates involved. Prepare both surfaces and follow the label for mixing where required, open or working time, assembly, clamping and cure.",,Painting Tools & Accessories > Paint Prep & Repairs,"j-b weld, j-b weld minuteweld epoxy syringe, painting tools & accessories, paint prep & repairs",J-B Weld,MUM01,https://raw.githubusercontent.com/kinggoff/NewSteelesImages/main/review-images/JBW-000000494-jb-weld-minuteweld-syringe-50101.png?raw=true,Image Added,,,,,,,,,,
simple,"Jen 2"" Foam Brush",494,JEN-000000495,,"Jen 2"" Foam Brush is a purpose-shaped brush for controlled application of compatible paint, stain or decorative coating; its filament style and profile suit the task named in the product. Choose the listed size for the surface and coating, then clean or dispose of the applicator according to current product guidance.",,Painting Tools & Accessories > Tools,"jen, jen 2"" foam brush, painting tools & accessories, tools",Jen,CANPRO,https://raw.githubusercontent.com/kinggoff/NewSteelesImages/main/review-images/JEN-000000495-jen-2-inch-foam-brush.png?raw=true,Image Added,,,,,,,,,,
simple,Wet Sanding Paper 1500 Grit,495,KLI-000000496,,"Wet Sanding Paper 1500 Grit from Klingspor is an abrasive product for levelling, smoothing or keying surfaces during staged preparation; the stated grit determines how aggressively it cuts. Match it to the surface, work progressively, and use suitable eye, hand and respiratory protection for the material being removed.",,Painting Tools & Accessories > Paint Prep & Repairs,"klingspor, wet sanding paper 1500 grit, painting tools & accessories, paint prep & repairs",Klingspor,EAE01,https://raw.githubusercontent.com/kinggoff/NewSteelesImages/main/review-images/KLI-000000496-wet-sanding-paper-1500-grit.png?raw=true,Image Added,,,,,,,,,,
simple,50 Yrd Roll 100 Grit Sandpaper,496,KLI-000000497,,"50 Yrd Roll 100 Grit Sandpaper from Klingspor is an abrasive product for levelling, smoothing or keying surfaces during staged preparation; the stated grit determines how aggressively it cuts. Match it to the surface, work progressively, and use suitable eye, hand and respiratory protection for the material being removed.",,Painting Tools & Accessories > Paint Prep & Repairs,"klingspor, 50 yrd roll 100 grit sandpaper, painting tools & accessories, paint prep & repairs",Klingspor,EAE01,https://raw.githubusercontent.com/kinggoff/NewSteelesImages/main/review-images/KLI-000000497-498-red-sandpaper-roll-100-grit.png?raw=true,Images for Review,,,,,,,,,,
simple,25 Yard Roll Red Sandpaper 100 Grit,497,KLI-000000498,,"25 Yard Roll Red Sandpaper 100 Grit from Klingspor is an abrasive product for levelling, smoothing or keying surfaces during staged preparation; the stated grit determines how aggressively it cuts. Match it to the surface, work progressively, and use suitable eye, hand and respiratory protection for the material being removed.",,Painting Tools & Accessories > Paint Prep & Repairs,"klingspor, 25 yard roll red sandpaper 100 grit, painting tools & accessories, paint prep & repairs",Klingspor,EAE01,https://raw.githubusercontent.com/kinggoff/NewSteelesImages/main/review-images/KLI-000000497-498-red-sandpaper-roll-100-grit.png?raw=true,Images for Review,,,,,,,,,,
simple,Krylon Metallic Silver,498,KRY-000000499,,"Krylon Metallic Silver is an aerosol coating or treatment for the colour, effect or repair task stated in the product name on a compatible prepared surface. Confirm preparation, compatibility, application, coverage and recoat requirements in the current label or technical data sheet. Confirm the exact item and package before ordering.",,Paints > Aerosols,"krylon, krylon metallic silver, paints, aerosols",Krylon,DIVERS,https://chadwebstorage.azureedge.net/images/455026_1500.png,Image Added,,,,,,,,,,
simple,Krylon Fusion Satin Black,499,KRY-000000500,,"Krylon Fusion Satin Black is an aerosol coating or treatment for the colour, effect or repair task stated in the product name on a compatible prepared surface. Confirm preparation, compatibility, application, coverage and recoat requirements in the current label or technical data sheet. Confirm the exact item and package before ordering.",,Paints > Aerosols,"krylon, krylon fusion satin black, paints, aerosols",Krylon,DIVERS,https://raw.githubusercontent.com/kinggoff/NewSteelesImages/main/review-images/KRY-000000500-krylon-fusion-satin-black-k02732007.png?raw=true,Image Added,,,,,,,,,,
simple,Krylon Fusion Metallic Gold,500,KRY-000000501,,"Krylon Fusion Metallic Gold is an aerosol coating or treatment for the colour, effect or repair task stated in the product name on a compatible prepared surface. Confirm preparation, compatibility, application, coverage and recoat requirements in the current label or technical data sheet. Confirm the exact item and package before ordering.",,Paints > Aerosols,"krylon, krylon fusion metallic gold, paints, aerosols",Krylon,DIVERS,https://raw.githubusercontent.com/kinggoff/NewSteelesImages/main/review-images/KRY-000000501-krylon-fusion-metallic-gold-k02770007.png?raw=true,Image Added,,,,,,,,,,
simple,Krylon Fusion Gloss Black,501,KRY-000000502,,"Krylon Fusion Gloss Black is an aerosol coating or treatment for the colour, effect or repair task stated in the product name on a compatible prepared surface. Confirm preparation, compatibility, application, coverage and recoat requirements in the current label or technical data sheet. Confirm the exact item and package before ordering.",,Paints > Aerosols,"krylon, krylon fusion gloss black, paints, aerosols",Krylon,DIVERS,https://raw.githubusercontent.com/kinggoff/NewSteelesImages/main/review-images/KRY-000000502-krylon-fusion-gloss-black-k02702007.png?raw=true,Image Added,,,,,,,,,,
simple,Krylon Fusion Flat Black,502,KRY-000000503,,"Krylon Fusion Flat Black is an aerosol coating or treatment for the colour, effect or repair task stated in the product name on a compatible prepared surface. Confirm preparation, compatibility, application, coverage and recoat requirements in the current label or technical data sheet. Confirm the exact item and package before ordering.",,Paints > Aerosols,"krylon, krylon fusion flat black, paints, aerosols",Krylon,DIVERS,https://raw.githubusercontent.com/kinggoff/NewSteelesImages/main/review-images/KRY-000000503-krylon-fusion-flat-black-k02728007.png?raw=true,Image Added,,,,,,,,,,
simple,Last N Last Satin Spar Varnish,503,LNL-000000504,,"Last N Last Satin Spar Varnish is a clear or translucent finish for building the sheen and protection appropriate to the compatible surface and coating system. Confirm preparation, compatibility, application, coverage and recoat requirements in the current label or technical data sheet. Confirm the exact item and package before ordering.",,Paints > Exterior,"last n last, last n last satin spar varnish, paints, exterior",Last n Last,ABSOLUT,https://raw.githubusercontent.com/kinggoff/NewSteelesImages/main/review-images/LNL-000000504-last-n-last-satin-spar-varnish.png?raw=true,Image Added,,,,,,,,,,
simple,Last N Last Oil Gloss Urethane 350 Voc,504,LNL-000000505,,"Last N Last Oil Gloss Urethane 350 Voc is a coating formulated for the interior, exterior, specialty or industrial use indicated by its product name and category. Confirm preparation, compatibility, application, coverage and recoat requirements in the current label or technical data sheet. Confirm the exact item and package before ordering.",,Paints > Exterior,"last n last, last n last oil gloss urethane 350 voc, paints, exterior",Last n Last,ABSOLUT,https://raw.githubusercontent.com/kinggoff/NewSteelesImages/main/review-images/LNL-000000505-last-n-last-gloss-urethane-350-voc.png?raw=true,Image Added,,,,,,,,,,
simple,Absco Polyurethane Wood Floor Finish Sat,505,LNL-000000506,,"Absco Polyurethane Wood Floor Finish Sat from Last n Last is a clear or translucent finish for building the sheen and protection appropriate to the compatible surface and coating system. Confirm preparation, compatibility, application, coverage and recoat requirements in the current label or technical data sheet.",,Paints > Stains & Varnishes,"last n last, absco polyurethane wood floor finish sat, paints, stains & varnishes",Last n Last,ABSOLUT,https://raw.githubusercontent.com/kinggoff/NewSteelesImages/main/review-images/LNL-000000506-absco-polyurethane-satin.png?raw=true,Image Added,,,,,,,,,,
simple,Leaktite Multi-Purpose Mixing Pail,506,LEA-000000507,,"Leaktite Multi-Purpose Mixing Pail is a reusable work container for holding, measuring or mixing compatible paint and finishing materials during preparation and application. Review the listed format and current manufacturer instructions to confirm compatibility, safe use, cleaning and storage for the intended job.",,Painting Tools & Accessories > Tools,"leaktite, leaktite multi-purpose mixing pail, painting tools & accessories, tools",Leaktite,LEAKTITE,https://raw.githubusercontent.com/kinggoff/NewSteelesImages/main/review-images/LEA-000000507-leaktite-multi-purpose-mixing-pail.png?raw=true,Images for Review,,,,,Variants,5 QUART | 2 1/2 QT | 1 QT,1,1,,
simple,Lemmer Pot Liners,507,LEM-000000508,,"Lemmer Pot Liners is disposable liners for compatible pressure or paint pots, helping simplify colour changes and cleanup. Selection should be based on the specific task, material, working conditions and compatible products in the complete system. Confirm model compatibility and pressure rating, then follow the equipment manual for setup, flushing, maintenance and safe operation.",,Spray Equipment Sales & Service > Lemmer,"lemmer, lemmer pot liners, spray equipment sales & service",Lemmer,LEM01,https://raw.githubusercontent.com/kinggoff/NewSteelesImages/main/review-images/LEM-000000508-lemmer-pot-liner.png?raw=true,Images for Review,,,,,,,,,,
simple,Lemmer Gravity Gun Conv,508,LEM-000000509,,"Lemmer Gravity Gun Conv is a paint-spray gun or gun package for delivering compatible coatings through the specified spray system. Selection should be based on the specific task, material, working conditions and compatible products in the complete system. Confirm model compatibility and pressure rating, then follow the equipment manual for setup, flushing, maintenance and safe operation.",,Spray Equipment Sales & Service > Lemmer,"lemmer, lemmer gravity gun conv, spray equipment sales & service",Lemmer,LEM01,https://raw.githubusercontent.com/kinggoff/NewSteelesImages/main/review-images/LEM-000000509-lemmer-a910g-gravity-gun-conventional.png?raw=true,Images for Review,,,,,,,,,,
simple,"Lemmer Pot, Gun, Hose Complete",509,LEM-000000510,,"Lemmer Pot, Gun, Hose Complete is a paint-spray gun or gun package for delivering compatible coatings through the specified spray system. Selection should be based on the specific task, material, working conditions and compatible products in the complete system. Confirm model compatibility and pressure rating, then follow the equipment manual for setup, flushing, maintenance and safe operation.",,Spray Equipment Sales & Service > Lemmer,"lemmer, lemmer pot, gun, hose complete, spray equipment sales & service",Lemmer,LEM01,https://raw.githubusercontent.com/kinggoff/NewSteelesImages/main/review-images/LEM-000000510-lemmer-pressure-pot-gun-hose-complete.png?raw=true,Images for Review,,,,,,,,,,
simple,PC-Woody Wood Epoxy Paste,510,PC-000000511,,"PC-Woody Wood Epoxy Paste from PC Products is a repair material for filling, patching, glazing, rebuilding or stabilizing the compatible wood, drywall, window or masonry surface indicated by the product name. Prepare both surfaces and follow the label for mixing where required, open or working time, assembly, clamping and cure.",,Painting Tools & Accessories > Paint Prep & Repairs,"pc products, pc-woody wood epoxy paste, painting tools & accessories, paint prep & repairs",PC Products,DOVER,https://raw.githubusercontent.com/kinggoff/NewSteelesImages/main/review-images/PC-000000511-pc-woody-6oz.png?raw=true,Images for Review,,,,,,,,,,
simple,PC-Clear Liquid Epoxy,511,PC-000000512,,"PC-Clear Liquid Epoxy from PC Products is an epoxy coating or repair system for the compatible floor, concrete, wood or assembly application named in the product. Prepare both surfaces and follow the label for mixing where required, open or working time, assembly, clamping and cure. Confirm the exact item and package before ordering.",,Painting Tools & Accessories > Paint Prep & Repairs,"pc products, pc-clear liquid epoxy, painting tools & accessories, paint prep & repairs",PC Products,DOVER,https://raw.githubusercontent.com/kinggoff/NewSteelesImages/main/review-images/PC-000000512-pc-clear-1oz.png?raw=true,Images for Review,,,,,,,,,,
simple,Pc Petrifier Wood Hardener,512,PC-000000513,,"Pc Petrifier Wood Hardener from PC Products is a repair material for filling, patching, glazing, rebuilding or stabilizing the compatible wood, drywall, window or masonry surface indicated by the product name. Review the listed format and current manufacturer instructions to confirm compatibility, safe use, cleaning and storage for the intended job.",,Painting Tools & Accessories > Paint Prep & Repairs,"pc products, pc petrifier wood hardener, painting tools & accessories, paint prep & repairs",PC Products,DOVER,https://raw.githubusercontent.com/kinggoff/NewSteelesImages/main/review-images/PC-000000513-pc-petrifier-8oz.png?raw=true,Images for Review,,,,,,,,,,
simple,Pc Lumber,513,PC-000000514,,"Pc Lumber from PC Products is a repair material for filling, patching, glazing, rebuilding or stabilizing the compatible wood, drywall, window or masonry surface indicated by the product name. Review the listed format and current manufacturer instructions to confirm compatibility, safe use, cleaning and storage for the intended job.",,Painting Tools & Accessories > Paint Prep & Repairs,"pc products, pc lumber, painting tools & accessories, paint prep & repairs",PC Products,DOVER,https://raw.githubusercontent.com/kinggoff/NewSteelesImages/main/review-images/PC-000000514-pc-lumber-1oz.png?raw=true,Images for Review,,,,,,,,,,
simple,Kilz Low Voc Spray Can,514,KIL-000000515,,"Kilz Low Voc Spray Can is an aerosol coating or treatment for the colour, effect or repair task stated in the product name on a compatible prepared surface. Confirm preparation, compatibility, application, coverage and recoat requirements in the current label or technical data sheet. Confirm the exact item and package before ordering.",,Paints > Aerosols,"kilz, kilz low voc spray can, paints, aerosols",KILZ,KILZ,https://raw.githubusercontent.com/kinggoff/NewSteelesImages/main/review-images/KIL-000000515-kilz-low-odor-spray-primer.png?raw=true,Images for Review,,,,,,,,,,
simple,Tonachino Firenze White,515,MEO-000000516,,"Tonachino Firenze White from Meoded is a decorative plaster, coating or system component for creating the texture and appearance identified in the product name on a properly prepared surface. Confirm preparation, compatibility, application, coverage and recoat requirements in the current label or technical data sheet.",,Specialty & Decorative Products > Meoded Plasters,"meoded, tonachino firenze white, specialty & decorative products, meoded plasters",Meoded,MEODED,https://starscenic.com/cdn/shop/files/Meoded_-_Tonachino_Firenze.png?v=1749496967&width=2048,Image Added,,,,,,,,,,
simple,Stucco Lamundo,516,MEO-000000517,,"Stucco Lamundo from Meoded is a decorative plaster, coating or system component for creating the texture and appearance identified in the product name on a properly prepared surface. Confirm preparation, compatibility, application, coverage and recoat requirements in the current label or technical data sheet.",,Specialty & Decorative Products > Meoded Plasters,"meoded, stucco lamundo, specialty & decorative products, meoded plasters",Meoded,MEODED,https://starscenic.com/cdn/shop/files/Meoded_-_Stucco_Lamundo.png?v=1749498737&width=2048,Image Added,,,,,,,,,,
simple,Meoded Stain Shield Sealer,517,MEO-000000518,,"Meoded Stain Shield Sealer is a wood-finishing product for colouring, conditioning or protecting the compatible interior or exterior wood surface named in the product. Confirm preparation, compatibility, application, coverage and recoat requirements in the current label or technical data sheet. Confirm the exact item and package before ordering.",,Specialty & Decorative Products > Meoded Plasters,"meoded, meoded stain shield sealer, specialty & decorative products, meoded plasters",Meoded,MEODED,https://raw.githubusercontent.com/kinggoff/NewSteelesImages/main/review-images/MEO-000000518-meoded-stain-shield-quart.png?raw=true,Images for Review,,,,,,,,,,
simple,Plaster Seal Plus 3 Part Quart,518,MEO-000000519,,"Plaster Seal Plus 3 Part Quart from Meoded is a decorative plaster, coating or system component for creating the texture and appearance identified in the product name on a properly prepared surface. Apply to a clean, sound surface and follow the label for mixing, layer depth, drying or cure, sanding and topcoating.",,Specialty & Decorative Products > Meoded Plasters,"meoded, plaster seal plus 3 part quart, specialty & decorative products, meoded plasters",Meoded,MEODED,https://raw.githubusercontent.com/kinggoff/NewSteelesImages/main/review-images/MEO-000000519-meoded-plasterseal-plus.png?raw=true,Image Added,,,,,,,,,,
simple,Meoded Plaster Guard Sealer,519,MEO-000000520,,"Meoded Plaster Guard Sealer is a decorative plaster, coating or system component for creating the texture and appearance identified in the product name on a properly prepared surface. Apply to a clean, sound surface and follow the label for mixing, layer depth, drying or cure, sanding and topcoating.",,Specialty & Decorative Products > Meoded Plasters,"meoded, meoded plaster guard sealer, specialty & decorative products, meoded plasters",Meoded,MEODED,https://raw.githubusercontent.com/kinggoff/NewSteelesImages/main/review-images/MEO-000000520-meoded-plasterguard-satin.png?raw=true,Images for Review,Finishes,Gloss | Low Gloss | Satin,1,1,,,,,,
simple,Pearlas Velvet White,520,MEO-000000521,,"Pearlas Velvet White from Meoded is a decorative plaster, coating or system component for creating the texture and appearance identified in the product name on a properly prepared surface. Confirm preparation, compatibility, application, coverage and recoat requirements in the current label or technical data sheet.",,Specialty & Decorative Products > Meoded Plasters,"meoded, pearlas velvet white, specialty & decorative products, meoded plasters",Meoded,MEODED,https://raw.githubusercontent.com/kinggoff/NewSteelesImages/main/review-images/MEO-000000521-meoded-pearlas-velvet-white.png?raw=true,Images for Review,,,,,,,,,,
simple,Meoded Quartz Primer,521,MEO-000000522,,"Meoded Quartz Primer is a preparatory coating for the substrate or problem condition named in the product, helping create a more uniform surface for compatible topcoats. Confirm preparation, compatibility, application, coverage and recoat requirements in the current label or technical data sheet. Confirm the exact item and package before ordering.",,Specialty & Decorative Products > Meoded Plasters,"meoded, meoded quartz primer, specialty & decorative products, meoded plasters",Meoded,MEODED,https://starscenic.com/cdn/shop/files/Meoded_-_Quartz_Primer.png?v=1749499066&width=1600,Image Added,,,,,,,,,,
simple,Meoded Moroccan Clay,522,MEO-000000523,,"Meoded Moroccan Clay is a decorative plaster, coating or system component for creating the texture and appearance identified in the product name on a properly prepared surface. Confirm preparation, compatibility, application, coverage and recoat requirements in the current label or technical data sheet.",,Specialty & Decorative Products > Meoded Plasters,"meoded, meoded moroccan clay, specialty & decorative products, meoded plasters",Meoded,MEODED,https://raw.githubusercontent.com/kinggoff/NewSteelesImages/main/review-images/MEO-000000523-meoded-moroccan-clay.png?raw=true,Image Added,,,,,,,,,,
simple,Meoded Lime Wash,523,MEO-000000524,,"Meoded Lime Wash is a decorative plaster, coating or system component for creating the texture and appearance identified in the product name on a properly prepared surface. Confirm preparation, compatibility, application, coverage and recoat requirements in the current label or technical data sheet.",,Specialty & Decorative Products > Meoded Plasters,"meoded, meoded lime wash, specialty & decorative products, meoded plasters",Meoded,MEODED,https://starscenic.com/cdn/shop/files/Meoded_-_Lime_Wash.png?v=1749496379&width=1400,Image Added,,,,,,,,,,
simple,Marmorino Palladino,524,MEO-000000525,,"Marmorino Palladino from Meoded is a decorative plaster, coating or system component for creating the texture and appearance identified in the product name on a properly prepared surface. Confirm preparation, compatibility, application, coverage and recoat requirements in the current label or technical data sheet.",,Specialty & Decorative Products > Meoded Plasters,"meoded, marmorino palladino, specialty & decorative products, meoded plasters",Meoded,MEODED,https://starscenic.com/cdn/shop/files/Meoded_-_Marmorino_Palladino.png?v=1749497491&width=1000,Image Added,,,,,,,,,,
simple,Lime Wash Brush 50X150,525,MEO-000000526,,"Lime Wash Brush 50X150 from Meoded is a purpose-shaped brush for controlled application of compatible paint, stain or decorative coating; its filament style and profile suit the task named in the product. Choose the listed size for the surface and coating, then clean or dispose of the applicator according to current product guidance.",,Specialty & Decorative Products > Meoded Plasters,"meoded, lime wash brush 50x150, specialty & decorative products, meoded plasters",Meoded,MEODED,https://raw.githubusercontent.com/kinggoff/NewSteelesImages/main/review-images/MEO-000000526-meoded-box-brush.png?raw=true,Images for Review,,,,,,,,,,
simple,Hydrowax Gallon Water Soluble Wax,526,MEO-000000527,,"Hydrowax Gallon Water Soluble Wax from Meoded is a clear or translucent finish for building the sheen and protection appropriate to the compatible surface and coating system. Confirm preparation, compatibility, application, coverage and recoat requirements in the current label or technical data sheet.",,Specialty & Decorative Products > Meoded Plasters,"meoded, hydrowax gallon water soluble wax, specialty & decorative products, meoded plasters",Meoded,MEODED,https://raw.githubusercontent.com/kinggoff/NewSteelesImages/main/review-images/MEO-000000527-meoded-hydrowax.png?raw=true,Images for Review,,,,,,,,,,
simple,Golmex Concrete Look,527,MEO-000000528,,"Golmex Concrete Look from Meoded is a decorative plaster, coating or system component for creating the texture and appearance identified in the product name on a properly prepared surface. Confirm preparation, compatibility, application, coverage and recoat requirements in the current label or technical data sheet.",,Specialty & Decorative Products > Meoded Plasters,"meoded, golmex concrete look, specialty & decorative products, meoded plasters",Meoded,MEODED,https://starscenic.com/cdn/shop/files/Meoded_-_Golmex_Concrete_Look.png?v=1749498540&width=2048,Image Added,,,,,,,,,,
simple,Crystal Brush White Base,528,MEO-000000529,,"Crystal Brush White Base from Meoded is a paint or decorative-finish brush whose stated shape, filament and size are intended to provide control for the named application. Choose the listed size for the surface and coating, then clean or dispose of the applicator according to current product guidance.",,Specialty & Decorative Products > Meoded Plasters,"meoded, crystal brush white base, specialty & decorative products, meoded plasters",Meoded,MEODED,https://raw.githubusercontent.com/kinggoff/NewSteelesImages/main/review-images/MEO-000000529-meoded-crystal-brush-white-base.png?raw=true,Images for Review,,,,,,,,,,
simple,Cristallo Clear Coat Matte,529,MEO-000000530,,"Cristallo Clear Coat Matte from Meoded is a clear or translucent finish for building the sheen and protection appropriate to the compatible surface and coating system. Confirm preparation, compatibility, application, coverage and recoat requirements in the current label or technical data sheet. Confirm the exact item and package before ordering.",,Specialty & Decorative Products > Meoded Plasters,"meoded, cristallo clear coat matte, specialty & decorative products, meoded plasters",Meoded,MEODED,https://raw.githubusercontent.com/kinggoff/NewSteelesImages/main/review-images/MEO-000000530-meoded-cristallo-clear-matte.png?raw=true,Image Added,,,,,,,,,,
simple,Concretta Fs White,530,MEO-000000531,,"Concretta Fs White from Meoded is a decorative plaster, coating or system component for creating the texture and appearance identified in the product name on a properly prepared surface. Confirm preparation, compatibility, application, coverage and recoat requirements in the current label or technical data sheet.",,Specialty & Decorative Products > Meoded Plasters,"meoded, concretta fs white, specialty & decorative products, meoded plasters",Meoded,MEODED,https://raw.githubusercontent.com/kinggoff/NewSteelesImages/main/review-images/MEO-000000531-meoded-concretta-fs-white.png?raw=true,Image Added,,,,,,,,,,
simple,Messmers UV Plus Natural,531,ME-000000532,,"Messmers UV Plus Natural from Messmer's is a wood-finishing product for colouring, conditioning or protecting the compatible interior or exterior wood surface named in the product. Confirm preparation, compatibility, application, coverage and recoat requirements in the current label or technical data sheet.",,Paints > Exterior,"messmer's, messmers uv plus natural, paints, exterior",Messmer's,YHD01,https://raw.githubusercontent.com/kinggoff/NewSteelesImages/main/review-images/ME-000000532-messmers-uv-plus-natural.png?raw=true,Images for Review,,,,,,,,,,
simple,Metaltech Scaffold Aluminum,532,MET-000000533,,"Metaltech Scaffold Aluminum is jobsite access equipment for creating an elevated working position during painting, repair or maintenance tasks. Review the listed format and current manufacturer instructions to confirm compatibility, safe use, cleaning and storage for the intended job. Confirm the exact item and package before ordering.",,Painting Tools & Accessories > Tools,"metaltech, metaltech scaffold aluminum, painting tools & accessories, tools",Metaltech,METAL,https://raw.githubusercontent.com/kinggoff/NewSteelesImages/main/review-images/MET-000000533-metaltech-aluminum-scaffold.png?raw=true,Images for Review,,,,,,,,,,
simple,Metaltech Yellow Baker Scaffold,533,MET-000000534,,"Metaltech Yellow Baker Scaffold is jobsite access equipment for creating an elevated working position during painting, repair or maintenance tasks. Review the listed format and current manufacturer instructions to confirm compatibility, safe use, cleaning and storage for the intended job. Confirm the exact item and package before ordering.",,Painting Tools & Accessories > Tools,"metaltech, metaltech yellow baker scaffold, painting tools & accessories, tools",Metaltech,METAL,https://raw.githubusercontent.com/kinggoff/NewSteelesImages/main/review-images/MET-000000534-metaltech-yellow-baker-scaffold.png?raw=true,Images for Review,,,,,,,,,,
simple,Metaltech Portable Work Platform,534,MET-000000535,,"Metaltech Portable Work Platform is jobsite access equipment for creating an elevated working position during painting, repair or maintenance tasks. Review the listed format and current manufacturer instructions to confirm compatibility, safe use, cleaning and storage for the intended job. Confirm the exact item and package before ordering.",,Painting Tools & Accessories > Tools,"metaltech, metaltech portable work platform, painting tools & accessories, tools",Metaltech,METAL,https://raw.githubusercontent.com/kinggoff/NewSteelesImages/main/review-images/MET-000000535-metaltech-portable-work-platform.png?raw=true,Images for Review,,,,,,,,,,
simple,Metaltech Aluminum Step Ladder,535,MET-000000536,,"Metaltech Aluminum Step Ladder is jobsite access equipment for creating an elevated working position during painting, repair or maintenance tasks. Review the listed format and current manufacturer instructions to confirm compatibility, safe use, cleaning and storage for the intended job. Confirm the exact item and package before ordering.",,Painting Tools & Accessories > Tools,"metaltech, metaltech aluminum step ladder, painting tools & accessories, tools",Metaltech,METAL,https://raw.githubusercontent.com/kinggoff/NewSteelesImages/main/review-images/MET-000000536-metaltech-aluminum-step-ladder.png?raw=true,Images for Review,,,,,,,,,,
simple,Minwax Wood Putty 910 Golden Oak,536,MIN-000000537,,"Minwax Wood Putty 910 Golden Oak is a repair material for filling, patching, glazing, rebuilding or stabilizing the compatible wood, drywall, window or masonry surface indicated by the product name. Apply to a clean, sound surface and follow the label for mixing, layer depth, drying or cure, sanding and topcoating.",,Painting Tools & Accessories > Paint Prep & Repairs,"minwax, minwax wood putty 910 golden oak, painting tools & accessories, paint prep & repairs",Minwax,DIVERS,https://raw.githubusercontent.com/kinggoff/NewSteelesImages/main/review-images/MIN-000000537-minwax-wood-putty-910-golden-oak.png?raw=true,Image Added,,,,,,,,,,
simple,Minwax Wood Filler,537,MIN-000000538,,"Minwax Wood Filler is a repair material for filling, patching, glazing, rebuilding or stabilizing the compatible wood, drywall, window or masonry surface indicated by the product name. Apply to a clean, sound surface and follow the label for mixing, layer depth, drying or cure, sanding and topcoating.",,Paints > Stains & Varnishes,"minwax, minwax wood filler, paints, stains & varnishes",Minwax,DIVERS,https://raw.githubusercontent.com/kinggoff/NewSteelesImages/main/review-images/MIN-000000538-minwax-wood-filler.png?raw=true,Images for Review,,,,,,,,,,
simple,Minwax Wipe-On Poly,538,MIN-000000539,,"Minwax Wipe-On Poly is a clear or translucent finish for building the sheen and protection appropriate to the compatible surface and coating system. Colour and sheen can vary with wood species, porosity and preparation, so a representative test area is recommended. Confirm preparation, compatibility, application, coverage and recoat requirements in the current label or technical data sheet.",,Paints > Stains & Varnishes,"minwax, minwax wipe-on poly, paints, stains & varnishes",Minwax,DIVERS,https://www.harvestlumberco.com/wp-content/uploads/2020/07/wipe-on-poly-minwax.png,Image Added,Finishes,Gloss | Satin,1,1,,,,,,
simple,Minwax Tung Oil,539,MIN-000000540,,"Minwax Tung Oil is a wood-finishing product for colouring, conditioning or protecting the compatible interior or exterior wood surface named in the product. Confirm preparation, compatibility, application, coverage and recoat requirements in the current label or technical data sheet. Confirm the exact item and package before ordering.",,Paints > Stains & Varnishes,"minwax, minwax tung oil, paints, stains & varnishes",Minwax,DIVERS,https://raw.githubusercontent.com/kinggoff/NewSteelesImages/main/review-images/MIN-000000540-minwax-tung-oil-finish-1qt.png?raw=true,Images for Review,,,,,,,,,,
simple,Minwax Teak Oil,540,MIN-000000541,,"Minwax Teak Oil is a wood-finishing product for colouring, conditioning or protecting the compatible interior or exterior wood surface named in the product. Confirm preparation, compatibility, application, coverage and recoat requirements in the current label or technical data sheet. Confirm the exact item and package before ordering.",,Paints > Stains & Varnishes,"minwax, minwax teak oil, paints, stains & varnishes",Minwax,DIVERS,https://raw.githubusercontent.com/kinggoff/NewSteelesImages/main/review-images/MIN-000000541-minwax-teak-oil.png?raw=true,Image Added,,,,,,,,,,
simple,Minwax Stainable Wood Filler,541,MIN-000000542,,"Minwax Stainable Wood Filler is a repair material for filling, patching, glazing, rebuilding or stabilizing the compatible wood, drywall, window or masonry surface indicated by the product name. Apply to a clean, sound surface and follow the label for mixing, layer depth, drying or cure, sanding and topcoating.",,Paints > Stains & Varnishes,"minwax, minwax stainable wood filler, paints, stains & varnishes",Minwax,DIVERS,https://raw.githubusercontent.com/kinggoff/NewSteelesImages/main/review-images/MIN-000000542-minwax-stainable-wood-filler-16oz.png?raw=true,Images for Review,,,,,,,,,,
simple,Minwax Paste Wax,542,MIN-000000543,,"Minwax Paste Wax is a clear or translucent finish for building the sheen and protection appropriate to the compatible surface and coating system. Colour and sheen can vary with wood species, porosity and preparation, so a representative test area is recommended. Confirm preparation, compatibility, application, coverage and recoat requirements in the current label or technical data sheet.",,Paints > Stains & Varnishes,"minwax, minwax paste wax, paints, stains & varnishes",Minwax,DIVERS,https://raw.githubusercontent.com/kinggoff/NewSteelesImages/main/review-images/MIN-000000543-minwax-paste-wax.png?raw=true,Image Added,,,,,,,,,,
simple,Minwax Wood Finish Stain - Golden Oak,543,MIN-000000544,,"Minwax Wood Finish Stain - Golden Oak is a wood-finishing product for colouring, conditioning or protecting the compatible interior or exterior wood surface named in the product. Confirm preparation, compatibility, application, coverage and recoat requirements in the current label or technical data sheet.",,Paints > Stains & Varnishes,"minwax, minwax wood finish stain - golden oak, paints, stains & varnishes",Minwax,DIVERS,https://shop.buildingsupplies.ca/inet/storefront/getimage.php?recid=47802,Image Added,,,,,,,,,,
simple,Antique Oil Finish,544,MIN-000000545,,"Antique Oil Finish from Minwax is a clear or translucent finish for building the sheen and protection appropriate to the compatible surface and coating system. Confirm preparation, compatibility, application, coverage and recoat requirements in the current label or technical data sheet. Confirm the exact item and package before ordering.",,Paints > Stains & Varnishes,"minwax, antique oil finish, paints, stains & varnishes",Minwax,DIVERS,https://raw.githubusercontent.com/kinggoff/NewSteelesImages/main/review-images/MIN-000000545-minwax-antique-oil-finish.png?raw=true,Image Added,,,,,,,,,,
simple,Minwax Pre-Stain Wood Conditioner,545,MIN-000000546,,"Minwax Pre-Stain Wood Conditioner is a wood-finishing product for colouring, conditioning or protecting the compatible interior or exterior wood surface named in the product. Confirm preparation, compatibility, application, coverage and recoat requirements in the current label or technical data sheet.",,Paints > Stains & Varnishes,"minwax, minwax pre-stain wood conditioner, paints, stains & varnishes",Minwax,DIVERS,https://raw.githubusercontent.com/kinggoff/NewSteelesImages/main/review-images/MIN-000000546-minwax-pre-stain-wood-conditioner-1qt.png?raw=true,Images for Review,,,,,,,,,,
simple,Modern Masters Metallic Paint - Flash Gold,546,MM-000000547,,"Modern Masters Metallic Paint - Flash Gold is an aerosol coating or treatment for the colour, effect or repair task stated in the product name on a compatible prepared surface. Confirm preparation, compatibility, application, coverage and recoat requirements in the current label or technical data sheet.",,Specialty & Decorative Products > Modern Masters,"modern masters, modern masters metallic paint - flash gold, specialty & decorative products",Modern Masters,FLE01-S,https://raw.githubusercontent.com/kinggoff/NewSteelesImages/main/review-images/MM-000000547-modern-masters-flash-gold-me164-6oz.png?raw=true,Images for Review,,,,,Variants,Gallon | 6oz,1,1,,
simple,Master Clear Supreme Satin Acrylic,547,MM-000000548,,"Master Clear Supreme Satin Acrylic from Modern Masters is a clear or translucent finish for building the sheen and protection appropriate to the compatible surface and coating system. Confirm preparation, compatibility, application, coverage and recoat requirements in the current label or technical data sheet.",,Specialty & Decorative Products > Modern Masters,"modern masters, master clear supreme satin acrylic, specialty & decorative products",Modern Masters,FLE01-S,https://raw.githubusercontent.com/kinggoff/NewSteelesImages/main/review-images/MM-000000548-modern-masters-masterclear-supreme-satin-gallon.png?raw=true,Images for Review,,,,,,,,,,
simple,Ptc Pro Tint Medium Yellow,548,DYN-000000549,,"Ptc Pro Tint Medium Yellow from Dynamic is a medium-yellow tinting colourant for use only in compatible professional coating or colour-matching systems. Review the listed format and current manufacturer instructions to confirm compatibility, safe use, cleaning and storage for the intended job. Confirm the exact item and package before ordering.",,Painting Tools & Accessories > Paint Prep & Repairs,"dynamic, ptc pro tint medium yellow, painting tools & accessories, paint prep & repairs",Dynamic,MUM01,https://raw.githubusercontent.com/kinggoff/NewSteelesImages/main/review-images/DYN-000000549-ptc-pro-tint-medium-yellow-74303.png?raw=true,Images for Review,,,,,,,,,,
simple,Klenks Epoxy White,549,KS-000000550,,"Klenks Epoxy White from Klenk's is an epoxy coating or repair system for the compatible floor, concrete, wood or assembly application named in the product. The final appearance and service performance depend on the substrate, preparation, film build and complete coating system. Prepare both surfaces and follow the label for mixing where required, open or working time, assembly, clamping and cure.",,Paints > Epoxy,"klenk's, klenks epoxy white, paints, epoxy",Klenk's,TOO01,https://raw.githubusercontent.com/kinggoff/NewSteelesImages/main/review-images/KS-000000550-klenks-815201-white-epoxy-enamel-1l.png?raw=true,Images for Review,,,,,,,,,,
simple,Homax Spray Texture,550,HOM-000000551,,"Homax Spray Texture is an aerosol coating or treatment for the colour, effect or repair task stated in the product name on a compatible prepared surface. Review the listed format and current manufacturer instructions to confirm compatibility, safe use, cleaning and storage for the intended job. Confirm the exact item and package before ordering.",,Painting Tools & Accessories > Paint Prep & Repairs,"homax, homax spray texture, painting tools & accessories, paint prep & repairs",Homax,YHD01,https://raw.githubusercontent.com/kinggoff/NewSteelesImages/main/review-images/HOM-000000551-homax-4092-orange-peel-spray-texture-20oz.png?raw=true,Images for Review,,,,,,,,,,
simple,Homax 4175 Pro Popcorn Ceiling Texture,551,HOM-000000552,,"Homax 4175 Pro Popcorn Ceiling Texture is an aerosol or spray-applied texture for repairing and blending compatible popcorn-style acoustic ceiling finishes. Review the listed format and current manufacturer instructions to confirm compatibility, safe use, cleaning and storage for the intended job. Confirm the exact item and package before ordering.",,Painting Tools & Accessories > Paint Prep & Repairs,"homax, homax 4175 pro popcorn ceiling texture, painting tools & accessories, paint prep & repairs",Homax,MUM01,https://raw.githubusercontent.com/kinggoff/NewSteelesImages/main/review-images/HOM-000000552-homax-4575-pro-popcorn-ceiling-texture.png?raw=true,Images for Review,,,,,,,,,,
simple,Goof Off Ultimate Remover,552,GO-000000553,,"Goof Off Ultimate Remover is a surface-preparation or cleanup product for removing the residue named in the product from compatible materials before refinishing. Its role is to leave the surface ready for the next repair or coating step without assuming compatibility with every material. Test first, then follow the label for dilution, dwell time, rinsing, ventilation and protective equipment.",,Painting Tools & Accessories > Cleaners & Removers,"goof off, goof off ultimate remover, painting tools & accessories, cleaners & removers",Goof Off,MUM01,https://raw.githubusercontent.com/kinggoff/NewSteelesImages/main/review-images/GO-000000553-goof-off-ultimate-remover-fg653-16oz.png?raw=true,Images for Review,,,,,,,,,,
simple,Goof Off 2 Cleaner Spray,553,GO-000000554,,"Goof Off 2 Cleaner Spray is a surface-preparation or cleanup product for removing the residue named in the product from compatible materials before refinishing. Its role is to leave the surface ready for the next repair or coating step without assuming compatibility with every material. Test first, then follow the label for dilution, dwell time, rinsing, ventilation and protective equipment.",,Painting Tools & Accessories > Cleaners & Removers,"goof off, goof off 2 cleaner spray, painting tools & accessories, cleaners & removers",Goof Off,MUM01,https://raw.githubusercontent.com/kinggoff/NewSteelesImages/main/review-images/GO-000000554-goof-off-2-low-odor-remover-6oz.png?raw=true,Images for Review,,,,,,,,,,
simple,Goof Off,554,GO-000000555,,"Goof Off is a surface-preparation or cleanup product for removing the residue named in the product from compatible materials before refinishing. Review the listed format and current manufacturer instructions to confirm compatibility, safe use, cleaning and storage for the intended job. Confirm the exact item and package before ordering.",,Painting Tools & Accessories > Cleaners & Removers,"goof off, painting tools & accessories, cleaners & removers",Goof Off,MUM01,https://raw.githubusercontent.com/kinggoff/NewSteelesImages/main/review-images/GO-000000555-goof-off-fg654-professional-strength-16oz.png?raw=true,Images for Review,,,,,,,,,,
simple,Dynamic Chomp Degreaser Spray,555,DYN-000000556,,"Dynamic Chomp Degreaser Spray is a surface-preparation or cleanup product for removing the residue named in the product from compatible materials before refinishing. Its role is to leave the surface ready for the next repair or coating step without assuming compatibility with every material. Test first, then follow the label for dilution, dwell time, rinsing, ventilation and protective equipment.",,Painting Tools & Accessories > Cleaners & Removers,"dynamic, dynamic chomp degreaser spray, painting tools & accessories, cleaners & removers",Dynamic,MUM01,https://raw.githubusercontent.com/kinggoff/NewSteelesImages/main/review-images/DYN-000000556-dynamic-chomp-cleaner-degreaser-946ml.png?raw=true,Images for Review,,,,,,,,,,
simple,Circa Wallpaper Prep-Coat Gal,556,CI-000000557,,"Circa Wallpaper Prep-Coat Gal from Circa 1850 is a wallcovering preparation, primer, adhesive or removal product for the installation stage identified in the product name. Review the listed format and current manufacturer instructions to confirm compatibility, safe use, cleaning and storage for the intended job.",,Painting Tools & Accessories > Paint Prep & Repairs,"circa 1850, circa wallpaper prep-coat gal, painting tools & accessories, paint prep & repairs",Circa 1850,YHD01,https://raw.githubusercontent.com/kinggoff/NewSteelesImages/main/review-images/CI-000000557-circa-1850-wallpaper-prep-coat-1l.png?raw=true,Images for Review,,,,,,,,,,
simple,Goo Gone Cleaner,557,GG-000000558,,"Goo Gone Cleaner is a surface-preparation or cleanup product for removing the residue named in the product from compatible materials before refinishing. Its role is to leave the surface ready for the next repair or coating step without assuming compatibility with every material. Test first, then follow the label for dilution, dwell time, rinsing, ventilation and protective equipment.",,Painting Tools & Accessories > Cleaners & Removers,"goo gone, goo gone cleaner, painting tools & accessories, cleaners & removers",Goo Gone,MUM01,https://raw.githubusercontent.com/kinggoff/NewSteelesImages/main/review-images/GG-000000558-goo-gone-gg66-all-purpose-cleaner-24oz.png?raw=true,Images for Review,,,,,,,,,,
simple,Super Lid With Spout Dynamic,558,DYN-000000559,,"Super Lid With Spout Dynamic from Dynamic is a container accessory that helps direct paint or liquid during pouring and reduces drips around the rim. Review the listed format and current manufacturer instructions to confirm compatibility, safe use, cleaning and storage for the intended job. Confirm the exact item and package before ordering.",,Painting Tools & Accessories > Tools,"dynamic, super lid with spout dynamic, painting tools & accessories, tools",Dynamic,MUM01,https://raw.githubusercontent.com/kinggoff/NewSteelesImages/main/review-images/DYN-000000559-dynamic-kz00sl96-super-lid-with-spout.png?raw=true,Images for Review,,,,,,,,,,
simple,Staining Pad,559,DYN-000000560,,"Staining Pad from Dynamic is a wood-finishing product for colouring, conditioning or protecting the compatible interior or exterior wood surface named in the product. Review the listed format and current manufacturer instructions to confirm compatibility, safe use, cleaning and storage for the intended job.",,Painting Tools & Accessories > Tools,"dynamic, staining pad, painting tools & accessories, tools",Dynamic,MUM01,https://raw.githubusercontent.com/kinggoff/NewSteelesImages/main/review-images/DYN-000000560-dynamic-az002882-staining-pad.png?raw=true,Images for Review,,,,,,,,,,
simple,Spring Tools Nail Set,560,ST-000000561,,"Spring Tools Nail Set is a hand tool for driving nail heads below the surface before filling, sanding and finishing woodwork. Selection should be based on the specific task, material, working conditions and compatible products in the complete system. Review the listed format and current manufacturer instructions to confirm compatibility, safe use, cleaning and storage for the intended job.",,Painting Tools & Accessories > Tools,"spring tools, spring tools nail set, painting tools & accessories, tools",Spring Tools,MUM01,https://raw.githubusercontent.com/kinggoff/NewSteelesImages/main/review-images/ST-000000561-spring-tools-32r12-combo-nail-set.png?raw=true,Images for Review,,,,,,,,,,
simple,Siligun Pro Compact Caulking Gun,561,SIL-000000562,,"Siligun Pro Compact Caulking Gun is a manual caulking gun for dispensing compatible cartridge sealants and adhesives with controlled pressure at joints, gaps and seams. Use on clean, compatible joints and follow the label for gap size, tooling, cure, moisture exposure and paintability. Confirm the exact item and package before ordering.",,Painting Tools & Accessories > Tools,"siligun, siligun pro compact caulking gun, painting tools & accessories, tools",SiliGun,MUM01,https://images.squarespace-cdn.com/content/v1/6094c7bd0c12271fe802949e/1621312555662-VFQI7AMZPPF7N5M5Y1SM/URS001_3_thumb.png,Image Added,,,,,,,,,,
simple,Rhodes Steel Wool #1 (12 Pads),562,RHO-000000563,,"Rhodes Steel Wool #1 (12 Pads) is a hand or machine surface-preparation abrasive for scuffing, cleaning, smoothing or finishing compatible materials. Match it to the surface, work progressively, and use suitable eye, hand and respiratory protection for the material being removed. Confirm the exact item and package before ordering.",,Painting Tools & Accessories > Paint Prep & Repairs,"rhodes, rhodes steel wool #1 (12 pads), painting tools & accessories, paint prep & repairs",Rhodes,MUM01,https://raw.githubusercontent.com/kinggoff/NewSteelesImages/main/review-images/RHO-000000563-rhodes-american-grade-1-steel-wool-12-pack.png?raw=true,Image Added,,,,,,,,,,
simple,Qt. Dyna Patch Pro,563,DYN-000000564,,"Qt. Dyna Patch Pro from Dynamic is a repair material for filling, patching, glazing, rebuilding or stabilizing the compatible wood, drywall, window or masonry surface indicated by the product name. Apply to a clean, sound surface and follow the label for mixing, layer depth, drying or cure, sanding and topcoating.",,Painting Tools & Accessories > Paint Prep & Repairs,"dynamic, qt. dyna patch pro, painting tools & accessories, paint prep & repairs",Dynamic,MUM01,https://raw.githubusercontent.com/kinggoff/NewSteelesImages/main/review-images/DYN-000000564-dynamic-dyna-patch-pro-860ml.png?raw=true,Images for Review,,,,,,,,,,
simple,Preval Sprayer,564,PRE-000000565,,"Preval Sprayer is a portable sprayer for applying compatible liquid materials in a controlled pattern; seals, nozzle and pressure range must suit the product being sprayed. Review the listed format and current manufacturer instructions to confirm compatibility, safe use, cleaning and storage for the intended job.",,Painting Tools & Accessories > Tools,"preval, preval sprayer, painting tools & accessories, tools",Preval,MUM01,https://www.hockleeseng.com/assets/product_image/2058659554-image-removebg-preview-(11).png,Image Added,,,,,,,,,,
simple,Preval Power Unit,565,PRE-000000566,,"Preval Power Unit is a replacement aerosol power unit for the compatible Preval Sprayer, providing the propellant and valve used to atomize material from the reservoir. Review the listed format and current manufacturer instructions to confirm compatibility, safe use, cleaning and storage for the intended job.",,Painting Tools & Accessories > Tools,"preval, preval power unit, painting tools & accessories, tools",Preval,MUM01,https://raw.githubusercontent.com/kinggoff/NewSteelesImages/main/review-images/PRE-000000566-preval-0268-power-unit.png?raw=true,Images for Review,,,,,,,,,,
simple,Picasso Oval Angled Brush,566,PIC-000000567,,"Picasso Oval Angled Brush is a purpose-shaped brush for controlled application of compatible paint, stain or decorative coating; its filament style and profile suit the task named in the product. Choose the listed size for the surface and coating, then clean or dispose of the applicator according to current product guidance.",,Painting Tools & Accessories > Tools,"picasso, picasso oval angled brush, painting tools & accessories, tools",Picasso,MUM01,https://raw.githubusercontent.com/kinggoff/NewSteelesImages/main/review-images/PIC-000000567-proform-pic1-picasso-oval-angled-brush.png?raw=true,Images for Review,,,,,,,,,,
simple,Glue Buster Adhesive Remover Gal,567,GB-000000568,,"Glue Buster Adhesive Remover Gal is an adhesive or repair compound for joining compatible materials; bond strength depends on surface preparation, fit, cure and the specific substrates involved. Test first, then follow the label for dilution, dwell time, rinsing, ventilation and protective equipment.",,Painting Tools & Accessories > Cleaners & Removers,"glue buster, glue buster adhesive remover gal, painting tools & accessories, cleaners & removers",Glue Buster,MUM01,https://raw.githubusercontent.com/kinggoff/NewSteelesImages/main/review-images/GB-000000568-dynamic-glue-buster-adhesive-remover-3-78l.png?raw=true,Image Added,,,,,,,,,,
simple,Dynamic Brush&Roller Spinner Cleaner,568,DYN-000000569,,"Dynamic Brush&Roller Spinner Cleaner is a paint or decorative-finish brush whose stated shape, filament and size are intended to provide control for the named application. Choose the listed size for the surface and coating, then clean or dispose of the applicator according to current product guidance.",,Painting Tools & Accessories > Tools,"dynamic, dynamic brush&roller spinner cleaner, painting tools & accessories, tools",Dynamic,MUM01,https://raw.githubusercontent.com/kinggoff/NewSteelesImages/main/review-images/DYN-000000569-dynamic-11174-brush-roller-spinner-cleaner.png?raw=true,Image Added,,,,,,,,,,
simple,Crocodile Cloth Original,569,CC-000000570,,"Crocodile Cloth Original is a wiping material for removing dust, grime or light jobsite residue during surface preparation and cleanup. Review the listed format and current manufacturer instructions to confirm compatibility, safe use, cleaning and storage for the intended job. Confirm the exact item and package before ordering.",,Painting Tools & Accessories > Cleaners & Removers,"crocodile cloth, crocodile cloth original, painting tools & accessories, cleaners & removers",Crocodile Cloth,MUM01,https://raw.githubusercontent.com/kinggoff/NewSteelesImages/main/review-images/CC-000000570-crocodile-cloth-original.png?raw=true,Images for Review,,,,,,,,,,
simple,Measuring Bucket,570,DYN-000000571,,"Measuring Bucket from Dynamic is a reusable work container for holding, measuring or mixing compatible paint and finishing materials during preparation and application. Review the listed format and current manufacturer instructions to confirm compatibility, safe use, cleaning and storage for the intended job.",,Painting Tools & Accessories > Tools,"dynamic, measuring bucket, painting tools & accessories, tools",Dynamic,MUM01,https://raw.githubusercontent.com/kinggoff/NewSteelesImages/main/review-images/DYN-000000571-dynamic-measuring-bucket.png?raw=true,Images for Review,,,,,,,,,,
simple,1000+ Stain Remover,571,DYN-000000572,,"1000+ Stain Remover from Dynamic is a surface-preparation or cleanup product for removing the residue named in the product from compatible materials before refinishing. Test first, then follow the label for dilution, dwell time, rinsing, ventilation and protective equipment. Confirm the exact item and package before ordering.",,Painting Tools & Accessories > Cleaners & Removers,"dynamic, 1000+ stain remover, painting tools & accessories, cleaners & removers",Dynamic,MUM01,https://raw.githubusercontent.com/kinggoff/NewSteelesImages/main/review-images/DYN-000000572-1000-plus-stain-remover-909ml.png?raw=true,Images for Review,,,,,,,,,,
simple,Recochem Boiled Linseed Oil Dynamic,572,REC-000000573,,"Recochem Boiled Linseed Oil Dynamic is a wood-finishing product for colouring, conditioning or protecting the compatible interior or exterior wood surface named in the product. Confirm preparation, compatibility, application, coverage and recoat requirements in the current label or technical data sheet.",,Paints > Stains & Varnishes,"recochem, recochem boiled linseed oil dynamic, paints, stains & varnishes",Recochem,MUM01,https://raw.githubusercontent.com/kinggoff/NewSteelesImages/main/review-images/REC-000000573-recochem-solvable-boiled-linseed-oil.png?raw=true,Images for Review,,,,,,,,,,
simple,Penofin Ultra Premium Red Label - Sable,573,PEN-000000574,,"Penofin Ultra Premium Red Label - Sable is a coating formulated for the interior, exterior, specialty or industrial use indicated by its product name and category. Confirm preparation, compatibility, application, coverage and recoat requirements in the current label or technical data sheet. Confirm the exact item and package before ordering.",,Paints > Stains & Varnishes,"penofin, penofin ultra premium red label - sable, paints, stains & varnishes",Penofin,MUM01,https://raw.githubusercontent.com/kinggoff/NewSteelesImages/main/review-images/PEN-000000574-penofin-red-label-sable-gallon.png?raw=true,Images for Review,,,,,,,,,,
simple,Penofin Tsf Teak Satin Finish,574,PEN-000000575,,"Penofin Tsf Teak Satin Finish is a coating formulated for the interior, exterior, specialty or industrial use indicated by its product name and category. Confirm preparation, compatibility, application, coverage and recoat requirements in the current label or technical data sheet. Confirm the exact item and package before ordering.",,Paints > Stains & Varnishes,"penofin, penofin tsf teak satin finish, paints, stains & varnishes",Penofin,MUM01,https://raw.githubusercontent.com/kinggoff/NewSteelesImages/main/review-images/PEN-000000575-penofin-tsf-hardwood-satin-finish.png?raw=true,Images for Review,,,,,,,,,,
simple,Penofin Exterior Exotic Hardwood Finish,575,PEN-000000576,,"Penofin Exterior Exotic Hardwood Finish is a wood-finishing product for colouring, conditioning or protecting the compatible interior or exterior wood surface named in the product. Confirm preparation, compatibility, application, coverage and recoat requirements in the current label or technical data sheet.",,Paints > Stains & Varnishes,"penofin, penofin exterior exotic hardwood finish, paints, stains & varnishes",Penofin,YHD01,https://raw.githubusercontent.com/kinggoff/NewSteelesImages/main/review-images/PEN-000000576-penofin-exterior-hardwood-formula-quart.png?raw=true,Image Added,,,,,Variants,Quart | Gallon,1,1,,
simple,Siligun Compact Caulking Gun,576,SIL-000000577,,"Siligun Compact Caulking Gun is a manual caulking gun for dispensing compatible cartridge sealants and adhesives with controlled pressure at joints, gaps and seams. Use on clean, compatible joints and follow the label for gap size, tooling, cure, moisture exposure and paintability. Confirm the exact item and package before ordering.",,Painting Tools & Accessories > Tools,"siligun, siligun compact caulking gun, painting tools & accessories, tools",SiliGun,MUM01,https://images.squarespace-cdn.com/content/v1/6094c7bd0c12271fe802949e/1621312773115-AX6WAT03ACJCR69XHYT8/URS001_4_thumb.png,Image Added,,,,,,,,,,
simple,Monkey Rung Spin Pro Mini Roller Cleaner,577,DYN-000000578,,"Monkey Rung Spin Pro Mini Roller Cleaner from Dynamic is a surface-preparation or cleanup product for removing the residue named in the product from compatible materials before refinishing. Choose the listed size for the surface and coating, then clean or dispose of the applicator according to current product guidance.",,Painting Tools & Accessories > Tools,"dynamic, monkey rung spin pro mini roller cleaner, painting tools & accessories, tools",Dynamic,MUM01,https://raw.githubusercontent.com/kinggoff/NewSteelesImages/main/review-images/DYN-000000578-monkey-rung-spin-pro-mini.png?raw=true,Image Added,,,,,,,,,,
simple,Norton Sanding Pads 150 Grit,578,NOR-000000579,,"Norton Sanding Pads 150 Grit is a hand or machine surface-preparation abrasive for scuffing, cleaning, smoothing or finishing compatible materials. Match it to the surface, work progressively, and use suitable eye, hand and respiratory protection for the material being removed. Confirm the exact item and package before ordering.",,Painting Tools & Accessories > Paint Prep & Repairs,"norton, norton sanding pads 150 grit, painting tools & accessories, paint prep & repairs",Norton,SAINT-G,https://raw.githubusercontent.com/kinggoff/NewSteelesImages/main/review-images/NOR-000000579-norton-wallsand-pad-150-grit.png?raw=true,Images for Review,,,,,,,,,,
simple,Norton 3X Sandpaper 180,579,NOR-000000580,,"Norton 3X Sandpaper 180 is an abrasive product for levelling, smoothing or keying surfaces during staged preparation; the stated grit determines how aggressively it cuts. Match it to the surface, work progressively, and use suitable eye, hand and respiratory protection for the material being removed.",,Painting Tools & Accessories > Paint Prep & Repairs,"norton, norton 3x sandpaper 180, painting tools & accessories, paint prep & repairs",Norton,SAINT-G,https://raw.githubusercontent.com/kinggoff/NewSteelesImages/main/review-images/NOR-000000580-norton-3x-sandpaper-180-grit.png?raw=true,Images for Review,,,,,,,,,,
simple,Norton 3X Sandpaper 100,580,NOR-000000581,,"Norton 3X Sandpaper 100 is an abrasive product for levelling, smoothing or keying surfaces during staged preparation; the stated grit determines how aggressively it cuts. Match it to the surface, work progressively, and use suitable eye, hand and respiratory protection for the material being removed.",,Painting Tools & Accessories > Paint Prep & Repairs,"norton, norton 3x sandpaper 100, painting tools & accessories, paint prep & repairs",Norton,SAINT-G,https://raw.githubusercontent.com/kinggoff/NewSteelesImages/main/review-images/NOR-000000581-norton-3x-sandpaper-100-grit.png?raw=true,Image Added,,,,,Variants,3PK | 20PK,1,1,,
simple,12X18 Buffing Pads Thick Red,581,NOR-000000582,,"12X18 Buffing Pads Thick Red from Norton is a hand or machine surface-preparation abrasive for scuffing, cleaning, smoothing or finishing compatible materials. Review the listed format and current manufacturer instructions to confirm compatibility, safe use, cleaning and storage for the intended job.",,Painting Tools & Accessories > Paint Prep & Repairs,"norton, 12x18 buffing pads thick red, painting tools & accessories, paint prep & repairs",Norton,SAINT-G,https://raw.githubusercontent.com/kinggoff/NewSteelesImages/main/review-images/NOR-000000582-norton-12x18-red-buffing-pad.png?raw=true,Images for Review,,,,,,,,,,
simple,12X18 60 Grit Adhesive Back Sandpaper,582,NOR-000000583,,"12X18 60 Grit Adhesive Back Sandpaper from Norton is an abrasive product for levelling, smoothing or keying surfaces during staged preparation; the stated grit determines how aggressively it cuts. Match it to the surface, work progressively, and use suitable eye, hand and respiratory protection for the material being removed.",,Painting Tools & Accessories > Paint Prep & Repairs,"norton, 12x18 60 grit adhesive back sandpaper, painting tools & accessories, paint prep & repairs",Norton,SAINT-G,https://raw.githubusercontent.com/kinggoff/NewSteelesImages/main/review-images/NOR-000000583-norton-12x18-60-grit-adhesive-sheets.png?raw=true,Images for Review,,,,,,,,,,
simple,Nour Lime Wash Brush 100 mm,583,NO-000000584,,"Nour Lime Wash Brush 100 mm is a purpose-shaped brush for controlled application of compatible paint, stain or decorative coating; its filament style and profile suit the task named in the product. Choose the listed size for the surface and coating, then clean or dispose of the applicator according to current product guidance.",,Painting Tools & Accessories > Tools,"nour, nour lime wash brush 100 mm, painting tools & accessories, tools",Nour,NOUR,https://raw.githubusercontent.com/kinggoff/NewSteelesImages/main/review-images/NO-000000584-nour-32-100nlw-limewash-brush.png?raw=true,Image Added,,,,,,,,,,
simple,"Nour Polylamb Roller Refill 1/2""",584,NO-000000585,,"Nour Polylamb Roller Refill 1/2"" is a paint-roller cover or refill for applying compatible coatings; its stated fabric, width and nap help determine finish texture, loading and surface reach. Choose the listed size for the surface and coating, then clean or dispose of the applicator according to current product guidance.",,Painting Tools & Accessories > Tools,"nour, nour polylamb roller refill 1/2"", painting tools & accessories, tools",Nour,NOUR,https://raw.githubusercontent.com/kinggoff/NewSteelesImages/main/review-images/NO-000000585-nour-polylamb-roller-refill.png?raw=true,Images for Review,,,,,,,,,,
simple,"AllPro Silver Series 2 1/2"" Polyester Brush",585,AP-000000586,,"AllPro Silver Series 2 1/2"" Polyester Brush is a paint or decorative-finish brush whose stated shape, filament and size are intended to provide control for the named application. Choose the listed size for the surface and coating, then clean or dispose of the applicator according to current product guidance.",,Painting Tools & Accessories > Tools,"allpro, allpro silver series 2 1/2"" polyester brush, painting tools & accessories, tools",AllPro,NOUR,https://raw.githubusercontent.com/kinggoff/NewSteelesImages/main/review-images/AP-000000586-allpro-silver-series-2-5-polyester-brush.png?raw=true,Image Added,,,,,,,,,,
simple,"AllPro Microfiber Roller Refill 9"" x 5/8""",586,AP-000000587,,"AllPro Microfiber Roller Refill 9"" x 5/8"" is a paint-roller cover or refill for applying compatible coatings; its stated fabric, width and nap help determine finish texture, loading and surface reach. Choose the listed size for the surface and coating, then clean or dispose of the applicator according to current product guidance.",,Painting Tools & Accessories > Tools,"allpro, allpro microfiber roller refill 9"" x 5/8"", painting tools & accessories, tools",AllPro,NOUR,https://raw.githubusercontent.com/kinggoff/NewSteelesImages/main/review-images/AP-000000587-allpro-microfiber-roller-9x5-8.png?raw=true,Image Added,,,,,,,,,,
simple,OLFA Stainless Steel Auto-Lock Utility K,587,OLF-000000588,,"OLFA Stainless Steel Auto-Lock Utility K is a wood-finishing product for colouring, conditioning or protecting the compatible interior or exterior wood surface named in the product. Review the listed format and current manufacturer instructions to confirm compatibility, safe use, cleaning and storage for the intended job.",,Painting Tools & Accessories > Tools,"olfa, olfa stainless steel auto-lock utility k, painting tools & accessories, tools",OLFA,OLF01,https://olfa.com/cdn/shop/files/c59872953f154ea8bca7ca9d6e7f4a17_720x.png?v=1686594352,Image Added,,,,,,,,,,
simple,OLFA Small Snap-Off Black Blade,588,OLF-000000589,,"OLFA Small Snap-Off Black Blade is a replacement cutting or scraping blade for the compatible hand tool named in the product; blade style and size should match the holder and task. Match it to the surface, work progressively, and use suitable eye, hand and respiratory protection for the material being removed.",,Painting Tools & Accessories > Tools,"olfa, olfa small snap-off black blade, painting tools & accessories, tools",OLFA,OLF01,https://raw.githubusercontent.com/kinggoff/NewSteelesImages/main/review-images/OLF-000000589-olfa-abb50b-black-9mm-blades.png?raw=true,Image Added,,,,,Variants,50PK | 10PK,1,1,,
simple,OLFA Rubber Inset Utility Knife,589,OLF-000000590,,"OLFA Rubber Inset Utility Knife is a hand-cutting tool for trimming masking film, wallcovering, cardboard and other compatible jobsite materials with the correct replacement blade. Match it to the surface, work progressively, and use suitable eye, hand and respiratory protection for the material being removed.",,Painting Tools & Accessories > Tools,"olfa, olfa rubber inset utility knife, painting tools & accessories, tools",OLFA,OLF01,https://media-www.canadiantire.ca/product/fixing/tools/cutting-measuring/0575031/snap-knife-w-grip-olfa-h-1-c4c96b17-db04-43bc-8e26-4287484af42c.png?imdensity=1&imwidth=640&impolicy=gZoom,Image Added,,,,,,,,,,
simple,OLFA Rubber Grip Utility Knife,590,OLF-000000591,,"OLFA Rubber Grip Utility Knife is a hand-cutting tool for trimming masking film, wallcovering, cardboard and other compatible jobsite materials with the correct replacement blade. Match it to the surface, work progressively, and use suitable eye, hand and respiratory protection for the material being removed.",,Painting Tools & Accessories > Tools,"olfa, olfa rubber grip utility knife, painting tools & accessories, tools",OLFA,OLF01,https://olfa.com/cdn/shop/products/OLFAXH-1BackBladeIn.png?v=1621257130,Image Added,,,,,,,,,,
simple,OLFA Large Snap-Off Black Blade,591,OLF-000000592,,"OLFA Large Snap-Off Black Blade is a replacement cutting or scraping blade for the compatible hand tool named in the product; blade style and size should match the holder and task. Match it to the surface, work progressively, and use suitable eye, hand and respiratory protection for the material being removed.",,Painting Tools & Accessories > Tools,"olfa, olfa large snap-off black blade, painting tools & accessories, tools",OLFA,OLF01,https://raw.githubusercontent.com/kinggoff/NewSteelesImages/main/review-images/OLF-000000592-olfa-lbb50b-black-18mm-blades.png?raw=true,Image Added,,,,,Variants,50PK | 10PK,1,1,,
simple,OLFA Multi-Blade Auto-Load Utility Knife,592,OLF-000000593,,"OLFA Multi-Blade Auto-Load Utility Knife is a replacement cutting or scraping blade for the compatible hand tool named in the product; blade style and size should match the holder and task. Match it to the surface, work progressively, and use suitable eye, hand and respiratory protection for the material being removed.",,Painting Tools & Accessories > Tools,"olfa, olfa multi-blade auto-load utility knife, painting tools & accessories, tools",OLFA,OLF01,https://www.toolware.co.nz/media/842420/olpa2-pf.png,Image Added,,,,,,,,,,
simple,Olympic Rescue It! Wood & Concrete Resur,593,OLY-000000594,,"Olympic Rescue It! Wood & Concrete Resur is a coating formulated for the interior, exterior, specialty or industrial use indicated by its product name and category. Confirm preparation, compatibility, application, coverage and recoat requirements in the current label or technical data sheet. Confirm the exact item and package before ordering.",,Paints > Stains & Varnishes,"olympic, olympic rescue it! wood & concrete resur, paints, stains & varnishes",Olympic,PPG,https://raw.githubusercontent.com/kinggoff/NewSteelesImages/main/review-images/OLY-000000594-olympic-rescue-it.png?raw=true,Image Added,,,,,,,,,,
simple,Olympic Maximum Semi Trans Hybrid Stain Neu,594,OLY-000000595,,"Olympic Maximum Semi Trans Hybrid Stain Neu is a wood-finishing product for colouring, conditioning or protecting the compatible interior or exterior wood surface named in the product. Confirm preparation, compatibility, application, coverage and recoat requirements in the current label or technical data sheet.",,Paints > Stains & Varnishes,"olympic, olympic maximum semi trans hybrid stain neu, paints, stains & varnishes",Olympic,PPG,https://raw.githubusercontent.com/kinggoff/NewSteelesImages/main/review-images/OLY-000000595-olympic-maximum-semi-transparent-neutral.png?raw=true,Images for Review,,,,,,,,,,
simple,OMC Painter'S Plastic,595,OMC-000000596,,"OMC Painter'S Plastic is a temporary surface-protection material for covering floors, furniture or adjacent areas against dust, drips and ordinary painting debris. Lay it over a clean, dry area, secure the edges safely, and confirm that any adhesive or film suits the underlying finish. Confirm the exact item and package before ordering.",,Painting Tools & Accessories > Tools,"omc, omc painter's plastic, painting tools & accessories, tools",OMC,OMC,https://raw.githubusercontent.com/kinggoff/NewSteelesImages/main/review-images/OMC-000000596-painters-plastic.png?raw=true,Images for Review,,,,,,,,,,
simple,OMC Fiberglass Drywall Tape,596,OMC-000000597,,"OMC Fiberglass Drywall Tape is a drywall reinforcing tape for embedding in compatible joint compound over flat seams, repairs or corners as indicated by the product name. Review the listed format and current manufacturer instructions to confirm compatibility, safe use, cleaning and storage for the intended job.",,Painting Tools & Accessories > Tools,"omc, omc fiberglass drywall tape, painting tools & accessories, tools",OMC,OMC,https://raw.githubusercontent.com/kinggoff/NewSteelesImages/main/review-images/OMC-000000597-fiberglass-drywall-tape.png?raw=true,Image Added,,,,,,,,,,
simple,OMC Drywall Paper Tape,597,OMC-000000598,,"OMC Drywall Paper Tape is a drywall reinforcing tape for embedding in compatible joint compound over flat seams, repairs or corners as indicated by the product name. Review the listed format and current manufacturer instructions to confirm compatibility, safe use, cleaning and storage for the intended job.",,Painting Tools & Accessories > Tools,"omc, omc drywall paper tape, painting tools & accessories, tools",OMC,OMC,https://raw.githubusercontent.com/kinggoff/NewSteelesImages/main/review-images/OMC-000000598-drywall-paper-tape.png?raw=true,Image Added,,,,,,,,,,
simple,OMC Drywall Corner Tape,598,OMC-000000599,,"OMC Drywall Corner Tape is a drywall reinforcing tape for embedding in compatible joint compound over flat seams, repairs or corners as indicated by the product name. Review the listed format and current manufacturer instructions to confirm compatibility, safe use, cleaning and storage for the intended job.",,Painting Tools & Accessories > Tools,"omc, omc drywall corner tape, painting tools & accessories, tools",OMC,OMC,https://raw.githubusercontent.com/kinggoff/NewSteelesImages/main/review-images/OMC-000000599-drywall-corner-tape.png?raw=true,Images for Review,,,,,,,,,,
simple,OMC Pre-Taped Plastic Drop Cloth,599,OMC-000000600,,"OMC Pre-Taped Plastic Drop Cloth is a temporary surface-protection material for covering floors, furniture or adjacent areas against dust, drips and ordinary painting debris. Lay it over a clean, dry area, secure the edges safely, and confirm that any adhesive or film suits the underlying finish. Confirm the exact item and package before ordering.",,Painting Tools & Accessories > Tools,"omc, omc pre-taped plastic drop cloth, painting tools & accessories, tools",OMC,OMC,https://raw.githubusercontent.com/kinggoff/NewSteelesImages/main/review-images/OMC-000000600-pre-taped-plastic-drop-cloth.png?raw=true,Images for Review,,,,,Variants,"68""X66' | 22""X108' | 108""X66'",1,1,,
simple,"Pintar Trim Roller 3"" x 5 mm",600,PI-000000601,,"Pintar Trim Roller 3"" x 5 mm is a shaped paint roller for coating corners, pipes, trim or other areas that are awkward to reach with a standard wall roller. Choose the listed size for the surface and coating, then clean or dispose of the applicator according to current product guidance. Confirm the exact item and package before ordering.",,Painting Tools & Accessories > Tools,"pintar, pintar trim roller 3"" x 5 mm, painting tools & accessories, tools",Pintar,PIN02-S,https://raw.githubusercontent.com/kinggoff/NewSteelesImages/main/review-images/PI-000000601-trim-roller-3x5mm.png?raw=true,Images for Review,,,,,,,,,,
simple,Slit Foam Refill,601,PI-000000602,,"Slit Foam Refill from Pintar is a paint-roller cover or refill for applying compatible coatings; its stated fabric, width and nap help determine finish texture, loading and surface reach. Review the listed format and current manufacturer instructions to confirm compatibility, safe use, cleaning and storage for the intended job.",,Painting Tools & Accessories > Tools,"pintar, slit foam refill, painting tools & accessories, tools",Pintar,PIN02-S,https://raw.githubusercontent.com/kinggoff/NewSteelesImages/main/review-images/PI-000000602-pintar-slit-foam-refill.png?raw=true,Images for Review,,,,,,,,,,
simple,Pre-Caulking Filler Rope,602,PI-000000603,,"Pre-Caulking Filler Rope from Pintar is a gap-filling sealant for compatible joints and seams; substrate, movement, moisture exposure and paintability should be checked for the application. Use on clean, compatible joints and follow the label for gap size, tooling, cure, moisture exposure and paintability.",,Painting Tools & Accessories > Tools,"pintar, pre-caulking filler rope, painting tools & accessories, tools",Pintar,PIN02-S,https://raw.githubusercontent.com/kinggoff/NewSteelesImages/main/review-images/PI-000000603-pre-caulking-filler-rope.png?raw=true,Images for Review,,,,,,,,,,
simple,Pintar Pipe Roller,603,PI-000000604,,"Pintar Pipe Roller is a shaped paint roller for coating corners, pipes, trim or other areas that are awkward to reach with a standard wall roller. It is intended to give the applicator practical control over loading, placement and finish on the matching surface area. Choose the listed size for the surface and coating, then clean or dispose of the applicator according to current product guidance.",,Painting Tools & Accessories > Tools,"pintar, pintar pipe roller, painting tools & accessories, tools",Pintar,PIN02-S,https://raw.githubusercontent.com/kinggoff/NewSteelesImages/main/review-images/PI-000000604-pipe-roller.png?raw=true,Images for Review,,,,,,,,,,
simple,Pintar Lint-Free Roller Refill,604,PI-000000605,,"Pintar Lint-Free Roller Refill is a paint-roller cover or refill for applying compatible coatings; its stated fabric, width and nap help determine finish texture, loading and surface reach. Choose the listed size for the surface and coating, then clean or dispose of the applicator according to current product guidance.",,Painting Tools & Accessories > Tools,"pintar, pintar lint-free roller refill, painting tools & accessories, tools",Pintar,PIN02-S,https://raw.githubusercontent.com/kinggoff/NewSteelesImages/main/review-images/PI-000000605-pintar-lint-free-roller-refill.png?raw=true,Images for Review,,,,,Variants,"18"" 5MM | 7 1/2"" 13 MM | CONTRACTOR PK 15MM",1,1,,
simple,Pintar Lambskin Block Applicator,605,PI-000000606,,"Pintar Lambskin Block Applicator is a pad-style applicator for spreading compatible paint, stain or finish across flat surfaces with direct hand control. Choose the listed size for the surface and coating, then clean or dispose of the applicator according to current product guidance. Confirm the exact item and package before ordering.",,Painting Tools & Accessories > Tools,"pintar, pintar lambskin block applicator, painting tools & accessories, tools",Pintar,PIN02-S,https://raw.githubusercontent.com/kinggoff/NewSteelesImages/main/review-images/PI-000000606-pintar-lambskin-block-applicator.png?raw=true,Images for Review,,,,,,,,,,
simple,"Pintar 10"" Synthetic Water Wiz Pad with Block",606,PI-000000607,,"Pintar 10"" Synthetic Water Wiz Pad with Block is a pad-style applicator for spreading compatible paint, stain or finish across flat surfaces with direct hand control. Review the listed format and current manufacturer instructions to confirm compatibility, safe use, cleaning and storage for the intended job.",,Painting Tools & Accessories > Tools,"pintar, pintar 10"" synthetic water wiz pad with block, painting tools & accessories, tools",Pintar,PIN02-S,https://raw.githubusercontent.com/kinggoff/NewSteelesImages/main/review-images/PI-000000607-water-wiz-pad-with-block.png?raw=true,Images for Review,,,,,,,,,,
simple,Pintar Microfiber Pad W/Block,607,PI-000000608,,"Pintar Microfiber Pad W/Block is a pad-style applicator for spreading compatible paint, stain or finish across flat surfaces with direct hand control. Review the listed format and current manufacturer instructions to confirm compatibility, safe use, cleaning and storage for the intended job. Confirm the exact item and package before ordering.",,Painting Tools & Accessories > Tools,"pintar, pintar microfiber pad w/block, painting tools & accessories, tools",Pintar,PIN02-S,https://raw.githubusercontent.com/kinggoff/NewSteelesImages/main/review-images/PI-000000608-microfiber-pad-with-block.png?raw=true,Images for Review,,,,,,,,,,
simple,Olympian Stain Brush,608,OLY-000000609,,"Olympian Stain Brush is a purpose-shaped brush for controlled application of compatible paint, stain or decorative coating; its filament style and profile suit the task named in the product. Choose the listed size for the surface and coating, then clean or dispose of the applicator according to current product guidance.",,Painting Tools & Accessories > Tools,"olympian, olympian stain brush, painting tools & accessories, tools",Olympian,PIN02-S,https://raw.githubusercontent.com/kinggoff/NewSteelesImages/main/review-images/OLY-000000609-olympian-bristlex-stain-brush-4in.png?raw=true,Images for Review,,,,,,,,,,
simple,Lexel Sealant Clear Squeeze Tube,609,LEX-000000610,,"Lexel Sealant Clear Squeeze Tube is a gap-filling sealant for compatible joints and seams; substrate, movement, moisture exposure and paintability should be checked for the application. Use on clean, compatible joints and follow the label for gap size, tooling, cure, moisture exposure and paintability.",,Painting Tools & Accessories > Tools,"lexel, lexel sealant clear squeeze tube, painting tools & accessories, tools",Lexel,PIN02-S,https://raw.githubusercontent.com/kinggoff/NewSteelesImages/main/review-images/LEX-000000610-lexel-clear-squeeze-tube.png?raw=true,Image Added,,,,,,,,,,
simple,Lexel Sealant Clear,610,LEX-000000611,,"Lexel Sealant Clear is a gap-filling sealant for compatible joints and seams; substrate, movement, moisture exposure and paintability should be checked for the application. Use on clean, compatible joints and follow the label for gap size, tooling, cure, moisture exposure and paintability. Confirm the exact item and package before ordering.",,Painting Tools & Accessories > Tools,"lexel, lexel sealant clear, painting tools & accessories, tools",Lexel,PIN02-S,https://raw.githubusercontent.com/kinggoff/NewSteelesImages/main/review-images/LEX-000000611-lexel-clear-sealant.png?raw=true,Image Added,,,,,,,,,,
simple,"Pintar Heavy-Duty 18"" Roller Frame",611,PI-000000612,,"Pintar Heavy-Duty 18"" Roller Frame is a reusable roller frame or handle for mounting a compatible cover and applying paint to the intended surface area. Choose the listed size for the surface and coating, then clean or dispose of the applicator according to current product guidance. Confirm the exact item and package before ordering.",,Painting Tools & Accessories > Tools,"pintar, pintar heavy-duty 18"" roller frame, painting tools & accessories, tools",Pintar,PIN02-S,https://raw.githubusercontent.com/kinggoff/NewSteelesImages/main/review-images/PI-000000612-pintar-heavy-duty-18in-roller-frame.png?raw=true,Image Added,,,,,,,,,,
simple,Gallon Metal Tray,612,PI-000000613,,"Gallon Metal Tray from Pintar is a paint tray or tray set for loading rollers and holding a practical working quantity of coating during application. Choose the listed size for the surface and coating, then clean or dispose of the applicator according to current product guidance. Confirm the exact item and package before ordering.",,Painting Tools & Accessories > Tools,"pintar, gallon metal tray, painting tools & accessories, tools",Pintar,PIN02-S,https://raw.githubusercontent.com/kinggoff/NewSteelesImages/main/review-images/PI-000000613-pintar-4l-jumbo-metal-tray.png?raw=true,Image Added,,,,,,,,,,
simple,CanPro Premium Microfibre Refill,613,CAN-000000614,,"CanPro Premium Microfibre Refill is a paint-roller cover or refill for applying compatible coatings; its stated fabric, width and nap help determine finish texture, loading and surface reach. Review the listed format and current manufacturer instructions to confirm compatibility, safe use, cleaning and storage for the intended job.",,Painting Tools & Accessories > Tools,"canpro, canpro premium microfibre refill, painting tools & accessories, tools",CanPro,PIN02-S,https://raw.githubusercontent.com/kinggoff/NewSteelesImages/main/review-images/CAN-000000614-canpro-microfiber-roller-refill.png?raw=true,Images for Review,,,,,,,,,,
simple,Allway Scraper Set W/6 Blades,614,ALL-000000615,,"Allway Scraper Set W/6 Blades is a hand scraper for removing loose paint, adhesive residue, coatings or surface buildup during preparation and cleanup. Match it to the surface, work progressively, and use suitable eye, hand and respiratory protection for the material being removed. Confirm the exact item and package before ordering.",,Painting Tools & Accessories > Tools,"allway, allway scraper set w/6 blades, painting tools & accessories, tools",Allway,PIN02-S,https://raw.githubusercontent.com/kinggoff/NewSteelesImages/main/review-images/ALL-000000615-allway-contour-scraper-six-blades.png?raw=true,Image Added,,,,,,,,,,
simple,Allway Pour Spout,615,ALL-000000616,,"Allway Pour Spout is a container accessory that helps direct paint or liquid during pouring and reduces drips around the rim. Selection should be based on the specific task, material, working conditions and compatible products in the complete system. Review the listed format and current manufacturer instructions to confirm compatibility, safe use, cleaning and storage for the intended job.",,Painting Tools & Accessories > Tools,"allway, allway pour spout, painting tools & accessories, tools",Allway,PIN02-S,https://raw.githubusercontent.com/kinggoff/NewSteelesImages/main/review-images/ALL-000000616-allway-five-gallon-pour-spout.png?raw=true,Images for Review,,,,,,,,,,
simple,"AllPro Washi Tape 1 1/2""",616,AP-000000617,,"AllPro Washi Tape 1 1/2"" is a masking or project tape for defining paint lines, securing protection or joining compatible materials during preparation and finishing work. Review the listed format and current manufacturer instructions to confirm compatibility, safe use, cleaning and storage for the intended job.",,Painting Tools & Accessories > Tools,"allpro, allpro washi tape 1 1/2"", painting tools & accessories, tools",AllPro,PIN02-S,https://raw.githubusercontent.com/kinggoff/NewSteelesImages/main/review-images/AP-000000617-allpro-washi-tape.png?raw=true,Images for Review,,,,,,,,,,
simple,AllPro Microfiber Roller Refill 15 mm,617,AP-000000618,,"AllPro Microfiber Roller Refill 15 mm is a paint-roller cover or refill for applying compatible coatings; its stated fabric, width and nap help determine finish texture, loading and surface reach. Choose the listed size for the surface and coating, then clean or dispose of the applicator according to current product guidance.",,Painting Tools & Accessories > Tools,"allpro, allpro microfiber roller refill 15 mm, painting tools & accessories, tools",AllPro,PIN02-S,https://raw.githubusercontent.com/kinggoff/NewSteelesImages/main/review-images/AP-000000618-allpro-microfiber-roller-refill-15mm.png?raw=true,Image Added,,,,,,,,,,
simple,"Pintar Foam Roller Refill 9 1/2""",618,PI-000000619,,"Pintar Foam Roller Refill 9 1/2"" is a paint-roller cover or refill for applying compatible coatings; its stated fabric, width and nap help determine finish texture, loading and surface reach. Choose the listed size for the surface and coating, then clean or dispose of the applicator according to current product guidance.",,Painting Tools & Accessories > Tools,"pintar, pintar foam roller refill 9 1/2"", painting tools & accessories, tools",Pintar,PIN02-S,https://raw.githubusercontent.com/kinggoff/NewSteelesImages/main/review-images/PI-000000619-pintar-foam-roller-refill-9-5in.png?raw=true,Image Added,,,,,,,,,,
simple,Pintar Mini Cage Roller Frame,619,PI-000000620,,"Pintar Mini Cage Roller Frame is a reusable roller frame or handle for mounting a compatible cover and applying paint to the intended surface area. It is intended to give the applicator practical control over loading, placement and finish on the matching surface area. Choose the listed size for the surface and coating, then clean or dispose of the applicator according to current product guidance.",,Painting Tools & Accessories > Tools,"pintar, pintar mini cage roller frame, painting tools & accessories, tools",Pintar,PIN02-S,https://raw.githubusercontent.com/kinggoff/NewSteelesImages/main/review-images/PI-000000620-pintar-mini-cage-roller-frame.png?raw=true,Images for Review,,,,,Variants,"3"" | 4""",1,1,,
simple,Pintar High-Pile Roller Refill,620,PI-000000621,,"Pintar High-Pile Roller Refill is a paint-roller cover or refill for applying compatible coatings; its stated fabric, width and nap help determine finish texture, loading and surface reach. Choose the listed size for the surface and coating, then clean or dispose of the applicator according to current product guidance.",,Painting Tools & Accessories > Tools,"pintar, pintar high-pile roller refill, painting tools & accessories, tools",Pintar,PIN02-S,https://raw.githubusercontent.com/kinggoff/NewSteelesImages/main/review-images/PI-000000605-pintar-lint-free-roller-refill.png?raw=true,Images for Review,,,,,Variants,"3"" | 4""",1,1,,
simple,"Pintar Stain & Paint Brush 4""",621,PI-000000622,,"Pintar Stain & Paint Brush 4"" is a purpose-shaped brush for controlled application of compatible paint, stain or decorative coating; its filament style and profile suit the task named in the product. Choose the listed size for the surface and coating, then clean or dispose of the applicator according to current product guidance.",,Painting Tools & Accessories > Tools,"pintar, pintar stain & paint brush 4"", painting tools & accessories, tools",Pintar,PIN02-S,https://raw.githubusercontent.com/kinggoff/NewSteelesImages/main/review-images/PI-000000622-pintar-stain-paint-brush-4in.png?raw=true,Image Added,,,,,,,,,,
simple,"Pintar Stain Brush 3""",622,PI-000000623,,"Pintar Stain Brush 3"" is a purpose-shaped brush for controlled application of compatible paint, stain or decorative coating; its filament style and profile suit the task named in the product. Choose the listed size for the surface and coating, then clean or dispose of the applicator according to current product guidance.",,Painting Tools & Accessories > Tools,"pintar, pintar stain brush 3"", painting tools & accessories, tools",Pintar,PIN02-S,https://raw.githubusercontent.com/kinggoff/NewSteelesImages/main/review-images/PI-000000623-pintar-stain-brush-3in.png?raw=true,Image Added,,,,,,,,,,
simple,Metal Tray,623,PI-000000624,,"Metal Tray from Pintar is a paint tray or tray set for loading rollers and holding a practical working quantity of coating during application. Selection should be based on the specific task, material, working conditions and compatible products in the complete system. Choose the listed size for the surface and coating, then clean or dispose of the applicator according to current product guidance.",,Painting Tools & Accessories > Tools,"pintar, metal tray, painting tools & accessories, tools",Pintar,PIN02-S,https://raw.githubusercontent.com/kinggoff/NewSteelesImages/main/review-images/PI-000000613-pintar-4l-jumbo-metal-tray.png?raw=true,Images for Review,,,,,,,,,,
simple,Jumbo Refill,624,PI-000000625,,"Jumbo Refill from Pintar is a paint-roller cover or refill for applying compatible coatings; its stated fabric, width and nap help determine finish texture, loading and surface reach. Review the listed format and current manufacturer instructions to confirm compatibility, safe use, cleaning and storage for the intended job.",,Painting Tools & Accessories > Tools,"pintar, jumbo refill, painting tools & accessories, tools",Pintar,PIN02-S,https://raw.githubusercontent.com/kinggoff/NewSteelesImages/main/review-images/PI-000000625-jumbo-roller-refill.png?raw=true,Images for Review,,,,,,,,,,
simple,"Polytarp Lightweight Plastic Sheeting 20' x 100' (2,000 sq ft)",625,POL-000000626,,"Polytarp Lightweight Plastic Sheeting 20' x 100' (2,000 sq ft) is a temporary surface-protection material for covering floors, furniture or adjacent areas against dust, drips and ordinary painting debris. Lay it over a clean, dry area, secure the edges safely, and confirm that any adhesive or film suits the underlying finish.",,Painting Tools & Accessories > Tools,"polytarp, polytarp lightweight plastic sheeting 20' x 100' (2,000 sq ft), painting tools & accessories, tools",Polytarp,POL02,https://raw.githubusercontent.com/kinggoff/NewSteelesImages/main/review-images/POL-000000628-polytarp-lightweight-plastic-500sqft.png?raw=true,Images for Review,,,,,,,,,,
simple,1500 Sq.Ft Plastic Economy,626,POL-000000627,,"1500 Sq.Ft Plastic Economy from Polytarp is a temporary surface-protection material for covering floors, furniture or adjacent areas against dust, drips and ordinary painting debris. Lay it over a clean, dry area, secure the edges safely, and confirm that any adhesive or film suits the underlying finish.",,Painting Tools & Accessories > Tools,"polytarp, 1500 sq.ft plastic economy, painting tools & accessories, tools",Polytarp,POL02,https://raw.githubusercontent.com/kinggoff/NewSteelesImages/main/review-images/POL-000000627-polytarp-plastic-economy-1500sqft.png?raw=true,Image Added,,,,,,,,,,
simple,Light Weight Plastic 500 Sq Ft,627,POL-000000628,,"Light Weight Plastic 500 Sq Ft from Polytarp is a temporary surface-protection material for covering floors, furniture or adjacent areas against dust, drips and ordinary painting debris. Lay it over a clean, dry area, secure the edges safely, and confirm that any adhesive or film suits the underlying finish.",,Painting Tools & Accessories > Tools,"polytarp, light weight plastic 500 sq ft, painting tools & accessories, tools",Polytarp,POL02,https://raw.githubusercontent.com/kinggoff/NewSteelesImages/main/review-images/POL-000000628-polytarp-lightweight-plastic-500sqft.png?raw=true,Image Added,,,,,,,,,,
simple,ProDec Titan Roller Frame,628,PRO-000000629,,"ProDec Titan Roller Frame is a reusable roller frame or handle for mounting a compatible cover and applying paint to the intended surface area. It is intended to give the applicator practical control over loading, placement and finish on the matching surface area. Choose the listed size for the surface and coating, then clean or dispose of the applicator according to current product guidance.",,Painting Tools & Accessories > Tools,"prodec, prodec titan roller frame, painting tools & accessories, tools",ProDec,CANPRO,"https://static.wixstatic.com/media/e50c56_22f198e8f59b4b9dae0bd6630b0c8fc2~mv2.png/v1/fill/w_980,h_980,al_c,q_90,usm_0.66_1.00_0.01,enc_avif,quality_auto/e50c56_22f198e8f59b4b9dae0bd6630b0c8fc2~mv2.png",Image Added,,,,,,,,,,
simple,ProDec Mini Roller Frame,629,PRO-000000630,,"ProDec Mini Roller Frame is a reusable roller frame or handle for mounting a compatible cover and applying paint to the intended surface area. It is intended to give the applicator practical control over loading, placement and finish on the matching surface area. Choose the listed size for the surface and coating, then clean or dispose of the applicator according to current product guidance.",,Painting Tools & Accessories > Tools,"prodec, prodec mini roller frame, painting tools & accessories, tools",ProDec,CANPRO,https://raw.githubusercontent.com/kinggoff/NewSteelesImages/main/review-images/PRO-000000630-prodec-mini-roller-frame.png?raw=true,Image Added,,,,,,,,,,
simple,"ProDec Ice Fusion 2 1/2"" Cutting-In Brush",630,PRO-000000631,,"ProDec Ice Fusion 2 1/2"" Cutting-In Brush is a purpose-shaped brush for controlled application of compatible paint, stain or decorative coating; its filament style and profile suit the task named in the product. Choose the listed size for the surface and coating, then clean or dispose of the applicator according to current product guidance.",,Painting Tools & Accessories > Tools,"prodec, prodec ice fusion 2 1/2"" cutting-in brush, painting tools & accessories, tools",ProDec,CANPRO,https://raw.githubusercontent.com/kinggoff/NewSteelesImages/main/review-images/PRO-000000631-prodec-ice-fusion-cutting-in-brush-2-5in.png?raw=true,Images for Review,,,,,,,,,,
simple,"ProDec Ice Fusion 2 1/2"" Angle Oval Brush",631,PRO-000000632,,"ProDec Ice Fusion 2 1/2"" Angle Oval Brush is a paint or decorative-finish brush whose stated shape, filament and size are intended to provide control for the named application. Choose the listed size for the surface and coating, then clean or dispose of the applicator according to current product guidance.",,Painting Tools & Accessories > Tools,"prodec, prodec ice fusion 2 1/2"" angle oval brush, painting tools & accessories, tools",ProDec,CANPRO,https://raw.githubusercontent.com/kinggoff/NewSteelesImages/main/review-images/PRO-000000632-prodec-ice-fusion-angle-oval-brush.png?raw=true,Images for Review,,,,,,,,,,
simple,ProDec Ice Fusion Roller Cover,632,PRO-000000633,,"ProDec Ice Fusion Roller Cover is a paint-roller cover or refill for applying compatible coatings; its stated fabric, width and nap help determine finish texture, loading and surface reach. Choose the listed size for the surface and coating, then clean or dispose of the applicator according to current product guidance.",,Painting Tools & Accessories > Tools,"prodec, prodec ice fusion roller cover, painting tools & accessories, tools",ProDec,CANPRO,"https://static.wixstatic.com/media/e50c56_d152dc0ad31943d5926be3f755a8cc4d~mv2.png/v1/fill/w_2000,h_2000,al_c,q_95,enc_avif,quality_auto/e50c56_d152dc0ad31943d5926be3f755a8cc4d~mv2.png",Image Added,,,,,,,,,,
simple,ProDec Sabre Pole,633,PRO-000000634,,"ProDec Sabre Pole is an extension pole for increasing the reach of compatible rollers, sanding heads or other threaded painting tools. Selection should be based on the specific task, material, working conditions and compatible products in the complete system. Choose the listed size for the surface and coating, then clean or dispose of the applicator according to current product guidance.",,Painting Tools & Accessories > Tools,"prodec, prodec sabre pole, painting tools & accessories, tools",ProDec,CANPRO,https://raw.githubusercontent.com/kinggoff/NewSteelesImages/main/review-images/PRO-000000634-prodec-saber-extension-pole.png?raw=true,Images for Review,,,,,,,,,,
simple,Waterbased Varnish Zero Gloss Texturelin,634,PRO-000000635,,"Waterbased Varnish Zero Gloss Texturelin from ProTek is a clear or translucent finish for building the sheen and protection appropriate to the compatible surface and coating system. Confirm preparation, compatibility, application, coverage and recoat requirements in the current label or technical data sheet.",,Specialty & Decorative Products > Textureline,"protek, waterbased varnish zero gloss texturelin, specialty & decorative products, textureline",ProTek,PROTEK,https://raw.githubusercontent.com/kinggoff/NewSteelesImages/main/review-images/PRO-000000635-waterbased-varnish-zero-gloss.png?raw=true,Images for Review,,,,,,,,,,
simple,Textureline Flat Wax,635,TEX-000000636,,"Textureline Flat Wax is a decorative plaster, coating or system component for creating the texture and appearance identified in the product name on a properly prepared surface. Confirm preparation, compatibility, application, coverage and recoat requirements in the current label or technical data sheet.",,Specialty & Decorative Products > Textureline,"textureline, textureline flat wax, specialty & decorative products",Textureline,PROTEK,https://raw.githubusercontent.com/kinggoff/NewSteelesImages/main/review-images/TEX-000000636-textureline-flat-wax.png?raw=true,Image Added,,,,,,,,,,
simple,Textureline Venetian Pastel Basecoat,636,TEX-000000637,,"Textureline Venetian Pastel Basecoat is a decorative plaster, coating or system component for creating the texture and appearance identified in the product name on a properly prepared surface. Confirm preparation, compatibility, application, coverage and recoat requirements in the current label or technical data sheet.",,Specialty & Decorative Products > Textureline,"textureline, textureline venetian pastel basecoat, specialty & decorative products",Textureline,PROTEK,https://raw.githubusercontent.com/kinggoff/NewSteelesImages/main/review-images/TEX-000000637-textureline-venetian-pastel-basecoat.png?raw=true,Images for Review,,,,,,,,,,
simple,Textureline Metaltech Silver Base,637,TEX-000000638,,"Textureline Metaltech Silver Base is a decorative plaster, coating or system component for creating the texture and appearance identified in the product name on a properly prepared surface. Confirm preparation, compatibility, application, coverage and recoat requirements in the current label or technical data sheet.",,Specialty & Decorative Products > Textureline,"textureline, textureline metaltech silver base, specialty & decorative products",Textureline,PROTEK,https://raw.githubusercontent.com/kinggoff/NewSteelesImages/main/review-images/TEX-000000638-textureline-metaltech-base.png?raw=true,Images for Review,,,,,,,,,,
simple,Textureline Metaltech Pearl Base,638,TEX-000000639,,"Textureline Metaltech Pearl Base is a decorative plaster, coating or system component for creating the texture and appearance identified in the product name on a properly prepared surface. Confirm preparation, compatibility, application, coverage and recoat requirements in the current label or technical data sheet.",,Specialty & Decorative Products > Textureline,"textureline, textureline metaltech pearl base, specialty & decorative products",Textureline,PROTEK,https://raw.githubusercontent.com/kinggoff/NewSteelesImages/main/review-images/TEX-000000638-textureline-metaltech-base.png?raw=true,Images for Review,,,,,,,,,,
simple,Textureline Metaltech Gold Base,639,TEX-000000640,,"Textureline Metaltech Gold Base is a decorative plaster, coating or system component for creating the texture and appearance identified in the product name on a properly prepared surface. Confirm preparation, compatibility, application, coverage and recoat requirements in the current label or technical data sheet.",,Specialty & Decorative Products > Textureline,"textureline, textureline metaltech gold base, specialty & decorative products",Textureline,PROTEK,https://raw.githubusercontent.com/kinggoff/NewSteelesImages/main/review-images/TEX-000000638-textureline-metaltech-base.png?raw=true,Images for Review,,,,,,,,,,
simple,Textureline Marmorino Classic,640,TEX-000000641,,"Textureline Marmorino Classic is a decorative plaster, coating or system component for creating the texture and appearance identified in the product name on a properly prepared surface. Confirm preparation, compatibility, application, coverage and recoat requirements in the current label or technical data sheet.",,Specialty & Decorative Products > Textureline,"textureline, textureline marmorino classic, specialty & decorative products",Textureline,PROTEK,https://raw.githubusercontent.com/kinggoff/NewSteelesImages/main/review-images/TEX-000000641-textureline-marmorino-classic.png?raw=true,Images for Review,,,,,,,,,,
simple,Textureline Carolina Sandstone,641,TEX-000000642,,"Textureline Carolina Sandstone is a decorative plaster, coating or system component for creating the texture and appearance identified in the product name on a properly prepared surface. Confirm preparation, compatibility, application, coverage and recoat requirements in the current label or technical data sheet.",,Specialty & Decorative Products > Textureline,"textureline, textureline carolina sandstone, specialty & decorative products",Textureline,PROTEK,https://raw.githubusercontent.com/kinggoff/NewSteelesImages/main/review-images/TEX-000000642-textureline-carolina-sandstone.png?raw=true,Images for Review,,,,,,,,,,
simple,Textureline Burnishing Wax Gallon,642,TEX-000000643,,"Textureline Burnishing Wax Gallon is a decorative plaster, coating or system component for creating the texture and appearance identified in the product name on a properly prepared surface. Confirm preparation, compatibility, application, coverage and recoat requirements in the current label or technical data sheet.",,Specialty & Decorative Products > Textureline,"textureline, textureline burnishing wax gallon, specialty & decorative products",Textureline,PROTEK,https://raw.githubusercontent.com/kinggoff/NewSteelesImages/main/review-images/TEX-000000643-textureline-burnishing-wax.png?raw=true,Image Added,,,,,,,,,,
simple,Texturebase Coat Pastel Base,643,PRO-000000644,,"Texturebase Coat Pastel Base from ProTek is a decorative plaster, coating or system component for creating the texture and appearance identified in the product name on a properly prepared surface. Confirm preparation, compatibility, application, coverage and recoat requirements in the current label or technical data sheet.",,Specialty & Decorative Products > Textureline,"protek, texturebase coat pastel base, specialty & decorative products, textureline",ProTek,PROTEK,https://raw.githubusercontent.com/kinggoff/NewSteelesImages/main/review-images/TEX-000000637-textureline-venetian-pastel-basecoat.png?raw=true,Images for Review,,,,,,,,,,
simple,Sheffield Red Hot Aluminum Gal,644,PRO-000000645,,"Sheffield Red Hot Aluminum Gal from ProTek is a coating formulated for the interior, exterior, specialty or industrial use indicated by its product name and category. Confirm preparation, compatibility, application, coverage and recoat requirements in the current label or technical data sheet. Confirm the exact item and package before ordering.",,Paints > Specialty Paints,"protek, sheffield red hot aluminum gal, paints, specialty paints",ProTek,PROTEK,https://raw.githubusercontent.com/kinggoff/NewSteelesImages/main/review-images/PRO-000000645-sheffield-red-hot-aluminum.png?raw=true,Images for Review,,,,,,,,,,
simple,Marmorino Classic Venetian Plaster,645,PRO-000000646,,"Marmorino Classic Venetian Plaster from ProTek is a decorative plaster, coating or system component for creating the texture and appearance identified in the product name on a properly prepared surface. Apply to a clean, sound surface and follow the label for mixing, layer depth, drying or cure, sanding and topcoating.",,Specialty & Decorative Products > Textureline,"protek, marmorino classic venetian plaster, specialty & decorative products, textureline",ProTek,PROTEK,https://raw.githubusercontent.com/kinggoff/NewSteelesImages/main/review-images/TEX-000000641-textureline-marmorino-classic.png?raw=true,Images for Review,,,,,,,,,,
simple,Stucco Veneziano Scraper,646,PRO-000000647,,"Stucco Veneziano Scraper from ProTek is a hand scraper for removing loose paint, adhesive residue, coatings or surface buildup during preparation and cleanup. Match it to the surface, work progressively, and use suitable eye, hand and respiratory protection for the material being removed. Confirm the exact item and package before ordering.",,Painting Tools & Accessories > Tools,"protek, stucco veneziano scraper, painting tools & accessories, tools",ProTek,PROTEK,https://raw.githubusercontent.com/kinggoff/NewSteelesImages/main/review-images/PRO-000000647-stucco-veneziano-scraper.png?raw=true,Images for Review,,,,,,,,,,
simple,Come Bianko Classic Trowel 240X80,647,PRO-000000648,,"Come Bianko Classic Trowel 240X80 from ProTek is a finishing trowel for applying and burnishing compatible Venetian plaster, microcement or decorative coating materials. Confirm preparation, compatibility, application, coverage and recoat requirements in the current label or technical data sheet. Confirm the exact item and package before ordering.",,Specialty & Decorative Products > Textureline,"protek, come bianko classic trowel 240x80, specialty & decorative products, textureline",ProTek,PROTEK,https://raw.githubusercontent.com/kinggoff/NewSteelesImages/main/review-images/PRO-000000648-come-bianko-trowel.png?raw=true,Images for Review,,,,,,,,,,
simple,Come 310Lu Trowel 240X100,648,PRO-000000649,,"Come 310Lu Trowel 240X100 from ProTek is a finishing trowel for applying and burnishing compatible Venetian plaster, microcement or decorative coating materials. Confirm preparation, compatibility, application, coverage and recoat requirements in the current label or technical data sheet. Confirm the exact item and package before ordering.",,Specialty & Decorative Products > Textureline,"protek, come 310lu trowel 240x100, specialty & decorative products, textureline",ProTek,PROTEK,https://raw.githubusercontent.com/kinggoff/NewSteelesImages/main/review-images/PRO-000000649-come-310lu-trowel.png?raw=true,Image Added,,,,,,,,,,
simple,Stucco Antico Applicators,649,PC-000000650,,"Stucco Antico Applicators from PC Products is a decorative plaster, coating or system component for creating the texture and appearance identified in the product name on a properly prepared surface. Choose the listed size for the surface and coating, then clean or dispose of the applicator according to current product guidance.",,Painting Tools & Accessories > Tools,"pc products, stucco antico applicators, painting tools & accessories, tools",PC Products,PROTEK,https://raw.githubusercontent.com/kinggoff/NewSteelesImages/main/review-images/PC-000000650-stucco-antico-applicators.png?raw=true,Images for Review,,,,,,,,,,
simple,310LI COME WOOD HANDLE 240X100 mm,650,PRO-000000651,,"310LI COME WOOD HANDLE 240X100 mm from ProTek is a wood-handled finishing trowel for applying and burnishing compatible Venetian plaster or decorative coating materials. Confirm preparation, compatibility, application, coverage and recoat requirements in the current label or technical data sheet. Confirm the exact item and package before ordering.",,Specialty & Decorative Products > Textureline,"protek, 310li come wood handle 240x100 mm, specialty & decorative products, textureline",ProTek,PROTEK,https://raw.githubusercontent.com/kinggoff/NewSteelesImages/main/review-images/PRO-000000651-come-310li-trowel.png?raw=true,Image Added,,,,,,,,,,
simple,Create A Color Standard Caulk Mixer,651,RD-000000652,,"Create A Color Standard Caulk Mixer from Red Devil is a mixing accessory for blending compatible paint, compound or sealant to a more uniform consistency before application. Match it to the surface, work progressively, and use suitable eye, hand and respiratory protection for the material being removed.",,Painting Tools & Accessories > Tools,"red devil, create a color standard caulk mixer, painting tools & accessories, tools",Red Devil,DEVIL,https://raw.githubusercontent.com/kinggoff/NewSteelesImages/main/review-images/RD-000000652-create-a-color-standard-caulk-mixer.png?raw=true,Image Added,,,,,,,,,,
simple,Create A Color Pro Caulk Mixer,652,RD-000000653,,"Create A Color Pro Caulk Mixer from Red Devil is a mixing accessory for blending compatible paint, compound or sealant to a more uniform consistency before application. Match it to the surface, work progressively, and use suitable eye, hand and respiratory protection for the material being removed. Confirm the exact item and package before ordering.",,Painting Tools & Accessories > Tools,"red devil, create a color pro caulk mixer, painting tools & accessories, tools",Red Devil,DEVIL,https://raw.githubusercontent.com/kinggoff/NewSteelesImages/main/review-images/RD-000000653-create-a-color-pro-caulk-mixer.png?raw=true,Image Added,,,,,,,,,,
simple,Roman Ultra Premium Clear Glue Gallon,653,ROM-000000654,,"Roman Ultra Premium Clear Glue Gallon is a wallcovering preparation, primer, adhesive or removal product for the installation stage identified in the product name. Prepare both surfaces and follow the label for mixing where required, open or working time, assembly, clamping and cure. Confirm the exact item and package before ordering.",,Specialty & Decorative Products > Wallpaper Adhesives,"roman, roman ultra premium clear glue gallon, specialty & decorative products, wallpaper adhesives",Roman,ROMAN-S,https://raw.githubusercontent.com/kinggoff/NewSteelesImages/main/review-images/ROM-000000654-roman-pro-880-ultra-clear-gallon.png?raw=true,Image Added,,,,,,,,,,
simple,Roman RX-35 Drywall Repair Primer,654,ROM-000000655,,"Roman RX-35 Drywall Repair Primer is a preparatory coating for the substrate or problem condition named in the product, helping create a more uniform surface for compatible topcoats. Confirm preparation, compatibility, application, coverage and recoat requirements in the current label or technical data sheet.",,Specialty & Decorative Products > Wallpaper Adhesives,"roman, roman rx-35 drywall repair primer, specialty & decorative products, wallpaper adhesives",Roman,ROMAN-S,https://raw.githubusercontent.com/kinggoff/NewSteelesImages/main/review-images/ROM-000000655-roman-pro-999-rx35-primer.png?raw=true,Image Added,,,,,,,,,,
simple,Roman Pro 977 Ultra Prime Pigmented Wall,655,ROM-000000656,,"Roman Pro 977 Ultra Prime Pigmented Wall is a wallcovering preparation, primer, adhesive or removal product for the installation stage identified in the product name. Confirm preparation, compatibility, application, coverage and recoat requirements in the current label or technical data sheet. Confirm the exact item and package before ordering.",,Specialty & Decorative Products > Wallpaper Adhesives,"roman, roman pro 977 ultra prime pigmented wall, specialty & decorative products, wallpaper adhesives",Roman,ROMAN-S,https://raw.githubusercontent.com/kinggoff/NewSteelesImages/main/review-images/ROM-000000656-roman-pro-977-ultra-prime.png?raw=true,Image Added,,,,,,,,,,
simple,Roman H.D. Strippable Clear,656,ROM-000000657,,"Roman H.D. Strippable Clear is a clear, strippable wallcovering adhesive for hanging compatible wallpaper over a properly prepared and primed wall surface. Confirm preparation, compatibility, application, coverage and recoat requirements in the current label or technical data sheet. Confirm the exact item and package before ordering.",,Specialty & Decorative Products > Wallpaper Adhesives,"roman, roman h.d. strippable clear, specialty & decorative products, wallpaper adhesives",Roman,ROMAN-S,https://raw.githubusercontent.com/kinggoff/NewSteelesImages/main/review-images/ROM-000000657-roman-780-heavy-duty-strippable-clear.png?raw=true,Images for Review,,,,,,,,,,
simple,Roman Extreme Tack Adhesive,657,ROM-000000658,,"Roman Extreme Tack Adhesive is an adhesive or repair compound for joining compatible materials; bond strength depends on surface preparation, fit, cure and the specific substrates involved. Prepare both surfaces and follow the label for mixing where required, open or working time, assembly, clamping and cure.",,Specialty & Decorative Products > Wallpaper Adhesives,"roman, roman extreme tack adhesive, specialty & decorative products, wallpaper adhesives",Roman,ROMAN-S,https://raw.githubusercontent.com/kinggoff/NewSteelesImages/main/review-images/ROM-000000658-roman-pro-555-extreme-tack.png?raw=true,Image Added,,,,,,,,,,
simple,Video Projection Screen Paint White Qt,658,ROS-000000659,,"Video Projection Screen Paint White Qt from Rosco is a coating formulated for the interior, exterior, specialty or industrial use indicated by its product name and category. Confirm preparation, compatibility, application, coverage and recoat requirements in the current label or technical data sheet.",,Paints > Specialty Paints,"rosco, video projection screen paint white qt, paints, specialty paints",Rosco,ROS01-S,https://raw.githubusercontent.com/kinggoff/NewSteelesImages/main/review-images/ROS-000000659-rosco-projection-screen-paint.png?raw=true,Image Added,,,,,,,,,,
simple,Rosco Video Paint Chroma Key Green,659,ROS-000000660,,"Rosco Video Paint Chroma Key Green is a coating formulated for the interior, exterior, specialty or industrial use indicated by its product name and category. Confirm preparation, compatibility, application, coverage and recoat requirements in the current label or technical data sheet. Confirm the exact item and package before ordering.",,Paints > Specialty Paints,"rosco, rosco video paint chroma key green, paints, specialty paints",Rosco,ROS01-S,https://raw.githubusercontent.com/kinggoff/NewSteelesImages/main/review-images/ROS-000000660-rosco-chroma-key-green.png?raw=true,Image Added,,,,,,,,,,
simple,Rosco Video Paint Chroma Key Blue,660,ROS-000000661,,"Rosco Video Paint Chroma Key Blue is a coating formulated for the interior, exterior, specialty or industrial use indicated by its product name and category. Confirm preparation, compatibility, application, coverage and recoat requirements in the current label or technical data sheet. Confirm the exact item and package before ordering.",,Paints > Specialty Paints,"rosco, rosco video paint chroma key blue, paints, specialty paints",Rosco,ROS01-S,https://raw.githubusercontent.com/kinggoff/NewSteelesImages/main/review-images/ROS-000000661-rosco-chroma-key-blue.png?raw=true,Image Added,,,,,,,,,,
simple,Rosco Tv White,661,ROS-000000662,,"Rosco Tv White is a coating formulated for the interior, exterior, specialty or industrial use indicated by its product name and category. The final appearance and service performance depend on the substrate, preparation, film build and complete coating system. Confirm preparation, compatibility, application, coverage and recoat requirements in the current label or technical data sheet.",,Paints > Specialty Paints,"rosco, rosco tv white, paints, specialty paints",Rosco,ROS01-S,https://starscenic.com/cdn/shop/files/Rosco_-_TV_White.png?v=1750090115&width=2048,Image Added,,,,,,,,,,
simple,Rosco Tv Black,662,ROS-000000663,,"Rosco Tv Black is a coating formulated for the interior, exterior, specialty or industrial use indicated by its product name and category. The final appearance and service performance depend on the substrate, preparation, film build and complete coating system. Confirm preparation, compatibility, application, coverage and recoat requirements in the current label or technical data sheet.",,Paints > Specialty Paints,"rosco, rosco tv black, paints, specialty paints",Rosco,ROS01-S,https://raw.githubusercontent.com/kinggoff/NewSteelesImages/main/review-images/ROS-000000663-rosco-tv-black.png?raw=true,Image Added,,,,,,,,,,
simple,Fire Retardant Paint Additive,663,ROS-000000664,,"Fire Retardant Paint Additive from Rosco is a coating formulated for the interior, exterior, specialty or industrial use indicated by its product name and category. Confirm preparation, compatibility, application, coverage and recoat requirements in the current label or technical data sheet. Confirm the exact item and package before ordering.",,Paints > Specialty Paints,"rosco, fire retardant paint additive, paints, specialty paints",Rosco,ROS01-S,https://raw.githubusercontent.com/kinggoff/NewSteelesImages/main/review-images/ROS-000000664-roscoflamex-pa.png?raw=true,Image Added,,,,,,,,,,
simple,Sheetrock 90,664,CS-000000665,,"Sheetrock 90 from CGC Sheetrock is a repair material for filling, patching, glazing, rebuilding or stabilizing the compatible wood, drywall, window or masonry surface indicated by the product name. Review the listed format and current manufacturer instructions to confirm compatibility, safe use, cleaning and storage for the intended job.",,Painting Tools & Accessories > Paint Prep & Repairs,"cgc sheetrock, sheetrock 90, painting tools & accessories, paint prep & repairs",CGC Sheetrock,RBS01,https://raw.githubusercontent.com/kinggoff/NewSteelesImages/main/review-images/CS-000000665-cgc-sheetrock-90.png?raw=true,Image Added,,,,,,,,,,
simple,Cgc Joint Compound,665,CS-000000666,,"Cgc Joint Compound from CGC Sheetrock is a repair material for filling, patching, glazing, rebuilding or stabilizing the compatible wood, drywall, window or masonry surface indicated by the product name. Apply to a clean, sound surface and follow the label for mixing, layer depth, drying or cure, sanding and topcoating.",,Painting Tools & Accessories > Paint Prep & Repairs,"cgc sheetrock, cgc joint compound, painting tools & accessories, paint prep & repairs",CGC Sheetrock,RBS01,https://raw.githubusercontent.com/kinggoff/NewSteelesImages/main/review-images/CS-000000666-cgc-all-purpose-joint-compound-12l.png?raw=true,Images for Review,,,,,Variants,7KG | 3KG | 20KG,1,1,,
simple,Cgc Dust Control Pail Compound 12L,666,CS-000000667,,"Cgc Dust Control Pail Compound 12L from CGC Sheetrock is a repair material for filling, patching, glazing, rebuilding or stabilizing the compatible wood, drywall, window or masonry surface indicated by the product name. Apply to a clean, sound surface and follow the label for mixing, layer depth, drying or cure, sanding and topcoating.",,Painting Tools & Accessories > Paint Prep & Repairs,"cgc sheetrock, cgc dust control pail compound 12l, painting tools & accessories, paint prep & repairs",CGC Sheetrock,RBS01,https://raw.githubusercontent.com/kinggoff/NewSteelesImages/main/review-images/CS-000000667-cgc-dust-control-compound-12l.png?raw=true,Image Added,,,,,,,,,,
simple,Cgc Dust Control Box Compound 17L,667,CS-000000668,,"Cgc Dust Control Box Compound 17L from CGC Sheetrock is a repair material for filling, patching, glazing, rebuilding or stabilizing the compatible wood, drywall, window or masonry surface indicated by the product name. Apply to a clean, sound surface and follow the label for mixing, layer depth, drying or cure, sanding and topcoating.",,Painting Tools & Accessories > Paint Prep & Repairs,"cgc sheetrock, cgc dust control box compound 17l, painting tools & accessories, paint prep & repairs",CGC Sheetrock,RBS01,https://raw.githubusercontent.com/kinggoff/NewSteelesImages/main/review-images/CS-000000668-cgc-dust-control-compound-17l.png?raw=true,Image Added,,,,,,,,,,
simple,Seal-Krete Clear Seal Satin,668,SK-000000669,,"Seal-Krete Clear Seal Satin is a coating formulated for the interior, exterior, specialty or industrial use indicated by its product name and category. Confirm preparation, compatibility, application, coverage and recoat requirements in the current label or technical data sheet. Confirm the exact item and package before ordering.",,Paints > Specialty Paints,"seal-krete, seal-krete clear seal satin, paints, specialty paints",Seal-Krete,FLE01-S,https://raw.githubusercontent.com/kinggoff/NewSteelesImages/main/review-images/SK-000000669-seal-krete-clear-seal-satin.png?raw=true,Image Added,,,,,,,,,,
simple,Rust-Oleum Tub & Tile Refinishing Kit,669,RO-000000670,,"Rust-Oleum Tub & Tile Refinishing Kit is a coating formulated for the interior, exterior, specialty or industrial use indicated by its product name and category. Confirm preparation, compatibility, application, coverage and recoat requirements in the current label or technical data sheet. Confirm the exact item and package before ordering.",,Paints > Specialty Paints,"rust-oleum, rust-oleum tub & tile refinishing kit, paints, specialty paints",Rust-Oleum,FLE01-S,https://media.takealot.com/covers_images/177a49ebc65a49e3b6bb13ab7bd3b3d0/s-zoom.file,Image Added,,,,,,,,,,
simple,Rust-Oleum Self-Etching Primer Spray,670,RO-000000671,,"Rust-Oleum Self-Etching Primer Spray is a preparatory coating for the substrate or problem condition named in the product, helping create a more uniform surface for compatible topcoats. Confirm preparation, compatibility, application, coverage and recoat requirements in the current label or technical data sheet.",,Paints > Specialty Paints,"rust-oleum, rust-oleum self-etching primer spray, paints, specialty paints",Rust-Oleum,FLE01-S,https://raw.githubusercontent.com/kinggoff/NewSteelesImages/main/review-images/RO-000000671-rust-oleum-self-etching-primer.png?raw=true,Image Added,,,,,,,,,,
simple,Rust-Oleum Mirror Effect Silver,671,RO-000000672,,"Rust-Oleum Mirror Effect Silver is an aerosol coating or treatment for the colour, effect or repair task stated in the product name on a compatible prepared surface. Confirm preparation, compatibility, application, coverage and recoat requirements in the current label or technical data sheet. Confirm the exact item and package before ordering.",,Paints > Aerosols,"rust-oleum, rust-oleum mirror effect silver, paints, aerosols",Rust-Oleum,FLE01-S,https://raw.githubusercontent.com/kinggoff/NewSteelesImages/main/review-images/RO-000000672-rust-oleum-mirror-effect-silver.png?raw=true,Image Added,,,,,,,,,,
simple,Rust-Oleum Metallic Gold,672,RO-000000673,,"Rust-Oleum Metallic Gold is an aerosol coating or treatment for the colour, effect or repair task stated in the product name on a compatible prepared surface. Confirm preparation, compatibility, application, coverage and recoat requirements in the current label or technical data sheet. Confirm the exact item and package before ordering.",,Paints > Specialty Paints,"rust-oleum, rust-oleum metallic gold, paints, specialty paints",Rust-Oleum,FLE01-S,https://raw.githubusercontent.com/kinggoff/NewSteelesImages/main/review-images/RO-000000673-rust-oleum-metallic-gold.png?raw=true,Image Added,,,,,,,,,,
simple,Rust-Oleum Leak Seal Clear Aerosol,673,RO-000000674,,"Rust-Oleum Leak Seal Clear Aerosol is an aerosol coating or treatment for the colour, effect or repair task stated in the product name on a compatible prepared surface. Confirm preparation, compatibility, application, coverage and recoat requirements in the current label or technical data sheet. Confirm the exact item and package before ordering.",,Paints > Aerosols,"rust-oleum, rust-oleum leak seal clear aerosol, paints, aerosols",Rust-Oleum,FLE01-S,https://raw.githubusercontent.com/kinggoff/NewSteelesImages/main/review-images/RO-000000674-rust-oleum-leakseal-clear.png?raw=true,Image Added,,,,,,,,,,
simple,Rust-Oleum Leak Seal Black Aerosol,674,RO-000000675,,"Rust-Oleum Leak Seal Black Aerosol is an aerosol coating or treatment for the colour, effect or repair task stated in the product name on a compatible prepared surface. Confirm preparation, compatibility, application, coverage and recoat requirements in the current label or technical data sheet. Confirm the exact item and package before ordering.",,Paints > Aerosols,"rust-oleum, rust-oleum leak seal black aerosol, paints, aerosols",Rust-Oleum,FLE01-S,https://raw.githubusercontent.com/kinggoff/NewSteelesImages/main/review-images/RO-000000675-rust-oleum-leakseal-black.png?raw=true,Image Added,,,,,,,,,,
simple,Rust-Oleum Appliance Epoxy Spray - Gloss White,675,RO-000000676,,"Rust-Oleum Appliance Epoxy Spray - Gloss White is an aerosol coating or treatment for the colour, effect or repair task stated in the product name on a compatible prepared surface. Prepare both surfaces and follow the label for mixing where required, open or working time, assembly, clamping and cure.",,Paints > Aerosols,"rust-oleum, rust-oleum appliance epoxy spray - gloss white, paints, aerosols",Rust-Oleum,FLE01-S,https://raw.githubusercontent.com/kinggoff/NewSteelesImages/main/review-images/RO-000000676-rust-oleum-appliance-epoxy-gloss-white.png?raw=true,Image Added,,,,,,,,,,
simple,Rust-Oleum Painter's Touch Latex - Black,676,RO-000000677,,"Rust-Oleum Painter's Touch Latex - Black is a coating formulated for the interior, exterior, specialty or industrial use indicated by its product name and category. Confirm preparation, compatibility, application, coverage and recoat requirements in the current label or technical data sheet. Confirm the exact item and package before ordering.",,Paints > Specialty Paints,"rust-oleum, rust-oleum painter's touch latex - black, paints, specialty paints",Rust-Oleum,FLE01-S,https://raw.githubusercontent.com/kinggoff/NewSteelesImages/main/review-images/RO-000000677-rust-oleum-painters-touch-latex-black.png?raw=true,Images for Review,Finishes,Gloss | Flat,1,1,,,,,,
simple,Tremclad Rust Primer Spray - Red Oxide,677,TR-000000678,,"Tremclad Rust Primer Spray - Red Oxide is a preparatory coating for the substrate or problem condition named in the product, helping create a more uniform surface for compatible topcoats. Confirm preparation, compatibility, application, coverage and recoat requirements in the current label or technical data sheet.",,Paints > Aerosols,"tremclad, tremclad rust primer spray - red oxide, paints, aerosols",Tremclad,FLE01-S,https://raw.githubusercontent.com/kinggoff/NewSteelesImages/main/review-images/TR-000000678-tremclad-rust-primer-red-oxide.png?raw=true,Image Added,,,,,,,,,,
simple,Tremclad Rust Paint Spray - Gloss White,678,TR-000000679,,"Tremclad Rust Paint Spray - Gloss White is an aerosol coating or treatment for the colour, effect or repair task stated in the product name on a compatible prepared surface. Confirm preparation, compatibility, application, coverage and recoat requirements in the current label or technical data sheet.",,Paints > Aerosols,"tremclad, tremclad rust paint spray - gloss white, paints, aerosols",Tremclad,FLE01-S,https://raw.githubusercontent.com/kinggoff/NewSteelesImages/main/review-images/TR-000000679-tremclad-rust-paint-gloss-white.png?raw=true,Image Added,,,,,,,,,,
simple,Krud Kutter Original,679,KK-000000680,,"Krud Kutter Original is a surface-preparation or cleanup product for removing the residue named in the product from compatible materials before refinishing. Review the listed format and current manufacturer instructions to confirm compatibility, safe use, cleaning and storage for the intended job. Confirm the exact item and package before ordering.",,Painting Tools & Accessories > Cleaners & Removers,"krud kutter, krud kutter original, painting tools & accessories, cleaners & removers",Krud Kutter,FLE01-S,https://raw.githubusercontent.com/kinggoff/NewSteelesImages/main/review-images/KK-000000680-krud-kutter-original-946ml.png?raw=true,Image Added,,,,,,,,,,
simple,Krud Kutter Oil Grabber Stain Remover,680,KK-000000681,,"Krud Kutter Oil Grabber Stain Remover is a surface-preparation or cleanup product for removing the residue named in the product from compatible materials before refinishing. Test first, then follow the label for dilution, dwell time, rinsing, ventilation and protective equipment. Confirm the exact item and package before ordering.",,Painting Tools & Accessories > Cleaners & Removers,"krud kutter, krud kutter oil grabber stain remover, painting tools & accessories, cleaners & removers",Krud Kutter,FLE01-S,https://raw.githubusercontent.com/kinggoff/NewSteelesImages/main/review-images/KK-000000681-krud-kutter-oil-grabber.png?raw=true,Image Added,,,,,,,,,,
simple,Concrobium Mold Control Spray,681,CON-000000682,,"Concrobium Mold Control Spray is a treatment for controlling mould on compatible surfaces as part of a complete cleaning and moisture-management process. The final appearance and service performance depend on the substrate, preparation, film build and complete coating system. Test first, then follow the label for dilution, dwell time, rinsing, ventilation and protective equipment.",,Paints > Aerosols,"concrobium, concrobium mold control spray, paints, aerosols",Concrobium,MUM01,https://raw.githubusercontent.com/kinggoff/NewSteelesImages/main/review-images/CON-000000682-concrobium-mold-control-spray.png?raw=true,Image Added,,,,,,,,,,
simple,Ready Seal Exterior Stain Natural,682,RS-000000683,,"Ready Seal Exterior Stain Natural is a wood-finishing product for colouring, conditioning or protecting the compatible interior or exterior wood surface named in the product. Confirm preparation, compatibility, application, coverage and recoat requirements in the current label or technical data sheet.",,Paints > Stains & Varnishes,"ready seal, ready seal exterior stain natural, paints, stains & varnishes",Ready Seal,FLE01-S,https://raw.githubusercontent.com/kinggoff/NewSteelesImages/main/review-images/RS-000000683-ready-seal-exterior-stain-natural.png?raw=true,Image Added,,,,,,,,,,
simple,SamaN Water-Based Clear Finish,683,SA-000000684,,"SamaN Water-Based Clear Finish is a clear or translucent finish for building the sheen and protection appropriate to the compatible surface and coating system. Confirm preparation, compatibility, application, coverage and recoat requirements in the current label or technical data sheet. Confirm the exact item and package before ordering.",,Paints > Stains & Varnishes,"saman, saman water-based clear finish, paints, stains & varnishes",SamaN,SAMAN,https://raw.githubusercontent.com/kinggoff/NewSteelesImages/main/review-images/SA-000000684-saman-water-based-clear-finish.png?raw=true,Images for Review,,,,,,,,,,
simple,SamaN Water-Based Wood Floor Stain,684,SA-000000685,,"SamaN Water-Based Wood Floor Stain is a wood-finishing product for colouring, conditioning or protecting the compatible interior or exterior wood surface named in the product. Confirm preparation, compatibility, application, coverage and recoat requirements in the current label or technical data sheet.",,Paints > Stains & Varnishes,"saman, saman water-based wood floor stain, paints, stains & varnishes",SamaN,SAMAN,https://raw.githubusercontent.com/kinggoff/NewSteelesImages/main/review-images/SA-000000685-saman-water-based-wood-floor-stain.png?raw=true,Images for Review,,,,,,,,,,
simple,SamaN Water-Based Clear Glaze,685,SA-000000686,,"SamaN Water-Based Clear Glaze is a decorative or finishing glaze used to adjust colour, accent detail or create visual depth on a compatible prepared coating system. Confirm preparation, compatibility, application, coverage and recoat requirements in the current label or technical data sheet. Confirm the exact item and package before ordering.",,Paints > Stains & Varnishes,"saman, saman water-based clear glaze, paints, stains & varnishes",SamaN,SAMAN,https://raw.githubusercontent.com/kinggoff/NewSteelesImages/main/review-images/SA-000000686-saman-water-based-clear-glaze.png?raw=true,Image Added,,,,,,,,,,
simple,SamaN Tung Oil Natural,686,SA-000000687,,"SamaN Tung Oil Natural is a wood-finishing product for colouring, conditioning or protecting the compatible interior or exterior wood surface named in the product. Confirm preparation, compatibility, application, coverage and recoat requirements in the current label or technical data sheet. Confirm the exact item and package before ordering.",,Paints > Stains & Varnishes,"saman, saman tung oil natural, paints, stains & varnishes",SamaN,SAMAN,https://raw.githubusercontent.com/kinggoff/NewSteelesImages/main/review-images/SA-000000687-saman-tung-oil-natural.png?raw=true,Image Added,,,,,,,,,,
simple,SamaN Tabletop Epoxy,687,SA-000000688,,"SamaN Tabletop Epoxy is an epoxy coating or repair system for the compatible floor, concrete, wood or assembly application named in the product. The final appearance and service performance depend on the substrate, preparation, film build and complete coating system. Follow the label for component mixing, pot life, film thickness, application conditions and full cure before service.",,Paints > Epoxy,"saman, saman tabletop epoxy, paints, epoxy",SamaN,SAMAN,https://raw.githubusercontent.com/kinggoff/NewSteelesImages/main/review-images/SA-000000688-saman-tabletop-epoxy.png?raw=true,Image Added,,,,,,,,,,
simple,SamaN Retarder Gallon,688,SA-000000689,,"SamaN Retarder Gallon is a coating formulated for the interior, exterior, specialty or industrial use indicated by its product name and category. The final appearance and service performance depend on the substrate, preparation, film build and complete coating system. Confirm preparation, compatibility, application, coverage and recoat requirements in the current label or technical data sheet.",,Paints > Stains & Varnishes,"saman, saman retarder gallon, paints, stains & varnishes",SamaN,SAMAN,https://raw.githubusercontent.com/kinggoff/NewSteelesImages/main/review-images/SA-000000689-saman-retarder-gallon.png?raw=true,Images for Review,,,,,,,,,,
simple,SamaN Casting Epoxy 1.5L,689,SA-000000690,,"SamaN Casting Epoxy 1.5L is an epoxy coating or repair system for the compatible floor, concrete, wood or assembly application named in the product. The final appearance and service performance depend on the substrate, preparation, film build and complete coating system. Follow the label for component mixing, pot life, film thickness, application conditions and full cure before service.",,Paints > Epoxy,"saman, saman casting epoxy 1.5l, paints, epoxy",SamaN,SAMAN,https://raw.githubusercontent.com/kinggoff/NewSteelesImages/main/review-images/SA-000000690-saman-casting-epoxy-1-5l.png?raw=true,Image Added,,,,,,,,,,
simple,SamaN Beeswax Wood Finish,690,SA-000000691,,"SamaN Beeswax Wood Finish is a wood-finishing product for colouring, conditioning or protecting the compatible interior or exterior wood surface named in the product. Confirm preparation, compatibility, application, coverage and recoat requirements in the current label or technical data sheet. Confirm the exact item and package before ordering.",,Paints > Stains & Varnishes,"saman, saman beeswax wood finish, paints, stains & varnishes",SamaN,SAMAN,https://raw.githubusercontent.com/kinggoff/NewSteelesImages/main/review-images/SA-000000691-saman-beeswax-wood-finish.png?raw=true,Image Added,,,,,,,,,,
simple,CanPro TSP Eco Spray,691,CAN-000000692,,"CanPro TSP Eco Spray is an aerosol coating or treatment for the colour, effect or repair task stated in the product name on a compatible prepared surface. Confirm preparation, compatibility, application, coverage and recoat requirements in the current label or technical data sheet. Confirm the exact item and package before ordering.",,Paints > Aerosols,"canpro, canpro tsp eco spray, paints, aerosols",CanPro,SAMAN,https://raw.githubusercontent.com/kinggoff/NewSteelesImages/main/review-images/CAN-000000692-canpro-tsp-eco-spray.png?raw=true,Image Added,,,,,,,,,,
simple,Sealking Strip-All,692,SK-000000693,,"Sealking Strip-All from Seal King is a surface-preparation or cleanup product for removing the residue named in the product from compatible materials before refinishing. Confirm preparation, compatibility, application, coverage and recoat requirements in the current label or technical data sheet. Confirm the exact item and package before ordering.",,Paints > Driveway Coatings,"seal king, sealking strip-all, paints, driveway coatings",Seal King,TRITON-,https://raw.githubusercontent.com/kinggoff/NewSteelesImages/main/review-images/SK-000000693-seal-king-strip-all.png?raw=true,Image Added,,,,,,,,,,
simple,Seal King Seal-Grip,693,SK-000000694,,"Seal King Seal-Grip is a sealer or treatment for compatible concrete, asphalt, paving stone or masonry surfaces as indicated by the product name. The final appearance and service performance depend on the substrate, preparation, film build and complete coating system. Confirm preparation, compatibility, application, coverage and recoat requirements in the current label or technical data sheet.",,Paints > Driveway Coatings,"seal king, seal king seal-grip, paints, driveway coatings",Seal King,TRITON-,https://raw.githubusercontent.com/kinggoff/NewSteelesImages/main/review-images/SK-000000694-seal-king-seal-grip.png?raw=true,Image Added,,,,,,,,,,
simple,Seal King Rust Remover,694,SK-000000695,,"Seal King Rust Remover is a surface-preparation or cleanup product for removing the residue named in the product from compatible materials before refinishing. Its role is to leave the surface ready for the next repair or coating step without assuming compatibility with every material. Test first, then follow the label for dilution, dwell time, rinsing, ventilation and protective equipment.",,Paints > Driveway Coatings,"seal king, seal king rust remover, paints, driveway coatings",Seal King,TRITON-,https://raw.githubusercontent.com/kinggoff/NewSteelesImages/main/review-images/SK-000000695-seal-king-rust-remover.png?raw=true,Image Added,,,,,,,,,,
simple,Seal King Paving Stone Sealer Semi,695,SK-000000696,,"Seal King Paving Stone Sealer Semi is a sealer or treatment for compatible concrete, asphalt, paving stone or masonry surfaces as indicated by the product name. Confirm preparation, compatibility, application, coverage and recoat requirements in the current label or technical data sheet. Confirm the exact item and package before ordering.",,Paints > Driveway Coatings,"seal king, seal king paving stone sealer semi, paints, driveway coatings",Seal King,TRITON-,"https://static.wixstatic.com/media/afc7f4_c5358025c7ed4d6d8324bc6733c1473c~mv2.png/v1/fill/w_3024,h_3024,al_c,q_95,enc_avif,quality_auto/afc7f4_c5358025c7ed4d6d8324bc6733c1473c~mv2.png",Image Added,,,,,,,,,,
simple,Seal King Oil-Off Degreaser,696,SK-000000697,,"Seal King Oil-Off Degreaser is a surface-preparation or cleanup product for removing the residue named in the product from compatible materials before refinishing. Its role is to leave the surface ready for the next repair or coating step without assuming compatibility with every material. Test first, then follow the label for dilution, dwell time, rinsing, ventilation and protective equipment.",,Paints > Driveway Coatings,"seal king, seal king oil-off degreaser, paints, driveway coatings",Seal King,TRITON-,https://raw.githubusercontent.com/kinggoff/NewSteelesImages/main/review-images/SK-000000697-seal-king-oil-off.png?raw=true,Image Added,,,,,,,,,,
simple,Seal King Natural Stone Sealer Natural L,697,SK-000000698,,"Seal King Natural Stone Sealer Natural L is a sealer or treatment for compatible concrete, asphalt, paving stone or masonry surfaces as indicated by the product name. Confirm preparation, compatibility, application, coverage and recoat requirements in the current label or technical data sheet. Confirm the exact item and package before ordering.",,Paints > Driveway Coatings,"seal king, seal king natural stone sealer natural l, paints, driveway coatings",Seal King,TRITON-,https://raw.githubusercontent.com/kinggoff/NewSteelesImages/main/review-images/SK-000000698-seal-king-natural-stone-sealer-natural-look.png?raw=true,Images for Review,,,,,,,,,,
simple,Seal King Natural Stone Sealer Colour En,698,SK-000000699,,"Seal King Natural Stone Sealer Colour En is a sealer or treatment for compatible concrete, asphalt, paving stone or masonry surfaces as indicated by the product name. Confirm preparation, compatibility, application, coverage and recoat requirements in the current label or technical data sheet. Confirm the exact item and package before ordering.",,Paints > Driveway Coatings,"seal king, seal king natural stone sealer colour en, paints, driveway coatings",Seal King,TRITON-,https://raw.githubusercontent.com/kinggoff/NewSteelesImages/main/review-images/SK-000000699-seal-king-natural-stone-sealer-colour-enhancer.png?raw=true,Image Added,,,,,,,,,,
simple,Seal King Grease Release,699,SK-000000700,,"Seal King Grease Release is a surface-preparation or cleanup product for removing the residue named in the product from compatible materials before refinishing. Confirm preparation, compatibility, application, coverage and recoat requirements in the current label or technical data sheet. Confirm the exact item and package before ordering.",,Paints > Driveway Coatings,"seal king, seal king grease release, paints, driveway coatings",Seal King,TRITON-,https://raw.githubusercontent.com/kinggoff/NewSteelesImages/main/review-images/SK-000000700-seal-king-grease-release.png?raw=true,Image Added,,,,,,,,,,
simple,Seal King Efflorescence Cleane,700,SK-000000701,,"Seal King Efflorescence Cleane is a surface-preparation or cleanup product for removing the residue named in the product from compatible materials before refinishing. Confirm preparation, compatibility, application, coverage and recoat requirements in the current label or technical data sheet. Confirm the exact item and package before ordering.",,Paints > Driveway Coatings,"seal king, seal king efflorescence cleane, paints, driveway coatings",Seal King,TRITON-,https://raw.githubusercontent.com/kinggoff/NewSteelesImages/main/review-images/SK-000000701-seal-king-efflorescence-cleaner.png?raw=true,Image Added,,,,,,,,,,
simple,Seal King Easy Strip,701,SK-000000702,,"Seal King Easy Strip is a surface-preparation or cleanup product for removing the residue named in the product from compatible materials before refinishing. Confirm preparation, compatibility, application, coverage and recoat requirements in the current label or technical data sheet. Confirm the exact item and package before ordering.",,Paints > Driveway Coatings,"seal king, seal king easy strip, paints, driveway coatings",Seal King,TRITON-,https://raw.githubusercontent.com/kinggoff/NewSteelesImages/main/review-images/SK-000000702-seal-king-easy-strip.png?raw=true,Image Added,,,,,,,,,,
simple,Seal King Basement Floor Seale Clear,702,SK-000000703,,"Seal King Basement Floor Seale Clear is a coating formulated for the interior, exterior, specialty or industrial use indicated by its product name and category. Confirm preparation, compatibility, application, coverage and recoat requirements in the current label or technical data sheet. Confirm the exact item and package before ordering.",,Paints > Driveway Coatings,"seal king, seal king basement floor seale clear, paints, driveway coatings",Seal King,TRITON-,"https://static.wixstatic.com/media/afc7f4_f7e886fcac684857bae7aeebd38bd7c6~mv2.png/v1/fit/w_500,h_500,q_90/file.png",Image Added,,,,,,,,,,
simple,Allpro Spray Can Fire Engine Red,703,AP-000000704,,"Allpro Spray Can Fire Engine Red is an aerosol coating or treatment for the colour, effect or repair task stated in the product name on a compatible prepared surface. Confirm preparation, compatibility, application, coverage and recoat requirements in the current label or technical data sheet. Confirm the exact item and package before ordering.",,Paints > Aerosols,"allpro, allpro spray can fire engine red, paints, aerosols",AllPro,CANPRO,https://raw.githubusercontent.com/kinggoff/NewSteelesImages/main/review-images/AP-000000704-allpro-spray-fire-engine-red.png?raw=true,Image Added,,,,,,,,,,
simple,Frog Tape Pro Grade Blue,704,FT-000000705,,"Frog Tape Pro Grade Blue from FrogTape is a masking or project tape for defining paint lines, securing protection or joining compatible materials during preparation and finishing work. Review the listed format and current manufacturer instructions to confirm compatibility, safe use, cleaning and storage for the intended job.",,Painting Tools & Accessories > Tools,"frogtape, frog tape pro grade blue, painting tools & accessories, tools",FrogTape,SHURTAP,https://www.frogtape.co.uk/wp-content/uploads/FT-Pro-Grade-Blue-36mm-x-55m-4pk.png,Image Added,,,,,,,,,,
simple,"FrogTape Delicate Surface Painter's Tape 1 1/2""",705,FT-000000706,,"FrogTape Delicate Surface Painter's Tape 1 1/2"" is a masking or project tape for defining paint lines, securing protection or joining compatible materials during preparation and finishing work. Review the listed format and current manufacturer instructions to confirm compatibility, safe use, cleaning and storage for the intended job.",,Painting Tools & Accessories > Tools,"frogtape, frogtape delicate surface painter's tape 1 1/2"", painting tools & accessories, tools",FrogTape,SHURTAP,https://raw.githubusercontent.com/kinggoff/NewSteelesImages/main/review-images/FT-000000706-frogtape-delicate-surface-1-5in.png?raw=true,Images for Review,,,,,,,,,,
simple,"FrogTape Advanced Painter's Tape 1 1/2""",706,FT-000000707,,"FrogTape Advanced Painter's Tape 1 1/2"" is a masking or project tape for defining paint lines, securing protection or joining compatible materials during preparation and finishing work. Review the listed format and current manufacturer instructions to confirm compatibility, safe use, cleaning and storage for the intended job.",,Painting Tools & Accessories > Tools,"frogtape, frogtape advanced painter's tape 1 1/2"", painting tools & accessories, tools",FrogTape,SHURTAP,https://raw.githubusercontent.com/kinggoff/NewSteelesImages/main/review-images/FT-000000707-frogtape-advanced-1-5in.png?raw=true,Images for Review,,,,,,,,,,
simple,Frog Tape,707,FT-000000708,,"Frog Tape from FrogTape is a masking or project tape for defining paint lines, securing protection or joining compatible materials during preparation and finishing work. Review the listed format and current manufacturer instructions to confirm compatibility, safe use, cleaning and storage for the intended job.",,Painting Tools & Accessories > Tools,"frogtape, frog tape, painting tools & accessories, tools",FrogTape,SHURTAP,https://raw.githubusercontent.com/kinggoff/NewSteelesImages/main/review-images/FT-000000708-frogtape-multi-surface.png?raw=true,Image Added,,,,,,,,,,
simple,"Shurtape Green Masking Tape 1 1/2""",708,FT-000000709,,"Shurtape Green Masking Tape 1 1/2"" from FrogTape is a masking or project tape for defining paint lines, securing protection or joining compatible materials during preparation and finishing work. Review the listed format and current manufacturer instructions to confirm compatibility, safe use, cleaning and storage for the intended job.",,Painting Tools & Accessories > Tools,"frogtape, shurtape green masking tape 1 1/2"", painting tools & accessories, tools",FrogTape,SHURTAP,https://raw.githubusercontent.com/kinggoff/NewSteelesImages/main/review-images/FT-000000709-shurtape-green-masking-tape.png?raw=true,Images for Review,,,,,,,,,,
simple,Siafast Disc 8 Hole 100 Grit,709,SIA-000000710,,"Siafast Disc 8 Hole 100 Grit is an abrasive product for levelling, smoothing or keying surfaces during staged preparation; the stated grit determines how aggressively it cuts. Review the listed format and current manufacturer instructions to confirm compatibility, safe use, cleaning and storage for the intended job.",,Painting Tools & Accessories > Paint Prep & Repairs,"sia, siafast disc 8 hole 100 grit, painting tools & accessories, paint prep & repairs",Sia,SIA,https://raw.githubusercontent.com/kinggoff/NewSteelesImages/main/review-images/SIA-000000710-siafast-8-hole-100-grit.png?raw=true,Images for Review,,,,,,,,,,
simple,"Sia Soft Roll 3 1/2"" x 11 yd - 100 Grit",710,SIA-000000711,,"Sia Soft Roll 3 1/2"" x 11 yd - 100 Grit is an abrasive product for levelling, smoothing or keying surfaces during staged preparation; the stated grit determines how aggressively it cuts. Review the listed format and current manufacturer instructions to confirm compatibility, safe use, cleaning and storage for the intended job.",,Painting Tools & Accessories > Paint Prep & Repairs,"sia, sia soft roll 3 1/2"" x 11 yd - 100 grit, painting tools & accessories, paint prep & repairs",Sia,SIA,https://raw.githubusercontent.com/kinggoff/NewSteelesImages/main/review-images/SIA-000000711-siasoft-roll-100-grit.png?raw=true,Images for Review,,,,,,,,,,
simple,Sikkens Srd 005 Natural Oak,711,SIK-000000712,,"Sikkens Srd 005 Natural Oak is a wood-finishing product for colouring, conditioning or protecting the compatible interior or exterior wood surface named in the product. Confirm preparation, compatibility, application, coverage and recoat requirements in the current label or technical data sheet. Confirm the exact item and package before ordering.",,Paints > Stains & Varnishes,"sikkens, sikkens srd 005 natural oak, paints, stains & varnishes",Sikkens,PAR03-S,https://raw.githubusercontent.com/kinggoff/NewSteelesImages/main/review-images/SIK-000000712-sikkens-srd-005-natural-oak.png?raw=true,Images for Review,,,,,,,,,,
simple,Sikkens Cetol Dek Finish Cedar 077,712,SIK-000000713,,"Sikkens Cetol Dek Finish Cedar 077 is a wood-finishing product for colouring, conditioning or protecting the compatible interior or exterior wood surface named in the product. Confirm preparation, compatibility, application, coverage and recoat requirements in the current label or technical data sheet.",,Paints > Stains & Varnishes,"sikkens, sikkens cetol dek finish cedar 077, paints, stains & varnishes",Sikkens,PAR03-S,https://raw.githubusercontent.com/kinggoff/NewSteelesImages/main/review-images/SIK-000000713-sikkens-cetol-dek-cedar-077.png?raw=true,Images for Review,,,,,,,,,,
simple,Cetol Door+Window Satin Colorless,713,SIK-000000714,,"Cetol Door+Window Satin Colorless from Sikkens is a wood-finishing product for colouring, conditioning or protecting the compatible interior or exterior wood surface named in the product. Confirm preparation, compatibility, application, coverage and recoat requirements in the current label or technical data sheet.",,Paints > Stains & Varnishes,"sikkens, cetol door+window satin colorless, paints, stains & varnishes",Sikkens,PAR03-S,https://raw.githubusercontent.com/kinggoff/NewSteelesImages/main/review-images/SIK-000000714-cetol-door-window-satin-colorless.png?raw=true,Image Added,,,,,,,,,,
simple,Cetol 23 005 Natural Oak,714,SIK-000000715,,"Cetol 23 005 Natural Oak from Sikkens is a wood-finishing product for colouring, conditioning or protecting the compatible interior or exterior wood surface named in the product. Confirm preparation, compatibility, application, coverage and recoat requirements in the current label or technical data sheet.",,Paints > Stains & Varnishes,"sikkens, cetol 23 005 natural oak, paints, stains & varnishes",Sikkens,PAR03-S,https://raw.githubusercontent.com/kinggoff/NewSteelesImages/main/review-images/SIK-000000715-cetol-23-005-natural-oak.png?raw=true,Images for Review,,,,,,,,,,
simple,Cetol 1 005 Natural Oak,715,SIK-000000716,,"Cetol 1 005 Natural Oak from Sikkens is a wood-finishing product for colouring, conditioning or protecting the compatible interior or exterior wood surface named in the product. Confirm preparation, compatibility, application, coverage and recoat requirements in the current label or technical data sheet.",,Paints > Stains & Varnishes,"sikkens, cetol 1 005 natural oak, paints, stains & varnishes",Sikkens,PAR03-S,https://raw.githubusercontent.com/kinggoff/NewSteelesImages/main/review-images/SIK-000000716-cetol-1-005-natural-oak.png?raw=true,Images for Review,,,,,,,,,,
simple,Smark Dry Erase Paint Clear 200 Sq Ft,716,SIM-000000717,,"Smark Dry Erase Paint Clear 200 Sq Ft from Simiron is a coating formulated for the interior, exterior, specialty or industrial use indicated by its product name and category. Confirm preparation, compatibility, application, coverage and recoat requirements in the current label or technical data sheet.",,Paints > Specialty Paints,"simiron, smark dry erase paint clear 200 sq ft, paints, specialty paints",Simiron,CANPRO,https://raw.githubusercontent.com/kinggoff/NewSteelesImages/main/review-images/SIM-000000717-smark-dry-erase-clear-200sqft.png?raw=true,Image Added,,,,,,,,,,
simple,Sioux Orbital Sander Velcro,717,SIO-000000718,,"Sioux Orbital Sander Velcro is a powered sander for controlled surface preparation using the compatible abrasive format and grit specified for the task. Match it to the surface, work progressively, and use suitable eye, hand and respiratory protection for the material being removed. Confirm the exact item and package before ordering.",,Painting Tools & Accessories > Tools,"sioux, sioux orbital sander velcro, painting tools & accessories, tools",Sioux,UFS01,https://raw.githubusercontent.com/kinggoff/NewSteelesImages/main/review-images/SIO-000000718-sioux-orbital-sander-velcro.png?raw=true,Images for Review,,,,,,,,,,
simple,Sioux Orbital Sander,718,SIO-000000719,,"Sioux Orbital Sander is a powered sander for controlled surface preparation using the compatible abrasive format and grit specified for the task. Match it to the surface, work progressively, and use suitable eye, hand and respiratory protection for the material being removed. Confirm the exact item and package before ordering.",,Painting Tools & Accessories > Tools,"sioux, sioux orbital sander, painting tools & accessories, tools",Sioux,UFS01,https://raw.githubusercontent.com/kinggoff/NewSteelesImages/main/review-images/SIO-000000719-sioux-orbital-sander.png?raw=true,Images for Review,,,,,,,,,,
simple,Sunshield C-Tone,719,SUN-000000720,,"Sunshield C-Tone is a wood-finishing product for colouring, conditioning or protecting the compatible interior or exterior wood surface named in the product. Confirm preparation, compatibility, application, coverage and recoat requirements in the current label or technical data sheet. Confirm the exact item and package before ordering.",,Paints > Stains & Varnishes,"sunshield, sunshield c-tone, paints, stains & varnishes",SunShield,SUN01-S,https://raw.githubusercontent.com/kinggoff/NewSteelesImages/main/review-images/SUN-000000720-sunshield-c-tone.png?raw=true,Images for Review,,,,,,,,,,
simple,Sunshield Clear,720,SUN-000000721,,"Sunshield Clear is a wood-finishing product for colouring, conditioning or protecting the compatible interior or exterior wood surface named in the product. Confirm preparation, compatibility, application, coverage and recoat requirements in the current label or technical data sheet. Confirm the exact item and package before ordering.",,Paints > Stains & Varnishes,"sunshield, sunshield clear, paints, stains & varnishes",SunShield,SUN01-S,https://raw.githubusercontent.com/kinggoff/NewSteelesImages/main/review-images/SUN-000000721-sunshield-clear.png?raw=true,Images for Review,,,,,,,,,,
simple,Simms Tray Arm,721,SIM-000000722,,"Simms Tray Arm is a reusable roller frame or handle for mounting a compatible cover and applying paint to the intended surface area. Selection should be based on the specific task, material, working conditions and compatible products in the complete system. Choose the listed size for the surface and coating, then clean or dispose of the applicator according to current product guidance.",,Painting Tools & Accessories > Tools,"simms, simms tray arm, painting tools & accessories, tools",Simms,SIMMS,https://raw.githubusercontent.com/kinggoff/NewSteelesImages/main/review-images/SIM-000000722-simms-tray-arm.png?raw=true,Image Added,,,,,,,,,,
simple,"Gold Leaf 6.5"" x 6.5"" Box of 10,000",722,TGL-000000723,,"Gold Leaf 6.5"" x 6.5"" Box of 10,000 from The Gold Leaf Company is a decorative gilding material or system component for creating metallic leaf finishes on compatible prepared surfaces. Confirm preparation, compatibility, application, coverage and recoat requirements in the current label or technical data sheet.",,Specialty & Decorative Products > Gold Leaf,"the gold leaf company, gold leaf 6.5"" x 6.5"" box of 10,000, specialty & decorative products, gold leaf",The Gold Leaf Company,GOLDLEAF,https://raw.githubusercontent.com/kinggoff/NewSteelesImages/main/review-images/TGL-000000723-gold-leaf-box-10000.png?raw=true,Images for Review,,,,,,,,,,
simple,Wagner Furno Heat Gun,723,TIT-000000724,,"Wagner Furno Heat Gun from Titan is an electric heat gun for controlled heating tasks such as softening coatings, removing labels and assisting other compatible repair work. Confirm model compatibility and pressure rating, then follow the equipment manual for setup, flushing, maintenance and safe operation.",,Spray Equipment Sales & Service > Titan,"titan, wagner furno heat gun, spray equipment sales & service",Titan,TIT01-S,https://raw.githubusercontent.com/kinggoff/NewSteelesImages/main/review-images/TIT-000000724-wagner-furno-heat-gun.png?raw=true,Images for Review,,,,,,,,,,
simple,Titan Synergy Fine Finish Tip,724,TIT-000000725,,"Titan Synergy Fine Finish Tip is an airless spray tip that controls fan width and material flow; the exact tip size must be matched to the coating, sprayer and desired finish. Confirm model compatibility and pressure rating, then follow the equipment manual for setup, flushing, maintenance and safe operation.",,Spray Equipment Sales & Service > Titan,"titan, titan synergy fine finish tip, spray equipment sales & service",Titan,TIT01-S,https://www.titantool.com/media/wysiwyg/055__Synergy_Fine_Finish_Tip_1_.png,Image Added,,,,,,,,,,
simple,Titan Sc-6 Plus Red Tip,725,TIT-000000726,,"Titan Sc-6 Plus Red Tip is an airless spray tip that controls fan width and material flow; the exact tip size must be matched to the coating, sprayer and desired finish. Confirm model compatibility and pressure rating, then follow the equipment manual for setup, flushing, maintenance and safe operation.",,Spray Equipment Sales & Service > Titan,"titan, titan sc-6 plus red tip, spray equipment sales & service",Titan,TIT01-S,https://www.shoplgpaintstore.com/cdn/shop/files/t_7915_sc-6_tip_packaged_1.png?v=1767752003&width=1798,Image Added,,,,,,,,,,
simple,Titan Rx-80 2 Finger W/Tr2,726,TIT-000000727,,"Titan Rx-80 2 Finger W/Tr2 is a paint-spray gun or gun package for delivering compatible coatings through the specified spray system. Selection should be based on the specific task, material, working conditions and compatible products in the complete system. Confirm model compatibility and pressure rating, then follow the equipment manual for setup, flushing, maintenance and safe operation.",,Spray Equipment Sales & Service > Titan,"titan, titan rx-80 2 finger w/tr2, spray equipment sales & service",Titan,TIT01-S,https://raw.githubusercontent.com/kinggoff/NewSteelesImages/main/review-images/TIT-000000727-titan-rx80-2-finger.png?raw=true,Images for Review,,,,,,,,,,
simple,Titan Piston Lube Qt,727,TIT-000000728,,"Titan Piston Lube Qt is a maintenance lubricant for compatible airless sprayer piston and packing assemblies. Selection should be based on the specific task, material, working conditions and compatible products in the complete system. Confirm model compatibility and pressure rating, then follow the equipment manual for setup, flushing, maintenance and safe operation.",,Spray Equipment Sales & Service > Titan,"titan, titan piston lube qt, spray equipment sales & service",Titan,TIT01-S,https://raw.githubusercontent.com/kinggoff/NewSteelesImages/main/review-images/TIT-000000728-titan-piston-lube-quart.png?raw=true,Image Added,,,,,,,,,,
simple,Titan Piston Lube,728,TIT-000000729,,"Titan Piston Lube is a maintenance lubricant for compatible airless sprayer piston and packing assemblies. Selection should be based on the specific task, material, working conditions and compatible products in the complete system. Confirm model compatibility and pressure rating, then follow the equipment manual for setup, flushing, maintenance and safe operation.",,Spray Equipment Sales & Service > Titan,"titan, titan piston lube, spray equipment sales & service",Titan,TIT01-S,https://raw.githubusercontent.com/kinggoff/NewSteelesImages/main/review-images/TIT-000000729-titan-piston-lube.png?raw=true,Image Added,,,,,,,,,,
simple,Titan Impact X440 Airless,729,TIT-000000730,,"Titan Impact X440 Airless is a professional paint-spray system for applying compatible architectural or finishing coatings; capacity and setup should be matched to the material and project. Confirm model compatibility and pressure rating, then follow the equipment manual for setup, flushing, maintenance and safe operation.",,Spray Equipment Sales & Service > Titan,"titan, titan impact x440 airless, spray equipment sales & service",Titan,TIT01-S,https://aboffs.com/cdn/shop/files/TitanImpact-X440AirlessSprayer_2000x.png?v=1771949065,Image Added,,,,,,,,,,
simple,Titan Impact X 120 Backpack,730,TIT-000000731,,"Titan Impact X 120 Backpack is a backpack paint-sprayer system that carries the coating supply for mobile airless application with compatible Titan equipment. Confirm model compatibility and pressure rating, then follow the equipment manual for setup, flushing, maintenance and safe operation. Confirm the exact item and package before ordering.",,Spray Equipment Sales & Service > Titan,"titan, titan impact x 120 backpack, spray equipment sales & service",Titan,TIT01-S,https://www.painterssolutions.com/cdn/shop/files/t_impact_x_120_18v_storage_652x700.webp?v=1718196425,Image Added,,,,,,,,,,
simple,Titan Hea Tips,731,TIT-000000732,,"Titan Hea Tips is an airless spray tip that controls fan width and material flow; the exact tip size must be matched to the coating, sprayer and desired finish. Confirm model compatibility and pressure rating, then follow the equipment manual for setup, flushing, maintenance and safe operation. Confirm the exact item and package before ordering.",,Spray Equipment Sales & Service > Titan,"titan, titan hea tips, spray equipment sales & service",Titan,TIT01-S,https://raw.githubusercontent.com/kinggoff/NewSteelesImages/main/review-images/TIT-000000732-titan-hea-tips.png?raw=true,Images for Review,,,,,,,,,,
simple,Titan Gun Extension,732,TIT-000000733,,"Titan Gun Extension is a spray-gun extension for reaching ceilings, walls and other elevated or recessed areas with compatible airless equipment. Confirm model compatibility and pressure rating, then follow the equipment manual for setup, flushing, maintenance and safe operation. Confirm the exact item and package before ordering.",,Spray Equipment Sales & Service > Titan,"titan, titan gun extension, spray equipment sales & service",Titan,TIT01-S,https://paintlifesupply.com/cdn/shop/products/t_gun_extension_bare_all.webp?v=1667333804,Image Added,,,,,,,,,,
simple,Titan 640I Impact Skid,733,TIT-000000734,,"Titan 640I Impact Skid is a professional skid-mounted airless paint sprayer for applying compatible architectural coatings. Selection should be based on the specific task, material, working conditions and compatible products in the complete system. Confirm model compatibility and pressure rating, then follow the equipment manual for setup, flushing, maintenance and safe operation.",,Spray Equipment Sales & Service > Titan,"titan, titan 640i impact skid, spray equipment sales & service",Titan,TIT01-S,https://allintoolsusa.com/wp-content/uploads/2024/10/640i_skid_left_ght_v1.png,Image Added,,,,,,,,,,
simple,Titan Airless Hose,734,TIT-000000735,,"Titan Airless Hose is a high-pressure hose for connecting compatible airless spray equipment to the gun while carrying coating material under operating pressure. Confirm model compatibility and pressure rating, then follow the equipment manual for setup, flushing, maintenance and safe operation. Confirm the exact item and package before ordering.",,Spray Equipment Sales & Service > Titan,"titan, titan airless hose, spray equipment sales & service",Titan,TIT01-S,https://raw.githubusercontent.com/kinggoff/NewSteelesImages/main/review-images/TIT-000000735-titan-airless-hose.png?raw=true,Image Added,,,,,,,,,,
simple,Titan Hose,735,TIT-000000736,,"Titan Hose is a high-pressure hose for connecting compatible airless spray equipment to the gun while carrying coating material under operating pressure. Confirm model compatibility and pressure rating, then follow the equipment manual for setup, flushing, maintenance and safe operation. Confirm the exact item and package before ordering.",,Spray Equipment Sales & Service > Titan,"titan, titan hose, spray equipment sales & service",Titan,TIT01-S,https://raw.githubusercontent.com/kinggoff/NewSteelesImages/main/review-images/TIT-000000736-titan-hose.png?raw=true,Images for Review,,,,,,,,,,
simple,Gun Filter 60 Mesh,736,TIT-000000737,,"Gun Filter 60 Mesh from Titan is a replacement spray-gun or system filter that helps screen coating debris and reduce tip clogs in compatible equipment. Confirm model compatibility and pressure rating, then follow the equipment manual for setup, flushing, maintenance and safe operation. Confirm the exact item and package before ordering.",,Spray Equipment Sales & Service > Titan,"titan, gun filter 60 mesh, spray equipment sales & service",Titan,TIT01-S,https://spray-airless.co.za/wp-content/uploads/2025/07/White-Push-in-filters_no-background.png,Image Added,,,,,,,,,,
simple,Capspray 106,737,TIT-000000738,,"Capspray 106 from Titan is a professional paint-spray system for applying compatible architectural or finishing coatings; capacity and setup should be matched to the material and project. Confirm model compatibility and pressure rating, then follow the equipment manual for setup, flushing, maintenance and safe operation.",,Spray Equipment Sales & Service > Titan,"titan, capspray 106, spray equipment sales & service",Titan,TIT01-S,https://raw.githubusercontent.com/kinggoff/NewSteelesImages/main/review-images/TIT-000000738-titan-capspray-106.png?raw=true,Images for Review,,,,,,,,,,
simple,Durapro Premium Contact Cement,738,TOO-000000739,,"Durapro Premium Contact Cement from Toolway is an adhesive or repair compound for joining compatible materials; bond strength depends on surface preparation, fit, cure and the specific substrates involved. Prepare both surfaces and follow the label for mixing where required, open or working time, assembly, clamping and cure.",,Painting Tools & Accessories > Paint Prep & Repairs,"toolway, durapro premium contact cement, painting tools & accessories, paint prep & repairs",Toolway,TOO01,https://raw.githubusercontent.com/kinggoff/NewSteelesImages/main/review-images/TOO-000000739-durapro-premium-contact-cement.png?raw=true,Image Added,,,,,,,,,,
simple,Wire Brush Set,739,PC-000000740,,"Wire Brush Set from PC Products is a paint or decorative-finish brush whose stated shape, filament and size are intended to provide control for the named application. Choose the listed size for the surface and coating, then clean or dispose of the applicator according to current product guidance. Confirm the exact item and package before ordering.",,Painting Tools & Accessories > Tools,"pc products, wire brush set, painting tools & accessories, tools",PC Products,TOO01,https://raw.githubusercontent.com/kinggoff/NewSteelesImages/main/review-images/PC-000000740-wire-brush-set.png?raw=true,Images for Review,,,,,Variants,"9"" x 3PC | 7"" x 3PC",1,1,,
simple,Twx Neoprene Knee Pads,740,TOO-000000741,,"Twx Neoprene Knee Pads from Toolway is protective knee pads for painting, flooring and maintenance tasks that require extended kneeling. Selection should be based on the specific task, material, working conditions and compatible products in the complete system. Confirm fit, compatibility and required protection before use, and follow the current safety instructions for the actual workplace hazard.",,Painting Tools & Accessories > Clothing & Safety,"toolway, twx neoprene knee pads, painting tools & accessories, clothing & safety",Toolway,TOO01,https://raw.githubusercontent.com/kinggoff/NewSteelesImages/main/review-images/TOO-000000741-twx-neoprene-knee-pads.png?raw=true,Image Added,,,,,,,,,,
simple,Toolway Foam Knee Pads,741,TOO-000000742,,"Toolway Foam Knee Pads is protective knee pads for painting, flooring and maintenance tasks that require extended kneeling. Selection should be based on the specific task, material, working conditions and compatible products in the complete system. Confirm fit, compatibility and required protection before use, and follow the current safety instructions for the actual workplace hazard.",,Painting Tools & Accessories > Clothing & Safety,"toolway, toolway foam knee pads, painting tools & accessories, clothing & safety",Toolway,TOO01,https://raw.githubusercontent.com/kinggoff/NewSteelesImages/main/review-images/TOO-000000742-toolway-foam-knee-pads.png?raw=true,Images for Review,,,,,,,,,,
simple,Polyfilla Prep,742,TOO-000000743,,"Polyfilla Prep from Toolway is a repair material for filling, patching, glazing, rebuilding or stabilizing the compatible wood, drywall, window or masonry surface indicated by the product name. Review the listed format and current manufacturer instructions to confirm compatibility, safe use, cleaning and storage for the intended job.",,Painting Tools & Accessories > Paint Prep & Repairs,"toolway, polyfilla prep, painting tools & accessories, paint prep & repairs",Toolway,TOO01,https://raw.githubusercontent.com/kinggoff/NewSteelesImages/main/review-images/TOO-000000743-polyfilla-prep.png?raw=true,Image Added,,,,,,,,,,
simple,Plastic Mud Pan,743,TOO-000000744,,"Plastic Mud Pan from Toolway is a hand-finishing tool for applying, shaping or smoothing patching compound, joint compound, filler or wallcovering material. Lay it over a clean, dry area, secure the edges safely, and confirm that any adhesive or film suits the underlying finish. Confirm the exact item and package before ordering.",,Painting Tools & Accessories > Tools,"toolway, plastic mud pan, painting tools & accessories, tools",Toolway,TOO01,https://raw.githubusercontent.com/kinggoff/NewSteelesImages/main/review-images/TOO-000000744-plastic-mud-pan.png?raw=true,Images for Review,,,,,,,,,,
simple,Pl Premium Construction Adhesive,744,TOO-000000745,,"Pl Premium Construction Adhesive from Toolway is an adhesive or repair compound for joining compatible materials; bond strength depends on surface preparation, fit, cure and the specific substrates involved. Prepare both surfaces and follow the label for mixing where required, open or working time, assembly, clamping and cure.",,Painting Tools & Accessories > Paint Prep & Repairs,"toolway, pl premium construction adhesive, painting tools & accessories, paint prep & repairs",Toolway,TOO01,https://raw.githubusercontent.com/kinggoff/NewSteelesImages/main/review-images/TOO-000000745-pl-premium-construction-adhesive.png?raw=true,Image Added,,,,,,,,,,
simple,Muriatic Acid,745,TOO-000000746,,"Muriatic Acid from Toolway is a surface-preparation or cleanup product for removing the residue named in the product from compatible materials before refinishing. Selection should be based on the specific task, material, working conditions and compatible products in the complete system. Test first, then follow the label for dilution, dwell time, rinsing, ventilation and protective equipment.",,Painting Tools & Accessories > Paint Prep & Repairs,"toolway, muriatic acid, painting tools & accessories, paint prep & repairs",Toolway,TOO01,https://raw.githubusercontent.com/kinggoff/NewSteelesImages/main/review-images/TOO-000000746-muriatic-acid.png?raw=true,Image Added,,,,,,,,,,
simple,Measuring Wheel,746,TOO-000000747,,"Measuring Wheel from Toolway is a rolling measuring tool for estimating longer floor, wall and site distances before material takeoffs or layout. Review the listed format and current manufacturer instructions to confirm compatibility, safe use, cleaning and storage for the intended job. Confirm the exact item and package before ordering.",,Painting Tools & Accessories > Tools,"toolway, measuring wheel, painting tools & accessories, tools",Toolway,TOO01,https://raw.githubusercontent.com/kinggoff/NewSteelesImages/main/review-images/TOO-000000747-measuring-wheel.png?raw=true,Images for Review,,,,,,,,,,
simple,Instant Poly Filla Tube,747,TOO-000000748,,"Instant Poly Filla Tube from Toolway is a repair material for filling, patching, glazing, rebuilding or stabilizing the compatible wood, drywall, window or masonry surface indicated by the product name. Review the listed format and current manufacturer instructions to confirm compatibility, safe use, cleaning and storage for the intended job.",,Painting Tools & Accessories > Paint Prep & Repairs,"toolway, instant poly filla tube, painting tools & accessories, paint prep & repairs",Toolway,TOO01,https://raw.githubusercontent.com/kinggoff/NewSteelesImages/main/review-images/TOO-000000748-instant-polyfilla-tube.png?raw=true,Image Added,,,,,,,,,,
simple,"Toolway Heavy-Duty Angled Broom 16"" with 48"" Handle",748,TOO-000000749,,"Toolway Heavy-Duty Angled Broom 16"" with 48"" Handle is a heavy-duty angled broom for collecting dust and jobsite debris before coating or cleanup. Review the listed format and current manufacturer instructions to confirm compatibility, safe use, cleaning and storage for the intended job. Confirm the exact item and package before ordering.",,Painting Tools & Accessories > Tools,"toolway, toolway heavy-duty angled broom 16"" with 48"" handle, painting tools & accessories, tools",Toolway,TOO01,https://raw.githubusercontent.com/kinggoff/NewSteelesImages/main/review-images/TOO-000000749-heavy-duty-angled-broom.png?raw=true,Images for Review,,,,,,,,,,
simple,EZ Clean Black Garbage Bags 15PK 3MIL,749,TOO-000000750,,"EZ Clean Black Garbage Bags 15PK 3MIL from Toolway is heavy-duty refuse bags for collecting painting and renovation waste within the bag's stated capacity and load limits. Review the listed format and current manufacturer instructions to confirm compatibility, safe use, cleaning and storage for the intended job.",,Painting Tools & Accessories > Tools,"toolway, ez clean black garbage bags 15pk 3mil, painting tools & accessories, tools",Toolway,TOO01,https://raw.githubusercontent.com/kinggoff/NewSteelesImages/main/review-images/TOO-000000750-black-garbage-bags-15pk-3mil.png?raw=true,Images for Review,,,,,,,,,,
simple,Extension Cord 15M Int/Ext,750,TOO-000000751,,"Extension Cord 15M Int/Ext from Toolway is an indoor/outdoor extension cord for supplying compatible jobsite tools within the cord's marked electrical rating. Review the listed format and current manufacturer instructions to confirm compatibility, safe use, cleaning and storage for the intended job.",,Painting Tools & Accessories > Tools,"toolway, extension cord 15m int/ext, painting tools & accessories, tools",Toolway,TOO01,https://raw.githubusercontent.com/kinggoff/NewSteelesImages/main/review-images/TOO-000000751-extension-cord-15m-int-ext.png?raw=true,Images for Review,,,,,,,,,,
simple,Allpro Pro Stretch Caulking White,751,AP-000000752,,"Allpro Pro Stretch Caulking White is a gap-filling sealant for compatible joints and seams; substrate, movement, moisture exposure and paintability should be checked for the application. Use on clean, compatible joints and follow the label for gap size, tooling, cure, moisture exposure and paintability.",,Painting Tools & Accessories > Paint Prep & Repairs,"allpro, allpro pro stretch caulking white, painting tools & accessories, paint prep & repairs",AllPro,TOWER,https://raw.githubusercontent.com/kinggoff/NewSteelesImages/main/review-images/AP-000000752-allpro-pro-stretch-caulking-white.png?raw=true,Image Added,,,,,,,,,,
simple,X-Board Surface Protector,752,TRI-000000753,,"X-Board Surface Protector from Trimaco is a temporary surface-protection material for covering floors, furniture or adjacent areas against dust, drips and ordinary painting debris. Lay it over a clean, dry area, secure the edges safely, and confirm that any adhesive or film suits the underlying finish.",,Painting Tools & Accessories > Tools,"trimaco, x-board surface protector, painting tools & accessories, tools",Trimaco,TRIMACO,https://www.painterssolutions.com/cdn/shop/files/35x100forweb_5636f7ad-cec6-4154-aa25-3825350a3471_700x700.png?v=1778530825,Image Added,,,,,,,,,,
simple,Trimaco Protective Film For Carpets,753,TRI-000000754,,"Trimaco Protective Film For Carpets is a temporary surface-protection material for covering floors, furniture or adjacent areas against dust, drips and ordinary painting debris. Lay it over a clean, dry area, secure the edges safely, and confirm that any adhesive or film suits the underlying finish.",,Painting Tools & Accessories > Tools,"trimaco, trimaco protective film for carpets, painting tools & accessories, tools",Trimaco,TRIMACO,https://raw.githubusercontent.com/kinggoff/NewSteelesImages/main/review-images/TRI-000000754-protective-film-for-carpets.png?raw=true,Image Added,,,,,,,,,,
simple,Trimaco 90 Day Floorsmart Tape,754,TRI-000000755,,"Trimaco 90 Day Floorsmart Tape is a masking or project tape for defining paint lines, securing protection or joining compatible materials during preparation and finishing work. Review the listed format and current manufacturer instructions to confirm compatibility, safe use, cleaning and storage for the intended job.",,Painting Tools & Accessories > Paint Prep & Repairs,"trimaco, trimaco 90 day floorsmart tape, painting tools & accessories, paint prep & repairs",Trimaco,TRIMACO,https://raw.githubusercontent.com/kinggoff/NewSteelesImages/main/review-images/TRI-000000755-trimaco-90-day-floorsmart-tape.png?raw=true,Image Added,,,,,,,,,,
simple,Stay Put Canvas Plus Runner,755,TRI-000000756,,"Stay Put Canvas Plus Runner from Trimaco is a reusable canvas floor-protection runner with a slip-resistant backing for covering traffic paths during painting and renovation work. Review the listed format and current manufacturer instructions to confirm compatibility, safe use, cleaning and storage for the intended job.",,Painting Tools & Accessories > Tools,"trimaco, stay put canvas plus runner, painting tools & accessories, tools",Trimaco,TRIMACO,https://raw.githubusercontent.com/kinggoff/NewSteelesImages/main/review-images/TRI-000000756-stay-put-canvas-plus-runner.png?raw=true,Image Added,,,,,,,,,,
simple,Protective Film For Hard Surfaces X,756,TRI-000000757,,"Protective Film For Hard Surfaces X from Trimaco is a temporary surface-protection material for covering floors, furniture or adjacent areas against dust, drips and ordinary painting debris. Lay it over a clean, dry area, secure the edges safely, and confirm that any adhesive or film suits the underlying finish.",,Painting Tools & Accessories > Tools,"trimaco, protective film for hard surfaces x, painting tools & accessories, tools",Trimaco,TRIMACO,https://raw.githubusercontent.com/kinggoff/NewSteelesImages/main/review-images/TRI-000000757-protective-film-hard-surfaces.png?raw=true,Image Added,,,,,,,,,,
simple,Gallon Nylon Strainer,757,TRI-000000758,,"Gallon Nylon Strainer from Trimaco is a paint strainer for screening dried particles and debris from compatible coatings before application or transfer. Review the listed format and current manufacturer instructions to confirm compatibility, safe use, cleaning and storage for the intended job. Confirm the exact item and package before ordering.",,Painting Tools & Accessories > Paint Prep & Repairs,"trimaco, gallon nylon strainer, painting tools & accessories, paint prep & repairs",Trimaco,TRIMACO,https://raw.githubusercontent.com/kinggoff/NewSteelesImages/main/review-images/TRI-000000758-gallon-nylon-strainer.png?raw=true,Image Added,,,,,,,,,,
simple,Floorshell Seam Tape,758,TRI-000000759,,"Floorshell Seam Tape from Trimaco is a temporary surface-protection material for covering floors, furniture or adjacent areas against dust, drips and ordinary painting debris. Lay it over a clean, dry area, secure the edges safely, and confirm that any adhesive or film suits the underlying finish. Confirm the exact item and package before ordering.",,Painting Tools & Accessories > Paint Prep & Repairs,"trimaco, floorshell seam tape, painting tools & accessories, paint prep & repairs",Trimaco,TRIMACO,https://raw.githubusercontent.com/kinggoff/NewSteelesImages/main/review-images/TRI-000000759-floorshell-seam-tape.png?raw=true,Image Added,,,,,,,,,,
simple,Easy Mask Tape N Drape,759,TRI-000000760,,"Easy Mask Tape N Drape from Trimaco is a temporary surface-protection material for covering floors, furniture or adjacent areas against dust, drips and ordinary painting debris. Review the listed format and current manufacturer instructions to confirm compatibility, safe use, cleaning and storage for the intended job.",,Painting Tools & Accessories > Tools,"trimaco, easy mask tape n drape, painting tools & accessories, tools",Trimaco,TRIMACO,https://raw.githubusercontent.com/kinggoff/NewSteelesImages/main/review-images/TRI-000000760-easy-mask-tape-n-drape.png?raw=true,Image Added,,,,,,,,,,
simple,Cone Strainer Allpro,760,AP-000000761,,"Cone Strainer Allpro from AllPro is a paint strainer for screening dried particles and debris from compatible coatings before application or transfer. Review the listed format and current manufacturer instructions to confirm compatibility, safe use, cleaning and storage for the intended job. Confirm the exact item and package before ordering.",,Painting Tools & Accessories > Paint Prep & Repairs,"allpro, cone strainer allpro, painting tools & accessories, paint prep & repairs",AllPro,TRIMACO,https://raw.githubusercontent.com/kinggoff/NewSteelesImages/main/review-images/AP-000000761-cone-strainer-allpro.png?raw=true,Images for Review,,,,,,,,,,
simple,Cone Strainer,761,TRI-000000762,,"Cone Strainer from Trimaco is a paint strainer for screening dried particles and debris from compatible coatings before application or transfer. Review the listed format and current manufacturer instructions to confirm compatibility, safe use, cleaning and storage for the intended job. Confirm the exact item and package before ordering.",,Painting Tools & Accessories > Paint Prep & Repairs,"trimaco, cone strainer, painting tools & accessories, paint prep & repairs",Trimaco,TRIMACO,https://raw.githubusercontent.com/kinggoff/NewSteelesImages/main/review-images/TRI-000000762-cone-strainer.png?raw=true,Image Added,,,,,,,,,,
simple,Caution Wet Paint,762,TRI-000000763,,"Caution Wet Paint from Trimaco is a reusable warning sign for marking freshly painted areas and helping keep people away while coatings remain vulnerable. Review the listed format and current manufacturer instructions to confirm compatibility, safe use, cleaning and storage for the intended job. Confirm the exact item and package before ordering.",,Painting Tools & Accessories > Tools,"trimaco, caution wet paint, painting tools & accessories, tools",Trimaco,TRIMACO,https://raw.githubusercontent.com/kinggoff/NewSteelesImages/main/review-images/TRI-000000763-caution-wet-paint.png?raw=true,Images for Review,,,,,,,,,,
simple,Allpro Tack Cloth,763,AP-000000764,,"Allpro Tack Cloth is a wiping material for removing dust, grime or light jobsite residue during surface preparation and cleanup. Selection should be based on the specific task, material, working conditions and compatible products in the complete system. Review the listed format and current manufacturer instructions to confirm compatibility, safe use, cleaning and storage for the intended job.",,Painting Tools & Accessories > Paint Prep & Repairs,"allpro, allpro tack cloth, painting tools & accessories, paint prep & repairs",AllPro,TRIMACO,https://raw.githubusercontent.com/kinggoff/NewSteelesImages/main/review-images/AP-000000764-allpro-tack-cloth.png?raw=true,Image Added,,,,,,,,,,
simple,Allpro Spray Sock,764,AP-000000765,,"Allpro Spray Sock is jobsite clothing or personal protective wear intended to help keep ordinary paint, dust and surface-preparation debris off the user. Review the listed format and current manufacturer instructions to confirm compatibility, safe use, cleaning and storage for the intended job. Confirm the exact item and package before ordering.",,Painting Tools & Accessories > Tools,"allpro, allpro spray sock, painting tools & accessories, tools",AllPro,TRIMACO,https://raw.githubusercontent.com/kinggoff/NewSteelesImages/main/review-images/AP-000000765-allpro-spray-sock.png?raw=true,Image Added,,,,,,,,,,
simple,Allpro Gallon Nylon Strainer,765,AP-000000766,,"Allpro Gallon Nylon Strainer is a paint strainer for screening dried particles and debris from compatible coatings before application or transfer. Review the listed format and current manufacturer instructions to confirm compatibility, safe use, cleaning and storage for the intended job. Confirm the exact item and package before ordering.",,Painting Tools & Accessories > Tools,"allpro, allpro gallon nylon strainer, painting tools & accessories, tools",AllPro,TRIMACO,https://raw.githubusercontent.com/kinggoff/NewSteelesImages/main/review-images/AP-000000766-allpro-gallon-nylon-strainer.png?raw=true,Image Added,,,,,,,,,,
simple,AllPro 5-Gallon Nylon Paint Strainer 25PK,766,AP-000000767,,"AllPro 5-Gallon Nylon Paint Strainer 25PK is a paint strainer for screening dried particles and debris from compatible coatings before application or transfer. Review the listed format and current manufacturer instructions to confirm compatibility, safe use, cleaning and storage for the intended job.",,Painting Tools & Accessories > Tools,"allpro, allpro 5-gallon nylon paint strainer 25pk, painting tools & accessories, tools",AllPro,TRIMACO,https://raw.githubusercontent.com/kinggoff/NewSteelesImages/main/review-images/AP-000000767-allpro-5-gallon-nylon-paint-strainer-25pk.png?raw=true,Image Added,,,,,,,,,,
simple,Nylon Strainers,767,TRI-000000768,,"Nylon Strainers from Trimaco is a paint strainer for screening dried particles and debris from compatible coatings before application or transfer. Review the listed format and current manufacturer instructions to confirm compatibility, safe use, cleaning and storage for the intended job. Confirm the exact item and package before ordering.",,Painting Tools & Accessories > Paint Prep & Repairs,"trimaco, nylon strainers, painting tools & accessories, paint prep & repairs",Trimaco,TRIMACO,https://raw.githubusercontent.com/kinggoff/NewSteelesImages/main/review-images/TRI-000000768-nylon-strainers.png?raw=true,Images for Review,,,,,,,,,,
simple,"Trimaco 12"" Masking Paper",768,TRI-000000769,,"Trimaco 12"" Masking Paper is a temporary surface-protection material for covering floors, furniture or adjacent areas against dust, drips and ordinary painting debris. Lay it over a clean, dry area, secure the edges safely, and confirm that any adhesive or film suits the underlying finish. Confirm the exact item and package before ordering.",,Painting Tools & Accessories > Paint Prep & Repairs,"trimaco, trimaco 12"" masking paper, painting tools & accessories, paint prep & repairs",Trimaco,TRIMACO,https://raw.githubusercontent.com/kinggoff/NewSteelesImages/main/review-images/TRI-000000769-trimaco-12-inch-masking-paper.png?raw=true,Image Added,,,,,,,,,,
simple,Tritech T93R Ultra-Finish Tip 408,769,TRI-000000770,,"Tritech T93R Ultra-Finish Tip 408 is an airless spray tip that controls fan width and material flow; the exact tip size must be matched to the coating, sprayer and desired finish. Confirm model compatibility and pressure rating, then follow the equipment manual for setup, flushing, maintenance and safe operation.",,Spray Equipment Sales & Service > Tritech,"tritech, tritech t93r ultra-finish tip 408, spray equipment sales & service",TriTech,TRITECH,https://raw.githubusercontent.com/kinggoff/NewSteelesImages/main/review-images/TRI-000000770-tritech-t93r-ultra-finish-tip-408.png?raw=true,Image Added,,,,,,,,,,
simple,Tritech T93R Contractor Tip 415,770,TRI-000000771,,"Tritech T93R Contractor Tip 415 is an airless spray tip that controls fan width and material flow; the exact tip size must be matched to the coating, sprayer and desired finish. Confirm model compatibility and pressure rating, then follow the equipment manual for setup, flushing, maintenance and safe operation.",,Spray Equipment Sales & Service > Tritech,"tritech, tritech t93r contractor tip 415, spray equipment sales & service",TriTech,TRITECH,https://raw.githubusercontent.com/kinggoff/NewSteelesImages/main/review-images/TRI-000000771-tritech-t93r-contractor-tip-415.png?raw=true,Images for Review,,,,,,,,,,
simple,Tritech T9 Hi Cart Complete 110V,771,TRI-000000772,,"Tritech T9 Hi Cart Complete 110V is a professional paint-spray system for applying compatible architectural or finishing coatings; capacity and setup should be matched to the material and project. Confirm model compatibility and pressure rating, then follow the equipment manual for setup, flushing, maintenance and safe operation.",,Spray Equipment Sales & Service > Tritech,"tritech, tritech t9 hi cart complete 110v, spray equipment sales & service",TriTech,TRITECH,https://raw.githubusercontent.com/kinggoff/NewSteelesImages/main/review-images/TRI-000000772-tritech-t9-hi-cart-110v.png?raw=true,Image Added,,,,,,,,,,
simple,Tritech T4 110V Stand Complete,772,TRI-000000773,,"Tritech T4 110V Stand Complete is a professional paint-spray system for applying compatible architectural or finishing coatings; capacity and setup should be matched to the material and project. Confirm model compatibility and pressure rating, then follow the equipment manual for setup, flushing, maintenance and safe operation.",,Spray Equipment Sales & Service > Tritech,"tritech, tritech t4 110v stand complete, spray equipment sales & service",TriTech,TRITECH,https://raw.githubusercontent.com/kinggoff/NewSteelesImages/main/review-images/TRI-000000773-tritech-t4-110v-stand.png?raw=true,Image Added,,,,,,,,,,
simple,Satin Finish Cleaner For Stainless Steel,773,VC-000000774,,"Satin Finish Cleaner For Stainless Steel from Value Chem is a surface-preparation or cleanup product for removing the residue named in the product from compatible materials before refinishing. Test first, then follow the label for dilution, dwell time, rinsing, ventilation and protective equipment. Confirm the exact item and package before ordering.",,Painting Tools & Accessories > Cleaners & Removers,"value chem, satin finish cleaner for stainless steel, painting tools & accessories, cleaners & removers",Value Chem,VCI01,https://raw.githubusercontent.com/kinggoff/NewSteelesImages/main/review-images/VC-000000774-satin-finish-cleaner-stainless-steel.png?raw=true,Images for Review,,,,,,,,,,
simple,Grease Buster Concentrate Cleaner,774,VC-000000775,,"Grease Buster Concentrate Cleaner from Value Chem is a surface-preparation or cleanup product for removing the residue named in the product from compatible materials before refinishing. Test first, then follow the label for dilution, dwell time, rinsing, ventilation and protective equipment. Confirm the exact item and package before ordering.",,Painting Tools & Accessories > Cleaners & Removers,"value chem, grease buster concentrate cleaner, painting tools & accessories, cleaners & removers",Value Chem,VCI01,https://raw.githubusercontent.com/kinggoff/NewSteelesImages/main/review-images/VC-000000775-grease-buster-concentrate-cleaner.png?raw=true,Image Added,,,,,,,,,,
simple,Crete & Clean Concrete Etching And Clean,775,VC-000000776,,"Crete & Clean Concrete Etching And Clean from Value Chem is a surface-preparation or cleanup product for removing the residue named in the product from compatible materials before refinishing. Review the listed format and current manufacturer instructions to confirm compatibility, safe use, cleaning and storage for the intended job.",,Painting Tools & Accessories > Cleaners & Removers,"value chem, crete & clean concrete etching and clean, painting tools & accessories, cleaners & removers",Value Chem,VCI01,https://raw.githubusercontent.com/kinggoff/NewSteelesImages/main/review-images/VC-000000776-crete-clean-concrete-etching-clean.png?raw=true,Image Added,,,,,,,,,,
simple,Acoustical Tile Restorer,776,VC-000000777,,"Acoustical Tile Restorer from Value Chem is an aerosol coating or treatment for the colour, effect or repair task stated in the product name on a compatible prepared surface. Confirm preparation, compatibility, application, coverage and recoat requirements in the current label or technical data sheet.",,Paints > Aerosols,"value chem, acoustical tile restorer, paints, aerosols",Value Chem,VCI01,https://raw.githubusercontent.com/kinggoff/NewSteelesImages/main/review-images/VC-000000777-acoustical-tile-restorer.png?raw=true,Images for Review,,,,,,,,,,
simple,Green Rubber Gloves Sol-Vex Large,777,VS-000000778,,"Green Rubber Gloves Sol-Vex Large from Vic Safety is chemical-resistant work gloves for hand protection during compatible painting, cleaning and surface-preparation tasks. Confirm fit, compatibility and required protection before use, and follow the current safety instructions for the actual workplace hazard.",,Painting Tools & Accessories > Clothing & Safety,"vic safety, green rubber gloves sol-vex large, painting tools & accessories, clothing & safety",Vic Safety,VIC,https://raw.githubusercontent.com/kinggoff/NewSteelesImages/main/review-images/VS-000000778-green-rubber-gloves-sol-vex-large.png?raw=true,Image Added,,,,,,,,,,
simple,Foot Slip Covers 5 Pairs,778,VS-000000779,,"Foot Slip Covers 5 Pairs from Vic Safety is jobsite clothing or personal protective wear intended to help keep ordinary paint, dust and surface-preparation debris off the user. Confirm fit, compatibility and required protection before use, and follow the current safety instructions for the actual workplace hazard.",,Painting Tools & Accessories > Clothing & Safety,"vic safety, foot slip covers 5 pairs, painting tools & accessories, clothing & safety",Vic Safety,VIC,https://raw.githubusercontent.com/kinggoff/NewSteelesImages/main/review-images/VS-000000779-foot-slip-covers-5-pairs.png?raw=true,Images for Review,,,,,,,,,,
simple,Blackshield Black Nitrile Medium,779,VS-000000780,,"Blackshield Black Nitrile Medium from Vic Safety is chemical-resistant work gloves for hand protection during compatible painting, cleaning and surface-preparation tasks. Review the listed format and current manufacturer instructions to confirm compatibility, safe use, cleaning and storage for the intended job.",,Painting Tools & Accessories > Clothing & Safety,"vic safety, blackshield black nitrile medium, painting tools & accessories, clothing & safety",Vic Safety,VIC,https://raw.githubusercontent.com/kinggoff/NewSteelesImages/main/review-images/VS-000000780-blackshield-black-nitrile-medium.png?raw=true,Image Added,,,,,,,,,,
simple,Black Nitrile 8 Mil Gloves Lg 50Bk,780,VS-000000781,,"Black Nitrile 8 Mil Gloves Lg 50Bk from Vic Safety is chemical-resistant work gloves for hand protection during compatible painting, cleaning and surface-preparation tasks. Confirm fit, compatibility and required protection before use, and follow the current safety instructions for the actual workplace hazard.",,Painting Tools & Accessories > Clothing & Safety,"vic safety, black nitrile 8 mil gloves lg 50bk, painting tools & accessories, clothing & safety",Vic Safety,VIC,https://raw.githubusercontent.com/kinggoff/NewSteelesImages/main/review-images/VS-000000781-black-nitrile-8-mil-gloves-large-50-box.png?raw=true,Images for Review,,,,,,,,,,
simple,Renner Exterior UV Water-Based Varnish - Matte,781,REN-000000782,,"Renner Exterior UV Water-Based Varnish - Matte is a clear or translucent finish for building the sheen and protection appropriate to the compatible surface and coating system. Confirm preparation, compatibility, application, coverage and recoat requirements in the current label or technical data sheet.",,Paints > Stains & Varnishes,"renner, renner exterior uv water-based varnish - matte, paints, stains & varnishes",Renner,WALLS,https://raw.githubusercontent.com/kinggoff/NewSteelesImages/main/review-images/REN-000000782-renner-exterior-uv-water-based-varnish-matte.png?raw=true,Images for Review,,,,,,,,,,
simple,Warner Adjustable Spray Shield,782,WAR-000000783,,"Warner Adjustable Spray Shield is an adjustable shield that helps control overspray along edges, ceilings and adjacent surfaces during spray application. Review the listed format and current manufacturer instructions to confirm compatibility, safe use, cleaning and storage for the intended job. Confirm the exact item and package before ordering.",,Painting Tools & Accessories > Tools,"warner, warner adjustable spray shield, painting tools & accessories, tools",Warner,CANPRO,https://raw.githubusercontent.com/kinggoff/NewSteelesImages/main/review-images/WAR-000000783-warner-adjustable-spray-shield.png?raw=true,Image Added,,,,,,,,,,
simple,Watco Danish Oil Dark Walnut,783,WAT-000000784,,"Watco Danish Oil Dark Walnut is a wood-finishing product for colouring, conditioning or protecting the compatible interior or exterior wood surface named in the product. Confirm preparation, compatibility, application, coverage and recoat requirements in the current label or technical data sheet. Confirm the exact item and package before ordering.",,Paints > Stains & Varnishes,"watco, watco danish oil dark walnut, paints, stains & varnishes",Watco,FLE01-S,https://raw.githubusercontent.com/kinggoff/NewSteelesImages/main/review-images/WAT-000000784-watco-danish-oil-dark-walnut.png?raw=true,Image Added,,,,,,,,,,
simple,Workeze Coverall Large,784,WIP-000000785,,"Workeze Coverall Large from Wipeco is jobsite clothing or personal protective wear intended to help keep ordinary paint, dust and surface-preparation debris off the user. Confirm fit, compatibility and required protection before use, and follow the current safety instructions for the actual workplace hazard.",,Painting Tools & Accessories > Clothing & Safety,"wipeco, workeze coverall large, painting tools & accessories, clothing & safety",Wipeco,WIPECO,https://raw.githubusercontent.com/kinggoff/NewSteelesImages/main/review-images/WIP-000000785-workeze-coverall-large.png?raw=true,Images for Review,,,,,,,,,,
simple,Wipeco Painters Glove Large,785,WIP-000000786,,"Wipeco Painters Glove Large is jobsite clothing or personal protective wear intended to help keep ordinary paint, dust and surface-preparation debris off the user. Review the listed format and current manufacturer instructions to confirm compatibility, safe use, cleaning and storage for the intended job.",,Painting Tools & Accessories > Paint Prep & Repairs,"wipeco, wipeco painters glove large, painting tools & accessories, paint prep & repairs",Wipeco,WIPECO,https://raw.githubusercontent.com/kinggoff/NewSteelesImages/main/review-images/WIP-000000786-wipeco-painters-glove-large.png?raw=true,Images for Review,,,,,,,,,,
simple,Stainpro Stain Pad,786,WIP-000000787,,"Stainpro Stain Pad from Wipeco is a pad-style applicator for spreading compatible paint, stain or finish across flat surfaces with direct hand control. Review the listed format and current manufacturer instructions to confirm compatibility, safe use, cleaning and storage for the intended job. Confirm the exact item and package before ordering.",,Painting Tools & Accessories > Paint Prep & Repairs,"wipeco, stainpro stain pad, painting tools & accessories, paint prep & repairs",Wipeco,WIPECO,https://raw.githubusercontent.com/kinggoff/NewSteelesImages/main/review-images/WIP-000000787-stainpro-stain-pad.png?raw=true,Image Added,,,,,,,,,,
simple,Stainpro Leak-Proof Drop Cloth,787,WIP-000000788,,"Stainpro Leak-Proof Drop Cloth from Wipeco is a temporary surface-protection material for covering floors, furniture or adjacent areas against dust, drips and ordinary painting debris. Lay it over a clean, dry area, secure the edges safely, and confirm that any adhesive or film suits the underlying finish.",,Painting Tools & Accessories > Paint Prep & Repairs,"wipeco, stainpro leak-proof drop cloth, painting tools & accessories, paint prep & repairs",Wipeco,WIPECO,https://raw.githubusercontent.com/kinggoff/NewSteelesImages/main/review-images/WIP-000000788-stainpro-leak-proof-drop-cloth.png?raw=true,Image Added,,,,,,,,,,
simple,"Wooster Super/Fab Roller Cover 4 1/2"" x 3/8"" 2PK",788,WBC-000000789,,"Wooster Super/Fab Roller Cover 4 1/2"" x 3/8"" 2PK from Wooster Brush Co. is a paint-roller cover or refill for applying compatible coatings; its stated fabric, width and nap help determine finish texture, loading and surface reach. Choose the listed size for the surface and coating, then clean or dispose of the applicator according to current product guidance.",,Painting Tools & Accessories > Tools,"wooster brush co., wooster super/fab roller cover 4 1/2"" x 3/8"" 2pk, painting tools & accessories, tools",Wooster Brush Co.,WOOSTER,https://raw.githubusercontent.com/kinggoff/NewSteelesImages/main/review-images/WBC-000000789-wooster-super-fab-roller-cover-4-5-x-3-8-2pk.png?raw=true,Image Added,,,,,,,,,,
simple,Wooster Super Doo-Z Roller Kit,789,WBC-000000790,,"Wooster Super Doo-Z Roller Kit from Wooster Brush Co. is a paint-roller cover or refill for applying compatible coatings; its stated fabric, width and nap help determine finish texture, loading and surface reach. Choose the listed size for the surface and coating, then clean or dispose of the applicator according to current product guidance.",,Painting Tools & Accessories > Tools,"wooster brush co., wooster super doo-z roller kit, painting tools & accessories, tools",Wooster Brush Co.,WOOSTER,https://www.woosterbrush.com/wp-content/uploads/SuperDoo-Z_Kit.png,Image Added,,,,,,,,,,
simple,"Wooster Silver Tip 2 1/2"" Angle Brush",790,WBC-000000791,,"Wooster Silver Tip 2 1/2"" Angle Brush from Wooster Brush Co. is a purpose-shaped brush for controlled application of compatible paint, stain or decorative coating; its filament style and profile suit the task named in the product. Choose the listed size for the surface and coating, then clean or dispose of the applicator according to current product guidance.",,Painting Tools & Accessories > Tools,"wooster brush co., wooster silver tip 2 1/2"" angle brush, painting tools & accessories, tools",Wooster Brush Co.,WOOSTER,https://jclicht.com/cdn/shop/products/0052210024_2048x.png?v=1616258735,Image Added,,,,,,,,,,
simple,"Wooster Sherlock Roller Frame 9 1/2""",791,WBC-000000792,,"Wooster Sherlock Roller Frame 9 1/2"" from Wooster Brush Co. is a reusable roller frame or handle for mounting a compatible cover and applying paint to the intended surface area. Choose the listed size for the surface and coating, then clean or dispose of the applicator according to current product guidance.",,Painting Tools & Accessories > Tools,"wooster brush co., wooster sherlock roller frame 9 1/2"", painting tools & accessories, tools",Wooster Brush Co.,MUM01,https://raw.githubusercontent.com/kinggoff/NewSteelesImages/main/review-images/WBC-000000792-wooster-sherlock-roller-frame-9-5.png?raw=true,Image Added,,,,,,,,,,
simple,"Wooster Pro/Doo-Z Roller Cover 6 1/2"" x 3/8"" 2PK",792,WBC-000000793,,"Wooster Pro/Doo-Z Roller Cover 6 1/2"" x 3/8"" 2PK from Wooster Brush Co. is a paint-roller cover or refill for applying compatible coatings; its stated fabric, width and nap help determine finish texture, loading and surface reach. Choose the listed size for the surface and coating, then clean or dispose of the applicator according to current product guidance.",,Painting Tools & Accessories > Tools,"wooster brush co., wooster pro/doo-z roller cover 6 1/2"" x 3/8"" 2pk, painting tools & accessories, tools",Wooster Brush Co.,WOOSTER,https://raw.githubusercontent.com/kinggoff/NewSteelesImages/main/review-images/WBC-000000793-wooster-pro-doo-z-roller-cover-6-5-x-3-8-2pk.png?raw=true,Image Added,,,,,,,,,,
simple,"Wooster Mohair Blend Roller Cover 14"" x 1/4""",793,WBC-000000794,,"Wooster Mohair Blend Roller Cover 14"" x 1/4"" from Wooster Brush Co. is a paint-roller cover or refill for applying compatible coatings; its stated fabric, width and nap help determine finish texture, loading and surface reach. Choose the listed size for the surface and coating, then clean or dispose of the applicator according to current product guidance.",,Painting Tools & Accessories > Tools,"wooster brush co., wooster mohair blend roller cover 14"" x 1/4"", painting tools & accessories, tools",Wooster Brush Co.,WOOSTER,https://raw.githubusercontent.com/kinggoff/NewSteelesImages/main/review-images/WBC-000000794-wooster-mohair-blend-roller-cover-14-x-1-4.png?raw=true,Images for Review,,,,,,,,,,
simple,Wooster Jumbo-Koter Big Green Flocked Foam Roller,794,WBC-000000795,,"Wooster Jumbo-Koter Big Green Flocked Foam Roller from Wooster Brush Co. is a paint-roller cover or refill for applying compatible coatings; its stated fabric, width and nap help determine finish texture, loading and surface reach. Choose the listed size for the surface and coating, then clean or dispose of the applicator according to current product guidance.",,Painting Tools & Accessories > Tools,"wooster brush co., wooster jumbo-koter big green flocked foam roller, painting tools & accessories, tools",Wooster Brush Co.,WOOSTER,https://raw.githubusercontent.com/kinggoff/NewSteelesImages/main/review-images/WBC-000000795-wooster-jumbo-koter-big-green-flocked-foam-roller.png?raw=true,Image Added,,,,,,,,,,
simple,"Wooster Jumbo-Koter 14"" Roller Frame",795,WBC-000000796,,"Wooster Jumbo-Koter 14"" Roller Frame from Wooster Brush Co. is a paint-roller cover or refill for applying compatible coatings; its stated fabric, width and nap help determine finish texture, loading and surface reach. Choose the listed size for the surface and coating, then clean or dispose of the applicator according to current product guidance.",,Painting Tools & Accessories > Tools,"wooster brush co., wooster jumbo-koter 14"" roller frame, painting tools & accessories, tools",Wooster Brush Co.,MUM01,https://raw.githubusercontent.com/kinggoff/NewSteelesImages/main/review-images/WBC-000000796-wooster-jumbo-koter-14-inch-roller-frame.png?raw=true,Image Added,,,,,,,,,,
simple,"Wooster Jumbo-Koter Microfiber Roller 4 1/2"" x 3/8"" 2PK",796,WBC-000000797,,"Wooster Jumbo-Koter Microfiber Roller 4 1/2"" x 3/8"" 2PK from Wooster Brush Co. is a paint-roller cover or refill for applying compatible coatings; its stated fabric, width and nap help determine finish texture, loading and surface reach. Choose the listed size for the surface and coating, then clean or dispose of the applicator according to current product guidance.",,Painting Tools & Accessories > Tools,"wooster brush co., wooster jumbo-koter microfiber roller 4 1/2"" x 3/8"" 2pk, painting tools & accessories, tools",Wooster Brush Co.,WOOSTER,https://raw.githubusercontent.com/kinggoff/NewSteelesImages/main/review-images/WBC-000000797-wooster-jumbo-koter-microfiber-4-5-x-3-8-2pk.png?raw=true,Image Added,,,,,,,,,,
simple,Wooster Dust Eater,797,WBC-000000798,,"Wooster Dust Eater from Wooster Brush Co. is a dusting tool for removing sanding residue and loose particles from walls, trim and other surfaces before coating. Review the listed format and current manufacturer instructions to confirm compatibility, safe use, cleaning and storage for the intended job.",,Painting Tools & Accessories > Paint Prep & Repairs,"wooster brush co., wooster dust eater, painting tools & accessories, paint prep & repairs",Wooster Brush Co.,MUM01,https://cdn.webshopapp.com/shops/192614/files/475317268/image.jpg,Image Added,,,,,,,,,,
simple,Wooster Wide Boy 5-Gallon Bucket,798,WBC-000000799,,"Wooster Wide Boy 5-Gallon Bucket from Wooster Brush Co. is a reusable work container for holding, measuring or mixing compatible paint and finishing materials during preparation and application. Review the listed format and current manufacturer instructions to confirm compatibility, safe use, cleaning and storage for the intended job.",,Painting Tools & Accessories > Tools,"wooster brush co., wooster wide boy 5-gallon bucket, painting tools & accessories, tools",Wooster Brush Co.,WOOSTER,https://raw.githubusercontent.com/kinggoff/NewSteelesImages/main/review-images/WBC-000000799-wooster-wide-boy-5-gallon-bucket.png?raw=true,Image Added,,,,,,,,,,
simple,Wooster Sherlock Extension Pole 4–8 ft,799,WO-000000800,,"Wooster Sherlock Extension Pole 4–8 ft is an extension pole for increasing the reach of compatible rollers, sanding heads or other threaded painting tools. Choose the listed size for the surface and coating, then clean or dispose of the applicator according to current product guidance. Confirm the exact item and package before ordering.",,Painting Tools & Accessories > Tools,"wooster, wooster sherlock extension pole 4–8 ft, painting tools & accessories, tools",Wooster,WOOSTER,https://raw.githubusercontent.com/kinggoff/NewSteelesImages/main/review-images/WO-000000800-wooster-sherlock-extension-pole-4-8-ft.png?raw=true,Image Added,,,,,,,,,,
simple,"Wooster Shortcut 2"" Angle Brush",800,WBC-000000801,,"Wooster Shortcut 2"" Angle Brush from Wooster Brush Co. is a purpose-shaped brush for controlled application of compatible paint, stain or decorative coating; its filament style and profile suit the task named in the product. Choose the listed size for the surface and coating, then clean or dispose of the applicator according to current product guidance.",,Painting Tools & Accessories > Tools,"wooster brush co., wooster shortcut 2"" angle brush, painting tools & accessories, tools",Wooster Brush Co.,WOOSTER,https://chadwebstorage.azureedge.net/images/452063_1500.png,Image Added,,,,,,,,,,
simple,XIM UMA Acrylic Primer,801,XIM-000000802,,"XIM UMA Acrylic Primer is a preparatory coating for the substrate or problem condition named in the product, helping create a more uniform surface for compatible topcoats. Confirm preparation, compatibility, application, coverage and recoat requirements in the current label or technical data sheet. Confirm the exact item and package before ordering.",,Paints > Primers,"xim, xim uma acrylic primer, paints, primers",XIM,FLE01-S,https://raw.githubusercontent.com/kinggoff/NewSteelesImages/main/review-images/XIM-000000802-xim-uma-acrylic-primer.png?raw=true,Image Added,,,,,,,,,,
simple,Restor-A-Finish Walnut,802,HOW-000000803,,"Restor-A-Finish Walnut from Howard is a wood-finishing product for colouring, conditioning or protecting the compatible interior or exterior wood surface named in the product. Confirm preparation, compatibility, application, coverage and recoat requirements in the current label or technical data sheet.",,Paints > Stains & Varnishes,"howard, restor-a-finish walnut, paints, stains & varnishes",Howard,YHD01,https://raw.githubusercontent.com/kinggoff/NewSteelesImages/main/review-images/HOW-000000803-howard-restor-a-finish-walnut.png?raw=true,Image Added,,,,,,,,,,
simple,Floetrol Gallon - Flood,803,FLO-000000804,,"Floetrol Gallon - Flood from Flood is a latex-paint conditioner used to improve flow and application properties in compatible water-based coatings without functioning as a thinner. Review the listed format and current manufacturer instructions to confirm compatibility, safe use, cleaning and storage for the intended job.",,Painting Tools & Accessories > Paint Prep & Repairs,"flood, floetrol gallon - flood, painting tools & accessories, paint prep & repairs",Flood,YHD01,,No Qualifying Image,,,,,,,,,,
simple,Zinsser Odor Killing Primer,804,ZI-000000805,,"Zinsser Odor Killing Primer is a preparatory coating for the substrate or problem condition named in the product, helping create a more uniform surface for compatible topcoats. Confirm preparation, compatibility, application, coverage and recoat requirements in the current label or technical data sheet.",,Paints > Primers,"zinsser, zinsser odor killing primer, paints, primers",Zinsser,FLE01-S,,No Qualifying Image,,,,,,,,,,
simple,Zinsser Covers Up Ceiling Paint & Primer Spray,805,ZI-000000806,,"Zinsser Covers Up Ceiling Paint & Primer Spray is a preparatory coating for the substrate or problem condition named in the product, helping create a more uniform surface for compatible topcoats. Confirm preparation, compatibility, application, coverage and recoat requirements in the current label or technical data sheet.",,Paints > Primers,"zinsser, zinsser covers up ceiling paint & primer spray, paints, primers",Zinsser,FLE01-S,https://chadwebstorage.azureedge.net/images/455036_1500.png,Image Added,,,,,,,,,,
simple,Zinsser Bulls Eye Shellac,806,ZI-000000807,,"Zinsser Bulls Eye Shellac is a coating formulated for the interior, exterior, specialty or industrial use indicated by its product name and category. The final appearance and service performance depend on the substrate, preparation, film build and complete coating system. Confirm preparation, compatibility, application, coverage and recoat requirements in the current label or technical data sheet.",,Paints > Primers,"zinsser, zinsser bulls eye shellac, paints, primers",Zinsser,FLE01-S,https://media-www.canadiantire.ca/product/fixing/paint/paints/0489682/shellac-amber-473ml-e5b5766c-a058-49a8-97c5-9b05c914cdcb.png?imdensity=1&imwidth=640&impolicy=gZoom,Image Added,Finishes,Amber | Clear,1,1,Variants,Pint | Gallon,1,1,,
simple,Zinsser WaterTite Hydraulic Cement,807,ZI-000000808,,"Zinsser WaterTite Hydraulic Cement is a repair material for filling, patching, glazing, rebuilding or stabilizing the compatible wood, drywall, window or masonry surface indicated by the product name. Apply to a clean, sound surface and follow the label for mixing, layer depth, drying or cure, sanding and topcoating.",,Painting Tools & Accessories > Paint Prep & Repairs,"zinsser, zinsser watertite hydraulic cement, painting tools & accessories, paint prep & repairs",Zinsser,FLE01-S,,No Qualifying Image,,,,,,,,,,
simple,Zinsser Shieldz Universal Wallcovering Primer,808,ZI-000000809,,"Zinsser Shieldz Universal Wallcovering Primer is a preparatory coating for the substrate or problem condition named in the product, helping create a more uniform surface for compatible topcoats. Confirm preparation, compatibility, application, coverage and recoat requirements in the current label or technical data sheet.",,Paints > Primers,"zinsser, zinsser shieldz universal wallcovering primer, paints, primers",Zinsser,FLE01-S,,No Qualifying Image,,,,,,,,,,
simple,Zinsser Peel Stop Plus High Build Binding Primer,809,ZI-000000810,,"Zinsser Peel Stop Plus High Build Binding Primer is a preparatory coating for the substrate or problem condition named in the product, helping create a more uniform surface for compatible topcoats. Confirm preparation, compatibility, application, coverage and recoat requirements in the current label or technical data sheet.",,Paints > Primers,"zinsser, zinsser peel stop plus high build binding primer, paints, primers",Zinsser,FLE01-S,,No Qualifying Image,,,,,,,,,,
simple,Zinsser DIF Wallpaper Stripper Gel,810,ZI-000000811,,"Zinsser DIF Wallpaper Stripper Gel is a surface-preparation or cleanup product for removing the residue named in the product from compatible materials before refinishing. Test first, then follow the label for dilution, dwell time, rinsing, ventilation and protective equipment. Confirm the exact item and package before ordering.",,Painting Tools & Accessories > Cleaners & Removers,"zinsser, zinsser dif wallpaper stripper gel, painting tools & accessories, cleaners & removers",Zinsser,FLE01-S,,No Qualifying Image,,,,,,,,,,
simple,Zipwall Zippole10,811,ZIP-000000812,,"Zipwall Zippole10 is a telescoping, spring-loaded pole for quickly supporting compatible plastic sheeting as a temporary dust barrier up to the height stated in the product name. Choose the listed size for the surface and coating, then clean or dispose of the applicator according to current product guidance.",,Painting Tools & Accessories > Tools,"zipwall, zipwall zippole10, painting tools & accessories, tools",ZipWall,ZIPWALL,,No Qualifying Image,,,,,,,,,,
simple,Zipwall Heavy Duty Zipper,812,ZIP-000000813,,"Zipwall Heavy Duty Zipper is an adhesive-backed zipper for creating a reusable entry in compatible plastic-sheet dust barriers during renovation, repair and painting work. Review the listed format and current manufacturer instructions to confirm compatibility, safe use, cleaning and storage for the intended job.",,Painting Tools & Accessories > Tools,"zipwall, zipwall heavy duty zipper, painting tools & accessories, tools",ZipWall,ZIPWALL,,No Qualifying Image,,,,,,,,,,
