Type,Name,Number Build,SKU,Description,Short Description,Description Status,Categories,Tags,Brands,Vendor,Images,Image Info,Attribute 1 name,Attribute 1 value(s),Attribute 1 visible,Attribute 1 global,Attribute 2 name,Attribute 2 value(s),Attribute 2 visible,Attribute 2 global,meta_sds_map,meta_tds_map,SDS From Manufacturer,SDS Other,TDS From Manufacturer,TDS Other,meta_huey_image_sha256,meta_huey_row_sha256
simple,Paint Colour Samples,1,BM-000000001,,"Benjamin Moore Paint Colour Samples let you try real paint on your walls so you can see undertones, lighting effects and coverage in your own space before choosing a full-size can. Confirm preparation, compatibility, application, coverage and recoat requirements in the current label or technical data sheet.",Previously Described,Paints > Interior,"paint sample, colour sample, liquid paint sample, interior paint sample",Benjamin Moore,MOO01,https://raw.githubusercontent.com/kinggoff/NewSteelesImages/main/review-images/legacy-bm-000000001-coloursample_coloursamples_benjaminmoore.png?raw=true,Image already existed,Finishes,,1,1,,,,,"Colour Sample=https://raw.githubusercontent.com/kinggoff/NewSteelesImages/main/PDFs/SDS/benjamin-moore-K2001X_SDS_EN.pdf?raw=true, https://raw.githubusercontent.com/kinggoff/NewSteelesImages/main/PDFs/SDS/benjamin-moore-K2003X_SDS_EN.pdf?raw=true, https://raw.githubusercontent.com/kinggoff/NewSteelesImages/main/PDFs/SDS/benjamin-moore-K2002X_SDS_EN.pdf?raw=true, https://raw.githubusercontent.com/kinggoff/NewSteelesImages/main/PDFs/SDS/benjamin-moore-K2004X_SDS_EN.pdf?raw=true",,"Colour Sample=https://raw.githubusercontent.com/kinggoff/NewSteelesImages/main/PDFs/SDS/benjamin-moore-K2001X_SDS_EN.pdf?raw=true, https://raw.githubusercontent.com/kinggoff/NewSteelesImages/main/PDFs/SDS/benjamin-moore-K2003X_SDS_EN.pdf?raw=true, https://raw.githubusercontent.com/kinggoff/NewSteelesImages/main/PDFs/SDS/benjamin-moore-K2002X_SDS_EN.pdf?raw=true, https://raw.githubusercontent.com/kinggoff/NewSteelesImages/main/PDFs/SDS/benjamin-moore-K2004X_SDS_EN.pdf?raw=true",,,,99e7cf802ca7528937c0d9bdfc73afed02c5922c58386d30722eef457fcaef81,de558e02c6140f3242304c7275feb6c24935287e061e90bf9f28df2121fd34ce
simple,Woodluxe Exterior Stain Sample,2,BM-000000002,,"Benjamin Moore Woodluxe Exterior Stain Samples make it easy to preview colour and opacity on decks, siding and outdoor wood so you can choose the right Woodluxe finish with confidence. Confirm preparation, compatibility, application, coverage and recoat requirements in the current label or technical data sheet.",Previously Described,Paints > Stains & Varnishes,"stain sample, wood stain sample, exterior stain sample, liquid stain sample",Benjamin Moore,MOO01,https://raw.githubusercontent.com/kinggoff/NewSteelesImages/main/review-images/legacy-bm-000000002-woodluxestainsample_coloursamples_benjaminmoore.png?raw=true,Image already existed,Finishes,,1,1,,,,,"Translucent=https://raw.githubusercontent.com/kinggoff/NewSteelesImages/main/PDFs/SDS/benjamin-moore-K69140_SDS_EN.pdf?raw=true, https://raw.githubusercontent.com/kinggoff/NewSteelesImages/main/PDFs/SDS/benjamin-moore-K69165_SDS_EN.pdf?raw=true, https://raw.githubusercontent.com/kinggoff/NewSteelesImages/main/PDFs/SDS/benjamin-moore-K69160_SDS_EN.pdf?raw=true, https://raw.githubusercontent.com/kinggoff/NewSteelesImages/main/PDFs/SDS/benjamin-moore-K69110_SDS_EN.pdf?raw=true, https://raw.githubusercontent.com/kinggoff/NewSteelesImages/main/PDFs/SDS/benjamin-moore-K69120_SDS_EN.pdf?raw=true, https://raw.githubusercontent.com/kinggoff/NewSteelesImages/main/PDFs/SDS/benjamin-moore-K69130_SDS_EN.pdf?raw=true, https://raw.githubusercontent.com/kinggoff/NewSteelesImages/main/PDFs/SDS/benjamin-moore-K69178_SDS_EN.pdf?raw=true|Semi-Transparent=https://raw.githubusercontent.com/kinggoff/NewSteelesImages/main/PDFs/SDS/benjamin-moore-K69206_SDS_EN.pdf?raw=true|Semi-Solid=https://raw.githubusercontent.com/kinggoff/NewSteelesImages/main/PDFs/SDS/benjamin-moore-K69301_SDS_EN.pdf?raw=true, https://raw.githubusercontent.com/kinggoff/NewSteelesImages/main/PDFs/SDS/benjamin-moore-K69306_SDS_EN.pdf?raw=true|Solid=https://raw.githubusercontent.com/kinggoff/NewSteelesImages/main/PDFs/SDS/benjamin-moore-K6941X_SDS_EN.pdf?raw=true, https://raw.githubusercontent.com/kinggoff/NewSteelesImages/main/PDFs/SDS/benjamin-moore-K6942X_SDS_EN.pdf?raw=true, https://raw.githubusercontent.com/kinggoff/NewSteelesImages/main/PDFs/SDS/benjamin-moore-K6943X_SDS_EN.pdf?raw=true, https://raw.githubusercontent.com/kinggoff/NewSteelesImages/main/PDFs/SDS/benjamin-moore-K6944X_SDS_EN.pdf?raw=true, https://raw.githubusercontent.com/kinggoff/NewSteelesImages/main/PDFs/SDS/benjamin-moore-K69401_SDS_EN.pdf?raw=true",Translucent=https://raw.githubusercontent.com/kinggoff/NewSteelesImages/main/PDFs/TDS/benjamin-moore-K691_TDS_CE.pdf?raw=true|Semi-Transparent=https://raw.githubusercontent.com/kinggoff/NewSteelesImages/main/PDFs/TDS/benjamin-moore-K692_TDS_CE.pdf?raw=true|Semi-Solid=https://raw.githubusercontent.com/kinggoff/NewSteelesImages/main/PDFs/TDS/benjamin-moore-K693_TDS_CE.pdf?raw=true|Solid=https://raw.githubusercontent.com/kinggoff/NewSteelesImages/main/PDFs/TDS/benjamin-moore-K694_TDS_CE.pdf?raw=true,"Translucent=https://raw.githubusercontent.com/kinggoff/NewSteelesImages/main/PDFs/SDS/benjamin-moore-K69140_SDS_EN.pdf?raw=true, https://raw.githubusercontent.com/kinggoff/NewSteelesImages/main/PDFs/SDS/benjamin-moore-K69165_SDS_EN.pdf?raw=true, https://raw.githubusercontent.com/kinggoff/NewSteelesImages/main/PDFs/SDS/benjamin-moore-K69160_SDS_EN.pdf?raw=true, https://raw.githubusercontent.com/kinggoff/NewSteelesImages/main/PDFs/SDS/benjamin-moore-K69110_SDS_EN.pdf?raw=true, https://raw.githubusercontent.com/kinggoff/NewSteelesImages/main/PDFs/SDS/benjamin-moore-K69120_SDS_EN.pdf?raw=true, https://raw.githubusercontent.com/kinggoff/NewSteelesImages/main/PDFs/SDS/benjamin-moore-K69130_SDS_EN.pdf?raw=true, https://raw.githubusercontent.com/kinggoff/NewSteelesImages/main/PDFs/SDS/benjamin-moore-K69178_SDS_EN.pdf?raw=true|Semi-Transparent=https://raw.githubusercontent.com/kinggoff/NewSteelesImages/main/PDFs/SDS/benjamin-moore-K69206_SDS_EN.pdf?raw=true|Semi-Solid=https://raw.githubusercontent.com/kinggoff/NewSteelesImages/main/PDFs/SDS/benjamin-moore-K69301_SDS_EN.pdf?raw=true, https://raw.githubusercontent.com/kinggoff/NewSteelesImages/main/PDFs/SDS/benjamin-moore-K69306_SDS_EN.pdf?raw=true|Solid=https://raw.githubusercontent.com/kinggoff/NewSteelesImages/main/PDFs/SDS/benjamin-moore-K6941X_SDS_EN.pdf?raw=true, https://raw.githubusercontent.com/kinggoff/NewSteelesImages/main/PDFs/SDS/benjamin-moore-K6942X_SDS_EN.pdf?raw=true, https://raw.githubusercontent.com/kinggoff/NewSteelesImages/main/PDFs/SDS/benjamin-moore-K6943X_SDS_EN.pdf?raw=true, https://raw.githubusercontent.com/kinggoff/NewSteelesImages/main/PDFs/SDS/benjamin-moore-K6944X_SDS_EN.pdf?raw=true, https://raw.githubusercontent.com/kinggoff/NewSteelesImages/main/PDFs/SDS/benjamin-moore-K69401_SDS_EN.pdf?raw=true",,Translucent=https://raw.githubusercontent.com/kinggoff/NewSteelesImages/main/PDFs/TDS/benjamin-moore-K691_TDS_CE.pdf?raw=true|Semi-Transparent=https://raw.githubusercontent.com/kinggoff/NewSteelesImages/main/PDFs/TDS/benjamin-moore-K692_TDS_CE.pdf?raw=true|Semi-Solid=https://raw.githubusercontent.com/kinggoff/NewSteelesImages/main/PDFs/TDS/benjamin-moore-K693_TDS_CE.pdf?raw=true|Solid=https://raw.githubusercontent.com/kinggoff/NewSteelesImages/main/PDFs/TDS/benjamin-moore-K694_TDS_CE.pdf?raw=true,,cb1eec7e6b4c74298d4522250e652431690e1958fcbf65077bd3ed3ae78b615d,be3d51af5b9c3c73b822c224543c1ba9d016d7a21527cd043ae2357eeaccc1c2
simple,Peel and Stick Paint Sample,3,BM-000000003,,"Benjamin Moore Peel & Stick Paint Samples are repositionable decals coated with real paint, letting you move colours around the room, compare options and test in different lighting without opening a can or using a brush. Review the listed format and current manufacturer instructions to confirm compatibility, safe use, cleaning and storage for the intended job.",Previously Described,Painting Tools & Accessories > Tools,"paint sample, colour sample, peel and stick sample, repositionable paint sample",Benjamin Moore,MOO01,https://raw.githubusercontent.com/kinggoff/NewSteelesImages/main/review-images/legacy-bm-000000003-peelandstickpaintsample_painttoolsaccessories_benjaminmoore.png?raw=true,Image already existed,Finishes,,1,1,,,,,,,,,,,e15009dcef0fd2118c71f43b050fff10f964db8c3ff6c653a2fc5c6fb53f6a49,18b4d3c9274054619ac041ce78a78330e883d2bb33cebe93cf1eed306fcd6675
simple,Aura Interior Paint,4,BM-000000004,,"Aura Interior is Benjamin Moore's ultra-premium paint, using Colour Lock technology for rich, long-lasting colour and stunning beauty that lasts. The master lists Matte, Satin, Eggshell, or Semi Gloss finish options. Confirm preparation, compatibility, application, coverage and recoat requirements in the current label or technical data sheet.",Previously Described,Paints > Interior,"interior paint, architectural paint, wall paint, interior coating",Benjamin Moore,MOO01,https://raw.githubusercontent.com/kinggoff/NewSteelesImages/main/review-images/legacy-bm-000000004-aurainterior_interiorpaints_benjaminmoore.png?raw=true,Image already existed,Finishes,Matte | Satin | Eggshell | Semi Gloss,1,1,,,,,"Eggshell=https://raw.githubusercontent.com/kinggoff/NewSteelesImages/main/PDFs/SDS/benjamin-moore-F5241X_SDS_EN.pdf?raw=true, https://raw.githubusercontent.com/kinggoff/NewSteelesImages/main/PDFs/SDS/benjamin-moore-F5242X_SDS_EN.pdf?raw=true, https://raw.githubusercontent.com/kinggoff/NewSteelesImages/main/PDFs/SDS/benjamin-moore-F5243X_SDS_EN.pdf?raw=true, https://raw.githubusercontent.com/kinggoff/NewSteelesImages/main/PDFs/SDS/benjamin-moore-F5244X_SDS_EN.pdf?raw=true|Matte=https://raw.githubusercontent.com/kinggoff/NewSteelesImages/main/PDFs/SDS/benjamin-moore-F5221X_SDS_EN.pdf?raw=true, https://raw.githubusercontent.com/kinggoff/NewSteelesImages/main/PDFs/SDS/benjamin-moore-F5222X_SDS_EN.pdf?raw=true, https://raw.githubusercontent.com/kinggoff/NewSteelesImages/main/PDFs/SDS/benjamin-moore-F5223X_SDS_EN.pdf?raw=true, https://raw.githubusercontent.com/kinggoff/NewSteelesImages/main/PDFs/SDS/benjamin-moore-F5224X_SDS_EN.pdf?raw=true|Satin=https://raw.githubusercontent.com/kinggoff/NewSteelesImages/main/PDFs/SDS/benjamin-moore-F5261X_SDS_EN.pdf?raw=true, https://raw.githubusercontent.com/kinggoff/NewSteelesImages/main/PDFs/SDS/benjamin-moore-F5262X_SDS_EN.pdf?raw=true, https://raw.githubusercontent.com/kinggoff/NewSteelesImages/main/PDFs/SDS/benjamin-moore-F5263X_SDS_EN.pdf?raw=true, https://raw.githubusercontent.com/kinggoff/NewSteelesImages/main/PDFs/SDS/benjamin-moore-F5264X_SDS_EN.pdf?raw=true|Semi Gloss=https://raw.githubusercontent.com/kinggoff/NewSteelesImages/main/PDFs/SDS/benjamin-moore-F5281X_SDS_EN.pdf?raw=true, https://raw.githubusercontent.com/kinggoff/NewSteelesImages/main/PDFs/SDS/benjamin-moore-F5282X_SDS_EN.pdf?raw=true, https://raw.githubusercontent.com/kinggoff/NewSteelesImages/main/PDFs/SDS/benjamin-moore-F5283X_SDS_EN.pdf?raw=true, https://raw.githubusercontent.com/kinggoff/NewSteelesImages/main/PDFs/SDS/benjamin-moore-F5284X_SDS_EN.pdf?raw=true",Eggshell=https://raw.githubusercontent.com/kinggoff/NewSteelesImages/main/PDFs/TDS/benjamin-moore-F524_TDS_CE_OKF.pdf?raw=true|Matte=https://raw.githubusercontent.com/kinggoff/NewSteelesImages/main/PDFs/TDS/benjamin-moore-F522_TDS_CE_OKF.pdf?raw=true|Satin=https://raw.githubusercontent.com/kinggoff/NewSteelesImages/main/PDFs/TDS/benjamin-moore-F526_TDS_CE_OKF.pdf?raw=true|Semi Gloss=https://raw.githubusercontent.com/kinggoff/NewSteelesImages/main/PDFs/TDS/benjamin-moore-F528_TDS_CE_OKF.pdf?raw=true,"Eggshell=https://raw.githubusercontent.com/kinggoff/NewSteelesImages/main/PDFs/SDS/benjamin-moore-F5241X_SDS_EN.pdf?raw=true, https://raw.githubusercontent.com/kinggoff/NewSteelesImages/main/PDFs/SDS/benjamin-moore-F5242X_SDS_EN.pdf?raw=true, https://raw.githubusercontent.com/kinggoff/NewSteelesImages/main/PDFs/SDS/benjamin-moore-F5243X_SDS_EN.pdf?raw=true, https://raw.githubusercontent.com/kinggoff/NewSteelesImages/main/PDFs/SDS/benjamin-moore-F5244X_SDS_EN.pdf?raw=true|Matte=https://raw.githubusercontent.com/kinggoff/NewSteelesImages/main/PDFs/SDS/benjamin-moore-F5221X_SDS_EN.pdf?raw=true, https://raw.githubusercontent.com/kinggoff/NewSteelesImages/main/PDFs/SDS/benjamin-moore-F5222X_SDS_EN.pdf?raw=true, https://raw.githubusercontent.com/kinggoff/NewSteelesImages/main/PDFs/SDS/benjamin-moore-F5223X_SDS_EN.pdf?raw=true, https://raw.githubusercontent.com/kinggoff/NewSteelesImages/main/PDFs/SDS/benjamin-moore-F5224X_SDS_EN.pdf?raw=true|Satin=https://raw.githubusercontent.com/kinggoff/NewSteelesImages/main/PDFs/SDS/benjamin-moore-F5261X_SDS_EN.pdf?raw=true, https://raw.githubusercontent.com/kinggoff/NewSteelesImages/main/PDFs/SDS/benjamin-moore-F5262X_SDS_EN.pdf?raw=true, https://raw.githubusercontent.com/kinggoff/NewSteelesImages/main/PDFs/SDS/benjamin-moore-F5263X_SDS_EN.pdf?raw=true, https://raw.githubusercontent.com/kinggoff/NewSteelesImages/main/PDFs/SDS/benjamin-moore-F5264X_SDS_EN.pdf?raw=true|Semi Gloss=https://raw.githubusercontent.com/kinggoff/NewSteelesImages/main/PDFs/SDS/benjamin-moore-F5281X_SDS_EN.pdf?raw=true, https://raw.githubusercontent.com/kinggoff/NewSteelesImages/main/PDFs/SDS/benjamin-moore-F5282X_SDS_EN.pdf?raw=true, https://raw.githubusercontent.com/kinggoff/NewSteelesImages/main/PDFs/SDS/benjamin-moore-F5283X_SDS_EN.pdf?raw=true, https://raw.githubusercontent.com/kinggoff/NewSteelesImages/main/PDFs/SDS/benjamin-moore-F5284X_SDS_EN.pdf?raw=true",,Eggshell=https://raw.githubusercontent.com/kinggoff/NewSteelesImages/main/PDFs/TDS/benjamin-moore-F524_TDS_CE_OKF.pdf?raw=true|Matte=https://raw.githubusercontent.com/kinggoff/NewSteelesImages/main/PDFs/TDS/benjamin-moore-F522_TDS_CE_OKF.pdf?raw=true|Satin=https://raw.githubusercontent.com/kinggoff/NewSteelesImages/main/PDFs/TDS/benjamin-moore-F526_TDS_CE_OKF.pdf?raw=true|Semi Gloss=https://raw.githubusercontent.com/kinggoff/NewSteelesImages/main/PDFs/TDS/benjamin-moore-F528_TDS_CE_OKF.pdf?raw=true,,d4f0d93af918f11d15202f52fb58975994145a96d03de772e4667f028c68cee2,e1bb9518f4d80fbffb4b44cafb3cf31f2a0aafe704c75850b3b5cc3783f9536c
simple,Aura Bath & Spa Interior Paint,5,BM-000000005,,"Benjamin Moore Aura Bath & Spa is a luxe matte bathroom paint engineered for high-humidity spaces, offering rich colour, exceptional hide, and a mildew-resistant finish that stands up to steam and frequent cleaning. The master lists Matte finish options. Confirm preparation, compatibility, application, coverage and recoat requirements in the current label or technical data sheet.",Previously Described,Paints > Interior,"interior paint, architectural paint, wall paint, interior coating, bathroom paint, moisture-resistant interior paint",Benjamin Moore,MOO01,https://raw.githubusercontent.com/kinggoff/NewSteelesImages/main/review-images/legacy-bm-000000005-aurabath_interiorpaints_benjaminmoore.png?raw=true,Image already existed,Finishes,Matte,1,1,,,,,"Matte=https://raw.githubusercontent.com/kinggoff/NewSteelesImages/main/PDFs/SDS/benjamin-moore-K5321X_SDS_EN.pdf?raw=true, https://raw.githubusercontent.com/kinggoff/NewSteelesImages/main/PDFs/SDS/benjamin-moore-K5322X_SDS_EN.pdf?raw=true, https://raw.githubusercontent.com/kinggoff/NewSteelesImages/main/PDFs/SDS/benjamin-moore-K5323X_SDS_EN.pdf?raw=true, https://raw.githubusercontent.com/kinggoff/NewSteelesImages/main/PDFs/SDS/benjamin-moore-K5324X_SDS_EN.pdf?raw=true",Matte=https://raw.githubusercontent.com/kinggoff/NewSteelesImages/main/PDFs/TDS/benjamin-moore-K532_TDS_CE.pdf?raw=true,"Matte=https://raw.githubusercontent.com/kinggoff/NewSteelesImages/main/PDFs/SDS/benjamin-moore-K5321X_SDS_EN.pdf?raw=true, https://raw.githubusercontent.com/kinggoff/NewSteelesImages/main/PDFs/SDS/benjamin-moore-K5322X_SDS_EN.pdf?raw=true, https://raw.githubusercontent.com/kinggoff/NewSteelesImages/main/PDFs/SDS/benjamin-moore-K5323X_SDS_EN.pdf?raw=true, https://raw.githubusercontent.com/kinggoff/NewSteelesImages/main/PDFs/SDS/benjamin-moore-K5324X_SDS_EN.pdf?raw=true",,Matte=https://raw.githubusercontent.com/kinggoff/NewSteelesImages/main/PDFs/TDS/benjamin-moore-K532_TDS_CE.pdf?raw=true,,7a64824f242733c5d89220924a6b7762707ebbc964dbb111fe436745864f57f3,bfd6c78b304dae4bff792594135889e0cdbef00dc7fece26fc68450d6c36729f
simple,Regal Select Interior Paint,6,BM-000000006,,"Benjamin Moore Regal Select Interior is a premium paint-and-primer-in-one, known for its easy application, excellent hide, and stain-release technology that makes walls washable and ideal for busy rooms. Confirm preparation, compatibility, application, coverage and recoat requirements in the current label or technical data sheet.",Previously Described,Paints > Interior,"interior paint, architectural paint, wall paint, interior coating",Benjamin Moore,MOO01,https://raw.githubusercontent.com/kinggoff/NewSteelesImages/main/review-images/legacy-bm-000000006-regalselectinterior_interiorpaints_benjaminmoore.png?raw=true,Image already existed,Finishes,Matte | Eggshell | Semi Gloss | Pearl,1,1,,,,,"Eggshell=https://raw.githubusercontent.com/kinggoff/NewSteelesImages/main/PDFs/SDS/benjamin-moore-F5491X_SDS_EN.pdf?raw=true, https://raw.githubusercontent.com/kinggoff/NewSteelesImages/main/PDFs/SDS/benjamin-moore-F5492X_SDS_EN.pdf?raw=true, https://raw.githubusercontent.com/kinggoff/NewSteelesImages/main/PDFs/SDS/benjamin-moore-F5493X_SDS_EN.pdf?raw=true, https://raw.githubusercontent.com/kinggoff/NewSteelesImages/main/PDFs/SDS/benjamin-moore-F5494X_SDS_EN.pdf?raw=true, https://raw.githubusercontent.com/kinggoff/NewSteelesImages/main/PDFs/SDS/benjamin-moore-F54901_SDS_EN.pdf?raw=true|Satin Pearl=https://raw.githubusercontent.com/kinggoff/NewSteelesImages/main/PDFs/SDS/benjamin-moore-F5501X_SDS_EN.pdf?raw=true, https://raw.githubusercontent.com/kinggoff/NewSteelesImages/main/PDFs/SDS/benjamin-moore-F5502X_SDS_EN.pdf?raw=true, https://raw.githubusercontent.com/kinggoff/NewSteelesImages/main/PDFs/SDS/benjamin-moore-F5503X_SDS_EN.pdf?raw=true, https://raw.githubusercontent.com/kinggoff/NewSteelesImages/main/PDFs/SDS/benjamin-moore-F5504X_SDS_EN.pdf?raw=true, https://raw.githubusercontent.com/kinggoff/NewSteelesImages/main/PDFs/SDS/benjamin-moore-F55001_SDS_EN.pdf?raw=true|Semi Gloss=https://raw.githubusercontent.com/kinggoff/NewSteelesImages/main/PDFs/SDS/benjamin-moore-Y5511X_SDS_EN.pdf?raw=true, https://raw.githubusercontent.com/kinggoff/NewSteelesImages/main/PDFs/SDS/benjamin-moore-Y5512X_SDS_EN.pdf?raw=true, https://raw.githubusercontent.com/kinggoff/NewSteelesImages/main/PDFs/SDS/benjamin-moore-Y5513X_SDS_EN.pdf?raw=true, https://raw.githubusercontent.com/kinggoff/NewSteelesImages/main/PDFs/SDS/benjamin-moore-Y5514X_SDS_EN.pdf?raw=true, https://raw.githubusercontent.com/kinggoff/NewSteelesImages/main/PDFs/SDS/benjamin-moore-Y55101_SDS_EN.pdf?raw=true|Ulti Matte=https://raw.githubusercontent.com/kinggoff/NewSteelesImages/main/PDFs/SDS/benjamin-moore-K55201_SDS_EN.pdf?raw=true, https://raw.githubusercontent.com/kinggoff/NewSteelesImages/main/PDFs/SDS/benjamin-moore-K5521X_SDS_EN.pdf?raw=true, https://raw.githubusercontent.com/kinggoff/NewSteelesImages/main/PDFs/SDS/benjamin-moore-K5522X_SDS_EN.pdf?raw=true, https://raw.githubusercontent.com/kinggoff/NewSteelesImages/main/PDFs/SDS/benjamin-moore-K5523X_SDS_EN.pdf?raw=true, https://raw.githubusercontent.com/kinggoff/NewSteelesImages/main/PDFs/SDS/benjamin-moore-K5524X_SDS_EN.pdf?raw=true",Eggshell=https://raw.githubusercontent.com/kinggoff/NewSteelesImages/main/PDFs/TDS/benjamin-moore-F549_TDS_CE.pdf?raw=true|Satin Pearl=https://raw.githubusercontent.com/kinggoff/NewSteelesImages/main/PDFs/TDS/benjamin-moore-F550_TDS_CE.pdf?raw=true|Semi Gloss=https://raw.githubusercontent.com/kinggoff/NewSteelesImages/main/PDFs/TDS/benjamin-moore-F551_TDS_CE.pdf?raw=true|Ulti Matte=https://raw.githubusercontent.com/kinggoff/NewSteelesImages/main/PDFs/TDS/benjamin-moore-K552_TDS_CE.pdf?raw=true,"Eggshell=https://raw.githubusercontent.com/kinggoff/NewSteelesImages/main/PDFs/SDS/benjamin-moore-F5491X_SDS_EN.pdf?raw=true, https://raw.githubusercontent.com/kinggoff/NewSteelesImages/main/PDFs/SDS/benjamin-moore-F5492X_SDS_EN.pdf?raw=true, https://raw.githubusercontent.com/kinggoff/NewSteelesImages/main/PDFs/SDS/benjamin-moore-F5493X_SDS_EN.pdf?raw=true, https://raw.githubusercontent.com/kinggoff/NewSteelesImages/main/PDFs/SDS/benjamin-moore-F5494X_SDS_EN.pdf?raw=true, https://raw.githubusercontent.com/kinggoff/NewSteelesImages/main/PDFs/SDS/benjamin-moore-F54901_SDS_EN.pdf?raw=true|Satin Pearl=https://raw.githubusercontent.com/kinggoff/NewSteelesImages/main/PDFs/SDS/benjamin-moore-F5501X_SDS_EN.pdf?raw=true, https://raw.githubusercontent.com/kinggoff/NewSteelesImages/main/PDFs/SDS/benjamin-moore-F5502X_SDS_EN.pdf?raw=true, https://raw.githubusercontent.com/kinggoff/NewSteelesImages/main/PDFs/SDS/benjamin-moore-F5503X_SDS_EN.pdf?raw=true, https://raw.githubusercontent.com/kinggoff/NewSteelesImages/main/PDFs/SDS/benjamin-moore-F5504X_SDS_EN.pdf?raw=true, https://raw.githubusercontent.com/kinggoff/NewSteelesImages/main/PDFs/SDS/benjamin-moore-F55001_SDS_EN.pdf?raw=true|Semi Gloss=https://raw.githubusercontent.com/kinggoff/NewSteelesImages/main/PDFs/SDS/benjamin-moore-Y5511X_SDS_EN.pdf?raw=true, https://raw.githubusercontent.com/kinggoff/NewSteelesImages/main/PDFs/SDS/benjamin-moore-Y5512X_SDS_EN.pdf?raw=true, https://raw.githubusercontent.com/kinggoff/NewSteelesImages/main/PDFs/SDS/benjamin-moore-Y5513X_SDS_EN.pdf?raw=true, https://raw.githubusercontent.com/kinggoff/NewSteelesImages/main/PDFs/SDS/benjamin-moore-Y5514X_SDS_EN.pdf?raw=true, https://raw.githubusercontent.com/kinggoff/NewSteelesImages/main/PDFs/SDS/benjamin-moore-Y55101_SDS_EN.pdf?raw=true|Ulti Matte=https://raw.githubusercontent.com/kinggoff/NewSteelesImages/main/PDFs/SDS/benjamin-moore-K55201_SDS_EN.pdf?raw=true, https://raw.githubusercontent.com/kinggoff/NewSteelesImages/main/PDFs/SDS/benjamin-moore-K5521X_SDS_EN.pdf?raw=true, https://raw.githubusercontent.com/kinggoff/NewSteelesImages/main/PDFs/SDS/benjamin-moore-K5522X_SDS_EN.pdf?raw=true, https://raw.githubusercontent.com/kinggoff/NewSteelesImages/main/PDFs/SDS/benjamin-moore-K5523X_SDS_EN.pdf?raw=true, https://raw.githubusercontent.com/kinggoff/NewSteelesImages/main/PDFs/SDS/benjamin-moore-K5524X_SDS_EN.pdf?raw=true",,Eggshell=https://raw.githubusercontent.com/kinggoff/NewSteelesImages/main/PDFs/TDS/benjamin-moore-F549_TDS_CE.pdf?raw=true|Satin Pearl=https://raw.githubusercontent.com/kinggoff/NewSteelesImages/main/PDFs/TDS/benjamin-moore-F550_TDS_CE.pdf?raw=true|Semi Gloss=https://raw.githubusercontent.com/kinggoff/NewSteelesImages/main/PDFs/TDS/benjamin-moore-F551_TDS_CE.pdf?raw=true|Ulti Matte=https://raw.githubusercontent.com/kinggoff/NewSteelesImages/main/PDFs/TDS/benjamin-moore-K552_TDS_CE.pdf?raw=true,,6ea17336354545a4043df9c458450a64f8b2136b9d4af55fcf8b6fbb518d4d01,0f0732e3da0c76b34edde969b157a13874480aa4f0791ebd0e7a2e95d1c8a71c
simple,Ben Interior Paint,7,BM-000000007,,"Ben Interior offers Benjamin Moore quality at a value price, with an easy-rolling, low-odour, zero-VOC paint and primer that delivers smooth, scuff-resistant finishes. The master lists Matte, Eggshell, Semi Gloss, or Pearl finish options. Confirm preparation, compatibility, application, coverage and recoat requirements in the current label or technical data sheet.",Previously Described,Paints > Interior,"interior paint, architectural paint, wall paint, interior coating",Benjamin Moore,MOO01,https://raw.githubusercontent.com/kinggoff/NewSteelesImages/main/review-images/legacy-bm-000000007-beninterior_interiorpaints_benjaminmoore.png?raw=true,Image already existed,Finishes,Matte | Eggshell | Semi Gloss | Pearl,1,1,,,,,"Eggshell=https://raw.githubusercontent.com/kinggoff/NewSteelesImages/main/PDFs/SDS/benjamin-moore-F6261X_SDS_EN.pdf?raw=true, https://raw.githubusercontent.com/kinggoff/NewSteelesImages/main/PDFs/SDS/benjamin-moore-F6262X_SDS_EN.pdf?raw=true, https://raw.githubusercontent.com/kinggoff/NewSteelesImages/main/PDFs/SDS/benjamin-moore-F6263X_SDS_EN.pdf?raw=true, https://raw.githubusercontent.com/kinggoff/NewSteelesImages/main/PDFs/SDS/benjamin-moore-F6264X_SDS_EN.pdf?raw=true, https://raw.githubusercontent.com/kinggoff/NewSteelesImages/main/PDFs/SDS/benjamin-moore-F62601_SDS_EN.pdf?raw=true|Matte=https://raw.githubusercontent.com/kinggoff/NewSteelesImages/main/PDFs/SDS/benjamin-moore-F6241X_SDS_EN.pdf?raw=true, https://raw.githubusercontent.com/kinggoff/NewSteelesImages/main/PDFs/SDS/benjamin-moore-F6242X_SDS_EN.pdf?raw=true, https://raw.githubusercontent.com/kinggoff/NewSteelesImages/main/PDFs/SDS/benjamin-moore-F6243X_SDS_EN.pdf?raw=true, https://raw.githubusercontent.com/kinggoff/NewSteelesImages/main/PDFs/SDS/benjamin-moore-F6244X_SDS_EN.pdf?raw=true, https://raw.githubusercontent.com/kinggoff/NewSteelesImages/main/PDFs/SDS/benjamin-moore-F62401_SDS_EN.pdf?raw=true|Satin Pearl=https://raw.githubusercontent.com/kinggoff/NewSteelesImages/main/PDFs/SDS/benjamin-moore-F6281X_SDS_EN.pdf?raw=true, https://raw.githubusercontent.com/kinggoff/NewSteelesImages/main/PDFs/SDS/benjamin-moore-F6282X_SDS_EN.pdf?raw=true, https://raw.githubusercontent.com/kinggoff/NewSteelesImages/main/PDFs/SDS/benjamin-moore-F6283X_SDS_EN.pdf?raw=true, https://raw.githubusercontent.com/kinggoff/NewSteelesImages/main/PDFs/SDS/benjamin-moore-F6284X_SDS_EN.pdf?raw=true, https://raw.githubusercontent.com/kinggoff/NewSteelesImages/main/PDFs/SDS/benjamin-moore-F62801_SDS_EN.pdf?raw=true|Semi Gloss=https://raw.githubusercontent.com/kinggoff/NewSteelesImages/main/PDFs/SDS/benjamin-moore-F6271X_SDS_EN.pdf?raw=true, https://raw.githubusercontent.com/kinggoff/NewSteelesImages/main/PDFs/SDS/benjamin-moore-F6272X_SDS_EN.pdf?raw=true, https://raw.githubusercontent.com/kinggoff/NewSteelesImages/main/PDFs/SDS/benjamin-moore-F6273X_SDS_EN.pdf?raw=true, https://raw.githubusercontent.com/kinggoff/NewSteelesImages/main/PDFs/SDS/benjamin-moore-F6274X_SDS_EN.pdf?raw=true, https://raw.githubusercontent.com/kinggoff/NewSteelesImages/main/PDFs/SDS/benjamin-moore-F62701_SDS_EN.pdf?raw=true",Eggshell=https://raw.githubusercontent.com/kinggoff/NewSteelesImages/main/PDFs/TDS/benjamin-moore-F626_TDS_CE.pdf?raw=true|Matte=https://raw.githubusercontent.com/kinggoff/NewSteelesImages/main/PDFs/TDS/benjamin-moore-F624_TDS_CE.pdf?raw=true|Satin Pearl=https://raw.githubusercontent.com/kinggoff/NewSteelesImages/main/PDFs/TDS/benjamin-moore-F628_TDS_CE.pdf?raw=true|Semi Gloss=https://raw.githubusercontent.com/kinggoff/NewSteelesImages/main/PDFs/TDS/benjamin-moore-F627_TDS_CE.pdf?raw=true,"Eggshell=https://raw.githubusercontent.com/kinggoff/NewSteelesImages/main/PDFs/SDS/benjamin-moore-F6261X_SDS_EN.pdf?raw=true, https://raw.githubusercontent.com/kinggoff/NewSteelesImages/main/PDFs/SDS/benjamin-moore-F6262X_SDS_EN.pdf?raw=true, https://raw.githubusercontent.com/kinggoff/NewSteelesImages/main/PDFs/SDS/benjamin-moore-F6263X_SDS_EN.pdf?raw=true, https://raw.githubusercontent.com/kinggoff/NewSteelesImages/main/PDFs/SDS/benjamin-moore-F6264X_SDS_EN.pdf?raw=true, https://raw.githubusercontent.com/kinggoff/NewSteelesImages/main/PDFs/SDS/benjamin-moore-F62601_SDS_EN.pdf?raw=true|Matte=https://raw.githubusercontent.com/kinggoff/NewSteelesImages/main/PDFs/SDS/benjamin-moore-F6241X_SDS_EN.pdf?raw=true, https://raw.githubusercontent.com/kinggoff/NewSteelesImages/main/PDFs/SDS/benjamin-moore-F6242X_SDS_EN.pdf?raw=true, https://raw.githubusercontent.com/kinggoff/NewSteelesImages/main/PDFs/SDS/benjamin-moore-F6243X_SDS_EN.pdf?raw=true, https://raw.githubusercontent.com/kinggoff/NewSteelesImages/main/PDFs/SDS/benjamin-moore-F6244X_SDS_EN.pdf?raw=true, https://raw.githubusercontent.com/kinggoff/NewSteelesImages/main/PDFs/SDS/benjamin-moore-F62401_SDS_EN.pdf?raw=true|Satin Pearl=https://raw.githubusercontent.com/kinggoff/NewSteelesImages/main/PDFs/SDS/benjamin-moore-F6281X_SDS_EN.pdf?raw=true, https://raw.githubusercontent.com/kinggoff/NewSteelesImages/main/PDFs/SDS/benjamin-moore-F6282X_SDS_EN.pdf?raw=true, https://raw.githubusercontent.com/kinggoff/NewSteelesImages/main/PDFs/SDS/benjamin-moore-F6283X_SDS_EN.pdf?raw=true, https://raw.githubusercontent.com/kinggoff/NewSteelesImages/main/PDFs/SDS/benjamin-moore-F6284X_SDS_EN.pdf?raw=true, https://raw.githubusercontent.com/kinggoff/NewSteelesImages/main/PDFs/SDS/benjamin-moore-F62801_SDS_EN.pdf?raw=true|Semi Gloss=https://raw.githubusercontent.com/kinggoff/NewSteelesImages/main/PDFs/SDS/benjamin-moore-F6271X_SDS_EN.pdf?raw=true, https://raw.githubusercontent.com/kinggoff/NewSteelesImages/main/PDFs/SDS/benjamin-moore-F6272X_SDS_EN.pdf?raw=true, https://raw.githubusercontent.com/kinggoff/NewSteelesImages/main/PDFs/SDS/benjamin-moore-F6273X_SDS_EN.pdf?raw=true, https://raw.githubusercontent.com/kinggoff/NewSteelesImages/main/PDFs/SDS/benjamin-moore-F6274X_SDS_EN.pdf?raw=true, https://raw.githubusercontent.com/kinggoff/NewSteelesImages/main/PDFs/SDS/benjamin-moore-F62701_SDS_EN.pdf?raw=true",,Eggshell=https://raw.githubusercontent.com/kinggoff/NewSteelesImages/main/PDFs/TDS/benjamin-moore-F626_TDS_CE.pdf?raw=true|Matte=https://raw.githubusercontent.com/kinggoff/NewSteelesImages/main/PDFs/TDS/benjamin-moore-F624_TDS_CE.pdf?raw=true|Satin Pearl=https://raw.githubusercontent.com/kinggoff/NewSteelesImages/main/PDFs/TDS/benjamin-moore-F628_TDS_CE.pdf?raw=true|Semi Gloss=https://raw.githubusercontent.com/kinggoff/NewSteelesImages/main/PDFs/TDS/benjamin-moore-F627_TDS_CE.pdf?raw=true,,820104640ea5bb7823da2414461357078cded4e934995ed78bfebb4df6e8cffd,919a82e7202e6ec54759f1fa544d47b117d876436aec5b1af7c8344986f5aa86
simple,Kitchen & Bath Interior Paint,8,BM-000000008,,"Benjamin Moore Kitchen & Bath is a premium acrylic paint and primer formulated for humid kitchens and baths, providing durable, mildew-resistant protection with excellent colour retention and easy washability. The master lists Pearl finish options. Confirm preparation, compatibility, application, coverage and recoat requirements in the current label or technical data sheet.",Previously Described,Paints > Interior,"interior paint, architectural paint, wall paint, interior coating, bathroom paint, moisture-resistant interior paint",Benjamin Moore,MOO01,https://raw.githubusercontent.com/kinggoff/NewSteelesImages/main/review-images/legacy-bm-000000008-kitchenbath_interiorpaints_benjaminmoore.png?raw=true,Image already existed,Finishes,Pearl,1,1,,,,,"Pearl=https://raw.githubusercontent.com/kinggoff/NewSteelesImages/main/PDFs/SDS/benjamin-moore-F32201_MSDS_EN.pdf?raw=true, https://raw.githubusercontent.com/kinggoff/NewSteelesImages/main/PDFs/SDS/benjamin-moore-F3221B_MSDS_EN.pdf?raw=true, https://raw.githubusercontent.com/kinggoff/NewSteelesImages/main/PDFs/SDS/benjamin-moore-F3222B_MSDS_EN.pdf?raw=true, https://raw.githubusercontent.com/kinggoff/NewSteelesImages/main/PDFs/SDS/benjamin-moore-F3223B_MSDS_EN.pdf?raw=true, https://raw.githubusercontent.com/kinggoff/NewSteelesImages/main/PDFs/SDS/benjamin-moore-F3224B_MSDS_EN.pdf?raw=true",Pearl=https://raw.githubusercontent.com/kinggoff/NewSteelesImages/main/PDFs/TDS/benjamin-moore-Y322_TDS_CE.pdf?raw=true,"Pearl=https://raw.githubusercontent.com/kinggoff/NewSteelesImages/main/PDFs/SDS/benjamin-moore-F32201_MSDS_EN.pdf?raw=true, https://raw.githubusercontent.com/kinggoff/NewSteelesImages/main/PDFs/SDS/benjamin-moore-F3221B_MSDS_EN.pdf?raw=true, https://raw.githubusercontent.com/kinggoff/NewSteelesImages/main/PDFs/SDS/benjamin-moore-F3222B_MSDS_EN.pdf?raw=true, https://raw.githubusercontent.com/kinggoff/NewSteelesImages/main/PDFs/SDS/benjamin-moore-F3223B_MSDS_EN.pdf?raw=true, https://raw.githubusercontent.com/kinggoff/NewSteelesImages/main/PDFs/SDS/benjamin-moore-F3224B_MSDS_EN.pdf?raw=true",,Pearl=https://raw.githubusercontent.com/kinggoff/NewSteelesImages/main/PDFs/TDS/benjamin-moore-Y322_TDS_CE.pdf?raw=true,,a23984cc60b2452d3678972ee4b226a3e8d18caf38e1e7aa1b9ed0c4a5f571a3,8458a2dbd45652f6ca12ac114d6474657bd44be425537a002ba9fd272d995645
simple,Waterborne Ceiling Paint,9,BM-000000009,,"Benjamin Moore waterborne Ceiling is a zero-VOC, ultra-flat acrylic ceiling paint designed to conceal surface imperfections, minimize spatter, and provide a beautiful, uniform finish in any colour. The master lists Ultra Flat finish options. Confirm preparation, compatibility, application, coverage and recoat requirements in the current label or technical data sheet.",Previously Described,Paints > Interior,"ceiling paint, interior paint, flat paint, architectural coating",Benjamin Moore,MOO01,https://raw.githubusercontent.com/kinggoff/NewSteelesImages/main/review-images/legacy-bm-000000009-waterborneceilingpaint_interiorpaints_benjaminmoore.png?raw=true,Image already existed,Finishes,Ultra Flat,1,1,,,,,"Ultra Flat=https://raw.githubusercontent.com/kinggoff/NewSteelesImages/main/PDFs/SDS/benjamin-moore-F50809_SDS_EN.pdf?raw=true, https://raw.githubusercontent.com/kinggoff/NewSteelesImages/main/PDFs/SDS/benjamin-moore-F5081X_SDS_EN.pdf?raw=true, https://raw.githubusercontent.com/kinggoff/NewSteelesImages/main/PDFs/SDS/benjamin-moore-F5082X_SDS_EN.pdf?raw=true, https://raw.githubusercontent.com/kinggoff/NewSteelesImages/main/PDFs/SDS/benjamin-moore-F5083X_SDS_EN.pdf?raw=true, https://raw.githubusercontent.com/kinggoff/NewSteelesImages/main/PDFs/SDS/benjamin-moore-F5084X_SDS_EN.pdf?raw=true",Ultra Flat=https://raw.githubusercontent.com/kinggoff/NewSteelesImages/main/PDFs/TDS/benjamin-moore-F508_TDS_CE.pdf?raw=true,"Ultra Flat=https://raw.githubusercontent.com/kinggoff/NewSteelesImages/main/PDFs/SDS/benjamin-moore-F50809_SDS_EN.pdf?raw=true, https://raw.githubusercontent.com/kinggoff/NewSteelesImages/main/PDFs/SDS/benjamin-moore-F5081X_SDS_EN.pdf?raw=true, https://raw.githubusercontent.com/kinggoff/NewSteelesImages/main/PDFs/SDS/benjamin-moore-F5082X_SDS_EN.pdf?raw=true, https://raw.githubusercontent.com/kinggoff/NewSteelesImages/main/PDFs/SDS/benjamin-moore-F5083X_SDS_EN.pdf?raw=true, https://raw.githubusercontent.com/kinggoff/NewSteelesImages/main/PDFs/SDS/benjamin-moore-F5084X_SDS_EN.pdf?raw=true",,Ultra Flat=https://raw.githubusercontent.com/kinggoff/NewSteelesImages/main/PDFs/TDS/benjamin-moore-F508_TDS_CE.pdf?raw=true,,d7ad2a6c9826930250cb471b1e148ab713e56e19b9cf0725a5c725e91332dbae,347c82376239994176af3229869c223d52a6da35b7b556fe402d957b4fec54fa
simple,Muresco Ceiling Paint,10,BM-000000010,,"Benjamin Moore Muresco Ceiling paint is a premium acrylic coating that rolls and sprays on smoothly, delivering a uniform, flat finish that diffuses light and helps obscure minor ceiling imperfections. The master lists Flat finish options. Confirm preparation, compatibility, application, coverage and recoat requirements in the current label or technical data sheet.",Previously Described,Paints > Interior,"ceiling paint, interior paint, flat paint, architectural coating",Benjamin Moore,MOO01,https://raw.githubusercontent.com/kinggoff/NewSteelesImages/main/review-images/legacy-bm-000000010-murescoceiling_interiorpaints_benjaminmoore.png?raw=true,Image already existed,Finishes,Flat,1,1,,,,,Flat=https://raw.githubusercontent.com/kinggoff/NewSteelesImages/main/PDFs/SDS/benjamin-moore-K25801_SDS_EN.pdf?raw=true,Flat=https://raw.githubusercontent.com/kinggoff/NewSteelesImages/main/PDFs/TDS/benjamin-moore-258_TDS_CE.pdf?raw=true,Flat=https://raw.githubusercontent.com/kinggoff/NewSteelesImages/main/PDFs/SDS/benjamin-moore-K25801_SDS_EN.pdf?raw=true,,Flat=https://raw.githubusercontent.com/kinggoff/NewSteelesImages/main/PDFs/TDS/benjamin-moore-258_TDS_CE.pdf?raw=true,,9a3da495540a4226206d526eab63e66d1ee36f041bf358c38e83a5910dbbac5f,9ca478d5125c4bfbb795d332bc7f14ee5deaa195961e1bad394338444194d87f
simple,Aura Exterior Paint,11,BM-000000011,,"Benjamin Moore Aura Exterior is an ultra-premium paint featuring Colour Lock technology for deep, fade-resistant colour, outstanding durability, and protection against harsh weather, UV, and mildew. The master lists Low Lustre, Satin, Flat, or Soft Gloss finish options. Confirm preparation, compatibility, application, coverage and recoat requirements in the current label or technical data sheet.",Previously Described,Paints > Exterior,"exterior paint, architectural paint, weather-resistant coating, exterior coating",Benjamin Moore,MOO01,https://raw.githubusercontent.com/kinggoff/NewSteelesImages/main/review-images/legacy-bm-000000011-auraexterior_exteriorpaint_benjaminmoore.png?raw=true,Image already existed,Finishes,Low Lustre | Satin | Flat | Soft Gloss,1,1,,,,,"Flat=https://raw.githubusercontent.com/kinggoff/NewSteelesImages/main/PDFs/SDS/benjamin-moore-F6291X_SDS_EN.pdf?raw=true, https://raw.githubusercontent.com/kinggoff/NewSteelesImages/main/PDFs/SDS/benjamin-moore-F6292X_SDS_EN.pdf?raw=true, https://raw.githubusercontent.com/kinggoff/NewSteelesImages/main/PDFs/SDS/benjamin-moore-F6293X_SDS_EN.pdf?raw=true, https://raw.githubusercontent.com/kinggoff/NewSteelesImages/main/PDFs/SDS/benjamin-moore-F6294X_SDS_EN.pdf?raw=true|Low Lustre=https://raw.githubusercontent.com/kinggoff/NewSteelesImages/main/PDFs/SDS/benjamin-moore-F6341X_SDS_EN.pdf?raw=true, https://raw.githubusercontent.com/kinggoff/NewSteelesImages/main/PDFs/SDS/benjamin-moore-F6342X_SDS_EN.pdf?raw=true, https://raw.githubusercontent.com/kinggoff/NewSteelesImages/main/PDFs/SDS/benjamin-moore-F6343X_SDS_EN.pdf?raw=true, https://raw.githubusercontent.com/kinggoff/NewSteelesImages/main/PDFs/SDS/benjamin-moore-F6344X_SDS_EN.pdf?raw=true|Satin=https://raw.githubusercontent.com/kinggoff/NewSteelesImages/main/PDFs/SDS/benjamin-moore-F6311X_SDS_EN.pdf?raw=true, https://raw.githubusercontent.com/kinggoff/NewSteelesImages/main/PDFs/SDS/benjamin-moore-F6312X_SDS_EN.pdf?raw=true, https://raw.githubusercontent.com/kinggoff/NewSteelesImages/main/PDFs/SDS/benjamin-moore-F6313X_SDS_EN.pdf?raw=true, https://raw.githubusercontent.com/kinggoff/NewSteelesImages/main/PDFs/SDS/benjamin-moore-F6314X_SDS_EN.pdf?raw=true",Flat=https://raw.githubusercontent.com/kinggoff/NewSteelesImages/main/PDFs/TDS/benjamin-moore-F629_TDS_CE.pdf?raw=true|Satin=https://raw.githubusercontent.com/kinggoff/NewSteelesImages/main/PDFs/TDS/benjamin-moore-F631_TDS_CE.pdf?raw=true|Soft Gloss=https://raw.githubusercontent.com/kinggoff/NewSteelesImages/main/PDFs/TDS/benjamin-moore-F632_TDS_CE.pdf?raw=true|Low Lustre=https://raw.githubusercontent.com/kinggoff/NewSteelesImages/main/PDFs/TDS/benjamin-moore-F634_TDS_CE.pdf?raw=true,"Flat=https://raw.githubusercontent.com/kinggoff/NewSteelesImages/main/PDFs/SDS/benjamin-moore-F6291X_SDS_EN.pdf?raw=true, https://raw.githubusercontent.com/kinggoff/NewSteelesImages/main/PDFs/SDS/benjamin-moore-F6292X_SDS_EN.pdf?raw=true, https://raw.githubusercontent.com/kinggoff/NewSteelesImages/main/PDFs/SDS/benjamin-moore-F6293X_SDS_EN.pdf?raw=true, https://raw.githubusercontent.com/kinggoff/NewSteelesImages/main/PDFs/SDS/benjamin-moore-F6294X_SDS_EN.pdf?raw=true|Low Lustre=https://raw.githubusercontent.com/kinggoff/NewSteelesImages/main/PDFs/SDS/benjamin-moore-F6341X_SDS_EN.pdf?raw=true, https://raw.githubusercontent.com/kinggoff/NewSteelesImages/main/PDFs/SDS/benjamin-moore-F6342X_SDS_EN.pdf?raw=true, https://raw.githubusercontent.com/kinggoff/NewSteelesImages/main/PDFs/SDS/benjamin-moore-F6343X_SDS_EN.pdf?raw=true, https://raw.githubusercontent.com/kinggoff/NewSteelesImages/main/PDFs/SDS/benjamin-moore-F6344X_SDS_EN.pdf?raw=true|Satin=https://raw.githubusercontent.com/kinggoff/NewSteelesImages/main/PDFs/SDS/benjamin-moore-F6311X_SDS_EN.pdf?raw=true, https://raw.githubusercontent.com/kinggoff/NewSteelesImages/main/PDFs/SDS/benjamin-moore-F6312X_SDS_EN.pdf?raw=true, https://raw.githubusercontent.com/kinggoff/NewSteelesImages/main/PDFs/SDS/benjamin-moore-F6313X_SDS_EN.pdf?raw=true, https://raw.githubusercontent.com/kinggoff/NewSteelesImages/main/PDFs/SDS/benjamin-moore-F6314X_SDS_EN.pdf?raw=true",,Flat=https://raw.githubusercontent.com/kinggoff/NewSteelesImages/main/PDFs/TDS/benjamin-moore-F629_TDS_CE.pdf?raw=true|Satin=https://raw.githubusercontent.com/kinggoff/NewSteelesImages/main/PDFs/TDS/benjamin-moore-F631_TDS_CE.pdf?raw=true|Soft Gloss=https://raw.githubusercontent.com/kinggoff/NewSteelesImages/main/PDFs/TDS/benjamin-moore-F632_TDS_CE.pdf?raw=true|Low Lustre=https://raw.githubusercontent.com/kinggoff/NewSteelesImages/main/PDFs/TDS/benjamin-moore-F634_TDS_CE.pdf?raw=true,,43cfc062ab1456867d03140b5896b7596e1aa0642fb98493237da62a6f45c2be,99db6d400d4fb2f881cba50eb81c444701cb642b5e2f7a37fd80b8ccd345991d
simple,Regal Select Exterior Paint,12,BM-000000012,,"Benjamin Moore Regal Select Exterior High Build is engineered for optimum hide and adheres powerfully to exterior substrates. It is a self-priming paint that bridges small cracks, offers superior adhesion on even chalky surfaces, and provides a mildew- and fade-resistant finish. Check the current manufacturer label or technical data sheet before use.",Previously Described,Paints > Exterior,"exterior paint, architectural paint, weather-resistant coating, exterior coating",Benjamin Moore,MOO01,https://raw.githubusercontent.com/kinggoff/NewSteelesImages/main/review-images/legacy-bm-000000012-regalselectexterior_exteriorpaint_benjaminmoore.png?raw=true,Image already existed,Finishes,Soft Gloss | Flat | Low Lustre,1,1,,,,,"Flat=https://raw.githubusercontent.com/kinggoff/NewSteelesImages/main/PDFs/SDS/benjamin-moore-K40001_SDS_EN.pdf?raw=true, https://raw.githubusercontent.com/kinggoff/NewSteelesImages/main/PDFs/SDS/benjamin-moore-K4001X_SDS_EN.pdf?raw=true, https://raw.githubusercontent.com/kinggoff/NewSteelesImages/main/PDFs/SDS/benjamin-moore-K4002X_SDS_EN.pdf?raw=true, https://raw.githubusercontent.com/kinggoff/NewSteelesImages/main/PDFs/SDS/benjamin-moore-K4003X_SDS_EN.pdf?raw=true, https://raw.githubusercontent.com/kinggoff/NewSteelesImages/main/PDFs/SDS/benjamin-moore-K4004X_SDS_EN.pdf?raw=true|Low Lustre=https://raw.githubusercontent.com/kinggoff/NewSteelesImages/main/PDFs/SDS/benjamin-moore-K40101_SDS_EN.pdf?raw=true, https://raw.githubusercontent.com/kinggoff/NewSteelesImages/main/PDFs/SDS/benjamin-moore-K4011X_SDS_EN.pdf?raw=true, https://raw.githubusercontent.com/kinggoff/NewSteelesImages/main/PDFs/SDS/benjamin-moore-K4012X_SDS_EN.pdf?raw=true, https://raw.githubusercontent.com/kinggoff/NewSteelesImages/main/PDFs/SDS/benjamin-moore-K4013X_SDS_EN.pdf?raw=true, https://raw.githubusercontent.com/kinggoff/NewSteelesImages/main/PDFs/SDS/benjamin-moore-K4014X_SDS_EN.pdf?raw=true|Soft Gloss=https://raw.githubusercontent.com/kinggoff/NewSteelesImages/main/PDFs/SDS/benjamin-moore-F40380_SDS_EN.pdf?raw=true, https://raw.githubusercontent.com/kinggoff/NewSteelesImages/main/PDFs/SDS/benjamin-moore-F40301_SDS_EN.pdf?raw=true, https://raw.githubusercontent.com/kinggoff/NewSteelesImages/main/PDFs/SDS/benjamin-moore-F4031X_SDS_EN.pdf?raw=true, https://raw.githubusercontent.com/kinggoff/NewSteelesImages/main/PDFs/SDS/benjamin-moore-F4032X_SDS_EN.pdf?raw=true, https://raw.githubusercontent.com/kinggoff/NewSteelesImages/main/PDFs/SDS/benjamin-moore-F4033X_SDS_EN.pdf?raw=true, https://raw.githubusercontent.com/kinggoff/NewSteelesImages/main/PDFs/SDS/benjamin-moore-F4034X_SDS_EN.pdf?raw=true",Flat=https://raw.githubusercontent.com/kinggoff/NewSteelesImages/main/PDFs/TDS/benjamin-moore-K400_TDS_CE.pdf?raw=true|Low Lustre=https://raw.githubusercontent.com/kinggoff/NewSteelesImages/main/PDFs/TDS/benjamin-moore-K401_TDS_CE.pdf?raw=true|Soft Gloss=https://raw.githubusercontent.com/kinggoff/NewSteelesImages/main/PDFs/TDS/benjamin-moore-F403_TDS_CE.pdf?raw=true,"Flat=https://raw.githubusercontent.com/kinggoff/NewSteelesImages/main/PDFs/SDS/benjamin-moore-K40001_SDS_EN.pdf?raw=true, https://raw.githubusercontent.com/kinggoff/NewSteelesImages/main/PDFs/SDS/benjamin-moore-K4001X_SDS_EN.pdf?raw=true, https://raw.githubusercontent.com/kinggoff/NewSteelesImages/main/PDFs/SDS/benjamin-moore-K4002X_SDS_EN.pdf?raw=true, https://raw.githubusercontent.com/kinggoff/NewSteelesImages/main/PDFs/SDS/benjamin-moore-K4003X_SDS_EN.pdf?raw=true, https://raw.githubusercontent.com/kinggoff/NewSteelesImages/main/PDFs/SDS/benjamin-moore-K4004X_SDS_EN.pdf?raw=true|Low Lustre=https://raw.githubusercontent.com/kinggoff/NewSteelesImages/main/PDFs/SDS/benjamin-moore-K40101_SDS_EN.pdf?raw=true, https://raw.githubusercontent.com/kinggoff/NewSteelesImages/main/PDFs/SDS/benjamin-moore-K4011X_SDS_EN.pdf?raw=true, https://raw.githubusercontent.com/kinggoff/NewSteelesImages/main/PDFs/SDS/benjamin-moore-K4012X_SDS_EN.pdf?raw=true, https://raw.githubusercontent.com/kinggoff/NewSteelesImages/main/PDFs/SDS/benjamin-moore-K4013X_SDS_EN.pdf?raw=true, https://raw.githubusercontent.com/kinggoff/NewSteelesImages/main/PDFs/SDS/benjamin-moore-K4014X_SDS_EN.pdf?raw=true|Soft Gloss=https://raw.githubusercontent.com/kinggoff/NewSteelesImages/main/PDFs/SDS/benjamin-moore-F40380_SDS_EN.pdf?raw=true, https://raw.githubusercontent.com/kinggoff/NewSteelesImages/main/PDFs/SDS/benjamin-moore-F40301_SDS_EN.pdf?raw=true, https://raw.githubusercontent.com/kinggoff/NewSteelesImages/main/PDFs/SDS/benjamin-moore-F4031X_SDS_EN.pdf?raw=true, https://raw.githubusercontent.com/kinggoff/NewSteelesImages/main/PDFs/SDS/benjamin-moore-F4032X_SDS_EN.pdf?raw=true, https://raw.githubusercontent.com/kinggoff/NewSteelesImages/main/PDFs/SDS/benjamin-moore-F4033X_SDS_EN.pdf?raw=true, https://raw.githubusercontent.com/kinggoff/NewSteelesImages/main/PDFs/SDS/benjamin-moore-F4034X_SDS_EN.pdf?raw=true",,Flat=https://raw.githubusercontent.com/kinggoff/NewSteelesImages/main/PDFs/TDS/benjamin-moore-K400_TDS_CE.pdf?raw=true|Low Lustre=https://raw.githubusercontent.com/kinggoff/NewSteelesImages/main/PDFs/TDS/benjamin-moore-K401_TDS_CE.pdf?raw=true|Soft Gloss=https://raw.githubusercontent.com/kinggoff/NewSteelesImages/main/PDFs/TDS/benjamin-moore-F403_TDS_CE.pdf?raw=true,,5a9d137a7c461e33fc1911f4ca1d0f9ae1800e9c2ad0457ebf31c61324175fbf,3015e531e45f4236caeb886e3e88516422517208acae3ecf698e0db19737205e
simple,Element Guard Exterior Paint,13,BM-000000013,,"Benjamin Moore Element Guard Exterior is a premium acrylic paint formulated for challenging climates, providing advanced moisture protection that stands up to wind-driven rain, humidity, snow, and temperature swings. Confirm preparation, compatibility, application, coverage and recoat requirements in the current label or technical data sheet.",Previously Described,Paints > Exterior,"exterior paint, architectural paint, weather-resistant coating, exterior coating",Benjamin Moore,MOO01,https://raw.githubusercontent.com/kinggoff/NewSteelesImages/main/review-images/legacy-bm-000000013-elementguardexterior_exteriorpaint_benjaminmoore.png?raw=true,Image already existed,Finishes,Flat | Low Lustre | Soft Gloss,1,1,,,,,"Flat=https://raw.githubusercontent.com/kinggoff/NewSteelesImages/main/PDFs/SDS/benjamin-moore-K7631X_SDS_EN.pdf?raw=true, https://raw.githubusercontent.com/kinggoff/NewSteelesImages/main/PDFs/SDS/benjamin-moore-K7632X_SDS_EN.pdf?raw=true, https://raw.githubusercontent.com/kinggoff/NewSteelesImages/main/PDFs/SDS/benjamin-moore-K7633X_SDS_EN.pdf?raw=true, https://raw.githubusercontent.com/kinggoff/NewSteelesImages/main/PDFs/SDS/benjamin-moore-K7634X_SDS_EN.pdf?raw=true, https://raw.githubusercontent.com/kinggoff/NewSteelesImages/main/PDFs/SDS/benjamin-moore-K76301_SDS_EN.pdf?raw=true|Low Lustre=https://raw.githubusercontent.com/kinggoff/NewSteelesImages/main/PDFs/SDS/benjamin-moore-K7641X_SDS_EN.pdf?raw=true, https://raw.githubusercontent.com/kinggoff/NewSteelesImages/main/PDFs/SDS/benjamin-moore-K7642X_SDS_EN.pdf?raw=true, https://raw.githubusercontent.com/kinggoff/NewSteelesImages/main/PDFs/SDS/benjamin-moore-K7643X_SDS_EN.pdf?raw=true, https://raw.githubusercontent.com/kinggoff/NewSteelesImages/main/PDFs/SDS/benjamin-moore-K7644X_SDS_EN.pdf?raw=true, https://raw.githubusercontent.com/kinggoff/NewSteelesImages/main/PDFs/SDS/benjamin-moore-K76401_SDS_EN.pdf?raw=true|Soft Gloss=https://raw.githubusercontent.com/kinggoff/NewSteelesImages/main/PDFs/SDS/benjamin-moore-K7651X_SDS_EN.pdf?raw=true, https://raw.githubusercontent.com/kinggoff/NewSteelesImages/main/PDFs/SDS/benjamin-moore-K7652X_SDS_EN.pdf?raw=true, https://raw.githubusercontent.com/kinggoff/NewSteelesImages/main/PDFs/SDS/benjamin-moore-K7653X_SDS_EN.pdf?raw=true, https://raw.githubusercontent.com/kinggoff/NewSteelesImages/main/PDFs/SDS/benjamin-moore-K7654X_SDS_EN.pdf?raw=true, https://raw.githubusercontent.com/kinggoff/NewSteelesImages/main/PDFs/SDS/benjamin-moore-K76501_SDS_EN.pdf?raw=true",Flat=https://raw.githubusercontent.com/kinggoff/NewSteelesImages/main/PDFs/TDS/benjamin-moore-K763_TDS_CE.pdf?raw=true|Low Lustre=https://raw.githubusercontent.com/kinggoff/NewSteelesImages/main/PDFs/TDS/benjamin-moore-K764_TDS_CE.pdf?raw=true|Soft Gloss=https://raw.githubusercontent.com/kinggoff/NewSteelesImages/main/PDFs/TDS/benjamin-moore-K765_TDS_CE.pdf?raw=true,"Flat=https://raw.githubusercontent.com/kinggoff/NewSteelesImages/main/PDFs/SDS/benjamin-moore-K7631X_SDS_EN.pdf?raw=true, https://raw.githubusercontent.com/kinggoff/NewSteelesImages/main/PDFs/SDS/benjamin-moore-K7632X_SDS_EN.pdf?raw=true, https://raw.githubusercontent.com/kinggoff/NewSteelesImages/main/PDFs/SDS/benjamin-moore-K7633X_SDS_EN.pdf?raw=true, https://raw.githubusercontent.com/kinggoff/NewSteelesImages/main/PDFs/SDS/benjamin-moore-K7634X_SDS_EN.pdf?raw=true, https://raw.githubusercontent.com/kinggoff/NewSteelesImages/main/PDFs/SDS/benjamin-moore-K76301_SDS_EN.pdf?raw=true|Low Lustre=https://raw.githubusercontent.com/kinggoff/NewSteelesImages/main/PDFs/SDS/benjamin-moore-K7641X_SDS_EN.pdf?raw=true, https://raw.githubusercontent.com/kinggoff/NewSteelesImages/main/PDFs/SDS/benjamin-moore-K7642X_SDS_EN.pdf?raw=true, https://raw.githubusercontent.com/kinggoff/NewSteelesImages/main/PDFs/SDS/benjamin-moore-K7643X_SDS_EN.pdf?raw=true, https://raw.githubusercontent.com/kinggoff/NewSteelesImages/main/PDFs/SDS/benjamin-moore-K7644X_SDS_EN.pdf?raw=true, https://raw.githubusercontent.com/kinggoff/NewSteelesImages/main/PDFs/SDS/benjamin-moore-K76401_SDS_EN.pdf?raw=true|Soft Gloss=https://raw.githubusercontent.com/kinggoff/NewSteelesImages/main/PDFs/SDS/benjamin-moore-K7651X_SDS_EN.pdf?raw=true, https://raw.githubusercontent.com/kinggoff/NewSteelesImages/main/PDFs/SDS/benjamin-moore-K7652X_SDS_EN.pdf?raw=true, https://raw.githubusercontent.com/kinggoff/NewSteelesImages/main/PDFs/SDS/benjamin-moore-K7653X_SDS_EN.pdf?raw=true, https://raw.githubusercontent.com/kinggoff/NewSteelesImages/main/PDFs/SDS/benjamin-moore-K7654X_SDS_EN.pdf?raw=true, https://raw.githubusercontent.com/kinggoff/NewSteelesImages/main/PDFs/SDS/benjamin-moore-K76501_SDS_EN.pdf?raw=true",,Flat=https://raw.githubusercontent.com/kinggoff/NewSteelesImages/main/PDFs/TDS/benjamin-moore-K763_TDS_CE.pdf?raw=true|Low Lustre=https://raw.githubusercontent.com/kinggoff/NewSteelesImages/main/PDFs/TDS/benjamin-moore-K764_TDS_CE.pdf?raw=true|Soft Gloss=https://raw.githubusercontent.com/kinggoff/NewSteelesImages/main/PDFs/TDS/benjamin-moore-K765_TDS_CE.pdf?raw=true,,0c95c3e8d33383e9bfaca05d67fdc2a866ec17f044bbc3e422e534f6e92f5552,22a1aa212d36e34836bcfa540a9c4066a898d7e78f84ea23d1fbb2df46782de9
simple,Ultra Spec Exterior Paint,14,BM-000000014,,"Benjamin Moore Ultra Spec Exterior is a professional-quality acrylic paint designed for contractors, delivering excellent hide, colour retention, and film durability on siding, trim, masonry, and more at a value price. Confirm preparation, compatibility, application, coverage and recoat requirements in the current label or technical data sheet.",Previously Described,Paints > Exterior,"exterior paint, architectural paint, weather-resistant coating, exterior coating",Benjamin Moore,MOO01,https://raw.githubusercontent.com/kinggoff/NewSteelesImages/main/review-images/legacy-bm-000000014-ultraspecexterior_exteriorpaint_benjaminmoore.png?raw=true,Image already existed,Finishes,Flat | Satin |  Soft Gloss | Low Lustre,1,1,,,,,"Flat=https://raw.githubusercontent.com/kinggoff/NewSteelesImages/main/PDFs/SDS/benjamin-moore-Y4471X_SDS_EN.pdf?raw=true, https://raw.githubusercontent.com/kinggoff/NewSteelesImages/main/PDFs/SDS/benjamin-moore-Y4472X_SDS_EN.pdf?raw=true, https://raw.githubusercontent.com/kinggoff/NewSteelesImages/main/PDFs/SDS/benjamin-moore-Y4473X_SDS_EN.pdf?raw=true, https://raw.githubusercontent.com/kinggoff/NewSteelesImages/main/PDFs/SDS/benjamin-moore-Y4474X_SDS_EN.pdf?raw=true, https://raw.githubusercontent.com/kinggoff/NewSteelesImages/main/PDFs/SDS/benjamin-moore-Y44701_SDS_EN.pdf?raw=true|Low Lustre=https://raw.githubusercontent.com/kinggoff/NewSteelesImages/main/PDFs/SDS/benjamin-moore-Y4551X_SDS_EN.pdf?raw=true, https://raw.githubusercontent.com/kinggoff/NewSteelesImages/main/PDFs/SDS/benjamin-moore-Y4552X_SDS_EN.pdf?raw=true, https://raw.githubusercontent.com/kinggoff/NewSteelesImages/main/PDFs/SDS/benjamin-moore-Y4553X_SDS_EN.pdf?raw=true, https://raw.githubusercontent.com/kinggoff/NewSteelesImages/main/PDFs/SDS/benjamin-moore-Y4554X_SDS_EN.pdf?raw=true, https://raw.githubusercontent.com/kinggoff/NewSteelesImages/main/PDFs/SDS/benjamin-moore-Y45501_SDS_EN.pdf?raw=true|Satin=https://raw.githubusercontent.com/kinggoff/NewSteelesImages/main/PDFs/SDS/benjamin-moore-Y4481X_SDS_EN.pdf?raw=true, https://raw.githubusercontent.com/kinggoff/NewSteelesImages/main/PDFs/SDS/benjamin-moore-Y4482X_SDS_EN.pdf?raw=true, https://raw.githubusercontent.com/kinggoff/NewSteelesImages/main/PDFs/SDS/benjamin-moore-Y4483X_SDS_EN.pdf?raw=true, https://raw.githubusercontent.com/kinggoff/NewSteelesImages/main/PDFs/SDS/benjamin-moore-Y4484X_SDS_EN.pdf?raw=true, https://raw.githubusercontent.com/kinggoff/NewSteelesImages/main/PDFs/SDS/benjamin-moore-Y44801_SDS_EN.pdf?raw=true|Soft Gloss=https://raw.githubusercontent.com/kinggoff/NewSteelesImages/main/PDFs/SDS/benjamin-moore-Y4491X_SDS_EN.pdf?raw=true, https://raw.githubusercontent.com/kinggoff/NewSteelesImages/main/PDFs/SDS/benjamin-moore-Y4492X_SDS_EN.pdf?raw=true, https://raw.githubusercontent.com/kinggoff/NewSteelesImages/main/PDFs/SDS/benjamin-moore-Y4493X_SDS_EN.pdf?raw=true, https://raw.githubusercontent.com/kinggoff/NewSteelesImages/main/PDFs/SDS/benjamin-moore-Y4494X_SDS_EN.pdf?raw=true, https://raw.githubusercontent.com/kinggoff/NewSteelesImages/main/PDFs/SDS/benjamin-moore-Y44901_SDS_EN.pdf?raw=true",Flat=https://raw.githubusercontent.com/kinggoff/NewSteelesImages/main/PDFs/TDS/benjamin-moore-Y447_TDS_CE.pdf?raw=true|Low Lustre=https://raw.githubusercontent.com/kinggoff/NewSteelesImages/main/PDFs/TDS/benjamin-moore-Y455_TDS_CE.pdf?raw=true|Satin=https://raw.githubusercontent.com/kinggoff/NewSteelesImages/main/PDFs/TDS/benjamin-moore-Y448_TDS_CE.pdf?raw=true|Soft Gloss=https://raw.githubusercontent.com/kinggoff/NewSteelesImages/main/PDFs/TDS/benjamin-moore-Y449_TDS_CE.pdf?raw=true,"Flat=https://raw.githubusercontent.com/kinggoff/NewSteelesImages/main/PDFs/SDS/benjamin-moore-Y4471X_SDS_EN.pdf?raw=true, https://raw.githubusercontent.com/kinggoff/NewSteelesImages/main/PDFs/SDS/benjamin-moore-Y4472X_SDS_EN.pdf?raw=true, https://raw.githubusercontent.com/kinggoff/NewSteelesImages/main/PDFs/SDS/benjamin-moore-Y4473X_SDS_EN.pdf?raw=true, https://raw.githubusercontent.com/kinggoff/NewSteelesImages/main/PDFs/SDS/benjamin-moore-Y4474X_SDS_EN.pdf?raw=true, https://raw.githubusercontent.com/kinggoff/NewSteelesImages/main/PDFs/SDS/benjamin-moore-Y44701_SDS_EN.pdf?raw=true|Low Lustre=https://raw.githubusercontent.com/kinggoff/NewSteelesImages/main/PDFs/SDS/benjamin-moore-Y4551X_SDS_EN.pdf?raw=true, https://raw.githubusercontent.com/kinggoff/NewSteelesImages/main/PDFs/SDS/benjamin-moore-Y4552X_SDS_EN.pdf?raw=true, https://raw.githubusercontent.com/kinggoff/NewSteelesImages/main/PDFs/SDS/benjamin-moore-Y4553X_SDS_EN.pdf?raw=true, https://raw.githubusercontent.com/kinggoff/NewSteelesImages/main/PDFs/SDS/benjamin-moore-Y4554X_SDS_EN.pdf?raw=true, https://raw.githubusercontent.com/kinggoff/NewSteelesImages/main/PDFs/SDS/benjamin-moore-Y45501_SDS_EN.pdf?raw=true|Satin=https://raw.githubusercontent.com/kinggoff/NewSteelesImages/main/PDFs/SDS/benjamin-moore-Y4481X_SDS_EN.pdf?raw=true, https://raw.githubusercontent.com/kinggoff/NewSteelesImages/main/PDFs/SDS/benjamin-moore-Y4482X_SDS_EN.pdf?raw=true, https://raw.githubusercontent.com/kinggoff/NewSteelesImages/main/PDFs/SDS/benjamin-moore-Y4483X_SDS_EN.pdf?raw=true, https://raw.githubusercontent.com/kinggoff/NewSteelesImages/main/PDFs/SDS/benjamin-moore-Y4484X_SDS_EN.pdf?raw=true, https://raw.githubusercontent.com/kinggoff/NewSteelesImages/main/PDFs/SDS/benjamin-moore-Y44801_SDS_EN.pdf?raw=true|Soft Gloss=https://raw.githubusercontent.com/kinggoff/NewSteelesImages/main/PDFs/SDS/benjamin-moore-Y4491X_SDS_EN.pdf?raw=true, https://raw.githubusercontent.com/kinggoff/NewSteelesImages/main/PDFs/SDS/benjamin-moore-Y4492X_SDS_EN.pdf?raw=true, https://raw.githubusercontent.com/kinggoff/NewSteelesImages/main/PDFs/SDS/benjamin-moore-Y4493X_SDS_EN.pdf?raw=true, https://raw.githubusercontent.com/kinggoff/NewSteelesImages/main/PDFs/SDS/benjamin-moore-Y4494X_SDS_EN.pdf?raw=true, https://raw.githubusercontent.com/kinggoff/NewSteelesImages/main/PDFs/SDS/benjamin-moore-Y44901_SDS_EN.pdf?raw=true",,Flat=https://raw.githubusercontent.com/kinggoff/NewSteelesImages/main/PDFs/TDS/benjamin-moore-Y447_TDS_CE.pdf?raw=true|Low Lustre=https://raw.githubusercontent.com/kinggoff/NewSteelesImages/main/PDFs/TDS/benjamin-moore-Y455_TDS_CE.pdf?raw=true|Satin=https://raw.githubusercontent.com/kinggoff/NewSteelesImages/main/PDFs/TDS/benjamin-moore-Y448_TDS_CE.pdf?raw=true|Soft Gloss=https://raw.githubusercontent.com/kinggoff/NewSteelesImages/main/PDFs/TDS/benjamin-moore-Y449_TDS_CE.pdf?raw=true,,2e91b8381fc76f0f9779b32f47d0e44e2a6a784b8243323d23737d38c32e54a7,f82518fac72ed29907e5e54baff98c17c3078d1f2fb009cc20734497ae97ee71
simple,Woodluxe Water-Based Waterproofing Exterior Stain + Sealer,15,BM-000000015,,"Benjamin Moore woodluxe Water-Based Stain & Sealer is an innovative exterior stain that showcases the wood grain while providing advanced all-weather, UV- and mildew-resistant protection with easy soap-and-water cleanup. Confirm preparation, compatibility, application, coverage and recoat requirements in the current label or technical data sheet.",Previously Described,Paints > Stains & Varnishes,"exterior wood stain, penetrating wood finish, wood stain, exterior wood finish, wood sealer, waterproofing stain, water-based wood finish",Benjamin Moore,MOO01,https://raw.githubusercontent.com/kinggoff/NewSteelesImages/main/review-images/legacy-bm-000000015-woodluxestainsealer_exteriorstain_benjaminmoore.png?raw=true,Image already existed,Finishes,Translucent | Semi Transparent | Semi Solid | Solid | Ultra Flat Solid,1,1,,,,,"Semi Solid=https://raw.githubusercontent.com/kinggoff/NewSteelesImages/main/PDFs/SDS/benjamin-moore-K69301_SDS_EN.pdf?raw=true, https://raw.githubusercontent.com/kinggoff/NewSteelesImages/main/PDFs/SDS/benjamin-moore-K69306_SDS_EN.pdf?raw=true|Semi Transparent=https://raw.githubusercontent.com/kinggoff/NewSteelesImages/main/PDFs/SDS/benjamin-moore-K69206_SDS_EN.pdf?raw=true|Translucent=https://raw.githubusercontent.com/kinggoff/NewSteelesImages/main/PDFs/SDS/benjamin-moore-K69178_SDS_EN.pdf?raw=true, https://raw.githubusercontent.com/kinggoff/NewSteelesImages/main/PDFs/SDS/benjamin-moore-K69140_SDS_EN.pdf?raw=true, https://raw.githubusercontent.com/kinggoff/NewSteelesImages/main/PDFs/SDS/benjamin-moore-K69165_SDS_EN.pdf?raw=true, https://raw.githubusercontent.com/kinggoff/NewSteelesImages/main/PDFs/SDS/benjamin-moore-K69160_SDS_EN.pdf?raw=true, https://raw.githubusercontent.com/kinggoff/NewSteelesImages/main/PDFs/SDS/benjamin-moore-K69110_SDS_EN.pdf?raw=true, https://raw.githubusercontent.com/kinggoff/NewSteelesImages/main/PDFs/SDS/benjamin-moore-K69120_SDS_EN.pdf?raw=true, https://raw.githubusercontent.com/kinggoff/NewSteelesImages/main/PDFs/SDS/benjamin-moore-K69130_SDS_EN.pdf?raw=true",Semi Solid=https://raw.githubusercontent.com/kinggoff/NewSteelesImages/main/PDFs/TDS/benjamin-moore-K693_TDS_CE.pdf?raw=true|Semi Transparent=https://raw.githubusercontent.com/kinggoff/NewSteelesImages/main/PDFs/TDS/benjamin-moore-K692_TDS_CE.pdf?raw=true|Translucent=https://raw.githubusercontent.com/kinggoff/NewSteelesImages/main/PDFs/TDS/benjamin-moore-K691_TDS_CE.pdf?raw=true,"Semi Solid=https://raw.githubusercontent.com/kinggoff/NewSteelesImages/main/PDFs/SDS/benjamin-moore-K69301_SDS_EN.pdf?raw=true, https://raw.githubusercontent.com/kinggoff/NewSteelesImages/main/PDFs/SDS/benjamin-moore-K69306_SDS_EN.pdf?raw=true|Semi Transparent=https://raw.githubusercontent.com/kinggoff/NewSteelesImages/main/PDFs/SDS/benjamin-moore-K69206_SDS_EN.pdf?raw=true|Translucent=https://raw.githubusercontent.com/kinggoff/NewSteelesImages/main/PDFs/SDS/benjamin-moore-K69178_SDS_EN.pdf?raw=true, https://raw.githubusercontent.com/kinggoff/NewSteelesImages/main/PDFs/SDS/benjamin-moore-K69140_SDS_EN.pdf?raw=true, https://raw.githubusercontent.com/kinggoff/NewSteelesImages/main/PDFs/SDS/benjamin-moore-K69165_SDS_EN.pdf?raw=true, https://raw.githubusercontent.com/kinggoff/NewSteelesImages/main/PDFs/SDS/benjamin-moore-K69160_SDS_EN.pdf?raw=true, https://raw.githubusercontent.com/kinggoff/NewSteelesImages/main/PDFs/SDS/benjamin-moore-K69110_SDS_EN.pdf?raw=true, https://raw.githubusercontent.com/kinggoff/NewSteelesImages/main/PDFs/SDS/benjamin-moore-K69120_SDS_EN.pdf?raw=true, https://raw.githubusercontent.com/kinggoff/NewSteelesImages/main/PDFs/SDS/benjamin-moore-K69130_SDS_EN.pdf?raw=true",,Semi Solid=https://raw.githubusercontent.com/kinggoff/NewSteelesImages/main/PDFs/TDS/benjamin-moore-K693_TDS_CE.pdf?raw=true|Semi Transparent=https://raw.githubusercontent.com/kinggoff/NewSteelesImages/main/PDFs/TDS/benjamin-moore-K692_TDS_CE.pdf?raw=true|Translucent=https://raw.githubusercontent.com/kinggoff/NewSteelesImages/main/PDFs/TDS/benjamin-moore-K691_TDS_CE.pdf?raw=true,,697424db2abf9ddb585375c43f73c3afc505a6be7cbbfb2141b6bcd62344a0a8,cdac04f84f8a4f110f240e311b578016ff464eea92dbf432fb9ab2071068082d
simple,Woodluxe Oil-Based Waterproofing Exterior Stain + Sealer,16,BM-000000016,,"Benjamin Moore woodluxe Oil-Based Stain & Sealer uses penetrating oils to enrich wood grain with a classic oil look, while delivering UV- and mildew-resistant, all-weather protection and reduced cracking and peeling. Confirm preparation, compatibility, application, coverage and recoat requirements in the current label or technical data sheet.",Previously Described,Paints > Stains & Varnishes,"exterior wood stain, penetrating wood finish, wood stain, exterior wood finish, wood sealer, waterproofing stain, oil-based wood finish",Benjamin Moore,MOO01,https://raw.githubusercontent.com/kinggoff/NewSteelesImages/main/review-images/legacy-bm-000000016-woodluxeoilbasedstainsealer_exteriorstain_benjaminmoore.png?raw=true,Image already existed,Finishes,,1,1,,,,,"Semi Solid=https://raw.githubusercontent.com/kinggoff/NewSteelesImages/main/PDFs/SDS/benjamin-moore-K59306_SDS_EN.pdf?raw=true|Semi Transparent=https://raw.githubusercontent.com/kinggoff/NewSteelesImages/main/PDFs/SDS/benjamin-moore-K59206_SDS_EN.pdf?raw=true|Translucent=https://raw.githubusercontent.com/kinggoff/NewSteelesImages/main/PDFs/SDS/benjamin-moore-K59178_SDS_EN.pdf?raw=true, https://raw.githubusercontent.com/kinggoff/NewSteelesImages/main/PDFs/SDS/benjamin-moore-K59140_SDS_EN.pdf?raw=true, https://raw.githubusercontent.com/kinggoff/NewSteelesImages/main/PDFs/SDS/benjamin-moore-K59165_SDS_EN.pdf?raw=true, https://raw.githubusercontent.com/kinggoff/NewSteelesImages/main/PDFs/SDS/benjamin-moore-K59160_SDS_EN.pdf?raw=true, https://raw.githubusercontent.com/kinggoff/NewSteelesImages/main/PDFs/SDS/benjamin-moore-K59110_SDS_EN.pdf?raw=true, https://raw.githubusercontent.com/kinggoff/NewSteelesImages/main/PDFs/SDS/benjamin-moore-K59120_SDS_EN.pdf?raw=true, https://raw.githubusercontent.com/kinggoff/NewSteelesImages/main/PDFs/SDS/benjamin-moore-K59130_SDS_EN.pdf?raw=true",Semi Solid=https://raw.githubusercontent.com/kinggoff/NewSteelesImages/main/PDFs/TDS/benjamin-moore-K593_TDS_CE.pdf?raw=true|Semi Transparent=https://raw.githubusercontent.com/kinggoff/NewSteelesImages/main/PDFs/TDS/benjamin-moore-K592_TDS_CE.pdf?raw=true|Translucent=https://raw.githubusercontent.com/kinggoff/NewSteelesImages/main/PDFs/TDS/benjamin-moore-K591_TDS_CE.pdf?raw=true,"Semi Solid=https://raw.githubusercontent.com/kinggoff/NewSteelesImages/main/PDFs/SDS/benjamin-moore-K59306_SDS_EN.pdf?raw=true|Semi Transparent=https://raw.githubusercontent.com/kinggoff/NewSteelesImages/main/PDFs/SDS/benjamin-moore-K59206_SDS_EN.pdf?raw=true|Translucent=https://raw.githubusercontent.com/kinggoff/NewSteelesImages/main/PDFs/SDS/benjamin-moore-K59178_SDS_EN.pdf?raw=true, https://raw.githubusercontent.com/kinggoff/NewSteelesImages/main/PDFs/SDS/benjamin-moore-K59140_SDS_EN.pdf?raw=true, https://raw.githubusercontent.com/kinggoff/NewSteelesImages/main/PDFs/SDS/benjamin-moore-K59165_SDS_EN.pdf?raw=true, https://raw.githubusercontent.com/kinggoff/NewSteelesImages/main/PDFs/SDS/benjamin-moore-K59160_SDS_EN.pdf?raw=true, https://raw.githubusercontent.com/kinggoff/NewSteelesImages/main/PDFs/SDS/benjamin-moore-K59110_SDS_EN.pdf?raw=true, https://raw.githubusercontent.com/kinggoff/NewSteelesImages/main/PDFs/SDS/benjamin-moore-K59120_SDS_EN.pdf?raw=true, https://raw.githubusercontent.com/kinggoff/NewSteelesImages/main/PDFs/SDS/benjamin-moore-K59130_SDS_EN.pdf?raw=true",,Semi Solid=https://raw.githubusercontent.com/kinggoff/NewSteelesImages/main/PDFs/TDS/benjamin-moore-K593_TDS_CE.pdf?raw=true|Semi Transparent=https://raw.githubusercontent.com/kinggoff/NewSteelesImages/main/PDFs/TDS/benjamin-moore-K592_TDS_CE.pdf?raw=true|Translucent=https://raw.githubusercontent.com/kinggoff/NewSteelesImages/main/PDFs/TDS/benjamin-moore-K591_TDS_CE.pdf?raw=true,,78aaaf9592cb8df615df8d6c4fe4a4c562e8a0d6f7bbcf8e8a8f5932042291ae,842efee60c42c4d0daf82509fc93ecad1924c872861f426d403746b73abd969c
simple,Woodluxe Water-Based Deck + Siding Exterior Stain,17,BM-000000017,,"Benjamin Moore woodluxe Water-Based Deck Exterior stain is designed for decks, siding, and fences, minimizing film build to reduce cracking and peeling while providing UV- and mildew-resistant protection in a wide range of colours. Confirm preparation, compatibility, application, coverage and recoat requirements in the current label or technical data sheet.",Previously Described,Paints > Stains & Varnishes,"deck stain, exterior wood stain, wood stain, exterior wood finish, penetrating wood finish",Benjamin Moore,MOO01,https://raw.githubusercontent.com/kinggoff/NewSteelesImages/main/review-images/legacy-bm-000000017-woodluxedecksiding_exteriorstain_benjaminmoore.png?raw=true,Image already existed,Finishes,Solid | Translucent | Semi Transparent | Semi Solid | Ultra Flat Solid,1,1,,,,,"Solid=https://raw.githubusercontent.com/kinggoff/NewSteelesImages/main/PDFs/SDS/benjamin-moore-K6941X_SDS_EN.pdf?raw=true, https://raw.githubusercontent.com/kinggoff/NewSteelesImages/main/PDFs/SDS/benjamin-moore-K6942X_SDS_EN.pdf?raw=true, https://raw.githubusercontent.com/kinggoff/NewSteelesImages/main/PDFs/SDS/benjamin-moore-K6943X_SDS_EN.pdf?raw=true, https://raw.githubusercontent.com/kinggoff/NewSteelesImages/main/PDFs/SDS/benjamin-moore-K6944X_SDS_EN.pdf?raw=true, https://raw.githubusercontent.com/kinggoff/NewSteelesImages/main/PDFs/SDS/benjamin-moore-K69401_SDS_EN.pdf?raw=true",Solid=https://raw.githubusercontent.com/kinggoff/NewSteelesImages/main/PDFs/TDS/benjamin-moore-K694_TDS_CE.pdf?raw=true|Semi Solid=https://raw.githubusercontent.com/kinggoff/NewSteelesImages/main/PDFs/TDS/benjamin-moore-K693_TDS_CE.pdf?raw=true|Semi Transparent=https://raw.githubusercontent.com/kinggoff/NewSteelesImages/main/PDFs/TDS/benjamin-moore-K692_TDS_CE.pdf?raw=true|Translucent=https://raw.githubusercontent.com/kinggoff/NewSteelesImages/main/PDFs/TDS/benjamin-moore-K691_TDS_CE.pdf?raw=true,"Solid=https://raw.githubusercontent.com/kinggoff/NewSteelesImages/main/PDFs/SDS/benjamin-moore-K6941X_SDS_EN.pdf?raw=true, https://raw.githubusercontent.com/kinggoff/NewSteelesImages/main/PDFs/SDS/benjamin-moore-K6942X_SDS_EN.pdf?raw=true, https://raw.githubusercontent.com/kinggoff/NewSteelesImages/main/PDFs/SDS/benjamin-moore-K6943X_SDS_EN.pdf?raw=true, https://raw.githubusercontent.com/kinggoff/NewSteelesImages/main/PDFs/SDS/benjamin-moore-K6944X_SDS_EN.pdf?raw=true, https://raw.githubusercontent.com/kinggoff/NewSteelesImages/main/PDFs/SDS/benjamin-moore-K69401_SDS_EN.pdf?raw=true",,Solid=https://raw.githubusercontent.com/kinggoff/NewSteelesImages/main/PDFs/TDS/benjamin-moore-K694_TDS_CE.pdf?raw=true|Semi Solid=https://raw.githubusercontent.com/kinggoff/NewSteelesImages/main/PDFs/TDS/benjamin-moore-K693_TDS_CE.pdf?raw=true|Semi Transparent=https://raw.githubusercontent.com/kinggoff/NewSteelesImages/main/PDFs/TDS/benjamin-moore-K692_TDS_CE.pdf?raw=true|Translucent=https://raw.githubusercontent.com/kinggoff/NewSteelesImages/main/PDFs/TDS/benjamin-moore-K691_TDS_CE.pdf?raw=true,,f9d95176fce52dc0868d15767a5790e83faf3c3579ccfd3a72a9b739c03a48c7,329b17e4ff83e7c91ec9f645816312f5023bd6d0532ae0386c4d10c66155c4e4
simple,Fresh Start High-Hiding All-Purpose Primer,18,BM-000000018,,"Benjamin Moore Fresh Start High-Hiding all-purpose primer is an acrylic, fast-drying primer that delivers maximum hide, strong adhesion, and effective stain blocking, making it ideal when you need to cover deep colours or problem areas. Confirm preparation, compatibility, application, coverage and recoat requirements in the current label or technical data sheet.",Previously Described,Paints > Primers,"primer, primer sealer, surface preparation coating, basecoat",Benjamin Moore,MOO01,https://raw.githubusercontent.com/kinggoff/NewSteelesImages/main/review-images/legacy-bm-000000018-freshstarthighhiding_primer_benjaminmoore.png?raw=true,Image already existed,Finishes,,1,1,,,,,"Primer=https://raw.githubusercontent.com/kinggoff/NewSteelesImages/main/PDFs/SDS/benjamin-moore-K04600_SDS_EN.pdf?raw=true, https://raw.githubusercontent.com/kinggoff/NewSteelesImages/main/PDFs/SDS/benjamin-moore-K04604_SDS_EN.pdf?raw=true",Primer=https://raw.githubusercontent.com/kinggoff/NewSteelesImages/main/PDFs/TDS/benjamin-moore-K046_TDS_CE.pdf?raw=true,"Primer=https://raw.githubusercontent.com/kinggoff/NewSteelesImages/main/PDFs/SDS/benjamin-moore-K04600_SDS_EN.pdf?raw=true, https://raw.githubusercontent.com/kinggoff/NewSteelesImages/main/PDFs/SDS/benjamin-moore-K04604_SDS_EN.pdf?raw=true",,Primer=https://raw.githubusercontent.com/kinggoff/NewSteelesImages/main/PDFs/TDS/benjamin-moore-K046_TDS_CE.pdf?raw=true,,76925341d63d6e6e8b1f39dbbe9f6e68635bbd3c09ef707e155c04799e144c60,e8bdb8a27b0783f50e85bb9459a3bbd7df1fcdafc67715244505fe9e567becee
simple,Stix Waterborne Bonding Primer,19,I-000000019,,"Insl-X Stix Waterborne Bonding Primer is a premium acrylic-urethane primer/sealer with exceptional adhesion to challenging surfaces such as glossy tile, PVC, vinyl, glass, and pre-finished siding, creating a tough base for almost any topcoat. Confirm preparation, compatibility, application, coverage and recoat requirements in the current label or technical data sheet.",Previously Described,Paints > Primers,"bonding primer, adhesion primer, primer, surface preparation coating, primer sealer, basecoat",Insl-X,MOO01,https://raw.githubusercontent.com/kinggoff/NewSteelesImages/main/review-images/legacy-i-000000019-inslxstix_primer_inslx.png?raw=true,Image already existed,Finishes,,1,1,,,,,Primer=https://raw.githubusercontent.com/kinggoff/NewSteelesImages/main/PDFs/SDS/insl-x-SXA-1100F_SDS_EN.pdf?raw=true,Primer=https://raw.githubusercontent.com/kinggoff/NewSteelesImages/main/PDFs/TDS/insl-x-SXA110_TDS_CE.pdf?raw=true,Primer=https://raw.githubusercontent.com/kinggoff/NewSteelesImages/main/PDFs/SDS/insl-x-SXA-1100F_SDS_EN.pdf?raw=true,,Primer=https://raw.githubusercontent.com/kinggoff/NewSteelesImages/main/PDFs/TDS/insl-x-SXA110_TDS_CE.pdf?raw=true,,adc43e42d77ed50675e31652997a4b0f0e31a5e307ee01e92cd2685a6e74c7e4,2c8677f4806213a3cfbd5552931a6c12ff5650a90e1c93294295cb97287cc404
simple,Fast Sanding Primer,20,BM-000000020,,"Benjamin Moore Fast Sanding Primer is an interior acrylic primer that Sands quickly to a smooth powder, providing an ultra-smooth, well-sealed base coat that levels beautifully for high-end finishes on wood, drywall, and plaster. Match it to the surface, work progressively, and use suitable eye, hand and respiratory protection for the material being removed.",Previously Described,Paints > Primers,"sanding primer, interior primer, primer sealer, surface preparation coating, primer, basecoat",Benjamin Moore,MOO01,https://raw.githubusercontent.com/kinggoff/NewSteelesImages/main/review-images/legacy-bm-000000020-fastssandingprimer_primer_benjaminmoore.png?raw=true,Image already existed,Finishes,,1,1,,,,,Primer=https://raw.githubusercontent.com/kinggoff/NewSteelesImages/main/PDFs/SDS/benjamin-moore-K50700_SDS_EN.pdf?raw=true,Primer=https://raw.githubusercontent.com/kinggoff/NewSteelesImages/main/PDFs/TDS/benjamin-moore-K507_TDS_CE.pdf?raw=true,Primer=https://raw.githubusercontent.com/kinggoff/NewSteelesImages/main/PDFs/SDS/benjamin-moore-K50700_SDS_EN.pdf?raw=true,,Primer=https://raw.githubusercontent.com/kinggoff/NewSteelesImages/main/PDFs/TDS/benjamin-moore-K507_TDS_CE.pdf?raw=true,,85e5ef0d06aaad7dee12e9175cd8a53a46b04d8de18eb665f57058fb4cff584a,52fa66dac71eb18491a6e9a82616d12c60230415cbdebb9924a3890503e0169f
simple,Drywall Primer,21,BM-000000021,,"Benjamin Moore Drywall Primer is an acrylic latex sealer formulated for new or previously painted drywall and plaster, offering high hiding power, excellent sealing, and fast dry times for a uniform finish. Confirm preparation, compatibility, application, coverage and recoat requirements in the current label or technical data sheet.",Previously Described,Paints > Primers,"drywall primer, interior primer, primer sealer, surface preparation coating, primer, basecoat",Benjamin Moore,MOO01,https://raw.githubusercontent.com/kinggoff/NewSteelesImages/main/review-images/legacy-bm-000000021-drywallprimer_primer_benjaminmoore.png?raw=true,Image already existed,Finishes,,1,1,,,,,Primer=https://raw.githubusercontent.com/kinggoff/NewSteelesImages/main/PDFs/SDS/benjamin-moore-K26500_SDS_EN.pdf?raw=true,Primer=https://raw.githubusercontent.com/kinggoff/NewSteelesImages/main/PDFs/TDS/benjamin-moore-K265_TDS_CE.pdf?raw=true,Primer=https://raw.githubusercontent.com/kinggoff/NewSteelesImages/main/PDFs/SDS/benjamin-moore-K26500_SDS_EN.pdf?raw=true,,Primer=https://raw.githubusercontent.com/kinggoff/NewSteelesImages/main/PDFs/TDS/benjamin-moore-K265_TDS_CE.pdf?raw=true,,b8023f99b22b758ae2d09f1952ed386316db22c2a80ea0d9a88c586503c69a0a,eea896ef478b96a29ed317972f54fdf242a97d45562c6c68f274f5e7fd69b585
simple,Advance Interior Paint,22,BM-000000022,,"Benjamin Moore advance interior is a premium waterborne alkyd paint that levels like a traditional oil, delivering a hard, furniture-quality finish on doors, trim, and cabinets with low odour and easy soap-and-water cleanup. Confirm preparation, compatibility, application, coverage and recoat requirements in the current label or technical data sheet.",Previously Described,Paints > Interior,"interior paint, architectural paint, wall paint, interior coating, cabinet paint, trim enamel, interior enamel, architectural coating",Benjamin Moore,MOO01,https://raw.githubusercontent.com/kinggoff/NewSteelesImages/main/review-images/legacy-bm-000000022-advance_specialty_benjaminmoore.png?raw=true,Image already existed,Finishes,Semi Gloss | Satin | High Gloss,1,1,,,,,"High Gloss=https://raw.githubusercontent.com/kinggoff/NewSteelesImages/main/PDFs/SDS/benjamin-moore-K79401_MSDS_EN.pdf?raw=true, https://raw.githubusercontent.com/kinggoff/NewSteelesImages/main/PDFs/SDS/benjamin-moore-K7941X_MSDS_EN.pdf?raw=true, https://raw.githubusercontent.com/kinggoff/NewSteelesImages/main/PDFs/SDS/benjamin-moore-K7942X_MSDS_EN.pdf?raw=true, https://raw.githubusercontent.com/kinggoff/NewSteelesImages/main/PDFs/SDS/benjamin-moore-K7943X_MSDS_EN.pdf?raw=true, https://raw.githubusercontent.com/kinggoff/NewSteelesImages/main/PDFs/SDS/benjamin-moore-K7944X_MSDS_EN.pdf?raw=true|Satin=https://raw.githubusercontent.com/kinggoff/NewSteelesImages/main/PDFs/SDS/benjamin-moore-K79201_SDS_EN.pdf?raw=true, https://raw.githubusercontent.com/kinggoff/NewSteelesImages/main/PDFs/SDS/benjamin-moore-K7921X_SDS_EN.pdf?raw=true, https://raw.githubusercontent.com/kinggoff/NewSteelesImages/main/PDFs/SDS/benjamin-moore-K7922X_SDS_EN.pdf?raw=true, https://raw.githubusercontent.com/kinggoff/NewSteelesImages/main/PDFs/SDS/benjamin-moore-K7923X_SDS_EN.pdf?raw=true, https://raw.githubusercontent.com/kinggoff/NewSteelesImages/main/PDFs/SDS/benjamin-moore-K7924X_SDS_EN.pdf?raw=true|Semi Gloss=https://raw.githubusercontent.com/kinggoff/NewSteelesImages/main/PDFs/SDS/benjamin-moore-K79301_SDS_EN.pdf?raw=true, https://raw.githubusercontent.com/kinggoff/NewSteelesImages/main/PDFs/SDS/benjamin-moore-K7931X_SDS_EN.pdf?raw=true, https://raw.githubusercontent.com/kinggoff/NewSteelesImages/main/PDFs/SDS/benjamin-moore-K7932X_SDS_EN.pdf?raw=true, https://raw.githubusercontent.com/kinggoff/NewSteelesImages/main/PDFs/SDS/benjamin-moore-K7933X_SDS_EN.pdf?raw=true, https://raw.githubusercontent.com/kinggoff/NewSteelesImages/main/PDFs/SDS/benjamin-moore-K7934X_SDS_EN.pdf?raw=true, https://raw.githubusercontent.com/kinggoff/NewSteelesImages/main/PDFs/SDS/benjamin-moore-K79380_SDS_EN.pdf?raw=true",High Gloss=https://raw.githubusercontent.com/kinggoff/NewSteelesImages/main/PDFs/TDS/benjamin-moore-F794_TDS_CE.pdf?raw=true|Satin=https://raw.githubusercontent.com/kinggoff/NewSteelesImages/main/PDFs/TDS/benjamin-moore-K792_TDS_CE.pdf?raw=true|Semi Gloss=https://raw.githubusercontent.com/kinggoff/NewSteelesImages/main/PDFs/TDS/benjamin-moore-K793_TDS_CE.pdf?raw=true,"High Gloss=https://raw.githubusercontent.com/kinggoff/NewSteelesImages/main/PDFs/SDS/benjamin-moore-K79401_MSDS_EN.pdf?raw=true, https://raw.githubusercontent.com/kinggoff/NewSteelesImages/main/PDFs/SDS/benjamin-moore-K7941X_MSDS_EN.pdf?raw=true, https://raw.githubusercontent.com/kinggoff/NewSteelesImages/main/PDFs/SDS/benjamin-moore-K7942X_MSDS_EN.pdf?raw=true, https://raw.githubusercontent.com/kinggoff/NewSteelesImages/main/PDFs/SDS/benjamin-moore-K7943X_MSDS_EN.pdf?raw=true, https://raw.githubusercontent.com/kinggoff/NewSteelesImages/main/PDFs/SDS/benjamin-moore-K7944X_MSDS_EN.pdf?raw=true|Satin=https://raw.githubusercontent.com/kinggoff/NewSteelesImages/main/PDFs/SDS/benjamin-moore-K79201_SDS_EN.pdf?raw=true, https://raw.githubusercontent.com/kinggoff/NewSteelesImages/main/PDFs/SDS/benjamin-moore-K7921X_SDS_EN.pdf?raw=true, https://raw.githubusercontent.com/kinggoff/NewSteelesImages/main/PDFs/SDS/benjamin-moore-K7922X_SDS_EN.pdf?raw=true, https://raw.githubusercontent.com/kinggoff/NewSteelesImages/main/PDFs/SDS/benjamin-moore-K7923X_SDS_EN.pdf?raw=true, https://raw.githubusercontent.com/kinggoff/NewSteelesImages/main/PDFs/SDS/benjamin-moore-K7924X_SDS_EN.pdf?raw=true|Semi Gloss=https://raw.githubusercontent.com/kinggoff/NewSteelesImages/main/PDFs/SDS/benjamin-moore-K79301_SDS_EN.pdf?raw=true, https://raw.githubusercontent.com/kinggoff/NewSteelesImages/main/PDFs/SDS/benjamin-moore-K7931X_SDS_EN.pdf?raw=true, https://raw.githubusercontent.com/kinggoff/NewSteelesImages/main/PDFs/SDS/benjamin-moore-K7932X_SDS_EN.pdf?raw=true, https://raw.githubusercontent.com/kinggoff/NewSteelesImages/main/PDFs/SDS/benjamin-moore-K7933X_SDS_EN.pdf?raw=true, https://raw.githubusercontent.com/kinggoff/NewSteelesImages/main/PDFs/SDS/benjamin-moore-K7934X_SDS_EN.pdf?raw=true, https://raw.githubusercontent.com/kinggoff/NewSteelesImages/main/PDFs/SDS/benjamin-moore-K79380_SDS_EN.pdf?raw=true",,High Gloss=https://raw.githubusercontent.com/kinggoff/NewSteelesImages/main/PDFs/TDS/benjamin-moore-F794_TDS_CE.pdf?raw=true|Satin=https://raw.githubusercontent.com/kinggoff/NewSteelesImages/main/PDFs/TDS/benjamin-moore-K792_TDS_CE.pdf?raw=true|Semi Gloss=https://raw.githubusercontent.com/kinggoff/NewSteelesImages/main/PDFs/TDS/benjamin-moore-K793_TDS_CE.pdf?raw=true,,4990990de2858fe0b133a5b8c1c1a40a91a8bab8666b21e67dd331de3f4849a1,a7009a00f07baaedcfca5edf112ee6e9c010cc0b3819c4c23337e25050212592
simple,Floor & Patio Latex Enamel,23,BM-000000023,,"Benjamin Moore Floor & Patio latex enamels are quick-drying, epoxy-modified acrylic floor paints that resist soaps, detergents, grease, and oil while providing a smooth, durable finish for interior and exterior concrete and wood floors. Confirm preparation, compatibility, application, coverage and recoat requirements in the current label or technical data sheet.",Previously Described,Paints > Exterior,"floor paint, porch and patio paint, concrete floor coating, protective coating",Benjamin Moore,MOO01,https://raw.githubusercontent.com/kinggoff/NewSteelesImages/main/review-images/legacy-bm-000000023-floorpatiolatexenamel_specialtypaint_benjaminmoore.png?raw=true,Image already existed,Finishes,High Gloss | Low Sheen,1,1,,,,,"Low Sheen=https://raw.githubusercontent.com/kinggoff/NewSteelesImages/main/PDFs/SDS/benjamin-moore-F12201_SDS_EN.pdf?raw=true, https://raw.githubusercontent.com/kinggoff/NewSteelesImages/main/PDFs/SDS/benjamin-moore-F1221X_SDS_EN.pdf?raw=true, https://raw.githubusercontent.com/kinggoff/NewSteelesImages/main/PDFs/SDS/benjamin-moore-F1222X_SDS_EN.pdf?raw=true, https://raw.githubusercontent.com/kinggoff/NewSteelesImages/main/PDFs/SDS/benjamin-moore-F1223X_SDS_EN.pdf?raw=true, https://raw.githubusercontent.com/kinggoff/NewSteelesImages/main/PDFs/SDS/benjamin-moore-F1224X_SDS_EN.pdf?raw=true, https://raw.githubusercontent.com/kinggoff/NewSteelesImages/main/PDFs/SDS/benjamin-moore-F12274_SDS_EN.pdf?raw=true|High Gloss=https://raw.githubusercontent.com/kinggoff/NewSteelesImages/main/PDFs/SDS/benjamin-moore-K1211X_SDS_EN.pdf?raw=true, https://raw.githubusercontent.com/kinggoff/NewSteelesImages/main/PDFs/SDS/benjamin-moore-K1212X_SDS_EN.pdf?raw=true, https://raw.githubusercontent.com/kinggoff/NewSteelesImages/main/PDFs/SDS/benjamin-moore-K1213X_SDS_EN.pdf?raw=true, https://raw.githubusercontent.com/kinggoff/NewSteelesImages/main/PDFs/SDS/benjamin-moore-K1214X_SDS_EN.pdf?raw=true, https://raw.githubusercontent.com/kinggoff/NewSteelesImages/main/PDFs/SDS/benjamin-moore-K12101_SDS_EN.pdf?raw=true, https://raw.githubusercontent.com/kinggoff/NewSteelesImages/main/PDFs/SDS/benjamin-moore-K12174_SDS_EN.pdf?raw=true",High Gloss=https://raw.githubusercontent.com/kinggoff/NewSteelesImages/main/PDFs/TDS/benjamin-moore-K121_TDS_CE.pdf?raw=true|Low Sheen=https://raw.githubusercontent.com/kinggoff/NewSteelesImages/main/PDFs/TDS/benjamin-moore-F122_TDS_CE.pdf?raw=true,"Low Sheen=https://raw.githubusercontent.com/kinggoff/NewSteelesImages/main/PDFs/SDS/benjamin-moore-F12201_SDS_EN.pdf?raw=true, https://raw.githubusercontent.com/kinggoff/NewSteelesImages/main/PDFs/SDS/benjamin-moore-F1221X_SDS_EN.pdf?raw=true, https://raw.githubusercontent.com/kinggoff/NewSteelesImages/main/PDFs/SDS/benjamin-moore-F1222X_SDS_EN.pdf?raw=true, https://raw.githubusercontent.com/kinggoff/NewSteelesImages/main/PDFs/SDS/benjamin-moore-F1223X_SDS_EN.pdf?raw=true, https://raw.githubusercontent.com/kinggoff/NewSteelesImages/main/PDFs/SDS/benjamin-moore-F1224X_SDS_EN.pdf?raw=true, https://raw.githubusercontent.com/kinggoff/NewSteelesImages/main/PDFs/SDS/benjamin-moore-F12274_SDS_EN.pdf?raw=true|High Gloss=https://raw.githubusercontent.com/kinggoff/NewSteelesImages/main/PDFs/SDS/benjamin-moore-K1211X_SDS_EN.pdf?raw=true, https://raw.githubusercontent.com/kinggoff/NewSteelesImages/main/PDFs/SDS/benjamin-moore-K1212X_SDS_EN.pdf?raw=true, https://raw.githubusercontent.com/kinggoff/NewSteelesImages/main/PDFs/SDS/benjamin-moore-K1213X_SDS_EN.pdf?raw=true, https://raw.githubusercontent.com/kinggoff/NewSteelesImages/main/PDFs/SDS/benjamin-moore-K1214X_SDS_EN.pdf?raw=true, https://raw.githubusercontent.com/kinggoff/NewSteelesImages/main/PDFs/SDS/benjamin-moore-K12101_SDS_EN.pdf?raw=true, https://raw.githubusercontent.com/kinggoff/NewSteelesImages/main/PDFs/SDS/benjamin-moore-K12174_SDS_EN.pdf?raw=true",,High Gloss=https://raw.githubusercontent.com/kinggoff/NewSteelesImages/main/PDFs/TDS/benjamin-moore-K121_TDS_CE.pdf?raw=true|Low Sheen=https://raw.githubusercontent.com/kinggoff/NewSteelesImages/main/PDFs/TDS/benjamin-moore-F122_TDS_CE.pdf?raw=true,,07f935cca4a76a78d7c854d4ec22072ba58e69ce98cfbc58b509de0fc4b0cff8,0f04bc53d63e9742e8735ea99ae8d5f3775b517efa7bb79678aa1417b4ff7554
simple,"Cabinet Coat Door, Trim & Cabinet Enamel",24,I-000000024,,"Insl-X Cabinet Coat is a urethane-acrylic enamel that delivers an ultra-smooth, factory-like finish on cabinets, trim, and furniture, with excellent adhesion and resistance to Chipping, scuffing, food stains, grease, and water. The master lists Pearl finish options. Confirm preparation, compatibility, application, coverage and recoat requirements in the current label or technical data sheet.",Previously Described,Paints > Interior,"cabinet paint, trim enamel, interior enamel, architectural coating",Insl-X,MOO01,https://raw.githubusercontent.com/kinggoff/NewSteelesImages/main/review-images/legacy-i-000000024-cabinetcoat_specialty_inslx.png?raw=true,Image already existed,Finishes,Pearl,1,1,,,,,"Satin=https://raw.githubusercontent.com/kinggoff/NewSteelesImages/main/PDFs/SDS/insl-x-CC651BF_SDS_EN.pdf?raw=true, https://raw.githubusercontent.com/kinggoff/NewSteelesImages/main/PDFs/SDS/insl-x-CC652BF_SDS_EN.pdf?raw=true, https://raw.githubusercontent.com/kinggoff/NewSteelesImages/main/PDFs/SDS/insl-x-CC653BF_SDS_EN.pdf?raw=true, https://raw.githubusercontent.com/kinggoff/NewSteelesImages/main/PDFs/SDS/insl-x-CC654BF_SDS_EN.pdf?raw=true, https://raw.githubusercontent.com/kinggoff/NewSteelesImages/main/PDFs/SDS/insl-x-CC6501F_SDS_EN.pdf?raw=true",Satin=https://raw.githubusercontent.com/kinggoff/NewSteelesImages/main/PDFs/TDS/insl-x-CC-65XX_TDS_CE.pdf?raw=true,"Satin=https://raw.githubusercontent.com/kinggoff/NewSteelesImages/main/PDFs/SDS/insl-x-CC651BF_SDS_EN.pdf?raw=true, https://raw.githubusercontent.com/kinggoff/NewSteelesImages/main/PDFs/SDS/insl-x-CC652BF_SDS_EN.pdf?raw=true, https://raw.githubusercontent.com/kinggoff/NewSteelesImages/main/PDFs/SDS/insl-x-CC653BF_SDS_EN.pdf?raw=true, https://raw.githubusercontent.com/kinggoff/NewSteelesImages/main/PDFs/SDS/insl-x-CC654BF_SDS_EN.pdf?raw=true, https://raw.githubusercontent.com/kinggoff/NewSteelesImages/main/PDFs/SDS/insl-x-CC6501F_SDS_EN.pdf?raw=true",,Satin=https://raw.githubusercontent.com/kinggoff/NewSteelesImages/main/PDFs/TDS/insl-x-CC-65XX_TDS_CE.pdf?raw=true,,365ef60638b5a08bb3e8e542566221a351fc78b3de875e20fd142946d125bf91,7534a71bccaaaa17913f3b65401f6403627750c2fbc885224ba7de05edd70c65
simple,Ultra Spec 500 Interior Paint,25,BM-000000025,,"Benjamin Moore Ultra Spec 500 is a zero-VOC, professional-grade interior coating that offers excellent hide, easy application, and durable, washable finishes making it a go-to choice for commercial spaces and large-scale projects. Confirm preparation, compatibility, application, coverage and recoat requirements in the current label or technical data sheet.",Previously Described,Paints > Interior,"interior paint, architectural paint, wall paint, interior coating",Benjamin Moore,MOO01,https://raw.githubusercontent.com/kinggoff/NewSteelesImages/main/review-images/legacy-bm-000000025-ultraspec500_commercial_benjaminmoore.png?raw=true,Image already existed,Finishes,Eggshell | Low Sheen Eggshell | Flat | Pearl | Semi Gloss,1,1,,,,,"Eggshell=https://raw.githubusercontent.com/kinggoff/NewSteelesImages/main/PDFs/SDS/benjamin-moore-F5381X_SDS_EN.pdf?raw=true, https://raw.githubusercontent.com/kinggoff/NewSteelesImages/main/PDFs/SDS/benjamin-moore-F5382X_SDS_EN.pdf?raw=true, https://raw.githubusercontent.com/kinggoff/NewSteelesImages/main/PDFs/SDS/benjamin-moore-F5383X_SDS_EN.pdf?raw=true, https://raw.githubusercontent.com/kinggoff/NewSteelesImages/main/PDFs/SDS/benjamin-moore-F5384X_SDS_EN.pdf?raw=true, https://raw.githubusercontent.com/kinggoff/NewSteelesImages/main/PDFs/SDS/benjamin-moore-F53801_SDS_EN.pdf?raw=true|Low Sheen Eggshell=https://raw.githubusercontent.com/kinggoff/NewSteelesImages/main/PDFs/SDS/benjamin-moore-F5371X_SDS_EN.pdf?raw=true, https://raw.githubusercontent.com/kinggoff/NewSteelesImages/main/PDFs/SDS/benjamin-moore-F5372X_SDS_EN.pdf?raw=true, https://raw.githubusercontent.com/kinggoff/NewSteelesImages/main/PDFs/SDS/benjamin-moore-F5373X_SDS_EN.pdf?raw=true, https://raw.githubusercontent.com/kinggoff/NewSteelesImages/main/PDFs/SDS/benjamin-moore-F5374X_SDS_EN.pdf?raw=true, https://raw.githubusercontent.com/kinggoff/NewSteelesImages/main/PDFs/SDS/benjamin-moore-F53701_SDS_EN.pdf?raw=true|Flat=https://raw.githubusercontent.com/kinggoff/NewSteelesImages/main/PDFs/SDS/benjamin-moore-F5351X_SDS_EN.pdf?raw=true, https://raw.githubusercontent.com/kinggoff/NewSteelesImages/main/PDFs/SDS/benjamin-moore-F5352X_SDS_EN.pdf?raw=true, https://raw.githubusercontent.com/kinggoff/NewSteelesImages/main/PDFs/SDS/benjamin-moore-F5353X_SDS_EN.pdf?raw=true, https://raw.githubusercontent.com/kinggoff/NewSteelesImages/main/PDFs/SDS/benjamin-moore-F5354X_SDS_EN.pdf?raw=true|Satin Pearl=https://raw.githubusercontent.com/kinggoff/NewSteelesImages/main/PDFs/SDS/benjamin-moore-F5451X_SDS_EN.pdf?raw=true, https://raw.githubusercontent.com/kinggoff/NewSteelesImages/main/PDFs/SDS/benjamin-moore-S5451X_SDS_EN.pdf?raw=true, https://raw.githubusercontent.com/kinggoff/NewSteelesImages/main/PDFs/SDS/benjamin-moore-F5452X_SDS_EN.pdf?raw=true, https://raw.githubusercontent.com/kinggoff/NewSteelesImages/main/PDFs/SDS/benjamin-moore-S5452X_SDS_EN.pdf?raw=true, https://raw.githubusercontent.com/kinggoff/NewSteelesImages/main/PDFs/SDS/benjamin-moore-F5453X_SDS_EN.pdf?raw=true, https://raw.githubusercontent.com/kinggoff/NewSteelesImages/main/PDFs/SDS/benjamin-moore-S5453X_SDS_EN.pdf?raw=true, https://raw.githubusercontent.com/kinggoff/NewSteelesImages/main/PDFs/SDS/benjamin-moore-F5454X_SDS_EN.pdf?raw=true, https://raw.githubusercontent.com/kinggoff/NewSteelesImages/main/PDFs/SDS/benjamin-moore-S5454X_SDS_EN.pdf?raw=true|Semi Gloss=https://raw.githubusercontent.com/kinggoff/NewSteelesImages/main/PDFs/SDS/benjamin-moore-K5391X_SDS_EN.pdf?raw=true, https://raw.githubusercontent.com/kinggoff/NewSteelesImages/main/PDFs/SDS/benjamin-moore-K5392X_SDS_EN.pdf?raw=true, https://raw.githubusercontent.com/kinggoff/NewSteelesImages/main/PDFs/SDS/benjamin-moore-K5393X_SDS_EN.pdf?raw=true, https://raw.githubusercontent.com/kinggoff/NewSteelesImages/main/PDFs/SDS/benjamin-moore-K5394X_SDS_EN.pdf?raw=true, https://raw.githubusercontent.com/kinggoff/NewSteelesImages/main/PDFs/SDS/benjamin-moore-F54601_SDS_EN.pdf?raw=true",Eggshell=https://raw.githubusercontent.com/kinggoff/NewSteelesImages/main/PDFs/TDS/benjamin-moore-F538_TDS_CE.pdf?raw=true|Flat=https://raw.githubusercontent.com/kinggoff/NewSteelesImages/main/PDFs/TDS/benjamin-moore-F535_TDS_CE.pdf?raw=true|Low Sheen Eggshell=https://raw.githubusercontent.com/kinggoff/NewSteelesImages/main/PDFs/TDS/benjamin-moore-F537_TDS_CE.pdf?raw=true|Satin Pearl=https://raw.githubusercontent.com/kinggoff/NewSteelesImages/main/PDFs/TDS/benjamin-moore-F545_TDS_CE.pdf?raw=true|Semi Gloss=https://raw.githubusercontent.com/kinggoff/NewSteelesImages/main/PDFs/TDS/benjamin-moore-F546_TDS_CE.pdf?raw=true,"Eggshell=https://raw.githubusercontent.com/kinggoff/NewSteelesImages/main/PDFs/SDS/benjamin-moore-F5381X_SDS_EN.pdf?raw=true, https://raw.githubusercontent.com/kinggoff/NewSteelesImages/main/PDFs/SDS/benjamin-moore-F5382X_SDS_EN.pdf?raw=true, https://raw.githubusercontent.com/kinggoff/NewSteelesImages/main/PDFs/SDS/benjamin-moore-F5383X_SDS_EN.pdf?raw=true, https://raw.githubusercontent.com/kinggoff/NewSteelesImages/main/PDFs/SDS/benjamin-moore-F5384X_SDS_EN.pdf?raw=true, https://raw.githubusercontent.com/kinggoff/NewSteelesImages/main/PDFs/SDS/benjamin-moore-F53801_SDS_EN.pdf?raw=true|Low Sheen Eggshell=https://raw.githubusercontent.com/kinggoff/NewSteelesImages/main/PDFs/SDS/benjamin-moore-F5371X_SDS_EN.pdf?raw=true, https://raw.githubusercontent.com/kinggoff/NewSteelesImages/main/PDFs/SDS/benjamin-moore-F5372X_SDS_EN.pdf?raw=true, https://raw.githubusercontent.com/kinggoff/NewSteelesImages/main/PDFs/SDS/benjamin-moore-F5373X_SDS_EN.pdf?raw=true, https://raw.githubusercontent.com/kinggoff/NewSteelesImages/main/PDFs/SDS/benjamin-moore-F5374X_SDS_EN.pdf?raw=true, https://raw.githubusercontent.com/kinggoff/NewSteelesImages/main/PDFs/SDS/benjamin-moore-F53701_SDS_EN.pdf?raw=true|Flat=https://raw.githubusercontent.com/kinggoff/NewSteelesImages/main/PDFs/SDS/benjamin-moore-F5351X_SDS_EN.pdf?raw=true, https://raw.githubusercontent.com/kinggoff/NewSteelesImages/main/PDFs/SDS/benjamin-moore-F5352X_SDS_EN.pdf?raw=true, https://raw.githubusercontent.com/kinggoff/NewSteelesImages/main/PDFs/SDS/benjamin-moore-F5353X_SDS_EN.pdf?raw=true, https://raw.githubusercontent.com/kinggoff/NewSteelesImages/main/PDFs/SDS/benjamin-moore-F5354X_SDS_EN.pdf?raw=true|Satin Pearl=https://raw.githubusercontent.com/kinggoff/NewSteelesImages/main/PDFs/SDS/benjamin-moore-F5451X_SDS_EN.pdf?raw=true, https://raw.githubusercontent.com/kinggoff/NewSteelesImages/main/PDFs/SDS/benjamin-moore-S5451X_SDS_EN.pdf?raw=true, https://raw.githubusercontent.com/kinggoff/NewSteelesImages/main/PDFs/SDS/benjamin-moore-F5452X_SDS_EN.pdf?raw=true, https://raw.githubusercontent.com/kinggoff/NewSteelesImages/main/PDFs/SDS/benjamin-moore-S5452X_SDS_EN.pdf?raw=true, https://raw.githubusercontent.com/kinggoff/NewSteelesImages/main/PDFs/SDS/benjamin-moore-F5453X_SDS_EN.pdf?raw=true, https://raw.githubusercontent.com/kinggoff/NewSteelesImages/main/PDFs/SDS/benjamin-moore-S5453X_SDS_EN.pdf?raw=true, https://raw.githubusercontent.com/kinggoff/NewSteelesImages/main/PDFs/SDS/benjamin-moore-F5454X_SDS_EN.pdf?raw=true, https://raw.githubusercontent.com/kinggoff/NewSteelesImages/main/PDFs/SDS/benjamin-moore-S5454X_SDS_EN.pdf?raw=true|Semi Gloss=https://raw.githubusercontent.com/kinggoff/NewSteelesImages/main/PDFs/SDS/benjamin-moore-K5391X_SDS_EN.pdf?raw=true, https://raw.githubusercontent.com/kinggoff/NewSteelesImages/main/PDFs/SDS/benjamin-moore-K5392X_SDS_EN.pdf?raw=true, https://raw.githubusercontent.com/kinggoff/NewSteelesImages/main/PDFs/SDS/benjamin-moore-K5393X_SDS_EN.pdf?raw=true, https://raw.githubusercontent.com/kinggoff/NewSteelesImages/main/PDFs/SDS/benjamin-moore-K5394X_SDS_EN.pdf?raw=true, https://raw.githubusercontent.com/kinggoff/NewSteelesImages/main/PDFs/SDS/benjamin-moore-F54601_SDS_EN.pdf?raw=true",,Eggshell=https://raw.githubusercontent.com/kinggoff/NewSteelesImages/main/PDFs/TDS/benjamin-moore-F538_TDS_CE.pdf?raw=true|Flat=https://raw.githubusercontent.com/kinggoff/NewSteelesImages/main/PDFs/TDS/benjamin-moore-F535_TDS_CE.pdf?raw=true|Low Sheen Eggshell=https://raw.githubusercontent.com/kinggoff/NewSteelesImages/main/PDFs/TDS/benjamin-moore-F537_TDS_CE.pdf?raw=true|Satin Pearl=https://raw.githubusercontent.com/kinggoff/NewSteelesImages/main/PDFs/TDS/benjamin-moore-F545_TDS_CE.pdf?raw=true|Semi Gloss=https://raw.githubusercontent.com/kinggoff/NewSteelesImages/main/PDFs/TDS/benjamin-moore-F546_TDS_CE.pdf?raw=true,,7d85fa29f8072c7f188c6888c3393af649a229544fd908b19af5f6fb08569063,4fa93f2ee8dca2234303fddbfd03a00c59b672233e254d10c829d9ebc8fa47b0
simple,Scuff-X Interior Paint,26,BM-000000026,,"Benjamin Moore Scuff-X is a breakthrough one-component interior latex coating engineered for busy commercial spaces, featuring patented scuff-resistant technology, outstanding durability, easy cleanability, and quick dry times. Confirm preparation, compatibility, application, coverage and recoat requirements in the current label or technical data sheet.",Previously Described,Paints > Interior,"interior paint, architectural paint, wall paint, interior coating",Benjamin Moore,MOO01,https://raw.githubusercontent.com/kinggoff/NewSteelesImages/main/review-images/legacy-bm-000000026-scuffx_commercial_benjaminmoore.png?raw=true,Image already existed,Finishes,Matte | Semi Gloss | Eggshell | Satin,1,1,,,,,"Eggshell=https://raw.githubusercontent.com/kinggoff/NewSteelesImages/main/PDFs/SDS/benjamin-moore-F4851X_SDS_EN.pdf?raw=true, https://raw.githubusercontent.com/kinggoff/NewSteelesImages/main/PDFs/SDS/benjamin-moore-F4852X_SDS_EN.pdf?raw=true, https://raw.githubusercontent.com/kinggoff/NewSteelesImages/main/PDFs/SDS/benjamin-moore-F4853X_SDS_EN.pdf?raw=true, https://raw.githubusercontent.com/kinggoff/NewSteelesImages/main/PDFs/SDS/benjamin-moore-F4854X_SDS_EN.pdf?raw=true, https://raw.githubusercontent.com/kinggoff/NewSteelesImages/main/PDFs/SDS/benjamin-moore-F48501_SDS_EN.pdf?raw=true|Matte=https://raw.githubusercontent.com/kinggoff/NewSteelesImages/main/PDFs/SDS/benjamin-moore-F4841X_SDS_EN.pdf?raw=true, https://raw.githubusercontent.com/kinggoff/NewSteelesImages/main/PDFs/SDS/benjamin-moore-F4842X_SDS_EN.pdf?raw=true, https://raw.githubusercontent.com/kinggoff/NewSteelesImages/main/PDFs/SDS/benjamin-moore-F4843X_SDS_EN.pdf?raw=true, https://raw.githubusercontent.com/kinggoff/NewSteelesImages/main/PDFs/SDS/benjamin-moore-F4844X_SDS_EN.pdf?raw=true, https://raw.githubusercontent.com/kinggoff/NewSteelesImages/main/PDFs/SDS/benjamin-moore-F48401_SDS_EN.pdf?raw=true|Pearl=https://raw.githubusercontent.com/kinggoff/NewSteelesImages/main/PDFs/SDS/benjamin-moore-F4861X_SDS_EN.pdf?raw=true, https://raw.githubusercontent.com/kinggoff/NewSteelesImages/main/PDFs/SDS/benjamin-moore-F4862X_SDS_EN.pdf?raw=true, https://raw.githubusercontent.com/kinggoff/NewSteelesImages/main/PDFs/SDS/benjamin-moore-F4863X_SDS_EN.pdf?raw=true, https://raw.githubusercontent.com/kinggoff/NewSteelesImages/main/PDFs/SDS/benjamin-moore-F4864X_SDS_EN.pdf?raw=true, https://raw.githubusercontent.com/kinggoff/NewSteelesImages/main/PDFs/SDS/benjamin-moore-F48601_SDS_EN.pdf?raw=true|Semi Gloss=https://raw.githubusercontent.com/kinggoff/NewSteelesImages/main/PDFs/SDS/benjamin-moore-F4871X_SDS_EN.pdf?raw=true, https://raw.githubusercontent.com/kinggoff/NewSteelesImages/main/PDFs/SDS/benjamin-moore-F4872X_SDS_EN.pdf?raw=true, https://raw.githubusercontent.com/kinggoff/NewSteelesImages/main/PDFs/SDS/benjamin-moore-F4873X_SDS_EN.pdf?raw=true, https://raw.githubusercontent.com/kinggoff/NewSteelesImages/main/PDFs/SDS/benjamin-moore-F4874X_SDS_EN.pdf?raw=true, https://raw.githubusercontent.com/kinggoff/NewSteelesImages/main/PDFs/SDS/benjamin-moore-F48701_SDS_EN.pdf?raw=true",Eggshell=https://raw.githubusercontent.com/kinggoff/NewSteelesImages/main/PDFs/TDS/benjamin-moore-F485_TDS_CE.pdf?raw=true|Matte=https://raw.githubusercontent.com/kinggoff/NewSteelesImages/main/PDFs/TDS/benjamin-moore-F484_TDS_CE.pdf?raw=true|Pearl=https://raw.githubusercontent.com/kinggoff/NewSteelesImages/main/PDFs/TDS/benjamin-moore-F486_TDS_CE.pdf?raw=true|Semi Gloss=https://raw.githubusercontent.com/kinggoff/NewSteelesImages/main/PDFs/TDS/benjamin-moore-F487_TDS_CE.pdf?raw=true,"Eggshell=https://raw.githubusercontent.com/kinggoff/NewSteelesImages/main/PDFs/SDS/benjamin-moore-F4851X_SDS_EN.pdf?raw=true, https://raw.githubusercontent.com/kinggoff/NewSteelesImages/main/PDFs/SDS/benjamin-moore-F4852X_SDS_EN.pdf?raw=true, https://raw.githubusercontent.com/kinggoff/NewSteelesImages/main/PDFs/SDS/benjamin-moore-F4853X_SDS_EN.pdf?raw=true, https://raw.githubusercontent.com/kinggoff/NewSteelesImages/main/PDFs/SDS/benjamin-moore-F4854X_SDS_EN.pdf?raw=true, https://raw.githubusercontent.com/kinggoff/NewSteelesImages/main/PDFs/SDS/benjamin-moore-F48501_SDS_EN.pdf?raw=true|Matte=https://raw.githubusercontent.com/kinggoff/NewSteelesImages/main/PDFs/SDS/benjamin-moore-F4841X_SDS_EN.pdf?raw=true, https://raw.githubusercontent.com/kinggoff/NewSteelesImages/main/PDFs/SDS/benjamin-moore-F4842X_SDS_EN.pdf?raw=true, https://raw.githubusercontent.com/kinggoff/NewSteelesImages/main/PDFs/SDS/benjamin-moore-F4843X_SDS_EN.pdf?raw=true, https://raw.githubusercontent.com/kinggoff/NewSteelesImages/main/PDFs/SDS/benjamin-moore-F4844X_SDS_EN.pdf?raw=true, https://raw.githubusercontent.com/kinggoff/NewSteelesImages/main/PDFs/SDS/benjamin-moore-F48401_SDS_EN.pdf?raw=true|Pearl=https://raw.githubusercontent.com/kinggoff/NewSteelesImages/main/PDFs/SDS/benjamin-moore-F4861X_SDS_EN.pdf?raw=true, https://raw.githubusercontent.com/kinggoff/NewSteelesImages/main/PDFs/SDS/benjamin-moore-F4862X_SDS_EN.pdf?raw=true, https://raw.githubusercontent.com/kinggoff/NewSteelesImages/main/PDFs/SDS/benjamin-moore-F4863X_SDS_EN.pdf?raw=true, https://raw.githubusercontent.com/kinggoff/NewSteelesImages/main/PDFs/SDS/benjamin-moore-F4864X_SDS_EN.pdf?raw=true, https://raw.githubusercontent.com/kinggoff/NewSteelesImages/main/PDFs/SDS/benjamin-moore-F48601_SDS_EN.pdf?raw=true|Semi Gloss=https://raw.githubusercontent.com/kinggoff/NewSteelesImages/main/PDFs/SDS/benjamin-moore-F4871X_SDS_EN.pdf?raw=true, https://raw.githubusercontent.com/kinggoff/NewSteelesImages/main/PDFs/SDS/benjamin-moore-F4872X_SDS_EN.pdf?raw=true, https://raw.githubusercontent.com/kinggoff/NewSteelesImages/main/PDFs/SDS/benjamin-moore-F4873X_SDS_EN.pdf?raw=true, https://raw.githubusercontent.com/kinggoff/NewSteelesImages/main/PDFs/SDS/benjamin-moore-F4874X_SDS_EN.pdf?raw=true, https://raw.githubusercontent.com/kinggoff/NewSteelesImages/main/PDFs/SDS/benjamin-moore-F48701_SDS_EN.pdf?raw=true",,Eggshell=https://raw.githubusercontent.com/kinggoff/NewSteelesImages/main/PDFs/TDS/benjamin-moore-F485_TDS_CE.pdf?raw=true|Matte=https://raw.githubusercontent.com/kinggoff/NewSteelesImages/main/PDFs/TDS/benjamin-moore-F484_TDS_CE.pdf?raw=true|Pearl=https://raw.githubusercontent.com/kinggoff/NewSteelesImages/main/PDFs/TDS/benjamin-moore-F486_TDS_CE.pdf?raw=true|Semi Gloss=https://raw.githubusercontent.com/kinggoff/NewSteelesImages/main/PDFs/TDS/benjamin-moore-F487_TDS_CE.pdf?raw=true,,483a21b976e141cda1847e4460dfe82d8650d1cfa63ec4ff425efcd6bf274efe,2a87987fec209d82eb64047c693b505c18747663fbb6fbeaaa4d8dc4f6ff41fe
simple,Eco Spec Interior Paint,27,BM-000000027,,"Eco Spec is Benjamin Moore's greenest interior paint line, delivering low odour, zero VOCs, and zero emissions while providing excellent hide, washability, and quick return to service ideal for health-sensitive and eco-focused spaces. Confirm preparation, compatibility, application, coverage and recoat requirements in the current label or technical data sheet.",Previously Described,Paints > Interior,"interior paint, architectural paint, wall paint, interior coating",Benjamin Moore,MOO01,https://raw.githubusercontent.com/kinggoff/NewSteelesImages/main/review-images/legacy-bm-000000027-ecospec_commercial_benjaminmoore.png?raw=true,Image already existed,Finishes,Flat | Eggshell | Semi Gloss | Flat,1,1,,,,,"Eggshell=https://raw.githubusercontent.com/kinggoff/NewSteelesImages/main/PDFs/SDS/benjamin-moore-Y37401_SDS_EN.pdf?raw=true, https://raw.githubusercontent.com/kinggoff/NewSteelesImages/main/PDFs/SDS/benjamin-moore-Y3741X_SDS_EN.pdf?raw=true, https://raw.githubusercontent.com/kinggoff/NewSteelesImages/main/PDFs/SDS/benjamin-moore-Y3742X_SDS_EN.pdf?raw=true, https://raw.githubusercontent.com/kinggoff/NewSteelesImages/main/PDFs/SDS/benjamin-moore-Y3743X_SDS_EN.pdf?raw=true, https://raw.githubusercontent.com/kinggoff/NewSteelesImages/main/PDFs/SDS/benjamin-moore-Y3744X_SDS_EN.pdf?raw=true|Flat=https://raw.githubusercontent.com/kinggoff/NewSteelesImages/main/PDFs/SDS/benjamin-moore-Y37301_SDS_EN.pdf?raw=true, https://raw.githubusercontent.com/kinggoff/NewSteelesImages/main/PDFs/SDS/benjamin-moore-Y3731X_SDS_EN.pdf?raw=true, https://raw.githubusercontent.com/kinggoff/NewSteelesImages/main/PDFs/SDS/benjamin-moore-Y3732X_SDS_EN.pdf?raw=true, https://raw.githubusercontent.com/kinggoff/NewSteelesImages/main/PDFs/SDS/benjamin-moore-Y3733X_SDS_EN.pdf?raw=true, https://raw.githubusercontent.com/kinggoff/NewSteelesImages/main/PDFs/SDS/benjamin-moore-Y3734X_SDS_EN.pdf?raw=true|Pearl=https://raw.githubusercontent.com/kinggoff/NewSteelesImages/main/PDFs/SDS/benjamin-moore-Y37501_SDS_EN.pdf?raw=true, https://raw.githubusercontent.com/kinggoff/NewSteelesImages/main/PDFs/SDS/benjamin-moore-Y3751X_SDS_EN.pdf?raw=true, https://raw.githubusercontent.com/kinggoff/NewSteelesImages/main/PDFs/SDS/benjamin-moore-Y3752X_SDS_EN.pdf?raw=true, https://raw.githubusercontent.com/kinggoff/NewSteelesImages/main/PDFs/SDS/benjamin-moore-Y3753X_SDS_EN.pdf?raw=true, https://raw.githubusercontent.com/kinggoff/NewSteelesImages/main/PDFs/SDS/benjamin-moore-Y3754X_SDS_EN.pdf?raw=true|Semi Gloss=https://raw.githubusercontent.com/kinggoff/NewSteelesImages/main/PDFs/SDS/benjamin-moore-Y37601_SDS_EN.pdf?raw=true, https://raw.githubusercontent.com/kinggoff/NewSteelesImages/main/PDFs/SDS/benjamin-moore-Y3761X_SDS_EN.pdf?raw=true, https://raw.githubusercontent.com/kinggoff/NewSteelesImages/main/PDFs/SDS/benjamin-moore-Y3762X_SDS_EN.pdf?raw=true, https://raw.githubusercontent.com/kinggoff/NewSteelesImages/main/PDFs/SDS/benjamin-moore-Y3763X_SDS_EN.pdf?raw=true, https://raw.githubusercontent.com/kinggoff/NewSteelesImages/main/PDFs/SDS/benjamin-moore-Y3764X_SDS_EN.pdf?raw=true",Eggshell=https://raw.githubusercontent.com/kinggoff/NewSteelesImages/main/PDFs/TDS/benjamin-moore-Y374_TDS_CE.pdf?raw=true|Flat=https://raw.githubusercontent.com/kinggoff/NewSteelesImages/main/PDFs/TDS/benjamin-moore-Y373_TDS_CE.pdf?raw=true|Pearl=https://raw.githubusercontent.com/kinggoff/NewSteelesImages/main/PDFs/TDS/benjamin-moore-Y375_TDS_CE.pdf?raw=true|Semi Gloss=https://raw.githubusercontent.com/kinggoff/NewSteelesImages/main/PDFs/TDS/benjamin-moore-Y376_TDS_CE.pdf?raw=true,"Eggshell=https://raw.githubusercontent.com/kinggoff/NewSteelesImages/main/PDFs/SDS/benjamin-moore-Y37401_SDS_EN.pdf?raw=true, https://raw.githubusercontent.com/kinggoff/NewSteelesImages/main/PDFs/SDS/benjamin-moore-Y3741X_SDS_EN.pdf?raw=true, https://raw.githubusercontent.com/kinggoff/NewSteelesImages/main/PDFs/SDS/benjamin-moore-Y3742X_SDS_EN.pdf?raw=true, https://raw.githubusercontent.com/kinggoff/NewSteelesImages/main/PDFs/SDS/benjamin-moore-Y3743X_SDS_EN.pdf?raw=true, https://raw.githubusercontent.com/kinggoff/NewSteelesImages/main/PDFs/SDS/benjamin-moore-Y3744X_SDS_EN.pdf?raw=true|Flat=https://raw.githubusercontent.com/kinggoff/NewSteelesImages/main/PDFs/SDS/benjamin-moore-Y37301_SDS_EN.pdf?raw=true, https://raw.githubusercontent.com/kinggoff/NewSteelesImages/main/PDFs/SDS/benjamin-moore-Y3731X_SDS_EN.pdf?raw=true, https://raw.githubusercontent.com/kinggoff/NewSteelesImages/main/PDFs/SDS/benjamin-moore-Y3732X_SDS_EN.pdf?raw=true, https://raw.githubusercontent.com/kinggoff/NewSteelesImages/main/PDFs/SDS/benjamin-moore-Y3733X_SDS_EN.pdf?raw=true, https://raw.githubusercontent.com/kinggoff/NewSteelesImages/main/PDFs/SDS/benjamin-moore-Y3734X_SDS_EN.pdf?raw=true|Pearl=https://raw.githubusercontent.com/kinggoff/NewSteelesImages/main/PDFs/SDS/benjamin-moore-Y37501_SDS_EN.pdf?raw=true, https://raw.githubusercontent.com/kinggoff/NewSteelesImages/main/PDFs/SDS/benjamin-moore-Y3751X_SDS_EN.pdf?raw=true, https://raw.githubusercontent.com/kinggoff/NewSteelesImages/main/PDFs/SDS/benjamin-moore-Y3752X_SDS_EN.pdf?raw=true, https://raw.githubusercontent.com/kinggoff/NewSteelesImages/main/PDFs/SDS/benjamin-moore-Y3753X_SDS_EN.pdf?raw=true, https://raw.githubusercontent.com/kinggoff/NewSteelesImages/main/PDFs/SDS/benjamin-moore-Y3754X_SDS_EN.pdf?raw=true|Semi Gloss=https://raw.githubusercontent.com/kinggoff/NewSteelesImages/main/PDFs/SDS/benjamin-moore-Y37601_SDS_EN.pdf?raw=true, https://raw.githubusercontent.com/kinggoff/NewSteelesImages/main/PDFs/SDS/benjamin-moore-Y3761X_SDS_EN.pdf?raw=true, https://raw.githubusercontent.com/kinggoff/NewSteelesImages/main/PDFs/SDS/benjamin-moore-Y3762X_SDS_EN.pdf?raw=true, https://raw.githubusercontent.com/kinggoff/NewSteelesImages/main/PDFs/SDS/benjamin-moore-Y3763X_SDS_EN.pdf?raw=true, https://raw.githubusercontent.com/kinggoff/NewSteelesImages/main/PDFs/SDS/benjamin-moore-Y3764X_SDS_EN.pdf?raw=true",,Eggshell=https://raw.githubusercontent.com/kinggoff/NewSteelesImages/main/PDFs/TDS/benjamin-moore-Y374_TDS_CE.pdf?raw=true|Flat=https://raw.githubusercontent.com/kinggoff/NewSteelesImages/main/PDFs/TDS/benjamin-moore-Y373_TDS_CE.pdf?raw=true|Pearl=https://raw.githubusercontent.com/kinggoff/NewSteelesImages/main/PDFs/TDS/benjamin-moore-Y375_TDS_CE.pdf?raw=true|Semi Gloss=https://raw.githubusercontent.com/kinggoff/NewSteelesImages/main/PDFs/TDS/benjamin-moore-Y376_TDS_CE.pdf?raw=true,,ccc483cfdbc267aacce8a0534d407f257eaafed7775ee56278c6d7ac5aabaac9,7b7862da2e6ba51ee2b6489979c239fbfa72358ed8ac83d88d33d4ed04909bf0
simple,Prime All Multi-Surface Latex Primer Sealer,29,I-000000029,,"Insl-X Prime All Multi-Surface Latex Primer Sealer is a dependable latex primer offering strong adhesion, fast drying, and smooth application on drywall, wood, masonry, and previously painted surfaces. Confirm preparation, compatibility, application, coverage and recoat requirements in the current label or technical data sheet.",Previously Described,Paints > Primers,"primer, primer sealer, surface preparation coating, basecoat",Insl-X,MOO01,https://raw.githubusercontent.com/kinggoff/NewSteelesImages/main/review-images/legacy-i-000000029-primeallmultisurfacelatexprimersealer_primer_inslx.png?raw=true,Image already existed,Finishes,,1,1,,,,,Primer=https://raw.githubusercontent.com/kinggoff/NewSteelesImages/main/PDFs/SDS/insl-x-AP1000F_SDS_EN.pdf?raw=true,Primer=https://raw.githubusercontent.com/kinggoff/NewSteelesImages/main/PDFs/TDS/insl-x-AP-1000_TDS_CAE.pdf?raw=true,Primer=https://raw.githubusercontent.com/kinggoff/NewSteelesImages/main/PDFs/SDS/insl-x-AP1000F_SDS_EN.pdf?raw=true,,Primer=https://raw.githubusercontent.com/kinggoff/NewSteelesImages/main/PDFs/TDS/insl-x-AP-1000_TDS_CAE.pdf?raw=true,,5ca0f561ee63215eb15f72e7cbc04bf4470935c2c4d36d610cf21e488cdd42cd,3672006b1aff78142c303949cd6cedf3d640c043f2c6bb49e204620fbdeb7419
simple,Aqua Lock Plus Primer/Sealer,30,I-000000030,,"Insl-X aqua Lock Plus Primer Sealer is a 100% acrylic interior/exterior primer designed for superior stain-blocking and adhesion. The selected topcoat and the condition of the existing surface determine whether additional sealing or spot preparation is needed. Confirm preparation, compatibility, application, coverage and recoat requirements in the current label or technical data sheet.",Previously Described,Paints > Primers,"primer, primer sealer, surface preparation coating, basecoat",Insl-X,MOO01,https://raw.githubusercontent.com/kinggoff/NewSteelesImages/main/review-images/legacy-i-000000030-aqualockplusprimersealer_primer_inslx.png?raw=true,Image already existed,Finishes,,1,1,,,,,Primer=https://raw.githubusercontent.com/kinggoff/NewSteelesImages/main/PDFs/SDS/insl-x-AQ-0400F_SDS_EN.pdf?raw=true,Primer=https://raw.githubusercontent.com/kinggoff/NewSteelesImages/main/PDFs/TDS/insl-x-AQ-0XXX_TDS_CE.pdf?raw=true,Primer=https://raw.githubusercontent.com/kinggoff/NewSteelesImages/main/PDFs/SDS/insl-x-AQ-0400F_SDS_EN.pdf?raw=true,,Primer=https://raw.githubusercontent.com/kinggoff/NewSteelesImages/main/PDFs/TDS/insl-x-AQ-0XXX_TDS_CE.pdf?raw=true,,58dab34789673765aed7637463dcbff7bb78632759389a5669146f96b7cb4218,163a3c7a99660037a16b26307271db58511a50e948a52dff88df5db6c8fdc0cd
simple,Prime Lock Plus Primer Sealer,31,I-000000031,,"Insl-X Prime Lock Plus is a high-performance alkyd primer engineered to seal tough stains and provide superior enamel holdout. The selected topcoat and the condition of the existing surface determine whether additional sealing or spot preparation is needed. Confirm preparation, compatibility, application, coverage and recoat requirements in the current label or technical data sheet.",Previously Described,Paints > Interior,"primer, primer sealer, surface preparation coating, basecoat",Insl-X,MOO01,https://raw.githubusercontent.com/kinggoff/NewSteelesImages/main/review-images/legacy-i-000000031-primelock_primer_inslx.png?raw=true,Image already existed,Finishes,,1,1,,,,,Primer=https://raw.githubusercontent.com/kinggoff/NewSteelesImages/main/PDFs/SDS/insl-x-PS-8100F_SDS_EN.pdf?raw=true,Primer=https://raw.githubusercontent.com/kinggoff/NewSteelesImages/main/PDFs/TDS/insl-x-PS-8100_TDS_CE.pdf?raw=true,Primer=https://raw.githubusercontent.com/kinggoff/NewSteelesImages/main/PDFs/SDS/insl-x-PS-8100F_SDS_EN.pdf?raw=true,,Primer=https://raw.githubusercontent.com/kinggoff/NewSteelesImages/main/PDFs/TDS/insl-x-PS-8100_TDS_CE.pdf?raw=true,,7539d3465aeccb9de86ce7d2502467231dc6d7dec02e0216a413c1f9e658e841,c91213f8d5e75e52a735b1e39454aeededb280c6d2f8a8ad8898e47cc8ba83e1
simple,Stix Waterborne Bonding Primer,32,I-000000032,,"Insl-X Stix Waterborne Bonding Primer is a premium high-adhesion primer formulated to stick to hard-to-coat surfaces such as PVC, tile, fiberglass, vinyl, and galvanized metal. Confirm preparation, compatibility, application, coverage and recoat requirements in the current label or technical data sheet.",Previously Described,Paints > Primers,"bonding primer, adhesion primer, primer, surface preparation coating, primer sealer, basecoat",Insl-X,MOO01,https://raw.githubusercontent.com/kinggoff/NewSteelesImages/main/review-images/legacy-i-000000032-stixwaterbornebondingprimer_primer_inslx.png?raw=true,Image already existed,Finishes,,1,1,,,,,Primer=https://raw.githubusercontent.com/kinggoff/NewSteelesImages/main/PDFs/SDS/insl-x-SXA-1100F_SDS_EN.pdf?raw=true,Primer=https://raw.githubusercontent.com/kinggoff/NewSteelesImages/main/PDFs/TDS/insl-x-SXA110_TDS_CE.pdf?raw=true,Primer=https://raw.githubusercontent.com/kinggoff/NewSteelesImages/main/PDFs/SDS/insl-x-SXA-1100F_SDS_EN.pdf?raw=true,,Primer=https://raw.githubusercontent.com/kinggoff/NewSteelesImages/main/PDFs/TDS/insl-x-SXA110_TDS_CE.pdf?raw=true,,a6644a76d01f12ce138e0d38063e1a7a9b1f7ac9dd8a6a6c4ba5e3291e4687a0,4b24886b8d5dd1e9eb485748dddedfb17291c09799dfb0b1f25b5ddfc7f30ac1
simple,Max Block,33,I-000000033,,"Insl-X Max Block Advanced Stain Blocking Primer is a powerful water-based formula designed to block severe stains including water damage, nicotine, smoke, grease, crayon, ink, and tannin. Confirm preparation, compatibility, application, coverage and recoat requirements in the current label or technical data sheet.",Previously Described,Paints > Primers,"stain-blocking primer, water-based primer, primer sealer, interior and exterior primer",Insl-X,MOO01,https://raw.githubusercontent.com/kinggoff/NewSteelesImages/main/review-images/legacy-i-000000033-maxblockadvancedwaterbasedstainblockingprimer_primer_inslx.png?raw=true,Image already existed,Finishes,,1,1,,,,,Primer=https://raw.githubusercontent.com/kinggoff/NewSteelesImages/main/PDFs/SDS/insl-x-SB-5000FR_SDS_EN.pdf?raw=true,Primer=https://raw.githubusercontent.com/kinggoff/NewSteelesImages/main/PDFs/TDS/insl-x-SB-5000_TDS_CE.pdf?raw=true,Primer=https://raw.githubusercontent.com/kinggoff/NewSteelesImages/main/PDFs/SDS/insl-x-SB-5000FR_SDS_EN.pdf?raw=true,,Primer=https://raw.githubusercontent.com/kinggoff/NewSteelesImages/main/PDFs/TDS/insl-x-SB-5000_TDS_CE.pdf?raw=true,,abc334aae4e1accde7217430811a2f850c68c44d998045bb497b01f0827fe83d,3ca98a96d885ca100a7859e06219127355bff3beb070bb2413859f63b267d8cd
simple,High Build Latex Primer,34,BM-000000034,,"Insl-X High Build Latex Primer is a thick-bodied primer designed to fill, level, and hide surface imperfections on drywall and previously painted walls. Check the current manufacturer label or technical data sheet before use. Confirm the exact item and package before ordering. Follow the current manufacturer instructions for the intended job.",Previously Described,Paints > Primers,"high-build primer, latex primer, interior primer, surface preparation coating, primer, primer sealer, basecoat",Insl-X,MOO01,https://raw.githubusercontent.com/kinggoff/NewSteelesImages/main/review-images/legacy-bm-000000034-highbuildlatexprimer_primer_inslx.png?raw=true,Image already existed,Finishes,,1,1,,,,,Primer=https://raw.githubusercontent.com/kinggoff/NewSteelesImages/main/PDFs/SDS/insl-x-HB2100FR_SDS_EN.pdf?raw=true,Primer=https://raw.githubusercontent.com/kinggoff/NewSteelesImages/main/PDFs/TDS/insl-x-HB-2100_TDS_CAE.pdf?raw=true,Primer=https://raw.githubusercontent.com/kinggoff/NewSteelesImages/main/PDFs/SDS/insl-x-HB2100FR_SDS_EN.pdf?raw=true,,Primer=https://raw.githubusercontent.com/kinggoff/NewSteelesImages/main/PDFs/TDS/insl-x-HB-2100_TDS_CAE.pdf?raw=true,,27c36b243dc6b74ef3fae0fc4b5cba739b9a69819c37eff079963c004e6b9090,86d3c03a6aa0de082f5d3fb542b0f6b03e523fcceaa441b9780ef42d8c4ed97b
simple,Reduced Odour Oil-Based Primer,35,BM-000000035,,Insl-X Reduced Odour Oil-Based Primer delivers the adhesion and stain-blocking performance of an alkyd primer with significantly reduced odour. Check the current manufacturer label or technical data sheet before use. Confirm the exact item and package before ordering. Follow the current manufacturer instructions for the intended job.,Previously Described,Paints > Primers,"primer, primer sealer, surface preparation coating, basecoat",Insl-X,MOO01,https://raw.githubusercontent.com/kinggoff/NewSteelesImages/main/review-images/legacy-bm-000000035-reducedodouroilbasedprimer_primer_inslx.png?raw=true,Image already existed,Finishes,,1,1,,,,,Primer=https://raw.githubusercontent.com/kinggoff/NewSteelesImages/main/PDFs/SDS/insl-x-RO3000F_SDS_EN.pdf?raw=true,Primer=https://raw.githubusercontent.com/kinggoff/NewSteelesImages/main/PDFs/TDS/insl-x-RO-3000_TDS_CE.pdf?raw=true,Primer=https://raw.githubusercontent.com/kinggoff/NewSteelesImages/main/PDFs/SDS/insl-x-RO3000F_SDS_EN.pdf?raw=true,,Primer=https://raw.githubusercontent.com/kinggoff/NewSteelesImages/main/PDFs/TDS/insl-x-RO-3000_TDS_CE.pdf?raw=true,,718a5760ff89b87178a75666f6976f6ffc2d533359234ff189969cccc56a33bd,23dc246198b16b653103c128cb95933b929985d3bd8a26345381c10037f45031
simple,Vapour Barrier Primer/Sealer,36,BM-000000036,,"Insl-X Vapour Barrier Primer Sealer is a specialty coating formulated to help limit moisture transmission into wall cavities. The selected topcoat and the condition of the existing surface determine whether additional sealing or spot preparation is needed. Confirm preparation, compatibility, application, coverage and recoat requirements in the current label or technical data sheet.",Previously Described,Paints > Interior,"vapour-barrier primer, primer sealer, interior coating, moisture-control coating, primer, surface preparation coating, basecoat",Insl-X,MOO01,https://raw.githubusercontent.com/kinggoff/NewSteelesImages/main/review-images/legacy-bm-000000036-vapourbarrierprimersealer_primer_inslx.png?raw=true,Image already existed,Finishes,,1,1,,,,,Primer=https://raw.githubusercontent.com/kinggoff/NewSteelesImages/main/PDFs/SDS/insl-x-VB-5000F_SDS_EN.pdf?raw=true,Primer=https://raw.githubusercontent.com/kinggoff/NewSteelesImages/main/PDFs/TDS/insl-x-VB-5000_TDS_CAE.pdf?raw=true,Primer=https://raw.githubusercontent.com/kinggoff/NewSteelesImages/main/PDFs/SDS/insl-x-VB-5000F_SDS_EN.pdf?raw=true,,Primer=https://raw.githubusercontent.com/kinggoff/NewSteelesImages/main/PDFs/TDS/insl-x-VB-5000_TDS_CAE.pdf?raw=true,,77662b2f9ce28e5c6f72dc14814bab746173f113725235b95d65b18526b508c2,42541e0d3fbce6687286cebe879edc8e0e662ace19ce13bd988436ee782e0181
simple,High Performance Quick Dry Acrylic Spray DTM,37,BM-000000037,,"Benjamin Moore Quick Dry Acrylic Spray DTM is a direct-to-metal acrylic spray coating that provides fast-drying performance, corrosion resistance, and smooth coverage for small repairs and touch-ups. The master lists Gloss finish options. Confirm preparation, compatibility, application, coverage and recoat requirements in the current label or technical data sheet.",Previously Described,Commercial & Industrial > Paints,"direct-to-metal paint, acrylic enamel, industrial coating, anti-corrosion coating",Benjamin Moore,MOO01,https://raw.githubusercontent.com/kinggoff/NewSteelesImages/main/review-images/legacy-bm-000000037-quickdryacrylicspraydtm_specialtypaint_benjaminmoore.png?raw=true,Image already existed,Finishes,Gloss,1,1,,,,,Gloss=https://raw.githubusercontent.com/kinggoff/NewSteelesImages/main/PDFs/SDS/benjamin-moore-HP3000-01FR_SDS_EN.pdf?raw=true,Gloss=https://raw.githubusercontent.com/kinggoff/NewSteelesImages/main/PDFs/TDS/benjamin-moore-V300_TDS_CAE.pdf?raw=true,Gloss=https://raw.githubusercontent.com/kinggoff/NewSteelesImages/main/PDFs/SDS/benjamin-moore-HP3000-01FR_SDS_EN.pdf?raw=true,,Gloss=https://raw.githubusercontent.com/kinggoff/NewSteelesImages/main/PDFs/TDS/benjamin-moore-V300_TDS_CAE.pdf?raw=true,,7f9d341703cc7b1939d566a9da2f3211dfeaa3785418af472492eed138175fe5,5b20392bd9174a809bff3723260662337ea5f81d9b2b7d3d035e04cf95eb2802
simple,High Performance DTM Acrylic Enamel,38,BM-000000038,,"Benjamin Moore DTM Acrylic Enamel is a premium waterborne acrylic enamel formulated for direct-to-metal applications. Confirm preparation, compatibility, application, coverage and recoat requirements in the current label or technical data sheet. Confirm the exact item and package before ordering. Follow the current manufacturer instructions for the intended job.",Previously Described,Commercial & Industrial > Paints,"direct-to-metal paint, acrylic enamel, industrial coating, anti-corrosion coating",Benjamin Moore,MOO01,https://raw.githubusercontent.com/kinggoff/NewSteelesImages/main/review-images/legacy-bm-000000038-dtmacrylicenamel_specialtypaint_benjaminmoore.png?raw=true,Image already existed,Finishes,Satin | Gloss,1,1,,,,,"Gloss=https://raw.githubusercontent.com/kinggoff/NewSteelesImages/main/PDFs/SDS/benjamin-moore-HP3300-10FR_SDS_EN.pdf?raw=true, https://raw.githubusercontent.com/kinggoff/NewSteelesImages/main/PDFs/SDS/benjamin-moore-HP3300-01FR_SDS_EN.pdf?raw=true, https://raw.githubusercontent.com/kinggoff/NewSteelesImages/main/PDFs/SDS/benjamin-moore-HP3300-20FR_SDS_EN.pdf?raw=true, https://raw.githubusercontent.com/kinggoff/NewSteelesImages/main/PDFs/SDS/benjamin-moore-HP3300-7XFR_SDS_EN.pdf?raw=true, https://raw.githubusercontent.com/kinggoff/NewSteelesImages/main/PDFs/SDS/benjamin-moore-HP3300-80FR_SDS_EN.pdf?raw=true, https://raw.githubusercontent.com/kinggoff/NewSteelesImages/main/PDFs/SDS/benjamin-moore-HP3300-9XFR_SDS_EN.pdf?raw=true, https://raw.githubusercontent.com/kinggoff/NewSteelesImages/main/PDFs/SDS/benjamin-moore-HP3300-8XFR_SDS_EN.pdf?raw=true|Satin=https://raw.githubusercontent.com/kinggoff/NewSteelesImages/main/PDFs/SDS/benjamin-moore-HP3320-01FR_SDS_EN.pdf?raw=true, https://raw.githubusercontent.com/kinggoff/NewSteelesImages/main/PDFs/SDS/benjamin-moore-HP3320-62FR_SDS_EN.pdf?raw=true, https://raw.githubusercontent.com/kinggoff/NewSteelesImages/main/PDFs/SDS/benjamin-moore-HP3320-7XFR_SDS_EN.pdf?raw=true, https://raw.githubusercontent.com/kinggoff/NewSteelesImages/main/PDFs/SDS/benjamin-moore-HP3320-80FR_SDS_EN.pdf?raw=true, https://raw.githubusercontent.com/kinggoff/NewSteelesImages/main/PDFs/SDS/benjamin-moore-HP3320-8XFR_SDS_EN.pdf?raw=true, https://raw.githubusercontent.com/kinggoff/NewSteelesImages/main/PDFs/SDS/benjamin-moore-HP3320-9XFR_SDS_EN.pdf?raw=true",Gloss=https://raw.githubusercontent.com/kinggoff/NewSteelesImages/main/PDFs/TDS/benjamin-moore-HP3300_TDS_CE.pdf?raw=true|Satin=https://raw.githubusercontent.com/kinggoff/NewSteelesImages/main/PDFs/TDS/benjamin-moore-HP3320_TDS_CE.pdf?raw=true,"Gloss=https://raw.githubusercontent.com/kinggoff/NewSteelesImages/main/PDFs/SDS/benjamin-moore-HP3300-10FR_SDS_EN.pdf?raw=true, https://raw.githubusercontent.com/kinggoff/NewSteelesImages/main/PDFs/SDS/benjamin-moore-HP3300-01FR_SDS_EN.pdf?raw=true, https://raw.githubusercontent.com/kinggoff/NewSteelesImages/main/PDFs/SDS/benjamin-moore-HP3300-20FR_SDS_EN.pdf?raw=true, https://raw.githubusercontent.com/kinggoff/NewSteelesImages/main/PDFs/SDS/benjamin-moore-HP3300-7XFR_SDS_EN.pdf?raw=true, https://raw.githubusercontent.com/kinggoff/NewSteelesImages/main/PDFs/SDS/benjamin-moore-HP3300-80FR_SDS_EN.pdf?raw=true, https://raw.githubusercontent.com/kinggoff/NewSteelesImages/main/PDFs/SDS/benjamin-moore-HP3300-9XFR_SDS_EN.pdf?raw=true, https://raw.githubusercontent.com/kinggoff/NewSteelesImages/main/PDFs/SDS/benjamin-moore-HP3300-8XFR_SDS_EN.pdf?raw=true|Satin=https://raw.githubusercontent.com/kinggoff/NewSteelesImages/main/PDFs/SDS/benjamin-moore-HP3320-01FR_SDS_EN.pdf?raw=true, https://raw.githubusercontent.com/kinggoff/NewSteelesImages/main/PDFs/SDS/benjamin-moore-HP3320-62FR_SDS_EN.pdf?raw=true, https://raw.githubusercontent.com/kinggoff/NewSteelesImages/main/PDFs/SDS/benjamin-moore-HP3320-7XFR_SDS_EN.pdf?raw=true, https://raw.githubusercontent.com/kinggoff/NewSteelesImages/main/PDFs/SDS/benjamin-moore-HP3320-80FR_SDS_EN.pdf?raw=true, https://raw.githubusercontent.com/kinggoff/NewSteelesImages/main/PDFs/SDS/benjamin-moore-HP3320-8XFR_SDS_EN.pdf?raw=true, https://raw.githubusercontent.com/kinggoff/NewSteelesImages/main/PDFs/SDS/benjamin-moore-HP3320-9XFR_SDS_EN.pdf?raw=true",,Gloss=https://raw.githubusercontent.com/kinggoff/NewSteelesImages/main/PDFs/TDS/benjamin-moore-HP3300_TDS_CE.pdf?raw=true|Satin=https://raw.githubusercontent.com/kinggoff/NewSteelesImages/main/PDFs/TDS/benjamin-moore-HP3320_TDS_CE.pdf?raw=true,,21124539070f4d839dbb2f23095f67d78af76b2cf68b029d6bb4ce018fbfbd31,be6b40fe1fb3cc0c2bfd1e203ad3e3a129960500c5993593e02249268e002494
simple,High Performance Pre-Catalyzed Waterborne Epoxy,39,BM-000000039,,"Benjamin Moore Pre-Catalyzed Waterborne Epoxy is a one-component epoxy coating that provides exceptional durability, chemical resistance, and washability. The master lists Semi Gloss or Eggshell finish options. Prepare both surfaces and follow the label for mixing where required, open or working time, assembly, clamping and cure.",Previously Described,Commercial & Industrial > Epoxy,"epoxy coating, two-part epoxy, protective coating, industrial coating",Benjamin Moore,MOO01,https://raw.githubusercontent.com/kinggoff/NewSteelesImages/main/review-images/legacy-bm-000000039-precatalyzedwaterborneepoxysemigloss_specialtypaint_benjaminmoore.png?raw=true,Image already existed,Finishes,Semi Gloss | Eggshell,1,1,,,,,"Semi Gloss=https://raw.githubusercontent.com/kinggoff/NewSteelesImages/main/PDFs/SDS/benjamin-moore-HP3410-9XFR_SDS_EN.pdf?raw=true, https://raw.githubusercontent.com/kinggoff/NewSteelesImages/main/PDFs/SDS/benjamin-moore-HP3410-8XFR_SDS_EN.pdf?raw=true, https://raw.githubusercontent.com/kinggoff/NewSteelesImages/main/PDFs/SDS/benjamin-moore-HP3410-7XFR_SDS_EN.pdf?raw=true, https://raw.githubusercontent.com/kinggoff/NewSteelesImages/main/PDFs/SDS/benjamin-moore-HP3410-01FR_SDS_EN.pdf?raw=true|Eggshell=https://raw.githubusercontent.com/kinggoff/NewSteelesImages/main/PDFs/SDS/benjamin-moore-HP3420-8XFR_SDS_EN.pdf?raw=true, https://raw.githubusercontent.com/kinggoff/NewSteelesImages/main/PDFs/SDS/benjamin-moore-HP3420-01FR_SDS_EN.pdf?raw=true, https://raw.githubusercontent.com/kinggoff/NewSteelesImages/main/PDFs/SDS/benjamin-moore-HP3420-7XFR_SDS_EN.pdf?raw=true, https://raw.githubusercontent.com/kinggoff/NewSteelesImages/main/PDFs/SDS/benjamin-moore-HP3420-9XFR_SDS_EN.pdf?raw=true",Semi Gloss=https://raw.githubusercontent.com/kinggoff/NewSteelesImages/main/PDFs/TDS/benjamin-moore-HP3410_TDS_CE.pdf?raw=true,"Semi Gloss=https://raw.githubusercontent.com/kinggoff/NewSteelesImages/main/PDFs/SDS/benjamin-moore-HP3410-9XFR_SDS_EN.pdf?raw=true, https://raw.githubusercontent.com/kinggoff/NewSteelesImages/main/PDFs/SDS/benjamin-moore-HP3410-8XFR_SDS_EN.pdf?raw=true, https://raw.githubusercontent.com/kinggoff/NewSteelesImages/main/PDFs/SDS/benjamin-moore-HP3410-7XFR_SDS_EN.pdf?raw=true, https://raw.githubusercontent.com/kinggoff/NewSteelesImages/main/PDFs/SDS/benjamin-moore-HP3410-01FR_SDS_EN.pdf?raw=true|Eggshell=https://raw.githubusercontent.com/kinggoff/NewSteelesImages/main/PDFs/SDS/benjamin-moore-HP3420-8XFR_SDS_EN.pdf?raw=true, https://raw.githubusercontent.com/kinggoff/NewSteelesImages/main/PDFs/SDS/benjamin-moore-HP3420-01FR_SDS_EN.pdf?raw=true, https://raw.githubusercontent.com/kinggoff/NewSteelesImages/main/PDFs/SDS/benjamin-moore-HP3420-7XFR_SDS_EN.pdf?raw=true, https://raw.githubusercontent.com/kinggoff/NewSteelesImages/main/PDFs/SDS/benjamin-moore-HP3420-9XFR_SDS_EN.pdf?raw=true",,Semi Gloss=https://raw.githubusercontent.com/kinggoff/NewSteelesImages/main/PDFs/TDS/benjamin-moore-HP3410_TDS_CE.pdf?raw=true,,e38645bba057b5ce152cb9a05a2f0f03484864e864a9c35d342c1855759fe41c,ec05c7e9926f1a41d3022849986df25b97b14dd0104d05002d2fb6de35d6f3d1
simple,Command Waterborne Acrylic Urethane,40,BM-000000040,,"Benjamin Moore Command Acrylic Urethane Gloss is a commercial-grade waterborne urethane coating offering quick return-to-service and superior adhesion. The master lists Gloss or Satin finish options. Confirm preparation, compatibility, application, coverage and recoat requirements in the current label or technical data sheet.",Previously Described,Commercial & Industrial > Paints,"acrylic urethane coating, water-based industrial coating, protective enamel, industrial coating",Benjamin Moore,MOO01,https://raw.githubusercontent.com/kinggoff/NewSteelesImages/main/review-images/legacy-bm-000000040-commandwaterborneacrylicurethanegloss_specialtypaint_benjaminmoore.png?raw=true,Image already existed,Finishes,Gloss | Satin,1,1,,,,,"Gloss=https://raw.githubusercontent.com/kinggoff/NewSteelesImages/main/PDFs/SDS/benjamin-moore-HP3900-01FR_SDS_EN.pdf?raw=true, https://raw.githubusercontent.com/kinggoff/NewSteelesImages/main/PDFs/SDS/benjamin-moore-HP3900-10FR_SDS_EN.pdf?raw=true, https://raw.githubusercontent.com/kinggoff/NewSteelesImages/main/PDFs/SDS/benjamin-moore-HP3900-20FR_SDS_EN.pdf?raw=true, https://raw.githubusercontent.com/kinggoff/NewSteelesImages/main/PDFs/SDS/benjamin-moore-HP3900-7XFR_SDS_EN.pdf?raw=true, https://raw.githubusercontent.com/kinggoff/NewSteelesImages/main/PDFs/SDS/benjamin-moore-HP3900-80FR_SDS_EN.pdf?raw=true, https://raw.githubusercontent.com/kinggoff/NewSteelesImages/main/PDFs/SDS/benjamin-moore-HP3900-8XFR_SDS_EN.pdf?raw=true, https://raw.githubusercontent.com/kinggoff/NewSteelesImages/main/PDFs/SDS/benjamin-moore-HP3900-9XFR_SDS_EN.pdf?raw=true|Satin=https://raw.githubusercontent.com/kinggoff/NewSteelesImages/main/PDFs/SDS/benjamin-moore-HP3920-62FR_SDS_EN.pdf?raw=true, https://raw.githubusercontent.com/kinggoff/NewSteelesImages/main/PDFs/SDS/benjamin-moore-HP3920-01FR_SDS_EN.pdf?raw=true, https://raw.githubusercontent.com/kinggoff/NewSteelesImages/main/PDFs/SDS/benjamin-moore-HP3920-7XFR_SDS_EN.pdf?raw=true, https://raw.githubusercontent.com/kinggoff/NewSteelesImages/main/PDFs/SDS/benjamin-moore-HP3920-80FR_SDS_EN.pdf?raw=true, https://raw.githubusercontent.com/kinggoff/NewSteelesImages/main/PDFs/SDS/benjamin-moore-HP3920-9XFR_SDS_EN.pdf?raw=true, https://raw.githubusercontent.com/kinggoff/NewSteelesImages/main/PDFs/SDS/benjamin-moore-HP3920-8XFR_SDS_EN.pdf?raw=true",Gloss=https://raw.githubusercontent.com/kinggoff/NewSteelesImages/main/PDFs/TDS/benjamin-moore-HP3900_TDS_CE.pdf?raw=true|Satin=https://raw.githubusercontent.com/kinggoff/NewSteelesImages/main/PDFs/TDS/benjamin-moore-HP3920_TDS_CE.pdf?raw=true,"Gloss=https://raw.githubusercontent.com/kinggoff/NewSteelesImages/main/PDFs/SDS/benjamin-moore-HP3900-01FR_SDS_EN.pdf?raw=true, https://raw.githubusercontent.com/kinggoff/NewSteelesImages/main/PDFs/SDS/benjamin-moore-HP3900-10FR_SDS_EN.pdf?raw=true, https://raw.githubusercontent.com/kinggoff/NewSteelesImages/main/PDFs/SDS/benjamin-moore-HP3900-20FR_SDS_EN.pdf?raw=true, https://raw.githubusercontent.com/kinggoff/NewSteelesImages/main/PDFs/SDS/benjamin-moore-HP3900-7XFR_SDS_EN.pdf?raw=true, https://raw.githubusercontent.com/kinggoff/NewSteelesImages/main/PDFs/SDS/benjamin-moore-HP3900-80FR_SDS_EN.pdf?raw=true, https://raw.githubusercontent.com/kinggoff/NewSteelesImages/main/PDFs/SDS/benjamin-moore-HP3900-8XFR_SDS_EN.pdf?raw=true, https://raw.githubusercontent.com/kinggoff/NewSteelesImages/main/PDFs/SDS/benjamin-moore-HP3900-9XFR_SDS_EN.pdf?raw=true|Satin=https://raw.githubusercontent.com/kinggoff/NewSteelesImages/main/PDFs/SDS/benjamin-moore-HP3920-62FR_SDS_EN.pdf?raw=true, https://raw.githubusercontent.com/kinggoff/NewSteelesImages/main/PDFs/SDS/benjamin-moore-HP3920-01FR_SDS_EN.pdf?raw=true, https://raw.githubusercontent.com/kinggoff/NewSteelesImages/main/PDFs/SDS/benjamin-moore-HP3920-7XFR_SDS_EN.pdf?raw=true, https://raw.githubusercontent.com/kinggoff/NewSteelesImages/main/PDFs/SDS/benjamin-moore-HP3920-80FR_SDS_EN.pdf?raw=true, https://raw.githubusercontent.com/kinggoff/NewSteelesImages/main/PDFs/SDS/benjamin-moore-HP3920-9XFR_SDS_EN.pdf?raw=true, https://raw.githubusercontent.com/kinggoff/NewSteelesImages/main/PDFs/SDS/benjamin-moore-HP3920-8XFR_SDS_EN.pdf?raw=true",,Gloss=https://raw.githubusercontent.com/kinggoff/NewSteelesImages/main/PDFs/TDS/benjamin-moore-HP3900_TDS_CE.pdf?raw=true|Satin=https://raw.githubusercontent.com/kinggoff/NewSteelesImages/main/PDFs/TDS/benjamin-moore-HP3920_TDS_CE.pdf?raw=true,,8e1575a8982e03482383e70035199f534cbfe97fc19a9c32e476e0f4199c57a4,72343aed531cb462d9577178628ee09316b98222aa223666510ea1ed950ca516
simple,High Performance Aliphatic Urethane,41,BM-000000041,,"Benjamin Moore Aliphatic Urethane is a two-component urethane coating that provides exceptional UV resistance and chemical durability. The master lists Gloss or Semi Gloss finish options. Confirm preparation, compatibility, application, coverage and recoat requirements in the current label or technical data sheet.",Previously Described,Commercial & Industrial > Epoxy,"aliphatic urethane coating, two-component coating, protective coating, industrial coating",Benjamin Moore,MOO01,https://raw.githubusercontent.com/kinggoff/NewSteelesImages/main/review-images/legacy-bm-000000041-aliphaticurethane_specialtypaint_benjaminmoore.png?raw=true,Image already existed,Finishes,Gloss | Semi Gloss,1,1,,,,,"Gloss=https://raw.githubusercontent.com/kinggoff/NewSteelesImages/main/PDFs/SDS/benjamin-moore-HP5000-00FR_SDS_EN.pdf?raw=true, https://raw.githubusercontent.com/kinggoff/NewSteelesImages/main/PDFs/SDS/benjamin-moore-HP5000-01FR_SDS_EN.pdf?raw=true, https://raw.githubusercontent.com/kinggoff/NewSteelesImages/main/PDFs/SDS/benjamin-moore-HP5000-7BFR_SDS_EN.pdf?raw=true, https://raw.githubusercontent.com/kinggoff/NewSteelesImages/main/PDFs/SDS/benjamin-moore-HP5000-80FR_SDS_EN.pdf?raw=true, https://raw.githubusercontent.com/kinggoff/NewSteelesImages/main/PDFs/SDS/benjamin-moore-HP5000-8BFR_SDS_EN.pdf?raw=true, https://raw.githubusercontent.com/kinggoff/NewSteelesImages/main/PDFs/SDS/benjamin-moore-HP5000-90FR_SDS_EN.pdf?raw=true, https://raw.githubusercontent.com/kinggoff/NewSteelesImages/main/PDFs/SDS/benjamin-moore-HP5000-9BFR_SDS_EN.pdf?raw=true|Semi Gloss=https://raw.githubusercontent.com/kinggoff/NewSteelesImages/main/PDFs/SDS/benjamin-moore-HP5010-7BFR_SDS_EN.pdf?raw=true, https://raw.githubusercontent.com/kinggoff/NewSteelesImages/main/PDFs/SDS/benjamin-moore-HP5010-90FR_SDS_EN.pdf?raw=true, https://raw.githubusercontent.com/kinggoff/NewSteelesImages/main/PDFs/SDS/benjamin-moore-HP5010-8BFR_SDS_EN.pdf?raw=true, https://raw.githubusercontent.com/kinggoff/NewSteelesImages/main/PDFs/SDS/benjamin-moore-HP5010-9BFR_SDS_EN.pdf?raw=true",Gloss=https://raw.githubusercontent.com/kinggoff/NewSteelesImages/main/PDFs/TDS/benjamin-moore-HP5000_TDS_CE.pdf?raw=true|Semi Gloss=https://raw.githubusercontent.com/kinggoff/NewSteelesImages/main/PDFs/TDS/benjamin-moore-HP5010_TDS_CE.pdf?raw=true,"Gloss=https://raw.githubusercontent.com/kinggoff/NewSteelesImages/main/PDFs/SDS/benjamin-moore-HP5000-00FR_SDS_EN.pdf?raw=true, https://raw.githubusercontent.com/kinggoff/NewSteelesImages/main/PDFs/SDS/benjamin-moore-HP5000-01FR_SDS_EN.pdf?raw=true, https://raw.githubusercontent.com/kinggoff/NewSteelesImages/main/PDFs/SDS/benjamin-moore-HP5000-7BFR_SDS_EN.pdf?raw=true, https://raw.githubusercontent.com/kinggoff/NewSteelesImages/main/PDFs/SDS/benjamin-moore-HP5000-80FR_SDS_EN.pdf?raw=true, https://raw.githubusercontent.com/kinggoff/NewSteelesImages/main/PDFs/SDS/benjamin-moore-HP5000-8BFR_SDS_EN.pdf?raw=true, https://raw.githubusercontent.com/kinggoff/NewSteelesImages/main/PDFs/SDS/benjamin-moore-HP5000-90FR_SDS_EN.pdf?raw=true, https://raw.githubusercontent.com/kinggoff/NewSteelesImages/main/PDFs/SDS/benjamin-moore-HP5000-9BFR_SDS_EN.pdf?raw=true|Semi Gloss=https://raw.githubusercontent.com/kinggoff/NewSteelesImages/main/PDFs/SDS/benjamin-moore-HP5010-7BFR_SDS_EN.pdf?raw=true, https://raw.githubusercontent.com/kinggoff/NewSteelesImages/main/PDFs/SDS/benjamin-moore-HP5010-90FR_SDS_EN.pdf?raw=true, https://raw.githubusercontent.com/kinggoff/NewSteelesImages/main/PDFs/SDS/benjamin-moore-HP5010-8BFR_SDS_EN.pdf?raw=true, https://raw.githubusercontent.com/kinggoff/NewSteelesImages/main/PDFs/SDS/benjamin-moore-HP5010-9BFR_SDS_EN.pdf?raw=true",,Gloss=https://raw.githubusercontent.com/kinggoff/NewSteelesImages/main/PDFs/TDS/benjamin-moore-HP5000_TDS_CE.pdf?raw=true|Semi Gloss=https://raw.githubusercontent.com/kinggoff/NewSteelesImages/main/PDFs/TDS/benjamin-moore-HP5010_TDS_CE.pdf?raw=true,,8b4c2a93b9739e6817213d5cf972549689f2605a597c716ffb9a0968b09c9a34,6a6241813d38e5ad0b907bb74d1e2f7f2818354230f7ff25a1456cf5aa2e2a5b
simple,High Performance DTM Mastic Urethane,42,BM-000000042,,"Benjamin Moore CTM Mastic Urethane is a heavy-duty coating that delivers high film build, corrosion protection, and excellent adhesion. The master lists Gloss or Satin finish options. Confirm preparation, compatibility, application, coverage and recoat requirements in the current label or technical data sheet.",Previously Described,Commercial & Industrial > Epoxy,"urethane mastic, direct-to-metal coating, protective coating, industrial coating",Benjamin Moore,MOO01,https://raw.githubusercontent.com/kinggoff/NewSteelesImages/main/review-images/legacy-bm-000000042-dtmmasticurethanegloss_specialtypaint_benjaminmoore.png?raw=true,Image already existed,Finishes,Gloss | Satin,1,1,,,,,"Gloss=https://raw.githubusercontent.com/kinggoff/NewSteelesImages/main/PDFs/SDS/benjamin-moore-HP5700-7BFR_SDS_EN.pdf?raw=true, https://raw.githubusercontent.com/kinggoff/NewSteelesImages/main/PDFs/SDS/benjamin-moore-HP5700-8BFR_SDS_EN.pdf?raw=true, https://raw.githubusercontent.com/kinggoff/NewSteelesImages/main/PDFs/SDS/benjamin-moore-HP5700-90FR_SDS_EN.pdf?raw=true, https://raw.githubusercontent.com/kinggoff/NewSteelesImages/main/PDFs/SDS/benjamin-moore-HP5700-9BFR_SDS_EN.pdf?raw=true|Satin=https://raw.githubusercontent.com/kinggoff/NewSteelesImages/main/PDFs/SDS/benjamin-moore-HP5720-7BFR_SDS_EN.pdf?raw=true, https://raw.githubusercontent.com/kinggoff/NewSteelesImages/main/PDFs/SDS/benjamin-moore-HP5720-9BFR_SDS_EN.pdf?raw=true, https://raw.githubusercontent.com/kinggoff/NewSteelesImages/main/PDFs/SDS/benjamin-moore-HP5720-8BFR_SDS_EN.pdf?raw=true, https://raw.githubusercontent.com/kinggoff/NewSteelesImages/main/PDFs/SDS/benjamin-moore-HP5720-80FR_SDS_EN.pdf?raw=true",Gloss=https://raw.githubusercontent.com/kinggoff/NewSteelesImages/main/PDFs/TDS/benjamin-moore-HP5700_TDS_CE.pdf?raw=true|Satin=https://raw.githubusercontent.com/kinggoff/NewSteelesImages/main/PDFs/TDS/benjamin-moore-HP5720_TDS_CE.pdf?raw=true,"Gloss=https://raw.githubusercontent.com/kinggoff/NewSteelesImages/main/PDFs/SDS/benjamin-moore-HP5700-7BFR_SDS_EN.pdf?raw=true, https://raw.githubusercontent.com/kinggoff/NewSteelesImages/main/PDFs/SDS/benjamin-moore-HP5700-8BFR_SDS_EN.pdf?raw=true, https://raw.githubusercontent.com/kinggoff/NewSteelesImages/main/PDFs/SDS/benjamin-moore-HP5700-90FR_SDS_EN.pdf?raw=true, https://raw.githubusercontent.com/kinggoff/NewSteelesImages/main/PDFs/SDS/benjamin-moore-HP5700-9BFR_SDS_EN.pdf?raw=true|Satin=https://raw.githubusercontent.com/kinggoff/NewSteelesImages/main/PDFs/SDS/benjamin-moore-HP5720-7BFR_SDS_EN.pdf?raw=true, https://raw.githubusercontent.com/kinggoff/NewSteelesImages/main/PDFs/SDS/benjamin-moore-HP5720-9BFR_SDS_EN.pdf?raw=true, https://raw.githubusercontent.com/kinggoff/NewSteelesImages/main/PDFs/SDS/benjamin-moore-HP5720-8BFR_SDS_EN.pdf?raw=true, https://raw.githubusercontent.com/kinggoff/NewSteelesImages/main/PDFs/SDS/benjamin-moore-HP5720-80FR_SDS_EN.pdf?raw=true",,Gloss=https://raw.githubusercontent.com/kinggoff/NewSteelesImages/main/PDFs/TDS/benjamin-moore-HP5700_TDS_CE.pdf?raw=true|Satin=https://raw.githubusercontent.com/kinggoff/NewSteelesImages/main/PDFs/TDS/benjamin-moore-HP5720_TDS_CE.pdf?raw=true,,5cf651e1e657efe7335cb480a2f54f22525f3613eed2a23973143b69a16b310a,5661309fd411eba2b44b446510adacb0595a0c2f8a322482ea798f3609bbcaae
simple,High Performance Acrylic Metal Primer,43,BM-000000043,,"Benjamin Moore Acrylic Metal Primer is a high-quality waterborne primer formulated for both ferrous and non-ferrous metal surfaces. The selected topcoat and the condition of the existing surface determine whether additional sealing or spot preparation is needed. Confirm preparation, compatibility, application, coverage and recoat requirements in the current label or technical data sheet.",Previously Described,Commercial & Industrial > Primers,"metal primer, anti-corrosion primer, industrial primer, surface preparation coating, primer, primer sealer, basecoat",Benjamin Moore,MOO01,https://raw.githubusercontent.com/kinggoff/NewSteelesImages/main/review-images/legacy-bm-000000043-acrylicmetalprimer_primer_benjaminmoore.png?raw=true,Image already existed,Finishes,,1,1,,,,,"Primer=https://raw.githubusercontent.com/kinggoff/NewSteelesImages/main/PDFs/SDS/benjamin-moore-HP1100-20FR_SDS_EN.pdf?raw=true, https://raw.githubusercontent.com/kinggoff/NewSteelesImages/main/PDFs/SDS/benjamin-moore-HP1100-01FR_SDS_EN.pdf?raw=true","Primer=https://raw.githubusercontent.com/kinggoff/NewSteelesImages/main/PDFs/TDS/benjamin-moore-HP1100-20_TDS_CE.pdf?raw=true, https://raw.githubusercontent.com/kinggoff/NewSteelesImages/main/PDFs/TDS/benjamin-moore-HP1100-01_TDS_CE.pdf?raw=true","Primer=https://raw.githubusercontent.com/kinggoff/NewSteelesImages/main/PDFs/SDS/benjamin-moore-HP1100-20FR_SDS_EN.pdf?raw=true, https://raw.githubusercontent.com/kinggoff/NewSteelesImages/main/PDFs/SDS/benjamin-moore-HP1100-01FR_SDS_EN.pdf?raw=true",,"Primer=https://raw.githubusercontent.com/kinggoff/NewSteelesImages/main/PDFs/TDS/benjamin-moore-HP1100-20_TDS_CE.pdf?raw=true, https://raw.githubusercontent.com/kinggoff/NewSteelesImages/main/PDFs/TDS/benjamin-moore-HP1100-01_TDS_CE.pdf?raw=true",,5d5094e80d0ef6aa140d13506ae52eafd49a22a87b069295a0852ed839255586,e19ea2364cfd652a8f5306add1b8efbc53ea04211dea31327b6d4a823684fb5f
simple,High Performance Acrylic Sealer/Finish,44,BM-000000044,,"Benjamin Moore Acrylic Sealer Finish is a clear waterborne acrylic coating designed to seal, protect, and enhance surfaces. Selection should be based on the specific task, material, working conditions and compatible products in the complete system. Confirm preparation, compatibility, application, coverage and recoat requirements in the current label or technical data sheet.",Previously Described,Commercial & Industrial > Epoxy,"acrylic sealer, clear protective coating, industrial coating, surface sealer",Benjamin Moore,MOO01,https://raw.githubusercontent.com/kinggoff/NewSteelesImages/main/review-images/legacy-bm-000000044-acrylicsealerfinish_primer_benjaminmoore.png?raw=true,Image already existed,Finishes,,1,1,,,,,Sealer=https://raw.githubusercontent.com/kinggoff/NewSteelesImages/main/PDFs/SDS/benjamin-moore-HP1270-00FR_SDS_EN.pdf?raw=true,Sealer=https://raw.githubusercontent.com/kinggoff/NewSteelesImages/main/PDFs/TDS/benjamin-moore-HP1270_TDS_CE.pdf?raw=true,Sealer=https://raw.githubusercontent.com/kinggoff/NewSteelesImages/main/PDFs/SDS/benjamin-moore-HP1270-00FR_SDS_EN.pdf?raw=true,,Sealer=https://raw.githubusercontent.com/kinggoff/NewSteelesImages/main/PDFs/TDS/benjamin-moore-HP1270_TDS_CE.pdf?raw=true,,c4114f5e31bcc67e87ed1f09aba9ae10117b804c49a5df48b2aa02980a107bf2,f467f4b1898a05fd6360bd9e8380e1c5b9928655ffab5a8bf24b1e7ccbda1552
simple,High Performance Universal Metal Primer,45,BM-000000045,,"Benjamin Moore Universal Metal Primer is a versatile, fast-drying primer engineered for superior adhesion on a wide range of metal substrates. Check the current manufacturer label or technical data sheet before use. Confirm the exact item and package before ordering. Follow the current manufacturer instructions for the intended job.",Previously Described,Commercial & Industrial > Primers,"metal primer, anti-corrosion primer, industrial primer, surface preparation coating, primer, primer sealer, basecoat",Benjamin Moore,MOO01,https://raw.githubusercontent.com/kinggoff/NewSteelesImages/main/review-images/legacy-bm-000000045-universalmetalprimer_primer_benjaminmoore.png?raw=true,Image already existed,Finishes,,1,1,,,,,"Primer=https://raw.githubusercontent.com/kinggoff/NewSteelesImages/main/PDFs/SDS/benjamin-moore-HP1320-70FR_SDS_EN.pdf?raw=true, https://raw.githubusercontent.com/kinggoff/NewSteelesImages/main/PDFs/SDS/benjamin-moore-HP1320-20FR_SDS_EN.pdf?raw=true, https://raw.githubusercontent.com/kinggoff/NewSteelesImages/main/PDFs/SDS/benjamin-moore-HP1320-01FR_SDS_EN.pdf?raw=true",Primer=https://raw.githubusercontent.com/kinggoff/NewSteelesImages/main/PDFs/TDS/benjamin-moore-HP1320_TDS_CE.pdf?raw=true,"Primer=https://raw.githubusercontent.com/kinggoff/NewSteelesImages/main/PDFs/SDS/benjamin-moore-HP1320-70FR_SDS_EN.pdf?raw=true, https://raw.githubusercontent.com/kinggoff/NewSteelesImages/main/PDFs/SDS/benjamin-moore-HP1320-20FR_SDS_EN.pdf?raw=true, https://raw.githubusercontent.com/kinggoff/NewSteelesImages/main/PDFs/SDS/benjamin-moore-HP1320-01FR_SDS_EN.pdf?raw=true",,Primer=https://raw.githubusercontent.com/kinggoff/NewSteelesImages/main/PDFs/TDS/benjamin-moore-HP1320_TDS_CE.pdf?raw=true,,02da657d677b1b5ecfd7cf48030616f0b779a435d68d0b72c43a685b14021ffd,db03e7b739bfc3f2f3a0036705d0e57a70cc746446a3ac21e19b9b9c7639cc75
simple,High Performance Shop Primer,46,BM-000000046,,"Benjamin Moore Shop Primer is an industrial metal primer formulated for structural steel and fabricated metal components. The selected topcoat and the condition of the existing surface determine whether additional sealing or spot preparation is needed. Confirm preparation, compatibility, application, coverage and recoat requirements in the current label or technical data sheet.",Previously Described,Commercial & Industrial > Primers,"metal primer, anti-corrosion primer, industrial primer, surface preparation coating, primer, primer sealer, basecoat",Benjamin Moore,MOO01,https://raw.githubusercontent.com/kinggoff/NewSteelesImages/main/review-images/legacy-bm-000000046-shopprimer_primer_benjaminmoore.png?raw=true,Image already existed,Finishes,,1,1,,,,,"Primer=https://raw.githubusercontent.com/kinggoff/NewSteelesImages/main/PDFs/SDS/benjamin-moore-HP1420-70FR_SDS_EN.pdf?raw=true, https://raw.githubusercontent.com/kinggoff/NewSteelesImages/main/PDFs/SDS/benjamin-moore-HP1420-20FR_SDS_EN.pdf?raw=true",Primer=https://raw.githubusercontent.com/kinggoff/NewSteelesImages/main/PDFs/TDS/benjamin-moore-HP1420_TDS_CE.pdf?raw=true,"Primer=https://raw.githubusercontent.com/kinggoff/NewSteelesImages/main/PDFs/SDS/benjamin-moore-HP1420-70FR_SDS_EN.pdf?raw=true, https://raw.githubusercontent.com/kinggoff/NewSteelesImages/main/PDFs/SDS/benjamin-moore-HP1420-20FR_SDS_EN.pdf?raw=true",,Primer=https://raw.githubusercontent.com/kinggoff/NewSteelesImages/main/PDFs/TDS/benjamin-moore-HP1420_TDS_CE.pdf?raw=true,,e542a4e4ac886848a9a0fad2cec603f8935dc91f1a6d2e2c6d16e996a25ba1a0,82cdea6ef9c30d9109b48c47795d93e4712894ed0254d5edb9a20d476b51b04e
simple,High Performance Concrete and Metal Epoxy Primer,47,BM-000000047,,"Benjamin Moore Concrete and Metal Epoxy Primer is a high-performance epoxy primer engineered to promote strong adhesion on concrete and metal. The selected topcoat and the condition of the existing surface determine whether additional sealing or spot preparation is needed. Prepare both surfaces and follow the label for mixing where required, open or working time, assembly, clamping and cure.",Previously Described,Commercial & Industrial > Epoxy,"epoxy primer, concrete primer, metal primer, two-part industrial primer",Benjamin Moore,MOO01,https://raw.githubusercontent.com/kinggoff/NewSteelesImages/main/review-images/legacy-bm-000000047-concreteandmetalepoxyprimer_primer_benjaminmoore.png?raw=true,Image already existed,Finishes,,1,1,,,,,"Primer=https://raw.githubusercontent.com/kinggoff/NewSteelesImages/main/PDFs/SDS/benjamin-moore-HP1550-90FR_SDS_EN.pdf?raw=true, https://raw.githubusercontent.com/kinggoff/NewSteelesImages/main/PDFs/SDS/benjamin-moore-HP1550-00FR_SDS_EN.pdf?raw=true",Primer=https://raw.githubusercontent.com/kinggoff/NewSteelesImages/main/PDFs/TDS/benjamin-moore-HP1550_TDS_CE.pdf?raw=true,"Primer=https://raw.githubusercontent.com/kinggoff/NewSteelesImages/main/PDFs/SDS/benjamin-moore-HP1550-90FR_SDS_EN.pdf?raw=true, https://raw.githubusercontent.com/kinggoff/NewSteelesImages/main/PDFs/SDS/benjamin-moore-HP1550-00FR_SDS_EN.pdf?raw=true",,Primer=https://raw.githubusercontent.com/kinggoff/NewSteelesImages/main/PDFs/TDS/benjamin-moore-HP1550_TDS_CE.pdf?raw=true,,cb7f0f92d06a2ff4385946a6381ed2ff792c666c1d5b66b93e1002d8088e5f18,03585af75575e357861152cc08379c0d566c806885e470bf70fa9b31efe8effe
simple,High Performance Waterborne Bonding Primer,48,BM-000000048,,"Benjamin Moore Waterborne Bonding Primer is a specialized adhesion-promoting primer formulated for smooth or non-porous surfaces. The selected topcoat and the condition of the existing surface determine whether additional sealing or spot preparation is needed. Confirm preparation, compatibility, application, coverage and recoat requirements in the current label or technical data sheet.",Previously Described,Commercial & Industrial > Primers,"bonding primer, adhesion primer, primer, surface preparation coating, primer sealer, basecoat",Benjamin Moore,MOO01,https://raw.githubusercontent.com/kinggoff/NewSteelesImages/main/review-images/legacy-bm-000000048-waterbornebondingprimer_primer_benjaminmoore.png?raw=true,Image already existed,Finishes,,1,1,,,,,Primer=https://raw.githubusercontent.com/kinggoff/NewSteelesImages/main/PDFs/SDS/benjamin-moore-HP1750-00FR_SDS_EN.pdf?raw=true,Primer=https://raw.githubusercontent.com/kinggoff/NewSteelesImages/main/PDFs/TDS/benjamin-moore-HP1750_TDS_CE.pdf?raw=true,Primer=https://raw.githubusercontent.com/kinggoff/NewSteelesImages/main/PDFs/SDS/benjamin-moore-HP1750-00FR_SDS_EN.pdf?raw=true,,Primer=https://raw.githubusercontent.com/kinggoff/NewSteelesImages/main/PDFs/TDS/benjamin-moore-HP1750_TDS_CE.pdf?raw=true,,cae825f8fafedaaae4e468e8b66ead262def1428cf34471ce0d57f7d7f71699a,28d8110bac3f3a5774b14d801a809063de8c2c09d41bde584f0af46ddfa5a902
simple,High Performance Polyamide Epoxy,49,BM-000000049,,"Benjamin Moore Polyamide Epoxy is a two-component epoxy coating offering outstanding abrasion resistance and chemical durability. Prepare both surfaces and follow the label for mixing where required, open or working time, assembly, clamping and cure. Confirm the exact item and package before ordering.",Previously Described,Commercial & Industrial > Epoxy,"epoxy coating, two-part epoxy, protective coating, industrial coating",Benjamin Moore,MOO01,https://raw.githubusercontent.com/kinggoff/NewSteelesImages/main/review-images/legacy-bm-000000049-polyamideepoxy_specialtypaint_benjaminmoore.png?raw=true,Image already existed,Finishes,Gloss,1,1,,,,,"Gloss=https://raw.githubusercontent.com/kinggoff/NewSteelesImages/main/PDFs/SDS/benjamin-moore-HP4000-75FR_SDS_EN.pdf?raw=true, https://raw.githubusercontent.com/kinggoff/NewSteelesImages/main/PDFs/SDS/benjamin-moore-HP4000-80FR_SDS_EN.pdf?raw=true, https://raw.githubusercontent.com/kinggoff/NewSteelesImages/main/PDFs/SDS/benjamin-moore-HP4000-90FR_SDS_EN.pdf?raw=true, https://raw.githubusercontent.com/kinggoff/NewSteelesImages/main/PDFs/SDS/benjamin-moore-HP4000-92FR_SDS_EN.pdf?raw=true, https://raw.githubusercontent.com/kinggoff/NewSteelesImages/main/PDFs/SDS/benjamin-moore-HP4000-91FR_SDS_EN.pdf?raw=true, https://raw.githubusercontent.com/kinggoff/NewSteelesImages/main/PDFs/SDS/benjamin-moore-HP4000-00FR_SDS_EN.pdf?raw=true, https://raw.githubusercontent.com/kinggoff/NewSteelesImages/main/PDFs/SDS/benjamin-moore-HP4000-9BFR_SDS_EN.pdf?raw=true, https://raw.githubusercontent.com/kinggoff/NewSteelesImages/main/PDFs/SDS/benjamin-moore-HP4000-8BFR_SDS_EN.pdf?raw=true, https://raw.githubusercontent.com/kinggoff/NewSteelesImages/main/PDFs/SDS/benjamin-moore-HP4000-20FR_SDS_EN.pdf?raw=true, https://raw.githubusercontent.com/kinggoff/NewSteelesImages/main/PDFs/SDS/benjamin-moore-HP4000-10FR_SDS_EN.pdf?raw=true, https://raw.githubusercontent.com/kinggoff/NewSteelesImages/main/PDFs/SDS/benjamin-moore-HP4000-70FR_SDS_EN.pdf?raw=true, https://raw.githubusercontent.com/kinggoff/NewSteelesImages/main/PDFs/SDS/benjamin-moore-HP4000-7BFR_SDS_EN.pdf?raw=true",Gloss=https://raw.githubusercontent.com/kinggoff/NewSteelesImages/main/PDFs/TDS/benjamin-moore-HP4000_TDS_CE.pdf?raw=true,"Gloss=https://raw.githubusercontent.com/kinggoff/NewSteelesImages/main/PDFs/SDS/benjamin-moore-HP4000-75FR_SDS_EN.pdf?raw=true, https://raw.githubusercontent.com/kinggoff/NewSteelesImages/main/PDFs/SDS/benjamin-moore-HP4000-80FR_SDS_EN.pdf?raw=true, https://raw.githubusercontent.com/kinggoff/NewSteelesImages/main/PDFs/SDS/benjamin-moore-HP4000-90FR_SDS_EN.pdf?raw=true, https://raw.githubusercontent.com/kinggoff/NewSteelesImages/main/PDFs/SDS/benjamin-moore-HP4000-92FR_SDS_EN.pdf?raw=true, https://raw.githubusercontent.com/kinggoff/NewSteelesImages/main/PDFs/SDS/benjamin-moore-HP4000-91FR_SDS_EN.pdf?raw=true, https://raw.githubusercontent.com/kinggoff/NewSteelesImages/main/PDFs/SDS/benjamin-moore-HP4000-00FR_SDS_EN.pdf?raw=true, https://raw.githubusercontent.com/kinggoff/NewSteelesImages/main/PDFs/SDS/benjamin-moore-HP4000-9BFR_SDS_EN.pdf?raw=true, https://raw.githubusercontent.com/kinggoff/NewSteelesImages/main/PDFs/SDS/benjamin-moore-HP4000-8BFR_SDS_EN.pdf?raw=true, https://raw.githubusercontent.com/kinggoff/NewSteelesImages/main/PDFs/SDS/benjamin-moore-HP4000-20FR_SDS_EN.pdf?raw=true, https://raw.githubusercontent.com/kinggoff/NewSteelesImages/main/PDFs/SDS/benjamin-moore-HP4000-10FR_SDS_EN.pdf?raw=true, https://raw.githubusercontent.com/kinggoff/NewSteelesImages/main/PDFs/SDS/benjamin-moore-HP4000-70FR_SDS_EN.pdf?raw=true, https://raw.githubusercontent.com/kinggoff/NewSteelesImages/main/PDFs/SDS/benjamin-moore-HP4000-7BFR_SDS_EN.pdf?raw=true",,Gloss=https://raw.githubusercontent.com/kinggoff/NewSteelesImages/main/PDFs/TDS/benjamin-moore-HP4000_TDS_CE.pdf?raw=true,,52d3767495187fe2f84cd27c4a14a1fbe4ae011a9acd930d626415d3f9b963aa,99436480b06477de3bd09ed7372beb9250555e3e232bf09bccaa148f74c4491b
simple,High Performance Fast-Cure Polyamide Epoxy,50,BM-000000050,,"Benjamin Moore Fast-Cure Polyamide Epoxy is a rapid-drying epoxy designed for fast turnaround and high durability. The master lists Satin finish options. The final appearance and service performance depend on the substrate, preparation, film build and complete coating system. Prepare both surfaces and follow the label for mixing where required, open or working time, assembly, clamping and cure.",Previously Described,Commercial & Industrial > Epoxy,"epoxy coating, two-part epoxy, protective coating, industrial coating",Benjamin Moore,MOO01,https://raw.githubusercontent.com/kinggoff/NewSteelesImages/main/review-images/legacy-bm-000000050-fastcurepolyamideepoxy_specialtypaint_benjaminmoore.png?raw=true,Image already existed,Finishes,Satin,1,1,,,,,"Satin=https://raw.githubusercontent.com/kinggoff/NewSteelesImages/main/PDFs/SDS/benjamin-moore-HP4100-75FR_SDS_EN.pdf?raw=true, https://raw.githubusercontent.com/kinggoff/NewSteelesImages/main/PDFs/SDS/benjamin-moore-HP4100-80FR_SDS_EN.pdf?raw=true, https://raw.githubusercontent.com/kinggoff/NewSteelesImages/main/PDFs/SDS/benjamin-moore-HP4100-90FR_SDS_EN.pdf?raw=true, https://raw.githubusercontent.com/kinggoff/NewSteelesImages/main/PDFs/SDS/benjamin-moore-HP4100-9BFR_SDS_EN.pdf?raw=true, https://raw.githubusercontent.com/kinggoff/NewSteelesImages/main/PDFs/SDS/benjamin-moore-HP4100-00FR_SDS_EN.pdf?raw=true, https://raw.githubusercontent.com/kinggoff/NewSteelesImages/main/PDFs/SDS/benjamin-moore-HP4100-8BFR_SDS_EN.pdf?raw=true, https://raw.githubusercontent.com/kinggoff/NewSteelesImages/main/PDFs/SDS/benjamin-moore-HP4100-70FR_SDS_EN.pdf?raw=true, https://raw.githubusercontent.com/kinggoff/NewSteelesImages/main/PDFs/SDS/benjamin-moore-HP4100-7BFR_SDS_EN.pdf?raw=true, https://raw.githubusercontent.com/kinggoff/NewSteelesImages/main/PDFs/SDS/benjamin-moore-HP4100-01FR_SDS_EN.pdf?raw=true",Satin=https://raw.githubusercontent.com/kinggoff/NewSteelesImages/main/PDFs/TDS/benjamin-moore-HP4100_TDS_CE.pdf?raw=true,"Satin=https://raw.githubusercontent.com/kinggoff/NewSteelesImages/main/PDFs/SDS/benjamin-moore-HP4100-75FR_SDS_EN.pdf?raw=true, https://raw.githubusercontent.com/kinggoff/NewSteelesImages/main/PDFs/SDS/benjamin-moore-HP4100-80FR_SDS_EN.pdf?raw=true, https://raw.githubusercontent.com/kinggoff/NewSteelesImages/main/PDFs/SDS/benjamin-moore-HP4100-90FR_SDS_EN.pdf?raw=true, https://raw.githubusercontent.com/kinggoff/NewSteelesImages/main/PDFs/SDS/benjamin-moore-HP4100-9BFR_SDS_EN.pdf?raw=true, https://raw.githubusercontent.com/kinggoff/NewSteelesImages/main/PDFs/SDS/benjamin-moore-HP4100-00FR_SDS_EN.pdf?raw=true, https://raw.githubusercontent.com/kinggoff/NewSteelesImages/main/PDFs/SDS/benjamin-moore-HP4100-8BFR_SDS_EN.pdf?raw=true, https://raw.githubusercontent.com/kinggoff/NewSteelesImages/main/PDFs/SDS/benjamin-moore-HP4100-70FR_SDS_EN.pdf?raw=true, https://raw.githubusercontent.com/kinggoff/NewSteelesImages/main/PDFs/SDS/benjamin-moore-HP4100-7BFR_SDS_EN.pdf?raw=true, https://raw.githubusercontent.com/kinggoff/NewSteelesImages/main/PDFs/SDS/benjamin-moore-HP4100-01FR_SDS_EN.pdf?raw=true",,Satin=https://raw.githubusercontent.com/kinggoff/NewSteelesImages/main/PDFs/TDS/benjamin-moore-HP4100_TDS_CE.pdf?raw=true,,5a208d48f14bc33444184bcd82511ab4b04163b50b24745b6952f95ca031253b,379783036d4c3ec856a079494f5a3a6dbcba7e073b3e32a556cc8c4c49910557
simple,High Performance 100% Solids Epoxy,51,BM-000000051,,"Benjamin Moore 100% Solids Epoxy is a high-build, solvent-free epoxy system engineered for maximum durability and chemical resistance. Prepare both surfaces and follow the label for mixing where required, open or working time, assembly, clamping and cure. Confirm the exact item and package before ordering.",Previously Described,Commercial & Industrial > Epoxy,"epoxy coating, two-part epoxy, protective coating, industrial coating",Benjamin Moore,MOO01,https://raw.githubusercontent.com/kinggoff/NewSteelesImages/main/review-images/legacy-bm-000000051-100-solidsepoxy_specialtypaint_benjaminmoore.png?raw=true,Image already existed,Finishes,Gloss,1,1,,,,,"Gloss=https://raw.githubusercontent.com/kinggoff/NewSteelesImages/main/PDFs/SDS/benjamin-moore-HP4300-90FR_SDS_EN.pdf?raw=true, https://raw.githubusercontent.com/kinggoff/NewSteelesImages/main/PDFs/SDS/benjamin-moore-HP4300-00FR_SDS_EN.pdf?raw=true, https://raw.githubusercontent.com/kinggoff/NewSteelesImages/main/PDFs/SDS/benjamin-moore-HP4300-52FR_SDS_EN.pdf?raw=true, https://raw.githubusercontent.com/kinggoff/NewSteelesImages/main/PDFs/SDS/benjamin-moore-HP4300-70FR_SDS_EN.pdf?raw=true, https://raw.githubusercontent.com/kinggoff/NewSteelesImages/main/PDFs/SDS/benjamin-moore-HP4300-01FR_SDS_EN.pdf?raw=true",Gloss=https://raw.githubusercontent.com/kinggoff/NewSteelesImages/main/PDFs/TDS/benjamin-moore-HP4300_TDS_CE.pdf?raw=true,"Gloss=https://raw.githubusercontent.com/kinggoff/NewSteelesImages/main/PDFs/SDS/benjamin-moore-HP4300-90FR_SDS_EN.pdf?raw=true, https://raw.githubusercontent.com/kinggoff/NewSteelesImages/main/PDFs/SDS/benjamin-moore-HP4300-00FR_SDS_EN.pdf?raw=true, https://raw.githubusercontent.com/kinggoff/NewSteelesImages/main/PDFs/SDS/benjamin-moore-HP4300-52FR_SDS_EN.pdf?raw=true, https://raw.githubusercontent.com/kinggoff/NewSteelesImages/main/PDFs/SDS/benjamin-moore-HP4300-70FR_SDS_EN.pdf?raw=true, https://raw.githubusercontent.com/kinggoff/NewSteelesImages/main/PDFs/SDS/benjamin-moore-HP4300-01FR_SDS_EN.pdf?raw=true",,Gloss=https://raw.githubusercontent.com/kinggoff/NewSteelesImages/main/PDFs/TDS/benjamin-moore-HP4300_TDS_CE.pdf?raw=true,,eb4feae74faad42b6ed7fe8784f2170c2199fbdfaa0231c541eace35a3efb9f4,bd681f2a19c727e517ce62fa9719e9094219360280071fe3cb5b419d0c8a89cc
simple,TuffCrete Waterborne Acrylic Concrete Stain,52,I-000000052,,"Insl-X TuffCrete Waterborne Acrylic Concrete Stain is a durable concrete stain formulated for interior and exterior floors. Confirm preparation, compatibility, application, coverage and recoat requirements in the current label or technical data sheet. Confirm the exact item and package before ordering.",Previously Described,Paints > Exterior,"concrete stain, masonry coating, water-based coating, decorative concrete finish",Insl-X,MOO01,https://raw.githubusercontent.com/kinggoff/NewSteelesImages/main/review-images/legacy-i-000000052-tuffcretewaterborneacrylicconcretestain_specialtypaint_inslx.png?raw=true,Image already existed,Finishes,Satin,1,1,,,,,"Satin=https://raw.githubusercontent.com/kinggoff/NewSteelesImages/main/PDFs/SDS/insl-x-CST-2100F_SDS_EN.pdf?raw=true, https://raw.githubusercontent.com/kinggoff/NewSteelesImages/main/PDFs/SDS/insl-x-CST-2308F_SDS_EN.pdf?raw=true, https://raw.githubusercontent.com/kinggoff/NewSteelesImages/main/PDFs/SDS/insl-x-CST-2310F_SDS_EN.pdf?raw=true, https://raw.githubusercontent.com/kinggoff/NewSteelesImages/main/PDFs/SDS/insl-x-CST-2789F_SDS_EN.pdf?raw=true, https://raw.githubusercontent.com/kinggoff/NewSteelesImages/main/PDFs/SDS/insl-x-CST-2110F_SDS_EN.pdf?raw=true",Satin=https://raw.githubusercontent.com/kinggoff/NewSteelesImages/main/PDFs/TDS/insl-x-CST-2XXX_TDS_CAE.pdf?raw=true,"Satin=https://raw.githubusercontent.com/kinggoff/NewSteelesImages/main/PDFs/SDS/insl-x-CST-2100F_SDS_EN.pdf?raw=true, https://raw.githubusercontent.com/kinggoff/NewSteelesImages/main/PDFs/SDS/insl-x-CST-2308F_SDS_EN.pdf?raw=true, https://raw.githubusercontent.com/kinggoff/NewSteelesImages/main/PDFs/SDS/insl-x-CST-2310F_SDS_EN.pdf?raw=true, https://raw.githubusercontent.com/kinggoff/NewSteelesImages/main/PDFs/SDS/insl-x-CST-2789F_SDS_EN.pdf?raw=true, https://raw.githubusercontent.com/kinggoff/NewSteelesImages/main/PDFs/SDS/insl-x-CST-2110F_SDS_EN.pdf?raw=true",,Satin=https://raw.githubusercontent.com/kinggoff/NewSteelesImages/main/PDFs/TDS/insl-x-CST-2XXX_TDS_CAE.pdf?raw=true,,81a1c0dc15757d460c205da3c316da1ab34fc1cc8b6af7811bc39b640df13ec4,b470db0f68f60e1da36aa4a7b946e2e25a604da556275861ffd4c20928159728
simple,GarageGuard 2-Part Waterborne Epoxy,53,I-000000053,,"Insl-X GarageGuard is a high-performance two-part water-based epoxy floor coating delivering exceptional durability, chemical resistance, and a glossy finish. The master lists Semi Gloss finish options. Prepare both surfaces and follow the label for mixing where required, open or working time, assembly, clamping and cure.",Previously Described,Paints > Epoxy,"epoxy coating, two-part epoxy, protective coating, industrial coating",Insl-X,MOO01,https://raw.githubusercontent.com/kinggoff/NewSteelesImages/main/review-images/legacy-i-000000053-garageguard_specialtypaint_inslx.png?raw=true,Image already existed,Finishes,Semi Gloss,1,1,,,,,"Semi Gloss=https://raw.githubusercontent.com/kinggoff/NewSteelesImages/main/PDFs/SDS/insl-x-EGG190S9F_EN_SDS.pdf?raw=true, https://raw.githubusercontent.com/kinggoff/NewSteelesImages/main/PDFs/SDS/insl-x-EGG310SF_SDS_EN.pdf?raw=true, https://raw.githubusercontent.com/kinggoff/NewSteelesImages/main/PDFs/SDS/insl-x-EGG-111F_SDS_EN.pdf?raw=true, https://raw.githubusercontent.com/kinggoff/NewSteelesImages/main/PDFs/SDS/insl-x-EGG10BS9F_SDS_EN.pdf?raw=true",Semi Gloss=https://raw.githubusercontent.com/kinggoff/NewSteelesImages/main/PDFs/TDS/insl-x-EGG_XXXX_TDS_CAE.pdf?raw=true,"Semi Gloss=https://raw.githubusercontent.com/kinggoff/NewSteelesImages/main/PDFs/SDS/insl-x-EGG190S9F_EN_SDS.pdf?raw=true, https://raw.githubusercontent.com/kinggoff/NewSteelesImages/main/PDFs/SDS/insl-x-EGG310SF_SDS_EN.pdf?raw=true, https://raw.githubusercontent.com/kinggoff/NewSteelesImages/main/PDFs/SDS/insl-x-EGG-111F_SDS_EN.pdf?raw=true, https://raw.githubusercontent.com/kinggoff/NewSteelesImages/main/PDFs/SDS/insl-x-EGG10BS9F_SDS_EN.pdf?raw=true",,Semi Gloss=https://raw.githubusercontent.com/kinggoff/NewSteelesImages/main/PDFs/TDS/insl-x-EGG_XXXX_TDS_CAE.pdf?raw=true,,26ffb76f037ea3ca6f2952bf2cf2bcf1f6edbadaf99bb37a8e063968cabc05bd,da639519fa9dd35060db14e12edffbfb0998b4aceeb68d713f4d33e9e9d0bfa5
simple,GarageGuard 1-Part Concrete & Garage Floor Paint,54,I-000000054,,"Insl-X garageGuard 1-Part Concrete and Garage Floor Paint is a durable acrylic coating for concrete floors with fast drying and abrasion resistance. The master lists Satin finish options. Confirm preparation, compatibility, application, coverage and recoat requirements in the current label or technical data sheet.",Previously Described,Paints > Exterior,"floor paint, porch and patio paint, concrete floor coating, protective coating",Insl-X,MOO01,https://raw.githubusercontent.com/kinggoff/NewSteelesImages/main/review-images/legacy-i-000000054-garageguard1partconcrete-garagefloorpaint_specialtypaint_inslx.png?raw=true,Image already existed,Finishes,Satin,1,1,,,,,"Satin=https://raw.githubusercontent.com/kinggoff/NewSteelesImages/main/PDFs/SDS/insl-x-CG-301BFGHS_SDS_EN.pdf?raw=true, https://raw.githubusercontent.com/kinggoff/NewSteelesImages/main/PDFs/SDS/insl-x-CG-304BFGHS_SDS_EN.pdf?raw=true, https://raw.githubusercontent.com/kinggoff/NewSteelesImages/main/PDFs/SDS/insl-x-CG-3022FGHS_SDS_EN.pdf?raw=true, https://raw.githubusercontent.com/kinggoff/NewSteelesImages/main/PDFs/SDS/insl-x-CG-3007FGHS_SDS_EN.pdf?raw=true, https://raw.githubusercontent.com/kinggoff/NewSteelesImages/main/PDFs/SDS/insl-x-CG-3011FGHS_SDS_EN.pdf?raw=true",Satin=https://raw.githubusercontent.com/kinggoff/NewSteelesImages/main/PDFs/TDS/insl-x-CG-3XXX_TDS_CE.pdf?raw=true,"Satin=https://raw.githubusercontent.com/kinggoff/NewSteelesImages/main/PDFs/SDS/insl-x-CG-301BFGHS_SDS_EN.pdf?raw=true, https://raw.githubusercontent.com/kinggoff/NewSteelesImages/main/PDFs/SDS/insl-x-CG-304BFGHS_SDS_EN.pdf?raw=true, https://raw.githubusercontent.com/kinggoff/NewSteelesImages/main/PDFs/SDS/insl-x-CG-3022FGHS_SDS_EN.pdf?raw=true, https://raw.githubusercontent.com/kinggoff/NewSteelesImages/main/PDFs/SDS/insl-x-CG-3007FGHS_SDS_EN.pdf?raw=true, https://raw.githubusercontent.com/kinggoff/NewSteelesImages/main/PDFs/SDS/insl-x-CG-3011FGHS_SDS_EN.pdf?raw=true",,Satin=https://raw.githubusercontent.com/kinggoff/NewSteelesImages/main/PDFs/TDS/insl-x-CG-3XXX_TDS_CE.pdf?raw=true,,650bbc2dc45fa28f0350ef156d16898b831930a3b3341f1866dfbdcd4395a972,3cdc776ed1d962490e6b69ef65dc9b86b76ca72eee65133b78e650699819c0e2
simple,Multi-Surface Waterproofer,55,I-000000055,,"Insl-X Multi-Surface Waterproofer is a clear penetrating water repellent designed to protect masonry, brick, and concrete from water intrusion. The master lists Flat finish options. Confirm preparation, compatibility, application, coverage and recoat requirements in the current label or technical data sheet.",Previously Described,Paints > Exterior,"waterproofing sealer, masonry waterproofer, clear protective coating, penetrating sealer",Insl-X,MOO01,https://raw.githubusercontent.com/kinggoff/NewSteelesImages/main/review-images/legacy-i-000000055-multisurfacewaterproofer_specialtypaint_inslx.png?raw=true,Image already existed,Finishes,Flat,1,1,,,,,Flat=https://raw.githubusercontent.com/kinggoff/NewSteelesImages/main/PDFs/SDS/insl-x-WPS-1000FR_SDS_EN.pdf?raw=true,Flat=https://raw.githubusercontent.com/kinggoff/NewSteelesImages/main/PDFs/TDS/insl-x-WPS-1000_TDS_CE.pdf?raw=true,Flat=https://raw.githubusercontent.com/kinggoff/NewSteelesImages/main/PDFs/SDS/insl-x-WPS-1000FR_SDS_EN.pdf?raw=true,,Flat=https://raw.githubusercontent.com/kinggoff/NewSteelesImages/main/PDFs/TDS/insl-x-WPS-1000_TDS_CE.pdf?raw=true,,291a3615bfdbfdf4c0041b399c7506c5d0518234906529b82c318c551b164609,84045fd124a3d8f1a7bd40241978a3d5b57283e6ff411830c37d8990ecb0a563
simple,Waterborne Swimming Pool Paint,56,I-000000056,,"Insl-X waterborne Swimming Pool Paint Semi-Gloss is an acrylic waterborne coating for concrete pools providing durability and colour retention. The master lists Semi Gloss finish options. Confirm preparation, compatibility, application, coverage and recoat requirements in the current label or technical data sheet.",Previously Described,Paints > Specialty Paints,"pool paint, swimming pool coating, immersed-service coating, specialty coating",Insl-X,MOO01,https://raw.githubusercontent.com/kinggoff/NewSteelesImages/main/review-images/legacy-i-000000056-multisurfacewaterproofer_specialtypaint_inslx.png?raw=true,Image already existed,Finishes,Semi Gloss,1,1,,,,,"Semi Gloss=https://raw.githubusercontent.com/kinggoff/NewSteelesImages/main/PDFs/SDS/insl-x-WR-1023F_SDS_EN.pdf?raw=true, https://raw.githubusercontent.com/kinggoff/NewSteelesImages/main/PDFs/SDS/insl-x-WR-1024F_3001432_SDS_EN.pdf?raw=true, https://raw.githubusercontent.com/kinggoff/NewSteelesImages/main/PDFs/SDS/insl-x-WR-1019F_SDS_EN.pdf?raw=true, https://raw.githubusercontent.com/kinggoff/NewSteelesImages/main/PDFs/SDS/insl-x-WR-1020F_SDS_EN.pdf?raw=true, https://raw.githubusercontent.com/kinggoff/NewSteelesImages/main/PDFs/SDS/insl-x-WR-1010F_SDS_EN.pdf?raw=true",Semi Gloss=https://raw.githubusercontent.com/kinggoff/NewSteelesImages/main/PDFs/TDS/insl-x-WR-10XX_TDS_CE.pdf?raw=true,"Semi Gloss=https://raw.githubusercontent.com/kinggoff/NewSteelesImages/main/PDFs/SDS/insl-x-WR-1023F_SDS_EN.pdf?raw=true, https://raw.githubusercontent.com/kinggoff/NewSteelesImages/main/PDFs/SDS/insl-x-WR-1024F_3001432_SDS_EN.pdf?raw=true, https://raw.githubusercontent.com/kinggoff/NewSteelesImages/main/PDFs/SDS/insl-x-WR-1019F_SDS_EN.pdf?raw=true, https://raw.githubusercontent.com/kinggoff/NewSteelesImages/main/PDFs/SDS/insl-x-WR-1020F_SDS_EN.pdf?raw=true, https://raw.githubusercontent.com/kinggoff/NewSteelesImages/main/PDFs/SDS/insl-x-WR-1010F_SDS_EN.pdf?raw=true",,Semi Gloss=https://raw.githubusercontent.com/kinggoff/NewSteelesImages/main/PDFs/TDS/insl-x-WR-10XX_TDS_CE.pdf?raw=true,,9cf2e0b800693765628787b646c6a6fda29528b50ac58b09b2ae27c1b296ac69,d7ca04461a725fe2b343dacb374daa11137c5d4a529a6c0a5c44ab098fa173c0
simple,Rubber Based Swimming Pool Paint,57,I-000000057,,"Insl-X rubber-Based Swimming Pool Paint Satin is a rubber-based coating ideal for previously rubber-coated pools, offering durability and chemical resistance. The master lists Satin finish options. Confirm preparation, compatibility, application, coverage and recoat requirements in the current label or technical data sheet.",Previously Described,Paints > Specialty Paints,"pool paint, swimming pool coating, immersed-service coating, specialty coating",Insl-X,MOO01,https://raw.githubusercontent.com/kinggoff/NewSteelesImages/main/review-images/legacy-i-000000057-rubberbasedswimmingpoolpaintsatin_specialtypaint_inslx.png?raw=true,Image already existed,Finishes,Satin,1,1,,,,,"Satin=https://raw.githubusercontent.com/kinggoff/NewSteelesImages/main/PDFs/SDS/insl-x-RP-2719F_SDS_EN.pdf?raw=true, https://raw.githubusercontent.com/kinggoff/NewSteelesImages/main/PDFs/SDS/insl-x-RP-2720F_SDS_EN.pdf?raw=true, https://raw.githubusercontent.com/kinggoff/NewSteelesImages/main/PDFs/SDS/insl-x-RP-2723F_SDS_EN.pdf?raw=true, https://raw.githubusercontent.com/kinggoff/NewSteelesImages/main/PDFs/SDS/insl-x-RP-2724F_SDS_EN.pdf?raw=true, https://raw.githubusercontent.com/kinggoff/NewSteelesImages/main/PDFs/SDS/insl-x-RP-2710F_SDS_EN.pdf?raw=true",Satin=https://raw.githubusercontent.com/kinggoff/NewSteelesImages/main/PDFs/TDS/insl-x-RP-27XX_TDS_CAE.pdf?raw=true,"Satin=https://raw.githubusercontent.com/kinggoff/NewSteelesImages/main/PDFs/SDS/insl-x-RP-2719F_SDS_EN.pdf?raw=true, https://raw.githubusercontent.com/kinggoff/NewSteelesImages/main/PDFs/SDS/insl-x-RP-2720F_SDS_EN.pdf?raw=true, https://raw.githubusercontent.com/kinggoff/NewSteelesImages/main/PDFs/SDS/insl-x-RP-2723F_SDS_EN.pdf?raw=true, https://raw.githubusercontent.com/kinggoff/NewSteelesImages/main/PDFs/SDS/insl-x-RP-2724F_SDS_EN.pdf?raw=true, https://raw.githubusercontent.com/kinggoff/NewSteelesImages/main/PDFs/SDS/insl-x-RP-2710F_SDS_EN.pdf?raw=true",,Satin=https://raw.githubusercontent.com/kinggoff/NewSteelesImages/main/PDFs/TDS/insl-x-RP-27XX_TDS_CAE.pdf?raw=true,,735f64998fc3b828fe18246557121171077caafbcf192feb21d329bdaaae4c1e,b979b740c013094034c6879f705142dbdafae8c047515ab3243ff295585e9944
simple,Epoxy Pool Paint,58,I-000000058,,"Insl-X Epoxy Pool Paint is a two-component high-build epoxy coating offering maximum durability and a tile-like finish for concrete pools. The master lists Semi Gloss finish options. Prepare both surfaces and follow the label for mixing where required, open or working time, assembly, clamping and cure.",Previously Described,Paints > Specialty Paints,"epoxy pool paint, swimming pool coating, two-part epoxy coating, immersed-service coating",Insl-X,MOO01,https://raw.githubusercontent.com/kinggoff/NewSteelesImages/main/review-images/legacy-i-000000058-epoxypoolpaint_specialtypaint_inslx.png?raw=true,Image already existed,Finishes,Semi Gloss,1,1,,,,,"Semi Gloss=https://raw.githubusercontent.com/kinggoff/NewSteelesImages/main/PDFs/SDS/insl-x-IG-4020F_EN_SDS.pdf?raw=true, https://raw.githubusercontent.com/kinggoff/NewSteelesImages/main/PDFs/SDS/insl-x-IG-40BSF_SDS_EN.pdf?raw=true, https://raw.githubusercontent.com/kinggoff/NewSteelesImages/main/PDFs/SDS/insl-x-IG-4042F_EN_SDS.pdf?raw=true, https://raw.githubusercontent.com/kinggoff/NewSteelesImages/main/PDFs/SDS/insl-x-IG-4001F_SDS_EN.pdf?raw=true, https://raw.githubusercontent.com/kinggoff/NewSteelesImages/main/PDFs/SDS/insl-x-IG-4024F_EN_SDS.pdf?raw=true, https://raw.githubusercontent.com/kinggoff/NewSteelesImages/main/PDFs/SDS/insl-x-IG-4010F_SDS_EN.pdf?raw=true",Semi Gloss=https://raw.githubusercontent.com/kinggoff/NewSteelesImages/main/PDFs/TDS/insl-x-IG-40XX_TDS_CAE.pdf?raw=true,"Semi Gloss=https://raw.githubusercontent.com/kinggoff/NewSteelesImages/main/PDFs/SDS/insl-x-IG-4020F_EN_SDS.pdf?raw=true, https://raw.githubusercontent.com/kinggoff/NewSteelesImages/main/PDFs/SDS/insl-x-IG-40BSF_SDS_EN.pdf?raw=true, https://raw.githubusercontent.com/kinggoff/NewSteelesImages/main/PDFs/SDS/insl-x-IG-4042F_EN_SDS.pdf?raw=true, https://raw.githubusercontent.com/kinggoff/NewSteelesImages/main/PDFs/SDS/insl-x-IG-4001F_SDS_EN.pdf?raw=true, https://raw.githubusercontent.com/kinggoff/NewSteelesImages/main/PDFs/SDS/insl-x-IG-4024F_EN_SDS.pdf?raw=true, https://raw.githubusercontent.com/kinggoff/NewSteelesImages/main/PDFs/SDS/insl-x-IG-4010F_SDS_EN.pdf?raw=true",,Semi Gloss=https://raw.githubusercontent.com/kinggoff/NewSteelesImages/main/PDFs/TDS/insl-x-IG-40XX_TDS_CAE.pdf?raw=true,,be8cfb76c800e9475712574308622d019c3195fd9fdae9dd0797e50dd37b2cb2,de93a3a523db1163fd5487c944b241f9959cddf18c4f9a46c485bf698c9af284
simple,3M ScotchBlue Painter's Tape Applicator,59,3M-000000059,,"3M ScotchBlue Painter’s Tape Applicator helps you place tape quickly and accurately so paint prep feels cleaner, faster and easier from the first edge to the final pull. Choose the listed size for the surface and coating, then clean or dispose of the applicator according to current product guidance.",Previously Described,Painting Tools & Accessories > Tools,"painter's tape applicator, masking tape applicator, hand masking tool, painting accessory",3M,3MC01,https://raw.githubusercontent.com/kinggoff/NewSteelesImages/main/review-images/legacy-3m-000000059-scotchbluepainterstapeapplicator_painttoolsaccessories_3m.png?raw=true,Image already existed,,,,,,,,,,,,,,,eb1b025d5d700d61f29a4914cb1aad965a3b3788adbf1dac08eceb9511e1d4ee,b24927f5fd9f65bc179de00d3522cbae4b448a14eb4816e6deadb15e87cb131a
simple,3M Hand-Masker Film & Paper Dispenser Kit,60,3M-000000060,,"3M Hand-Masker Film & Paper Dispenser Kit gives you a complete masking setup for pairing tape with film or paper, helping you protect trim, floors and surfaces more efficiently before painting. Review the listed format and current manufacturer instructions to confirm compatibility, safe use, cleaning and storage for the intended job.",Previously Described,Painting Tools & Accessories > Paint Prep & Repairs,"masking dispenser, hand masking tool, film and paper applicator, painting accessory",3M,3MC01,https://raw.githubusercontent.com/kinggoff/NewSteelesImages/main/review-images/legacy-3m-000000060-handmaskerfilmpaperdispenser_painttoolsaccessories_3m.png?raw=true,Image already existed,,,,,,,,,,,,,,,452327782dbee1dbd81e8643fec00e254916caeed1782833278cf50bd881746e,1b4da2f8425a9e17685bba2cb55e073455f21067bf0ac30de27b44b6d61d8283
simple,3M Hand-Masker M3000 Dispenser,61,3M-000000061,,3M Hand-Masker M3000 Dispenser makes masking faster and more consistent by dispensing tape with film or paper in one smooth step for cleaner paint prep. Check the current manufacturer label or technical data sheet before use. Confirm the exact item and package before ordering. Follow the current manufacturer instructions for the intended job.,Previously Described,Painting Tools & Accessories > Paint Prep & Repairs,"masking dispenser, hand masking tool, film and paper applicator, painting accessory",3M,3MC01,https://raw.githubusercontent.com/kinggoff/NewSteelesImages/main/review-images/legacy-3m-000000061-handmaskerm3000dispenser_painttoolsaccessories_3m.png?raw=true,Image already existed,,,,,,,,,,,,,,,30993eb89b26a869d73086cd00e00874dcf6751207e59a68fb52a3bbcebd94ae,65ba2325228431013e39bcd5dda8b5784a3f51ffa37072b60d8251c16e1d8a46
simple,3M Hand-Masker Advanced Masking Film AMF48,62,3M-000000062,,"3M Hand-Masker Advanced Masking Film AMF48 protects surfaces during multi-coat paint projects with high-density film designed to cling well and resist paint flaking. Review the listed format and current manufacturer instructions to confirm compatibility, safe use, cleaning and storage for the intended job.",Previously Described,Painting Tools & Accessories > Paint Prep & Repairs,"masking film, surface protection film, paint masking material, painting accessory",3M,3MC01,https://raw.githubusercontent.com/kinggoff/NewSteelesImages/main/review-images/legacy-3m-000000062-handmaskeradvancedmaskingfilmamf48_painttoolsaccessories_3m.png.png?raw=true,Image already existed,,,,,,,,,,,,,,,b521a329589718ccb80dd0386c18f2c54009bc682f17e35c07c7c80099233e41,5f146b1d65cc42a2f24a0c4c58792e579842b3cc37f0edefbecde2be5d68d699
simple,3M N95 Respirator 8511 with Valve,63,3M-000000063,,"3M N95 Respirator 8511 with Valve provides disposable N95 protection with an exhalation valve for added comfort during sanding, prep and other dusty project work. Review the listed format and current manufacturer instructions to confirm compatibility, safe use, cleaning and storage for the intended job.",Previously Described,Painting Tools & Accessories > Clothing & Safety,"n95 respirator, particulate respirator, disposable mask, respiratory protection",3M,3MC01,https://raw.githubusercontent.com/kinggoff/NewSteelesImages/main/review-images/legacy-3m-000000063-n95respirator8511valve_paintergearsafety_3m.png?raw=true,Image already existed,,,,,,,,,,,,,,,88fbf8f83f0681a95a528f960a2167d66ff9be246149d2c3cf5f15e1882c17b4,e1fc71a9a38d750fcca94a4631376bada17b3a5421cb6a7ab9ccf2a86b8f1ec8
simple,3M N95 Respirator 8210 Plus,64,3M-000000064,,"3M N95 Respirator 8210 Plus provides lightweight disposable N95 protection against non-oil based particles, making it a practical choice for sanding, prep and cleanup. Review the listed format and current manufacturer instructions to confirm compatibility, safe use, cleaning and storage for the intended job.",Previously Described,Painting Tools & Accessories > Clothing & Safety,"n95 respirator, particulate respirator, disposable mask, respiratory protection",3M,3MC01,https://raw.githubusercontent.com/kinggoff/NewSteelesImages/main/review-images/legacy-3m-000000064-n95respirator8210plus_paintergearsafety_3m.png?raw=true,Image already existed,,,,,,,,,,,,,,,e9abc3a26e71e3a6ce1c7b3a1aeddb9195ba41305c4fabaebc9949b68e0bee16,3c948dd54132a2be2b0ed91f0d1829309c3bb6060a09e934d94bf3eb0e728982
simple,3M Organic Vapor Cartridge 6001,65,3M-000000065,,"3M Organic Vapor Cartridge 6001 is designed for compatible 3M respirators to help protect against organic vapours during painting, staining and solvent-based project work. Confirm fit, compatibility and required protection before use, and follow the current safety instructions for the actual workplace hazard.",Previously Described,Painting Tools & Accessories > Clothing & Safety,"organic vapour cartridge, respirator cartridge, chemical vapour filter, respiratory protection accessory",3M,3MC01,https://raw.githubusercontent.com/kinggoff/NewSteelesImages/main/review-images/legacy-3m-000000065-organicvaporcartridge6001_paintergearsafety_3m.png?raw=true,Image already existed,,,,,,,,,,,,,,,a59ae279c0c2265d0517ade51ae7ffafc400bdfc0a4c0f0613532a3d06b7938b,9150f017ec209d2aad86e44a6914d5e69949d2e8e40863c5fefbd0856930cbba
simple,3M Paint Project Reusable Respirator,66,3M-000000066,,"3M Paint Project Reusable Respirator gives you reusable protection for paint projects where fumes, vapours and particulates need to be managed more comfortably. Review the listed format and current manufacturer instructions to confirm compatibility, safe use, cleaning and storage for the intended job.",Previously Described,Painting Tools & Accessories > Clothing & Safety,"reusable respirator, paint respirator, respiratory protection, half-mask respirator",3M,3MC01,https://raw.githubusercontent.com/kinggoff/NewSteelesImages/main/review-images/legacy-3m-000000066-paintprojectreusablerespirator_paintergearsafety_3m.png?raw=true,Image already existed,,,,,,,,,,,,,,,766c73d47dd7a4e96c89416d02407a88ba737b73c4e71fbb3f29a47fd875c349,f419325361ff2f4fb3e7ae891c5eacaa3e7c713e2cb3766da0b669fc08381666
simple,3M ScotchBlue Original Multi-Surface Painter's Tape,67,3M-000000067,,"3M ScotchBlue Original Multi-Surface Painter’s Tape helps create crisp paint lines on a variety of surfaces and removes cleanly, making it a dependable tape for everyday painting projects. Review the listed format and current manufacturer instructions to confirm compatibility, safe use, cleaning and storage for the intended job.",Previously Described,Painting Tools & Accessories > Paint Prep & Repairs,"masking tape, painter's tape, pressure-sensitive tape, painting accessory",3M,3MC01,https://raw.githubusercontent.com/kinggoff/NewSteelesImages/main/review-images/legacy-3m-000000067-scotchblueoriginalmultisurfacepainterstape_painttoolsaccessories_3m.png?raw=true,Image already existed,,,,,,,,,,,,,,,b6bd19c84c3c5d7fd502c5a1e1ed22bc5844a28f76284515e0a1f2b18d019e55,8b787400359d94eaacc376ced126ce6666cd3a49ad4067d126284cce44fb7c97
simple,3M Scotch Delicate Surface Painter's Tape,68,3M-000000068,,"3M Scotch Delicate Surface Painter’s Tape uses a lower-tack adhesive for freshly painted or delicate surfaces, helping you get clean lines with less risk of damage during removal. Review the listed format and current manufacturer instructions to confirm compatibility, safe use, cleaning and storage for the intended job.",Previously Described,Painting Tools & Accessories > Paint Prep & Repairs,"masking tape, painter's tape, pressure-sensitive tape, painting accessory, delicate-surface masking tape",3M,3MC01,https://raw.githubusercontent.com/kinggoff/NewSteelesImages/main/review-images/legacy-3m-000000068-scotchdelicatesurfacepainterstape_painttoolsaccessories_3m.png?raw=true,Image already existed,,,,,,,,,,,,,,,f47a97cb4cbb440c6813a97672e15fdc84c811f235e0113e2108c91446e1decd,a7ca974f994686cade8554135ce37ebad82cfc50db2cf2c8ad8153e8ea69b553
simple,3M Scotch General Painting Multi-Surface Tape (6 Pack),69,3M-000000069,,"3M Scotch General Painting Multi-Surface Tape (6 Pack) gives you a versatile multi-surface tape for everyday masking, touch-ups and painting projects where clean removal matters. Review the listed format and current manufacturer instructions to confirm compatibility, safe use, cleaning and storage for the intended job.",Previously Described,Painting Tools & Accessories > Paint Prep & Repairs,"masking tape, painter's tape, pressure-sensitive tape, painting accessory",3M,3MC01,https://raw.githubusercontent.com/kinggoff/NewSteelesImages/main/review-images/legacy-3m-000000069-scotchgeneralpaintingmultisurfacetape6_painttoolsaccessories_3m.png?raw=true,Image already existed,,,,,,,,,,,,,,,927e494891d4b5edc240c2a017a6975be2dab9c3f41a7831d90d2419a62af6ca,b0923dd37d8ffa0a3552b747da06e09b4a09e71d67238bbd65680eb244ae7e06
simple,3M Scotch Heavy Duty Masking Tape (4 Pack),70,3M-000000070,,"3M Scotch Heavy Duty Masking Tape (4 Pack) provides stronger hold for tougher masking jobs, helping tape stay in place on more demanding surfaces during prep and painting. Review the listed format and current manufacturer instructions to confirm compatibility, safe use, cleaning and storage for the intended job.",Previously Described,Painting Tools & Accessories > Paint Prep & Repairs,"masking tape, painter's tape, pressure-sensitive tape, painting accessory, heavy-duty masking tape",3M,3MC01,https://raw.githubusercontent.com/kinggoff/NewSteelesImages/main/review-images/legacy-3m-000000070-scotchheavydutymaskingtape4_painttoolsaccessories_3m.png?raw=true,Image already existed,,,,,,,,,,,,,,,1dc053636d545acb868cf2cab6a11c7ff2f0c9f10e90b235fdac6daaadf6745b,cc10da8fe5f7dc0a6239ee0d7c387a737570063f983efcfca033010758c548d8
simple,3M Scotch Contractor Grade Masking Tape (6 Pack),71,3M-000000071,,"3M Scotch Contractor Grade Masking Tape (6 Pack) is a practical bulk tape option for general masking and contractor use, with reliable hold and easy removal for everyday jobs. Review the listed format and current manufacturer instructions to confirm compatibility, safe use, cleaning and storage for the intended job.",Previously Described,Painting Tools & Accessories > Paint Prep & Repairs,"masking tape, painter's tape, pressure-sensitive tape, painting accessory",3M,3MC01,https://raw.githubusercontent.com/kinggoff/NewSteelesImages/main/review-images/legacy-3m-000000071-scotchcontractorgrademaskingtape6_painttoolsaccessories_3m.png?raw=true,Image already existed,,,,,,,,,,,,,,,cf129eb19f484f0a1679be7537e29500fc1e3d66083f392b4e1f6a3c6e487c20,e23d52a2f07e7e2283e570ddf05c901aea4d6516e3fa34895c7c65e9039fbea0
simple,3M Bondo Glazing & Spot Putty,72,3M-000000072,,"3M Bondo Glazing & Spot Putty helps repair small scratches, pinholes and surface imperfections so the area can be smoothed and finished before painting. Selection should be based on the specific task, material, working conditions and compatible products in the complete system. Apply to a clean, sound surface and follow the label for mixing, layer depth, drying or cure, sanding and topcoating.",Previously Described,Painting Tools & Accessories > Paint Prep & Repairs,"glazing putty, spot putty, automotive filler, surface repair compound",3M,3MC01,https://raw.githubusercontent.com/kinggoff/NewSteelesImages/main/review-images/legacy-3m-000000072-bondoglazingspotputty_specialtypaint_3m.png?raw=true,Image already existed,,,,,,,,,,,,,,,dd862bdc41fb2222fbb8f5bdc2de2908db37b9f08298948765b57bd9b1abb985,2859e15fad6a962940d808443374424a7651483b7fd0c40dab9ee2f4091595cd
simple,3M Bondo Body Filler,73,3M-000000073,,"3M Bondo Body Filler is a durable repair filler for dents and damaged surfaces, making it useful for automotive, restoration and general repair projects. Selection should be based on the specific task, material, working conditions and compatible products in the complete system. Apply to a clean, sound surface and follow the label for mixing, layer depth, drying or cure, sanding and topcoating.",Previously Described,Painting Tools & Accessories > Paint Prep & Repairs,"automotive body filler, polyester filler, two-part repair compound, surface repair product",3M,3MC01,https://raw.githubusercontent.com/kinggoff/NewSteelesImages/main/review-images/legacy-3m-000000073-bondobodyfiller_specialtypaint_3m.png?raw=true,Image already existed,,,,,,,,,,,,,,,eff59d3429990934c2f5309902a51041b2bfe9e9a86ed8817c8173203fb52bb2,5f3841a09f53d7f3d652ee9b921ccb2361c55200a865973738be0aa5bf5fc9bf
simple,3M Paint Project Full Face Respirator,74,3M-000000074,,"3M Paint Project Full Face Respirator offers full-face coverage and reusable protection for projects involving fumes, vapours and airborne particles. Check the current manufacturer label or technical data sheet before use. Confirm the exact item and package before ordering. Follow the current manufacturer instructions for the intended job.",Previously Described,Painting Tools & Accessories > Clothing & Safety,"reusable respirator, paint respirator, respiratory protection, full-face respirator",3M,3MC01,https://raw.githubusercontent.com/kinggoff/NewSteelesImages/main/review-images/legacy-3m-000000074-paintprojectfullfacerespirator_paintergearsafety_3m.png?raw=true,Image already existed,,,,,,,,,,,,,,,eb9bbcac73eb03727ec619c633830c1f173848facfebceb2322b52f1608c28cb,c6077934984664a7dd2548d64a8ef57fa1fb548633cb3eb58b7b7defa000e545
simple,Timbermate Water-Based Wood Filler,75,TM-000000075,,"Timbermate Water-Based Wood Filler helps fill cracks, holes and grain imperfections in wood so surfaces can be sanded smooth and finished with a cleaner final result. Check the current manufacturer label or technical data sheet before use. Confirm the exact item and package before ordering. Follow the current manufacturer instructions for the intended job.",Previously Described,Painting Tools & Accessories > Paint Prep & Repairs,"wood filler, wood repair compound, grain filler, surface repair product",Timbermate,DOVER,https://raw.githubusercontent.com/kinggoff/NewSteelesImages/main/review-images/legacy-tm-000000075-timbermatewaterbasedwoodfiller_specialtypaint_timbermate.png?raw=true,Image already existed,,,,,,,,,,,,,,,0ce6d9520943de0a18c20e6b62b4e7be6e8e39256d49e4baae54109de1b5a4bc,958dccb4b986a4e105e2940e7d240905afb7da269bb2cec021405a82f3d6c4ea
simple,PC Super Epoxy,76,PC-000000076,,"PC Super Epoxy provides strong two-part bonding, filling, and repair performance across a wide range of household, shop, and jobsite materials. The final appearance and service performance depend on the substrate, preparation, film build and complete coating system. Prepare both surfaces and follow the label for mixing where required, open or working time, assembly, clamping and cure.",Previously Described,Painting Tools & Accessories > Paint Prep & Repairs,"epoxy adhesive, two-part epoxy, repair adhesive, epoxy repair compound",PC Products,DOVER,https://raw.githubusercontent.com/kinggoff/NewSteelesImages/main/review-images/legacy-pc-000000076-pcsuperepoxy_specialtypaint_pcproducts.png?raw=true,Image already existed,,,,,,,,,,,,,,,8f44a838c102a45ebf09456ae1de42d53248465fc63fb5de4acb005545458174,94ddef13b1fc66845b2c22fd2072bdc6988110e34d1b01533f45da5e48007834
simple,Kampel SeamFil ,77,KA-000000077,,"Kampel SeamFil is a professional seam repair compound available in a range of colours to help fill, conceal, and repair open seams, tears, and minor imperfections on vinyl wallcoverings and laminate surfaces for a smooth, durable finish. Review the listed format and current manufacturer instructions to confirm compatibility, safe use, cleaning and storage for the intended job.",Previously Described,Painting Tools & Accessories > Paint Prep & Repairs,"seam repair compound, laminate seam filler, wallcovering seam repair, repair filler",Kampel,,https://raw.githubusercontent.com/kinggoff/NewSteelesImages/main/review-images/legacy-ka-000000077-seamfillaminaterepairfiller_specialtypaint_kampel.png?raw=true,Image already existed,,,,,,,,,,,,,,,66fee69fc93deaa90f8b2ffbc3f8d674c97a6b45dcce75d30826c953bd13b7b5,7d470b31967c0d60adf75adb9b20372e3d51c7b448441b36a2870df6d50b8db3
simple,DFP Sable Hair Brushes,78,DF-000000078,,"DFP Sable Hair Brushes are ideal for graining, spot touch-ups, fine detailing, and French polishing, featuring premium red sable bristles that deliver exceptional precision, smooth stain application, and professional-quality finishes. Choose the listed size for the surface and coating, then clean or dispose of the applicator according to current product guidance.",Previously Described,Painting Tools & Accessories > Tools,"artist brush, fine-detail brush, paint brush, painting tool",DFP,DOVER,https://raw.githubusercontent.com/kinggoff/NewSteelesImages/main/review-images/legacy-df-000000078-artistsabledetailbrushesset_painttoolsaccessories_doverfinishing.png?raw=true,Image already existed,,,,,,,,,,,,,,,38edf1a384a7f04b1ef3204bd237e40f17d40b968b02fbfcfe64064d867b688e,5712d386427692c4ab9d6fe410e7fba189f8d0440cadaa2b3aca0b0f2fca2248
simple,Dumond Smart Strip PRO Paint Remover,79,DU-000000079,,"Dumond Smart Strip PRO Paint Remover helps remove built-up paint, varnish, and coatings from surfaces, providing a cleaner base for refinishing and restoration projects. Check the current manufacturer label or technical data sheet before use. Confirm the exact item and package before ordering. Follow the current manufacturer instructions for the intended job.",Previously Described,Painting Tools & Accessories > Cleaners & Removers,"coating remover, paint remover, finish stripper, surface preparation chemical",Dumond,MUM01,https://raw.githubusercontent.com/kinggoff/NewSteelesImages/main/review-images/legacy-du-000000079-smartstrippropaintremover5gallon_specialtypaint_dumond.png?raw=true,Image already existed,,,,,,,,,,,,,,,3c550cba89197c27e320da4b508116c8f78a98066d2c4a0b42fe8cbb19ebd22c,df256f86295bb009ac7cc06fe006600685920b00f66476d18a69b241469df117
simple,Dumond Peel Away 1 Heavy-Duty Paint Remover,80,DU-000000080,,"Dumond Peel Away 1 Heavy-Duty Paint Remover helps remove built-up paint, varnish, and coatings from surfaces, providing a cleaner base for refinishing and restoration projects. Check the current manufacturer label or technical data sheet before use. Confirm the exact item and package before ordering.",Previously Described,Painting Tools & Accessories > Cleaners & Removers,"coating remover, paint remover, finish stripper, surface preparation chemical",Dumond,MUM01,https://raw.githubusercontent.com/kinggoff/NewSteelesImages/main/review-images/legacy-du-000000080-peelaway1heavydutypaintremover5gallon_specialtypaint_dumond.png?raw=true,Image already existed,,,,,,,,,,,,,,,3a3540c8c0d3146d204632d2eae14f5dcd0565311a73ac6fb0a8b3e02136d08b,70d6017f1a33e95b323f283df8addfe7ccb4315154630679ef9f733f6e1b23a1
simple,Dumond Smart Strip Advanced Paint Remover,81,DU-000000081,,"Dumond Smart Strip Advanced Paint Remover helps remove built-up paint, varnish, and coatings from surfaces, providing a cleaner base for refinishing and restoration projects. Check the current manufacturer label or technical data sheet before use. Confirm the exact item and package before ordering. Follow the current manufacturer instructions for the intended job.",Previously Described,Painting Tools & Accessories > Cleaners & Removers,"coating remover, paint remover, finish stripper, surface preparation chemical",Dumond,MUM01,https://raw.githubusercontent.com/kinggoff/NewSteelesImages/main/review-images/legacy-du-000000081-smartstripadvancedpaintremover5gallon_specialtypaint_dumond.png?raw=true,Image already existed,,,,,,,,,,,,,,,baf81459ee66c913645c90bffa2eb28fc4e61dfaf22cc81cf265e0a246bc7b32,9891226b508cf5635ca34f431125af97c32e828a257cd3d4817afddb4274432b
simple,PC Concrete Epoxy Adhesive,82,PC-000000082,,"PC Concrete Epoxy Adhesive provides strong two-part bonding and repair performance for concrete, masonry, anchoring, and crack repair projects. The final appearance and service performance depend on the substrate, preparation, film build and complete coating system. Prepare both surfaces and follow the label for mixing where required, open or working time, assembly, clamping and cure.",Previously Described,Painting Tools & Accessories > Paint Prep & Repairs,"concrete epoxy adhesive, two-part epoxy, masonry repair adhesive, structural adhesive",PC Products,DOVER,https://raw.githubusercontent.com/kinggoff/NewSteelesImages/main/review-images/legacy-pc-000000082-pcconcreteepoxyadhesive_commercialpaint_pcproducts.png?raw=true,Image already existed,,,,,,,,,,,,,,,0f81a8481268855d2dc073fabea171925b9101fe5a1e53d03eab9842efea17cb,5c6aaa9620f2b4105ac1f01fc5689bb3256182359590ce3f7a619d694134ccd2
simple,H.F. Staples Ladder Mitts,83,HFS-000000083,,"H.F. Staples Ladder Mitts help protect walls, siding and trim from ladder marks, dents and scratches while you work. Selection should be based on the specific task, material, working conditions and compatible products in the complete system. Review the listed format and current manufacturer instructions to confirm compatibility, safe use, cleaning and storage for the intended job.",Previously Described,Painting Tools & Accessories > Tools,"ladder mitt, ladder protection pad, ladder accessory, surface protection product",H.F. Staples,LES01,https://raw.githubusercontent.com/kinggoff/NewSteelesImages/main/review-images/legacy-hfs-000000083-laddermitts_paintergearsafety_hfstaples.png?raw=true,Image already existed,,,,,,,,,,,,,,,55372291432f9edd5b011c8bdf9e26ff38f25dbf93f91eafff82415bd99dcb3a,692158631174a84ce7b3703cf6331ff994cc1c71b8a63cb9cbe7a1cd6e258552
simple,Premier HD Touch-Up Marker,84,PR-000000084,,"Premier HD Touch-Up Marker helps repair chips, scratches and small surface imperfections so finished wood, laminate or coated surfaces look cleaner and more complete. Check the current manufacturer label or technical data sheet before use. Confirm the exact item and package before ordering. Follow the current manufacturer instructions for the intended job.",Previously Described,Lacquer and Millwork Coatings > Dover,"touch-up marker, wood repair marker, colour repair pen, finishing tool",Premier,DOVER,https://raw.githubusercontent.com/kinggoff/NewSteelesImages/main/review-images/legacy-pr-000000084-premierhdtouchupmarker_specialtypaint_premier.png?raw=true,Image already existed,,,,,,,,,,,,,,,cad07e0144f475b595b64b8d56d2168d65288a2c94b92299c59b0d9568331235,e5af49e6e2c734f7aa822bc9e5fb96e5bfeaf85c28c86d0ada76f16dd064b7a6
simple,GoodFilla Wood & Grain Filler,85,GF-000000085,,"GoodFilla Wood & Grain Filler helps fill cracks, holes and grain imperfections in wood so surfaces can be sanded smooth and finished with a cleaner final result. Check the current manufacturer label or technical data sheet before use. Confirm the exact item and package before ordering. Follow the current manufacturer instructions for the intended job.",Previously Described,Painting Tools & Accessories > Paint Prep & Repairs,"wood filler, wood repair compound, grain filler, surface repair product",GoodFilla,DOVER,https://raw.githubusercontent.com/kinggoff/NewSteelesImages/main/review-images/legacy-gf-000000085-goodfillawoodgrainfiller_specialtypaint_goodfilla.png?raw=true,Image already existed,,,,,,,,,,,,,,,bdcadcab701c2183345e67d1f5a8522d09a75400a75011464fb9b73ae0de4d02,ef2f25061ab8343d99c96c1fa4a72994bc92b91477d31da2fded6b04be692745
simple,DFP Factory Touch-Up Marker,86,DFP-000000086,,"DFP Factory Touch-Up Marker helps repair chips, scratches and small surface imperfections so finished wood, laminate or coated surfaces look cleaner and more complete. Check the current manufacturer label or technical data sheet before use. Confirm the exact item and package before ordering. Follow the current manufacturer instructions for the intended job.",Previously Described,Lacquer and Millwork Coatings > Dover,"touch-up marker, wood repair marker, colour repair pen, finishing tool",DFP,DOVER,https://raw.githubusercontent.com/kinggoff/NewSteelesImages/main/review-images/legacy-dfp-000000086-factorytouchupmarker_specialtypaint_dfp.png?raw=true,Image already existed,,,,,,,,,,,,,,,77edb45d49e39510a7b219d4a98117a1cfa7acb14bc3beb5c40d390d966212c3,efb13566c89a2560c7ab70a926560cddbf23dbb191b8b2ab75fc1bc54ed09dab
simple,DFP Quick Cure Wood Epoxy,87,DFP-000000087,,"DFP Quick Cure Wood Epoxy rebuilds, fills and repairs damaged wood so worn or rotted areas can be restored before sanding, priming or finishing. The final appearance and service performance depend on the substrate, preparation, film build and complete coating system. Prepare both surfaces and follow the label for mixing where required, open or working time, assembly, clamping and cure.",Previously Described,Painting Tools & Accessories > Paint Prep & Repairs,"wood repair epoxy, wood filler, two-part epoxy, repair compound, quick-cure epoxy",DFP,DOVER,https://raw.githubusercontent.com/kinggoff/NewSteelesImages/main/review-images/legacy-dfp-000000087-quickcurewoodepoxy_specialtypaint_dfp.png?raw=true,Image already existed,,,,,,,,,,,,,,,0b95cca3c6320aefe3ba3d4c5e3235d23a8b9050ae1743cba1b0d2c3d5f60eae,73379fd73f1ed3151e589cac8889f28bddd73864dbde7603c093e4e5cfe63d55
simple,DFP Fill Stick Repair Stick,88,DFP-000000088,,"DFP Fill Stick Repair Stick helps repair chips, scratches and small surface imperfections so finished wood, laminate or coated surfaces look cleaner and more complete. Check the current manufacturer label or technical data sheet before use. Confirm the exact item and package before ordering. Follow the current manufacturer instructions for the intended job.",Previously Described,Lacquer and Millwork Coatings > Dover,"fill stick, wax repair stick, wood repair filler, furniture touch-up product",DFP,DOVER,https://raw.githubusercontent.com/kinggoff/NewSteelesImages/main/review-images/legacy-dfp-000000088-fillstickrepairstick_painttoolsaccessories_dfp.png?raw=true,Image already existed,,,,,,,,,,,,,,,fbe363fc8dec0da3bedd779431add5cb4350b833cfbf516f5d7176f9fe9f168f,f196a4e1f089fdeb05364d5d37023347c7e5d1eda58d93bb96ba09b7094bcb9a
simple,Innovatco Caulking Applicator,89,IN-000000089,,"Innovatco Caulking Applicator Tool helps shape, smooth and finish caulking or sealant joints for cleaner lines and a more professional-looking result. Check the current manufacturer label or technical data sheet before use. Confirm the exact item and package before ordering. Follow the current manufacturer instructions for the intended job.",Previously Described,Painting Tools & Accessories > Tools,"caulk finishing tool, sealant smoothing tool, caulking applicator, hand tool",Innovatco,MUM01,https://raw.githubusercontent.com/kinggoff/NewSteelesImages/main/review-images/legacy-in-000000089-caulkingapplicatortool_painttoolsaccessories_innovatco.png?raw=true,Image already existed,,,,,,,,,,,,,,,c1ed989eaca91628e51a3e22d51d0be99ab48b1f782d494c36fa4b289c58d4c0,1819d064278c9ca1f4952dbea05c916bbc4aba7bd89f7e9ca3cca4ff3f96d41f
simple,PC Woody Wood Repair Epoxy,90,PC-000000090,,"PC Woody Wood Repair Epoxy rebuilds, fills, and repairs damaged wood so worn or rotted areas can be restored before sanding, priming, or finishing. The final appearance and service performance depend on the substrate, preparation, film build and complete coating system. Prepare both surfaces and follow the label for mixing where required, open or working time, assembly, clamping and cure.",Previously Described,Painting Tools & Accessories > Paint Prep & Repairs,"wood repair epoxy, wood filler, two-part epoxy, repair compound",PC Products,DOVER,https://raw.githubusercontent.com/kinggoff/NewSteelesImages/main/review-images/legacy-pc-000000090-pcwoodywoodrepairepoxy_specialtypaint_pcproducts.png?raw=true,Image already existed,,,,,,,,,,,,,,,641232642980444a2a91928d9441408e9217d24f741d51cfbbd18cf1fb18b0ca,616d21faf52a9d1b71a971e7809bebf55bdaed07196869caefc6018ab3e67cbb
simple,PC 7 Epoxy Paste,91,PC-000000091,,"PC 7 Epoxy Paste provides strong two-part bonding, filling, and repair performance across a wide range of household, shop, and jobsite materials. The final appearance and service performance depend on the substrate, preparation, film build and complete coating system. Prepare both surfaces and follow the label for mixing where required, open or working time, assembly, clamping and cure.",Previously Described,Painting Tools & Accessories > Paint Prep & Repairs,"epoxy paste, two-part epoxy, repair adhesive, repair compound",PC Products,DOVER,https://raw.githubusercontent.com/kinggoff/NewSteelesImages/main/review-images/legacy-pc-000000091-pc7epoxypaste_specialtypaint_pcproducts.png?raw=true,Image already existed,,,,,,,,,,,,,,,e5bce448e70ff6e9487b6c878305529f010354a66bf37bd5459eb130e77c6dd8,7c5d7ca821bb82ae427a647c4bce516f1685935b7f5ea9fe005c81f59d29979d
simple,Gotham Mineral Spirits,92,GO-000000092,,"Gotham Mineral Spirits is formulated for thinning oil-based coatings, cleaning brushes and tools, and preparing surfaces for painting and finishing projects. Check the current manufacturer label or technical data sheet before use. Confirm the exact item and package before ordering. Follow the current manufacturer instructions for the intended job.",Previously Described,Lacquer and Millwork Coatings > Goudey,"mineral spirits, paint thinner, finishing solvent, cleaning solvent",Gotham,GOTHAM,https://raw.githubusercontent.com/kinggoff/NewSteelesImages/main/review-images/legacy-go-000000092-mineralspirits189l_specialtypaint_gotham.png?raw=true,Image already existed,,,,,,,,,,,,,,,ef2d1e707b89e98dd669522771e03eda323f843c36cac24b4b606b28472b5fce,73c3555eaccdebc424a1558382f47a9ad334c4a64f7406f485db0adbbee42881
simple,Gotham Lacquer Thinner,93,GO-000000093,,"Gotham Lacquer Thinner is formulated for thinning lacquer-based coatings, cleaning spray equipment and tools, and preparing surfaces for professional finishing applications. Colour and sheen can vary with wood species, porosity and preparation, so a representative test area is recommended. Test first, then follow the label for dilution, dwell time, rinsing, ventilation and protective equipment.",Previously Described,Lacquer and Millwork Coatings > Goudey,"lacquer thinner, lacquer solvent, coating reducer, finishing solvent",Gotham,GOTHAM,https://raw.githubusercontent.com/kinggoff/NewSteelesImages/main/review-images/legacy-go-000000093-lacquerthinner189l_lacquers_gotham.png.png?raw=true,Image already existed,,,,,,,,,,,,,,,5e187206b13cdd337f1f43f29af974c7089542c128cea429159901bde45cdbfd,3ae1fb00d786dc6af84b6940915f18a01441757696aa60fbc47cead5d93fadcd
simple,Gotham Acetone,94,GO-000000094,,"Gotham Acetone is a fast-evaporating solvent ideal for cleaning tools, removing residues, and preparing surfaces before painting, coating, or refinishing. Selection should be based on the specific task, material, working conditions and compatible products in the complete system. Test first, then follow the label for dilution, dwell time, rinsing, ventilation and protective equipment.",Previously Described,Lacquer and Millwork Coatings > Goudey,"acetone, finishing solvent, cleaning solvent, surface preparation solvent",Gotham,GOTHAM,https://raw.githubusercontent.com/kinggoff/NewSteelesImages/main/review-images/legacy-go-000000094-acetone378l_specialtypaint_gotham.png?raw=true,Image already existed,,,,,,,,,,,,,,,aeba65afac9cf069335da86b5f25b639f181af710211234b41c703946f680be4,ee4ff1229ae90d089891de01e230aee3550171a18472a4fea5dde8dad7c84857
simple,Gotham Eco-Solv Paint Thinner,95,GO-000000095,,"Gotham Eco-Solv Paint Thinner is formulated to thin oil-based paints and coatings while effectively cleaning brushes, rollers, and other painting tools. The final appearance and service performance depend on the substrate, preparation, film build and complete coating system. Test first, then follow the label for dilution, dwell time, rinsing, ventilation and protective equipment.",Previously Described,Lacquer and Millwork Coatings > Goudey,"paint thinner, finishing solvent, coating reducer, cleaning solvent",Gotham,GOTHAM,https://raw.githubusercontent.com/kinggoff/NewSteelesImages/main/review-images/legacy-go-000000095-ecosolvpaintthinner378l_stains_gotham.png?raw=true,Image already existed,,,,,,,,,,,,,,,5e482d836677a030b959fe1d9bdf5795366b533182c47710431cab6563836f8c,e441d81f166bd2b9f8fefcb5614f5517e67114e4b1cb1168c4a54856a35f3275
simple,Gotham Methyl Hydrate,96,GO-000000096,,"Gotham Methyl Hydrate is ideal for cleaning surfaces, thinning select products, and removing grease, dirt, and residue before painting or finishing. Check the current manufacturer label or technical data sheet before use. Confirm the exact item and package before ordering. Follow the current manufacturer instructions for the intended job.",Previously Described,Lacquer and Millwork Coatings > Goudey,"methyl hydrate, finishing solvent, cleaning solvent, surface preparation solvent",Gotham,GOTHAM,https://raw.githubusercontent.com/kinggoff/NewSteelesImages/main/review-images/legacy-go-000000096-methylhydrate378l_lacquers_gotham.png?raw=true,Image already existed,,,,,,,,,,,,,,,bfe4ddfd40bcca0c65fc9485f647633420d791b43c9774db6bf23bc5bd86282a,5fe2b7dc6d9a9153be363a184835fd658eef105c50dbc13f99e8adf2af86feb6
simple,Goudey 700 Methyl Hydrate Blend,97,GY-000000097,,"Goudey 700 Methyl Hydrate Blend is ideal for cleaning surfaces, thinning select products, and removing grease, dirt, and residue before painting or finishing. Check the current manufacturer label or technical data sheet before use. Confirm the exact item and package before ordering. Follow the current manufacturer instructions for the intended job.",Previously Described,Lacquer and Millwork Coatings > Goudey,"methyl hydrate, finishing solvent, cleaning solvent, surface preparation solvent",Goudey,GOE01,https://raw.githubusercontent.com/kinggoff/NewSteelesImages/main/review-images/legacy-gy-000000097-700methylhydrateblend378l_specialtypaint_goudey.png?raw=true,Image already existed,,,,,,,,,,,,,,,fdfe4747a9c6049891c3a7baa57f2f1b4912aea92442145a29d20efba2a88146,db31b0b1c93fa591cd5c39521333ad8d67e989f34877a0a87baa3d6a3c1c82a3
simple,Goudey 706 Toluene,98,GY-000000098,,"Goudey 706 Toluene is a powerful solvent for thinning compatible coatings, cleaning tools, and supporting professional finishing applications. Selection should be based on the specific task, material, working conditions and compatible products in the complete system. Confirm preparation, compatibility, application, coverage and recoat requirements in the current label or technical data sheet.",Previously Described,Lacquer and Millwork Coatings > Goudey,"toluene, finishing solvent, coating solvent, surface preparation solvent",Goudey,GOE01,https://raw.githubusercontent.com/kinggoff/NewSteelesImages/main/review-images/legacy-gy-000000098-706toluene378l_specialtypaint_goudey.png?raw=true,Image already existed,,,,,,,,,,,,,,,21f4fb85f9265252cba9ec628753bb064c0b70626912f003506d6ea26f270e02,dd15821b0be6d813489df95eca2022f25dfd4888b0a76514e655729990a47599
simple,Goudey 718 VM&P Naphtha,99,GY-000000099,,"Goudey 718 VM&P Naphtha is a fast-drying solvent designed for thinning compatible coatings, cleaning tools, and preparing surfaces before finishing. Check the current manufacturer label or technical data sheet before use. Confirm the exact item and package before ordering. Follow the current manufacturer instructions for the intended job.",Previously Described,Lacquer and Millwork Coatings > Goudey,"naphtha, finishing solvent, coating solvent, cleaning solvent",Goudey,GOE01,https://raw.githubusercontent.com/kinggoff/NewSteelesImages/main/review-images/legacy-gy-000000099-718vmpnaphtha378l_specialtypaint_goudey.png?raw=true,Image already existed,,,,,,,,,,,,,,,30fac8d35ba2542e239c0ffdc2690efd80221454bfe926f0ecd5aef59fcc324c,026b122da47a8f8a7944b8144ca27c2464154edfbad11236352e9ebf1697787f
simple,Goudey 732 Mineral Spirits,100,GY-000000100,,"Goudey 732 Mineral Spirits is formulated for thinning oil-based coatings, cleaning brushes and tools, and preparing surfaces for painting and finishing projects. Check the current manufacturer label or technical data sheet before use. Confirm the exact item and package before ordering. Follow the current manufacturer instructions for the intended job.",Previously Described,Lacquer and Millwork Coatings > Goudey,"mineral spirits, paint thinner, finishing solvent, cleaning solvent",Goudey,GOE01,https://raw.githubusercontent.com/kinggoff/NewSteelesImages/main/review-images/legacy-gy-000000100-732mineralspirits378l_specialtypaint_goudey.png?raw=true,Image already existed,,,,,,,,,,,,,,,a1aecc496f50929502a13234bdbbb65d7c900ea98677a5e5203913a9096a9a5d,ed04ed0717f576e88faa11e6519dd1e9cb8f2eb0024731129ec2016db28d73e2
simple,Goudey 734 Blush Retarder,101,GY-000000101,,"Goudey 734 Blush Retarder helps reduce blushing in lacquer finishes by slowing evaporation, promoting a smoother, more consistent finish. Selection should be based on the specific task, material, working conditions and compatible products in the complete system. Confirm preparation, compatibility, application, coverage and recoat requirements in the current label or technical data sheet.",Previously Described,Lacquer and Millwork Coatings > Goudey,"lacquer retarder, blush eliminator, finish additive, lacquer additive",Goudey,GOE01,https://raw.githubusercontent.com/kinggoff/NewSteelesImages/main/review-images/legacy-gy-000000101-734blushretarder378l_lacquers_goudey.png?raw=true,Image already existed,,,,,,,,,,,,,,,a1639368da4ce37cfeef4cecd679b01fbe868c7cf902060806c4a230db285f3c,f0c7d4d8d5a08a29645327c2d09aa341abc7b018b6ca284b2f31d5d018080e85
simple,Goudey 754 Wiping Stain Reducer,102,GY-000000102,,"Goudey 754 Wiping Stain Reducer is designed to thin solvent-based wiping stains for improved flow, workability, and colour control. Colour and sheen can vary with wood species, porosity and preparation, so a representative test area is recommended. Confirm preparation, compatibility, application, coverage and recoat requirements in the current label or technical data sheet.",Previously Described,Lacquer and Millwork Coatings > Goudey,"stain reducer, wood finishing solvent, coating reducer, finishing solvent",Goudey,GOE01,https://raw.githubusercontent.com/kinggoff/NewSteelesImages/main/review-images/legacy-gy-000000102-754wipingstainreducer378l_stains_goudey.png?raw=true,Image already existed,,,,,,,,,,,,,,,ed60fd82a37b3d4b6ce686fe08d01da0e3d55046ec254f65e5e7041d5a092ed7,143c719392e4b5193ef8d7a135d9f225b5ce0ae235b8d67e658fcd31e1569d93
simple,Goudey 770 Paint & Varnish Remover,103,GY-000000103,,"Goudey 770 Paint & Varnish Remover helps remove paint, varnish, and other coatings, making surface preparation faster and easier for refinishing projects. Its role is to leave the surface ready for the next repair or coating step without assuming compatibility with every material. Test first, then follow the label for dilution, dwell time, rinsing, ventilation and protective equipment.",Previously Described,Painting Tools & Accessories > Cleaners & Removers,"coating remover, paint remover, finish stripper, surface preparation chemical",Goudey,GOE01,https://raw.githubusercontent.com/kinggoff/NewSteelesImages/main/review-images/legacy-gy-000000103-770paintvarnishremover378l_specialtypaint_goudey.png?raw=true,Image already existed,,,,,,,,,,,,,,,89c3eca746c497e3ade35226ca98c3da6875d6b3e2e39b3a63a1a8fa23238ff9,99c2b9c3e51662d7fd4e4f65bbdac448eef41fd9830d747614f83d6eb4c9beda
simple,Goudey 788 Lacquer Reducer,104,GY-000000104,,"Goudey 788 Lacquer Reducer is formulated to thin lacquer coatings for improved spray performance, flow, and finish quality. Colour and sheen can vary with wood species, porosity and preparation, so a representative test area is recommended. Confirm preparation, compatibility, application, coverage and recoat requirements in the current label or technical data sheet.",Previously Described,Lacquer and Millwork Coatings > Goudey,"lacquer thinner, lacquer solvent, coating reducer, finishing solvent",Goudey,GOE01,https://raw.githubusercontent.com/kinggoff/NewSteelesImages/main/review-images/legacy-gy-000000104-788lacquerreducer378l_lacquers_goudey.png?raw=true,Image already existed,,,,,,,,,,,,,,,209178db1bdc92dfdb6144c6a6553cdc884aba2a98bcbe1c6c00cf59bdc88ec9,a7adc5a189466df3bdc8c752bf92ecb0c537ffaa88ef2c8f38285512f47905bd
simple,Goudey High Performance Wood Bleach Kit,105,GY-000000105,,Goudey High Performance Wood Bleach Kit helps lighten wood and reduce unwanted natural colour so stained or finished surfaces can be prepared for a more consistent look. Check the current manufacturer label or technical data sheet before use. Confirm the exact item and package before ordering. Follow the current manufacturer instructions for the intended job.,Previously Described,Lacquer and Millwork Coatings > Goudey,"wood bleach, two-part wood bleach, wood treatment, wood restoration product",Goudey,GOE01,https://raw.githubusercontent.com/kinggoff/NewSteelesImages/main/review-images/legacy-gy-000000105-highperformancewoodbleach125l_stains_goudey.png?raw=true,Image already existed,,,,,,,,,,,,,,,b468933293644253ab12e1fd62a2232f8d24ef8a09e080278cd4e92934b7bf1c,d6983f667a616796e8ff2db754e71770b23ccad8a0beb29856a4fd95d6f1e8f7
simple,Goudey 888 High Solids White Undercoat,106,GY-000000106,,"Goudey 888 High Solids White Undercoat builds a smooth, uniform base that helps improve coverage and finish quality before applying lacquer or other topcoats. Check the current manufacturer label or technical data sheet before use. Confirm the exact item and package before ordering. Follow the current manufacturer instructions for the intended job.",Previously Described,Lacquer and Millwork Coatings > Goudey,"wood undercoat, white undercoat, high-solids undercoat, wood finishing basecoat",Goudey,GOE01,https://raw.githubusercontent.com/kinggoff/NewSteelesImages/main/review-images/legacy-gy-000000106-888highsolidswhiteundercoat378l_primer_goudey.png?raw=true,Image already existed,,,,,,,,,,,,,,,dd74846ada9c66a1fe632e198fd9f5c3e97a947ecbbc116abb79244e007e2117,f0199979a56f8c8e0912362809f5385f3f66eb7e26f3830260b8c6832c7ca993
simple,Goudey Pcultra Pre-Catalyzed Lacquer,107,GY-000000107,,"Goudey Pcultra Pre-Catalyzed Lacquer delivers a smooth, durable lacquer finish for woodwork, cabinetry, and professional finishing applications. Colour and sheen can vary with wood species, porosity and preparation, so a representative test area is recommended. Confirm preparation, compatibility, application, coverage and recoat requirements in the current label or technical data sheet.",Previously Described,Lacquer and Millwork Coatings > Goudey,"pre-catalyzed lacquer, wood lacquer, clear wood finish, solvent-based lacquer",Goudey,GOE01,https://raw.githubusercontent.com/kinggoff/NewSteelesImages/main/review-images/legacy-gy-000000107-pcultraprecatalyzedlacquer378l_lacquers_goudey.png?raw=true,Image already existed,,,,,,,,,,,,,,,ac0bae6b4f0823192453c0855662463f17679b20696c1599b5f8c5854d14725b,6cc63987307e15d475f68d3eac3ccbabaa2fc23b09596e5ebd3402f9f1c30bdb
simple,Goudey 0113 Stain Glaze Base Wood Conditioner,108,GY-000000108,,"Goudey 0113 Stain Glaze Base Wood Conditioner helps prepare wood for staining by improving absorption and reducing blotchiness for a more even finish. Colour and sheen can vary with wood species, porosity and preparation, so a representative test area is recommended. Confirm preparation, compatibility, application, coverage and recoat requirements in the current label or technical data sheet.",Previously Described,Lacquer and Millwork Coatings > Goudey,"wood conditioner, stain glaze base, wood finishing basecoat, solvent-based wood finish",Goudey,GOE01,https://raw.githubusercontent.com/kinggoff/NewSteelesImages/main/review-images/legacy-gy-000000108-0113stainglazebasewoodconditioner378l_stains_goudey.png?raw=true,Image already existed,,,,,,,,,,,,,,,b1c6c0371b177a5b06c52ddea3431a219688ee934d9d02d51844ba26b8fdda3b,a9ecb60b3817809fb97da1d47ffb99e0dafac3650f28ccaf65b4a592cd667150
simple,Goudey Solvent-Based Wiping Stain,109,GY-000000109,,"Goudey Solvent-Based Wiping Stain helps add rich colour to wood while enhancing the grain, making it easier to achieve a smooth, even stained finish. Colour and sheen can vary with wood species, porosity and preparation, so a representative test area is recommended. Confirm preparation, compatibility, application, coverage and recoat requirements in the current label or technical data sheet.",Previously Described,Lacquer and Millwork Coatings > Goudey,"wiping stain, wood stain, wood finish, solvent-based wood stain",Goudey,GOE01,https://raw.githubusercontent.com/kinggoff/NewSteelesImages/main/review-images/legacy-gy-000000109-solventbasedwipingstain378l_stains_goudey.png?raw=true,Image already existed,,,,,,,,,,,,,,,3a7d1cbb0f1403318480025bbee20ed7dd3886c30df9dd323bc01788c779ef79,96faf1767d1e09d6179fca42a6f59c2f0110015e1f00c1db2fec62766472584c
simple,Goudey Shellac,110,GY-000000110,,"Goudey Shellac works as a fast-drying wood finish and sealer, helping create a warm, protective base for fine finishing projects. Selection should be based on the specific task, material, working conditions and compatible products in the complete system. Confirm preparation, compatibility, application, coverage and recoat requirements in the current label or technical data sheet.",Previously Described,Lacquer and Millwork Coatings > Goudey,"shellac finish, clear wood finish, natural resin finish, sealing finish",Goudey,GOE01,https://raw.githubusercontent.com/kinggoff/NewSteelesImages/main/review-images/legacy-gy-000000110-shellac4l_lacquers_goudey.png?raw=true,Image already existed,,,,,,,,,,,,,,,22387c3cd566ce8d94368c60609c1f55177e681f09ceeade7398a6c7325d2dfa,bec7e514b695579f87e798ac3cdcbcb1d200e19ba0547dc70adc2e6581acc699
simple,Goudey Water-Based Wiping Stain,111,GY-000000111,,"Goudey Water-Based Wiping Stain helps add rich colour to wood while enhancing the grain, making it easier to achieve a smooth, even stained finish. Colour and sheen can vary with wood species, porosity and preparation, so a representative test area is recommended. Confirm preparation, compatibility, application, coverage and recoat requirements in the current label or technical data sheet.",Previously Described,Lacquer and Millwork Coatings > Goudey,"wiping stain, wood stain, wood finish, water-based wood stain",Goudey,GOE01,https://raw.githubusercontent.com/kinggoff/NewSteelesImages/main/review-images/legacy-gy-000000111-waterbasedwipingstain378l_stains_goudey.png?raw=true,Image already existed,,,,,,,,,,,,,,,8e9e663a0a492031f244e6f8b786f453d6f492775330f54edaff5a61b505a35f,5bc7235faa6ab132460b211fdac3cdc935fa4d7a67ccd9f12f0b2b868c2290d9
simple,Messmer's Deck & Siding ,112,ME-000000112,,"Messmer's Deck & Siding durable alkyd oil finish protects and enhances exterior wood on decks, siding, fences, and other outdoor surfaces while enriching the wood's natural beauty with a durable, weather-resistant finish. Confirm preparation, compatibility, application, coverage and recoat requirements in the current label or technical data sheet.",Previously Described,Paints > Exterior,"exterior wood finish, deck stain, siding stain, oil-based wood stain",Messmer's,YHD01,https://raw.githubusercontent.com/kinggoff/NewSteelesImages/main/review-images/legacy-me-000000112-decksidingdurablealkydoilfinish378l_stains_messmers.png?raw=true,Image already existed,,,,,,,,,250 VOC=https://raw.githubusercontent.com/kinggoff/NewSteelesImages/main/PDFs/SDS/messmer-s-SDS-CDSO-2015.pdf?raw=true|550 VOC=https://raw.githubusercontent.com/kinggoff/NewSteelesImages/main/PDFs/SDS/messmer-s-SDS-DSO-2015.pdf?raw=true,Deck and Siding Stain=https://raw.githubusercontent.com/kinggoff/NewSteelesImages/main/PDFs/TDS/messmer-s-td-dso.pdf?raw=true,250 VOC=https://raw.githubusercontent.com/kinggoff/NewSteelesImages/main/PDFs/SDS/messmer-s-SDS-CDSO-2015.pdf?raw=true|550 VOC=https://raw.githubusercontent.com/kinggoff/NewSteelesImages/main/PDFs/SDS/messmer-s-SDS-DSO-2015.pdf?raw=true,,Deck and Siding Stain=https://raw.githubusercontent.com/kinggoff/NewSteelesImages/main/PDFs/TDS/messmer-s-td-dso.pdf?raw=true,,72f6ca53a9a368818213859b1132aee29d783d4c456476e4dc1f86e20783dacb,6546994c7fb05e085a71f94eb429a6fcca0f52623d74c1fe8901c7fd8ac878f3
simple,"Nour WoodCare 4.7"" Deck Staining Brush",113,NO-000000113,,"Nour WoodCare Deck Staining Brush 4.7"" (120mm) helps apply stain smoothly across deck boards and exterior wood surfaces, giving you better coverage and control on larger outdoor projects. Choose the listed size for the surface and coating, then clean or dispose of the applicator according to current product guidance.",Previously Described,Painting Tools & Accessories > Tools,"deck stain brush, wide paint brush, wood finish applicator, painting tool",Nour,NOUR,https://raw.githubusercontent.com/kinggoff/NewSteelesImages/main/review-images/legacy-no-000000113-woodcaredeckstainingbrush47120mm_painttoolsaccessories_nour.png?raw=true,Image already existed,,,,,,,,,,,,,,,b757995e42da6915c0398d7295539a7be729e37dde15b9f207803d2f0a2d594b,133b9ad48e1682d9235226ea98c6a72e4e44817b87b81df981f73821513c1afb
simple,Nour Banff Angular Brush with Black Bristle 63mm,114,NO-000000114,,"Nour Banff Angular Brush with Black Bristle 63mm helps deliver smooth, controlled paint application for trim, touch-ups and everyday finishing work. It is intended to give the applicator practical control over loading, placement and finish on the matching surface area. Choose the listed size for the surface and coating, then clean or dispose of the applicator according to current product guidance.",Previously Described,Painting Tools & Accessories > Tools,"angled paint brush, sash brush, paint applicator, painting tool",Nour,NOUR,https://raw.githubusercontent.com/kinggoff/NewSteelesImages/main/review-images/legacy-no-000000114-banffblendedbristlebrush21263mm_painttoolsaccessories_nour.png?raw=true,Image already existed,,,,,,,,,,,,,,,8fd4ac36d983a7cfd5c8adc4afc418dc56066dd6f5502b32058d28f3fd6d3618,c1995b809bd5e135a24a5a126e9b86c63eca8a1e9490b88b626e0eee8c7ede0d
simple,"AllPro Silver Series Polyester Brush 1 1/2"" (37mm)",115,AP-000000115,,"AllPro Silver Series Polyester Brush 1 1/2"" (37mm) helps deliver smooth, controlled paint application for trim, touch-ups and everyday finishing work. Check the current manufacturer label or technical data sheet before use. Confirm the exact item and package before ordering. Follow the current manufacturer instructions for the intended job.",Previously Described,Painting Tools & Accessories > Tools,"paint brush, paint applicator, painting tool, bristle brush",AllPro,NOUR,https://raw.githubusercontent.com/kinggoff/NewSteelesImages/main/review-images/legacy-ap-000000115-allprosilverseriespolyesterbrush11237mm_painttoolsaccessories_allpro.png?raw=true,Image already existed,,,,,,,,,,,,,,,6270a8feb1cfa86030bf187709042cec50842db7d6e54c940d4646f8e0ca0bf3,f9b81e2f5566fec22cf40e26f5ef85287081f1c513162095ee8dc61453e69ca7
simple,"AllPro Silver Series Polyester Brush 2"" (50mm)",116,AP-000000116,,"AllPro Silver Series Polyester Brush 2"" (50mm) helps deliver smooth, controlled paint application for trim, touch-ups and everyday finishing work. It is intended to give the applicator practical control over loading, placement and finish on the matching surface area. Choose the listed size for the surface and coating, then clean or dispose of the applicator according to current product guidance.",Previously Described,Painting Tools & Accessories > Tools,"paint brush, paint applicator, painting tool, bristle brush",AllPro,NOUR,https://raw.githubusercontent.com/kinggoff/NewSteelesImages/main/review-images/legacy-ap-000000116-allprosilverseriespolyesterbrush250mm_painttoolsaccessories_allpro.png?raw=true,Image already existed,,,,,,,,,,,,,,,8f5055d53b1d7ae9271ccfd54093afeb7fccfa2f51fc8f6d076f2f75dde3f908,b29ba3e21ee5bbfb70f93b1786a4725ad89c20db05b30ee0bce6336166dd3539
simple,"AllPro Silver Series Polyester Brush 3"" (75mm)",117,AP-000000117,,"AllPro Silver Series Polyester Brush 3"" (75mm) helps deliver smooth, controlled paint application for trim, touch-ups and everyday finishing work. It is intended to give the applicator practical control over loading, placement and finish on the matching surface area. Choose the listed size for the surface and coating, then clean or dispose of the applicator according to current product guidance.",Previously Described,Painting Tools & Accessories > Tools,"paint brush, paint applicator, painting tool, bristle brush",AllPro,NOUR,https://raw.githubusercontent.com/kinggoff/NewSteelesImages/main/review-images/legacy-ap-000000117-allprosilverseriespolyesterbrush375mm_painttoolsaccessories_allpro.png?raw=true,Image already existed,,,,,,,,,,,,,,,38dcb55d85a97e38aa1df6bd0c8cefea1914060d0e17f975c79bd5dc41b267f5,1742c9f2c334489f7b8c45fb4f77e015e884891523e1be74d7cb0c5f56b311bb
simple,"AllPro Silver Series Oval Brush 2 1/2"" (63mm)",118,AP-000000118,,"AllPro Silver Series Oval Brush 2 1/2"" (63mm) holds more paint for smooth, efficient coverage while still giving you control on trim, detail work and smaller surfaces. Check the current manufacturer label or technical data sheet before use. Confirm the exact item and package before ordering. Follow the current manufacturer instructions for the intended job.",Previously Described,Painting Tools & Accessories > Tools,"oval paint brush, paint applicator, paint brush, painting tool",AllPro,NOUR,https://raw.githubusercontent.com/kinggoff/NewSteelesImages/main/review-images/legacy-ap-000000118-allprosilverseriesovalbrush21263mm_painttoolsaccessories_allpro.png?raw=true,Image already existed,,,,,,,,,,,,,,,0e990048c4d11f3b9319e94111b5ca651f4f84dcde4d8f3f8be66ca3d9baaeb9,9945aa9addfff3e5016400221325a1e886db61f6286ecbf63093975285585d1a
simple,"AllPro Silver Series Oval Brush 3"" (75mm)",119,AP-000000119,,"AllPro Silver Series Oval Brush 3"" (75mm) holds more paint for smooth, efficient coverage while still giving you control on trim, detail work and smaller surfaces. Check the current manufacturer label or technical data sheet before use. Confirm the exact item and package before ordering. Follow the current manufacturer instructions for the intended job.",Previously Described,Painting Tools & Accessories > Tools,"oval paint brush, paint applicator, paint brush, painting tool",AllPro,NOUR,https://raw.githubusercontent.com/kinggoff/NewSteelesImages/main/review-images/legacy-ap-000000119-allprosilverseriesovalbrush375mm_painttoolsaccessories_allpro.png?raw=true,Image already existed,,,,,,,,,,,,,,,6509cfc3302668f1209fff2f946e0fb074d28fa8b44614a57a705c73beca52f7,6ef2627285b30eb29e3c05809792b281310eb1e5f678c0b23e191155fbb21f2d
simple,"Aqua Glide Angular Brush 2 1/2"" (63mm)",120,NO-000000120,,"Nour Aqua Glide Angular Brush 2 1/2"" (63mm) gives you controlled cutting, edging and trim work with bristles designed for smooth paint flow and a clean finish. Check the current manufacturer label or technical data sheet before use. Confirm the exact item and package before ordering. Follow the current manufacturer instructions for the intended job.",Previously Described,Painting Tools & Accessories > Tools,"angled paint brush, sash brush, paint applicator, painting tool",Nour,NOUR,https://raw.githubusercontent.com/kinggoff/NewSteelesImages/main/review-images/legacy-no-000000120-aquaglideangularbrush21263mm_painttoolsaccessories_nour.png?raw=true,Image already existed,,,,,,,,,,,,,,,ce049744a6b8a6754edb6bcff731a38e8d051ba9db916ad5a63b87fa13dae54f,a795ff8b4fa4cf8a9483bd9260deed8b98a8ad642ce22dbd3006e10fd64bf206
simple,"Nour Heritage Angular Brush 2 1/2"" (63mm)",121,NO-000000121,,"Nour Heritage Angular Brush 2 1/2"" (63mm) gives you controlled cutting, edging and trim work with bristles designed for smooth paint flow and a clean finish. Check the current manufacturer label or technical data sheet before use. Confirm the exact item and package before ordering. Follow the current manufacturer instructions for the intended job.",Previously Described,Painting Tools & Accessories > Tools,"angled paint brush, sash brush, paint applicator, painting tool",Nour,NOUR,https://raw.githubusercontent.com/kinggoff/NewSteelesImages/main/review-images/legacy-no-000000121-heritageangularbrush21263mm_painttoolsaccessories_nour.png?raw=true,Image already existed,,,,,,,,,,,,,,,76f06e6c8ef4b2d205c27a9c2d17b012d1a8ad8864614fe7b794b49b9a4ba18a,c0cca8c27d8da9f6357b4fd9966b893117c5c07b4e6b070912d0170bb3ffbdc2
simple,"Nour Smooth Finish Angular Brush 2 1/2"" (63mm)",122,NO-000000122,,"Nour Smooth Finish Angular Brush 2 1/2"" (63mm) gives you controlled cutting, edging and trim work with bristles designed for smooth paint flow and a clean finish. Check the current manufacturer label or technical data sheet before use. Confirm the exact item and package before ordering. Follow the current manufacturer instructions for the intended job.",Previously Described,Painting Tools & Accessories > Tools,"angled paint brush, sash brush, paint applicator, painting tool",Nour,NOUR,https://raw.githubusercontent.com/kinggoff/NewSteelesImages/main/review-images/legacy-no-000000122-smoothfinishangularbrush21263mm_painttoolsaccessories_nour.png?raw=true,Image already existed,,,,,,,,,,,,,,,d8b9b1ae6f20b5c781de54f8e577fe29c75ae635629f0500852c901cfb508434,98a10f508d7c4f6009e52a392b876bb86a08ab95b4398a70fb36b3964b605585
simple,"Nour Heritage Angular Brush 3"" (75mm)",123,NO-000000123,,"Nour Heritage Angular Brush 3"" (75mm) gives you controlled cutting, edging and trim work with bristles designed for smooth paint flow and a clean finish. Check the current manufacturer label or technical data sheet before use. Confirm the exact item and package before ordering. Follow the current manufacturer instructions for the intended job.",Previously Described,Painting Tools & Accessories > Tools,"angled paint brush, sash brush, paint applicator, painting tool",Nour,NOUR,https://raw.githubusercontent.com/kinggoff/NewSteelesImages/main/review-images/legacy-no-000000123-heritageangularbrush375mm_painttoolsaccessories_nour.png?raw=true,Image already existed,,,,,,,,,,,,,,,cbc31be6628f0e27454cde8dd3f5922e810a0d745465e1b28f271a2153c3e2b6,bf24332a45211292f538d1f8f8b177147b1d199be651aabe9942e415b77e981a
simple,"Nour Perfect Finish Angular Brush 2"" (50mm)",124,NO-000000124,,"Nour Perfect Finish Angular Brush 2"" (50mm) gives you controlled cutting, edging and trim work with bristles designed for smooth paint flow and a clean finish. Check the current manufacturer label or technical data sheet before use. Confirm the exact item and package before ordering. Follow the current manufacturer instructions for the intended job.",Previously Described,Painting Tools & Accessories > Tools,"angled paint brush, sash brush, paint applicator, painting tool",Nour,NOUR,https://raw.githubusercontent.com/kinggoff/NewSteelesImages/main/review-images/legacy-no-000000124-perfectfinishangularbrush250mm_painttoolsaccessories_nour.png?raw=true,Image already existed,,,,,,,,,,,,,,,adab518ba3bd555a0b1b2e0f7ff132ee7e198f556ba019be8a0ed14d37f79720,a4818643f07212782c2dc0309668e570a4c2ee4e24e0d26e09333464d2fa27bb
simple,"Nour Perfect Finish Angular Brush 2 1/2"" (63mm)",125,NO-000000125,,"Nour Perfect Finish Angular Brush 2 1/2"" (63mm) gives you controlled cutting, edging and trim work with bristles designed for smooth paint flow and a clean finish. Check the current manufacturer label or technical data sheet before use. Confirm the exact item and package before ordering. Follow the current manufacturer instructions for the intended job.",Previously Described,Painting Tools & Accessories > Tools,"angled paint brush, sash brush, paint applicator, painting tool",Nour,NOUR,https://raw.githubusercontent.com/kinggoff/NewSteelesImages/main/review-images/legacy-no-000000125-perfectfinishangularbrush21263mm_painttoolsaccessories_nour.png?raw=true,Image already existed,,,,,,,,,,,,,,,d87e20b75148e5c96fdc1def99027ceeea52c5c9c77f15bbd0a94aa525424773,df5b3b06a3ea9650b04eb59b89a936a347d780f85124986c4242f2f9ebf069c5
simple,"All Pro Master Flex Nylon/Polyester Brush 2 1/2"" (63mm)",126,AP-000000126,,"AllPro Master Flex Nylon/Polyester Brush 2 1/2"" (63mm) helps deliver smooth, controlled paint application for trim, touch-ups and everyday finishing work. Check the current manufacturer label or technical data sheet before use. Confirm the exact item and package before ordering. Follow the current manufacturer instructions for the intended job.",Previously Described,Painting Tools & Accessories > Tools,"paint brush, paint applicator, painting tool, bristle brush",AllPro,NOUR,https://raw.githubusercontent.com/kinggoff/NewSteelesImages/main/review-images/legacy-ap-000000126-masterflexnylonpolyesterbrush21263mm_painttoolsaccessories_allpro.png?raw=true,Image already existed,,,,,,,,,,,,,,,a960f5f5c2f5e06bfd0bf1354cb52363f8cf40699221fbd3ed43751b3354466f,3ab851b4408464277534bf0b63db0c021033ad4e45c6ba20f665bd587b5efa28
simple,"AllPro Microfiber Roller Refills 4.5"" (2 Pack)",127,AP-000000127,,"AllPro Microfiber Roller Refills 4"" (2 Pack) helps load and release paint evenly on smooth to semi-smooth surfaces, supporting faster coverage and a smoother finished look. Choose the listed size for the surface and coating, then clean or dispose of the applicator according to current product guidance.",Previously Described,Painting Tools & Accessories > Tools,"paint roller cover, paint roller refill, paint applicator, painting tool, microfiber roller cover",AllPro,NOUR,https://raw.githubusercontent.com/kinggoff/NewSteelesImages/main/review-images/legacy-ap-000000127-allpromicrofiberrollerrefills42_painttoolsaccessories_allpro.png?raw=true,Image already existed,,,,,,,,,,,,,,,1612e5a52841f9e241aa9e59f2f29793c8520c03727630c0cadfcfaad7b60eda,6d6558c1df85652bb0a04bac156d7b659aafa3951d2f4fcab90bda43b64e7243
simple,"AllPro Microfiber Roller Refills 4.5"" (10 Pack)",128,AP-000000128,,"AllPro Microfiber Roller Refills 4"" (10 Pack) helps load and release paint evenly on smooth to semi-smooth surfaces, supporting faster coverage and a smoother finished look. Choose the listed size for the surface and coating, then clean or dispose of the applicator according to current product guidance.",Previously Described,Painting Tools & Accessories > Tools,"paint roller cover, paint roller refill, paint applicator, painting tool, microfiber roller cover",AllPro,NOUR,https://raw.githubusercontent.com/kinggoff/NewSteelesImages/main/review-images/legacy-ap-000000128-allpromicrofiberrollerrefills410_painttoolsaccessories_allpro.png?raw=true,Image already existed,,,,,,,,,,,,,,,7f73a07fc29571536aa8cfa0a59e291540d16d1cb6f331b9f4aa90e8cf09273e,cc62b8ef5ec6f64880f867da7b5cc182bee3eddac33b279893c4d293e9482cc8
simple,"AllPro Microfiber Roller Refills 4"" (2 Pack)",129,AP-000000129,,"AllPro Microfiber Roller Refills 4"" (2 Pack Alt) helps load and release paint evenly on smooth to semi-smooth surfaces, supporting faster coverage and a smoother finished look. Choose the listed size for the surface and coating, then clean or dispose of the applicator according to current product guidance.",Previously Described,Painting Tools & Accessories > Tools,"paint roller cover, paint roller refill, paint applicator, painting tool, microfiber roller cover",AllPro,NOUR,https://raw.githubusercontent.com/kinggoff/NewSteelesImages/main/review-images/legacy-ap-000000129-allpromicrofiberrollerrefills42alt_painttoolsaccessories_allpro.png?raw=true,Image already existed,,,,,,,,,,,,,,,08e20bf04f6f098b552be0f3b8ec36447108299f8d4b41a83c1b1f8ae6d1990f,e95b8301b0f44460a907f5b147497cf34d7cc48003aba5809434b345ca54edda
simple,"AllPro Microfiber Roller Refills 4"" (10 Pack)",130,AP-000000130,,"AllPro Microfiber Roller Refills 4"" (10 Pack Alt) helps load and release paint evenly on smooth to semi-smooth surfaces, supporting faster coverage and a smoother finished look. Choose the listed size for the surface and coating, then clean or dispose of the applicator according to current product guidance.",Previously Described,Painting Tools & Accessories > Tools,"paint roller cover, paint roller refill, paint applicator, painting tool, microfiber roller cover",AllPro,NOUR,https://raw.githubusercontent.com/kinggoff/NewSteelesImages/main/review-images/legacy-ap-000000130-allpromicrofiberrollerrefills410alt_painttoolsaccessories_allpro.png?raw=true,Image already existed,,,,,,,,,,,,,,,3091d3c14f06ce8a83331cf3be1a6d5202393dcd4366b517c753a03718cfe8bc,ea64db0c70744b1cee7fa941826a095f9a8db9f78f7999cba8ad42770eab8073
simple,"Nour Top-Pro Professional Roller Cover 9"" 15mm Nap",131,NO-000000131,,"Nour Top-Pro Professional Roller Cover 9"" 15mm Nap helps load and release paint evenly on rougher surfaces, supporting faster coverage and a smoother finished look. Check the current manufacturer label or technical data sheet before use. Confirm the exact item and package before ordering. Follow the current manufacturer instructions for the intended job.",Previously Described,Painting Tools & Accessories > Tools,"paint roller cover, paint roller refill, paint applicator, painting tool",Nour,NOUR,https://raw.githubusercontent.com/kinggoff/NewSteelesImages/main/review-images/legacy-no-000000131-topproprofessionalrollercover915mmnap_painttoolsaccessories_nour.png?raw=true,Image already existed,,,,,,,,,,,,,,,1d5919e565e0cfeb041b3b28bce2c6d7f2d6f1992f21e733a74347ffb8c000ba,dd0c3c7b8b2abd3515107a3bd4ee6ad983ce84dd2c6fe1ca7d0c106f1f652c70
simple,"Nour Tradition Microfiber Roller Refills 9"" 10mm (3 Pack)",132,NO-000000132,,"Nour Tradition Microfiber Roller Refills 9"" 10mm (3 Pack) helps load and release paint evenly on smooth to semi-smooth surfaces, supporting faster coverage and a smoother finished look. Choose the listed size for the surface and coating, then clean or dispose of the applicator according to current product guidance.",Previously Described,Painting Tools & Accessories > Tools,"paint roller cover, paint roller refill, paint applicator, painting tool, microfiber roller cover",Nour,NOUR,https://raw.githubusercontent.com/kinggoff/NewSteelesImages/main/review-images/legacy-no-000000132-traditionmicrofiberrollerrefills910mm3_painttoolsaccessories_nour.png?raw=true,Image already existed,,,,,,,,,,,,,,,a626e1c76fb89213c52aed0d88a5e17caa6291b36b1753234a9f24e91f4f8850,8f04e5b9b69d4fefbedc7c6938e9b721bc5c779053d1458632f9695a994b1546
simple,"Nour Tradition Microfiber Roller Refills 9"" 10mm (10 Pack)",133,NO-000000133,,"Nour Tradition Microfiber Roller Refills 9"" 10mm (10 Pack) helps load and release paint evenly on smooth to semi-smooth surfaces, supporting faster coverage and a smoother finished look. Choose the listed size for the surface and coating, then clean or dispose of the applicator according to current product guidance.",Previously Described,Painting Tools & Accessories > Tools,"paint roller cover, paint roller refill, paint applicator, painting tool, microfiber roller cover",Nour,NOUR,https://raw.githubusercontent.com/kinggoff/NewSteelesImages/main/review-images/legacy-no-000000133-traditionmicrofiberrollerrefills910mm10_painttoolsaccessories_nour.png?raw=true,Image already existed,,,,,,,,,,,,,,,2105ce21e07c25506dfd2286f2c36ce300db4334090b2c66e9905736de15f09f,220c0043b2db8e9dbf9aa1c9d6b0b304fb3ec6b41a3af4f9345c9739043560ec
simple,"Nour Tradition Microfiber Roller Refills 9"" 15mm (3 Pack)",134,NO-000000134,,"Nour Tradition Microfiber Roller Refills 9"" 15mm (3 Pack) helps load and release paint evenly on rougher surfaces, supporting faster coverage and a smoother finished look. Choose the listed size for the surface and coating, then clean or dispose of the applicator according to current product guidance.",Previously Described,Painting Tools & Accessories > Tools,"paint roller cover, paint roller refill, paint applicator, painting tool, microfiber roller cover",Nour,NOUR,https://raw.githubusercontent.com/kinggoff/NewSteelesImages/main/review-images/legacy-no-000000134-traditionmicrofiberrollerrefills915mm3_painttoolsaccessories_nour.png?raw=true,Image already existed,,,,,,,,,,,,,,,71b68e0062e0d9af8a9bd0fc6b6875977ffb8f5097e6aff8b77fb7f0b9521c52,320560bc2ee2b2e08fee1b87a7bfbff8ee70156569bb95e246fd9395173cc067
simple,AllPro Loop Roller Refill ,135,AP-000000135,,"AllPro Loop Roller Refill helps apply textured coatings evenly, creating a consistent textured finish on walls and ceilings while holding larger amounts of material for efficient coverage. Choose the listed size for the surface and coating, then clean or dispose of the applicator according to current product guidance.",Previously Described,Painting Tools & Accessories > Tools,"paint roller cover, paint roller refill, paint applicator, painting tool, loop roller cover, textured coating roller",AllPro,NOUR,https://raw.githubusercontent.com/kinggoff/NewSteelesImages/main/review-images/legacy-ap-000000135-allpromicrofiberrollercover918mmnap_painttoolsaccessories_allpro.png?raw=true,Image already existed,,,,,,,,,,,,,,,90cbdc7a29af20ef2fe87f578cf964ad15a576e1f04c8e6884f83b1cd469772c,5934057a91c74fdad75d30e4480c8eb7f958fa627ec7eb45005bda9db14e62e9
simple,"Nour 18"" Pro Frame  ",137,NO-000000137,,"Nour 18"" Pro Frame provides a durable, professional-grade roller frame designed for use with 18"" roller covers, helping you cover large surfaces faster with smooth, consistent results. Choose the listed size for the surface and coating, then clean or dispose of the applicator according to current product guidance.",Previously Described,Painting Tools & Accessories > Tools,"paint roller frame, wide roller frame, roller handle, paint applicator",Nour,NOUR,https://raw.githubusercontent.com/kinggoff/NewSteelesImages/main/review-images/legacy-no-000000137-prorollercover918mmnapyellowcore_painttoolsaccessories_nour.png?raw=true,Image already existed,,,,,,,,,,,,,,,d04dc08deff5d3b3d5428317933989f52778fe0728a90569b2993e21a3c20604,315b1470f6d1ca4b6c99d113299bcb65d87d68659d52675683de0d6ce043305e
simple,AllPro EZ Lock Roller Frame,138,AP-000000138,,"AllPro EZ Lock Roller Frame gives you a sturdy, comfortable frame for smooth rolling and secure roller cover changes during painting projects. It is intended to give the applicator practical control over loading, placement and finish on the matching surface area. Choose the listed size for the surface and coating, then clean or dispose of the applicator according to current product guidance.",Previously Described,Painting Tools & Accessories > Tools,"paint roller frame, roller handle, paint applicator, painting tool",AllPro,NOUR,https://raw.githubusercontent.com/kinggoff/NewSteelesImages/main/review-images/legacy-ap-000000138-allproezlockrollerframe_painttoolsaccessories_allpro.png?raw=true,Image already existed,,,,,,,,,,,,,,,195b3711fa202e095446a5839e8e648ed0783e398a41c2970bd617ca5dc461fd,e7296abf5ce66f3eb4814a1788eb8f5d32f7004cf28d099e7b1587ce456bef84
simple,Nour Aluminum Clamp Squeegee,139,NO-000000139,,"Nour Aluminum Clamp Squeegee helps spread coatings, sealers, and epoxy evenly across floors, featuring a durable aluminum clamp frame for easy blade changes and extension pole compatibility. Review the listed format and current manufacturer instructions to confirm compatibility, safe use, cleaning and storage for the intended job.",Previously Described,Painting Tools & Accessories > Tools,"coating squeegee, floor coating applicator, rubber blade, painting tool",Nour,NOUR,https://raw.githubusercontent.com/kinggoff/NewSteelesImages/main/review-images/legacy-no-000000139-heavydutyfloorsqueegee_painttoolsaccessories_allpro.png?raw=true,Image already existed,,,,,,,,,,,,,,,e6a48b87bbc34b5a7b255228cd119876c4b2cd94f97b4a611099a4dd94b32013,7243bb542bdb1fb03a0266fc0cd79356595abf4560e3d76c66f1c5b76ac4d7ab
simple,Nour Spiked Roller ,140,NO-000000140,,"Nour Spiked Roller helps remove trapped air bubbles and improve coating leveling in epoxy and floor coating applications. Made from solvent-resistant nylon, it features attached end caps and is designed for use with the Nour Pro Frame. Available in 9.5"" and 18"" sizes. Choose the listed size for the surface and coating, then clean or dispose of the applicator according to current product guidance.",Previously Described,Painting Tools & Accessories > Tools,"spiked roller, floor coating tool, bubble-removal roller, coating applicator",Nour,NOUR,https://raw.githubusercontent.com/kinggoff/NewSteelesImages/main/review-images/legacy-no-000000140-spikedrollerhead_painttoolsaccessories_allpro.png?raw=true,Image already existed,,,,,,,,,,,,,,,a3e0b5975a6ff806339ef2ed55a90147702b4b610b146e5400d76082b7810095,76ae265177279f8a24ffde37428bccd2c33cbb661961b25bc8f349853e77cf84
simple,"Nour 18"" Coating Squeegee with Straight Blade",141,NO-000000141,,"Nour 18"" Coating Squeegee with Straight Blade helps spread coatings, sealers, and epoxy evenly across floors, delivering consistent coverage and a smooth finish on large surface areas. Match it to the surface, work progressively, and use suitable eye, hand and respiratory protection for the material being removed.",Previously Described,Painting Tools & Accessories > Tools,"coating squeegee, floor coating applicator, rubber blade, painting tool",Nour,NOUR,https://raw.githubusercontent.com/kinggoff/NewSteelesImages/main/review-images/legacy-no-000000141-24inchclampsqueegee_painttoolsaccessories_nour.png?raw=true,Image already existed,,,,,,,,,,,,,,,17d2ddd296b66506ea51c0c1c870894779eb10ca6a0abc77455be9f2e9f6de2f,c87c9f5ab92c18f14b25126cfebd2eb983c79058de665e5ecfbd8a08fc1adc93
simple,Nour EPDM Rubber Blades,142,NO-000000142,,"Nour EPDM Rubber Blades provide durable, solvent-resistant replacement blades for coating squeegees, helping ensure smooth, even application of epoxy, sealers, and floor coatings. Match it to the surface, work progressively, and use suitable eye, hand and respiratory protection for the material being removed.",Previously Described,Painting Tools & Accessories > Tools,"coating squeegee, floor coating applicator, rubber blade, painting tool",Nour,NOUR,https://raw.githubusercontent.com/kinggoff/NewSteelesImages/main/review-images/legacy-no-000000142-notchedfloorsqueegee_painttoolsaccessories_allpro.png?raw=true,Image already existed,,,,,,,,,,,,,,,edfbd333957ab15147063b2ebbaeb717fb5046b0298526b313093892b538aa26,85973c5f405ebd0da53e55973c00d8268d9a085bfc02392d9c502a52ce7fd8c9
simple,Nour Spiked Gunite Shoes,143,AP-000000143,,"Nour Spiked Gunite Shoes allow you to walk on freshly applied epoxy and floor coatings with minimal surface disturbance, helping maintain a smooth, even finish during application. Review the listed format and current manufacturer instructions to confirm compatibility, safe use, cleaning and storage for the intended job.",Previously Described,Painting Tools & Accessories > Clothing & Safety,"spiked shoes, floor coating footwear, epoxy application shoes, painting tool",AllPro,NOUR,https://raw.githubusercontent.com/kinggoff/NewSteelesImages/main/review-images/legacy-ap-000000143-spikedshoes_paintergearsafety_allpro.png?raw=true,Image already existed,,,,,,,,,,,,,,,2491cbf963b155bc069a61e8ad07c91b18c80648a504e84280531b1d0cc3e6f2,ba327739fd57e9f0a96b668c7e7964d209c58bb898220070448c6c48d7c062a5
simple,"Nour 9.5"" Spiked Roller",144,NO-000000144,,"Nour 9.5"" Spiked Roller helps remove trapped air bubbles and improve coating leveling in epoxy and floor coating applications, supporting a smoother, more professional finish. Choose the listed size for the surface and coating, then clean or dispose of the applicator according to current product guidance.",Previously Described,Painting Tools & Accessories > Tools,"spiked roller, floor coating tool, bubble-removal roller, coating applicator",Nour,NOUR,https://raw.githubusercontent.com/kinggoff/NewSteelesImages/main/review-images/legacy-no-000000144-spikedrollerframe_painttoolsaccessories_nour.png?raw=true,Image already existed,,,,,,,,,,,,,,,11fed2ccbcdf10d319b3fbddbc0f71200b3abe449b0de85d364ad5c8403b83ec,33548cdd3ef0fd93ff9a077831d9da71eeebb088653876cc45f7810beba8750f
simple,Nour Plastic Widebody Pro Tray,145,AP-000000145,,"Nour Plastic Widebody Pro Tray is a heavy-duty 4 L paint tray made from durable recycled polypropylene, designed to hold more paint for fewer refills and provide stable, efficient rolling on larger painting projects. Choose the listed size for the surface and coating, then clean or dispose of the applicator according to current product guidance.",Previously Described,Painting Tools & Accessories > Tools,"paint tray, paint container, painting accessory, paint roller tray",AllPro,NOUR,https://raw.githubusercontent.com/kinggoff/NewSteelesImages/main/review-images/legacy-ap-000000145-plasticwidebodyprotray_painttoolsaccessories_nour.png?raw=true,Image already existed,,,,,,,,,,,,,,,b80bc0f2ae6b4592c9d2e85a42aee5ff5ea0b2d16bcb7cfbf3c5676a83b9eb88,30707b30e18811b0558e3405eea134b01c9a438bc527a7aba802100b7b6845f1
simple,Nour Deck Staining Brush 4.7 Inch,146,NO-000000146,,"Nour Deck Staining Brush 4.7 Inch helps apply stain smoothly across deck boards and exterior wood surfaces, giving you better coverage and control on larger outdoor projects. Choose the listed size for the surface and coating, then clean or dispose of the applicator according to current product guidance.",Previously Described,Painting Tools & Accessories > Tools,"deck stain brush, wide paint brush, wood finish applicator, painting tool",Nour,NOUR,https://raw.githubusercontent.com/kinggoff/NewSteelesImages/main/review-images/legacy-no-000000146-deckstainingbrush47inch_painttoolsaccessories_nour.png?raw=true,Image already existed,,,,,,,,,,,,,,,0b43db61f618091a53c717ba6e61b335456f61e906e829520cbd45eec685a845,e07d47b37409c6389b669d593f4d02d0472859093e0f6fa9901d885bbd4027fc
simple,Old Masters Wiping Stain Golden Oak,147,OM-000000147,,"Old Masters Wiping Stain Golden Oak helps add rich colour to wood while enhancing the grain, making it easier to achieve a smooth, even stained finish. Colour and sheen can vary with wood species, porosity and preparation, so a representative test area is recommended. Confirm preparation, compatibility, application, coverage and recoat requirements in the current label or technical data sheet.",Previously Described,Paints > Stains & Varnishes,"wiping stain, wood stain, wood finish, solvent-based wood stain",Old Masters,OLD,https://raw.githubusercontent.com/kinggoff/NewSteelesImages/main/review-images/legacy-om-000000147-wipingstaingoldenoak378l_stains_oldmasters.png?raw=true,Image already existed,,,,,,,,,Gallon=https://raw.githubusercontent.com/kinggoff/NewSteelesImages/main/PDFs/SDS/old-masters-11201_AGHS_EN.pdf?raw=true|Quart=https://raw.githubusercontent.com/kinggoff/NewSteelesImages/main/PDFs/SDS/old-masters-11204_AGHS_EN.pdf?raw=true|Half Pint=https://raw.githubusercontent.com/kinggoff/NewSteelesImages/main/PDFs/SDS/old-masters-11216_AGHS_EN.pdf?raw=true,Wiping Stain=https://raw.githubusercontent.com/kinggoff/NewSteelesImages/main/PDFs/TDS/old-masters-OM-Wiping-Stain-Data-Sheet.pdf?raw=true,Gallon=https://raw.githubusercontent.com/kinggoff/NewSteelesImages/main/PDFs/SDS/old-masters-11201_AGHS_EN.pdf?raw=true|Quart=https://raw.githubusercontent.com/kinggoff/NewSteelesImages/main/PDFs/SDS/old-masters-11204_AGHS_EN.pdf?raw=true|Half Pint=https://raw.githubusercontent.com/kinggoff/NewSteelesImages/main/PDFs/SDS/old-masters-11216_AGHS_EN.pdf?raw=true,,Wiping Stain=https://raw.githubusercontent.com/kinggoff/NewSteelesImages/main/PDFs/TDS/old-masters-OM-Wiping-Stain-Data-Sheet.pdf?raw=true,,64989d6e5a0e3fd3a8a325876b9e04e922458562ea2d9d01fca93bee41c687ad,c392715f08d10bc6a19df78c5a7b02cae8c954792ba5fc9e1dd15dd596fdcac5
simple,Old Masters Wood Graining Tool,148,OM-000000148,,"Old Masters Wood Graining Tool helps create realistic wood grain effects on painted or finished surfaces for decorative painting, faux finishing, and restoration projects. Review the listed format and current manufacturer instructions to confirm compatibility, safe use, cleaning and storage for the intended job.",Previously Described,Painting Tools & Accessories > Tools,"wood graining tool, decorative painting tool, texture applicator, painting tool",Old Masters,OLD,https://raw.githubusercontent.com/kinggoff/NewSteelesImages/main/review-images/legacy-om-000000148-woodgrainingtool_painttoolsaccessories_oldmasters.png?raw=true,Image already existed,,,,,,,,,,,,,,,5901b0ae83d168ba608ba0880392f6d9ea47824efa793d2efb5b1d44cd75a515,825fdd4ea1cf3f6f016b2c173d0e1483d6697870ba341364665d4d407aeb00af
simple,Old Masters Wood Conditioner,149,OM-000000149,,Old Masters Wood Conditioner helps prepare soft or porous wood for staining by promoting even absorption and reducing blotchiness for a more consistent finish. Check the current manufacturer label or technical data sheet before use. Confirm the exact item and package before ordering. Follow the current manufacturer instructions for the intended job.,Previously Described,Paints > Stains & Varnishes,"wood conditioner, pre-stain treatment, wood preparation product, wood finishing basecoat",Old Masters,OLD,https://raw.githubusercontent.com/kinggoff/NewSteelesImages/main/review-images/legacy-om-000000149-woodconditioner946ml_stains_oldmasters.png?raw=true,Image already existed,,,,,,,,,Gallon=https://raw.githubusercontent.com/kinggoff/NewSteelesImages/main/PDFs/SDS/old-masters-51101_AGHS_EN.pdf?raw=true|Quart=https://raw.githubusercontent.com/kinggoff/NewSteelesImages/main/PDFs/SDS/old-masters-51104_AGHS_EN.pdf?raw=true,Wood Conditioner=https://raw.githubusercontent.com/kinggoff/NewSteelesImages/main/PDFs/TDS/old-masters-OM-Wood-Conditioner-Data-Sheet.pdf?raw=true,Gallon=https://raw.githubusercontent.com/kinggoff/NewSteelesImages/main/PDFs/SDS/old-masters-51101_AGHS_EN.pdf?raw=true|Quart=https://raw.githubusercontent.com/kinggoff/NewSteelesImages/main/PDFs/SDS/old-masters-51104_AGHS_EN.pdf?raw=true,,Wood Conditioner=https://raw.githubusercontent.com/kinggoff/NewSteelesImages/main/PDFs/TDS/old-masters-OM-Wood-Conditioner-Data-Sheet.pdf?raw=true,,849295e974aae9de678fd3e4e13d795c9c8ca3ee21878cadff9e2d7ba0dd502b,01e84679f6196f4a30167f333043bfb69d65eb3c5ccbd8c28c153613d4a9c015
simple,Old Masters Masters Armor Interior/Exterior Finish,150,OM-000000150,,"Old Masters Masters Armor Interior/Exterior Finish provides a durable, clear protective coating that helps preserve the beauty of interior and exterior wood surfaces while resisting everyday wear. Confirm preparation, compatibility, application, coverage and recoat requirements in the current label or technical data sheet.",Previously Described,Paints > Stains & Varnishes,"clear protective finish, water-based clear coat, interior and exterior finish, wood finish",Old Masters,OLD,https://raw.githubusercontent.com/kinggoff/NewSteelesImages/main/review-images/legacy-om-000000150-mastersarmorinteriorexteriorfinish378l_stains_oldmasters.png?raw=true,Image already existed,,,,,,,,,Flat Gallon=https://raw.githubusercontent.com/kinggoff/NewSteelesImages/main/PDFs/SDS/old-masters-72001_AGHS_EN.pdf?raw=true|Satin Gallon=https://raw.githubusercontent.com/kinggoff/NewSteelesImages/main/PDFs/SDS/old-masters-72101_AGHS_EN.pdf?raw=true|Semi-Gloss Gallon=https://raw.githubusercontent.com/kinggoff/NewSteelesImages/main/PDFs/SDS/old-masters-72201_AGHS_EN.pdf?raw=true|Gloss Gallon=https://raw.githubusercontent.com/kinggoff/NewSteelesImages/main/PDFs/SDS/old-masters-72301_AGHS_EN.pdf?raw=true,Masters Armor=https://raw.githubusercontent.com/kinggoff/NewSteelesImages/main/PDFs/TDS/old-masters-OM-Masters-Armor-Data-Sheet.pdf?raw=true,Flat Gallon=https://raw.githubusercontent.com/kinggoff/NewSteelesImages/main/PDFs/SDS/old-masters-72001_AGHS_EN.pdf?raw=true|Satin Gallon=https://raw.githubusercontent.com/kinggoff/NewSteelesImages/main/PDFs/SDS/old-masters-72101_AGHS_EN.pdf?raw=true|Semi-Gloss Gallon=https://raw.githubusercontent.com/kinggoff/NewSteelesImages/main/PDFs/SDS/old-masters-72201_AGHS_EN.pdf?raw=true|Gloss Gallon=https://raw.githubusercontent.com/kinggoff/NewSteelesImages/main/PDFs/SDS/old-masters-72301_AGHS_EN.pdf?raw=true,,Masters Armor=https://raw.githubusercontent.com/kinggoff/NewSteelesImages/main/PDFs/TDS/old-masters-OM-Masters-Armor-Data-Sheet.pdf?raw=true,,ff07735d19e063ab90c3cded79c69f01af76a34c950332d8dc8b113ddaa54acf,1a8644195ebc87510797790feecfc2acf9848f75520a056808f3c198d324f83f
simple,Old Masters Water-Based Wood Stain Natural,151,OM-000000151,,"Old Masters Water-Based Wood Stain Natural helps enhance the natural beauty of wood with rich colour, fast drying performance, and a smooth, even finish. Colour and sheen can vary with wood species, porosity and preparation, so a representative test area is recommended. Confirm preparation, compatibility, application, coverage and recoat requirements in the current label or technical data sheet.",Previously Described,Paints > Stains & Varnishes,"water-based wood stain, wood stain, interior wood finish, water-based finish",Old Masters,OLD,https://raw.githubusercontent.com/kinggoff/NewSteelesImages/main/review-images/legacy-om-000000151-waterbasedwoodstainnatural378l_stains_oldmasters.png?raw=true,Image already existed,,,,,,,,,Natural Gallon=https://raw.githubusercontent.com/kinggoff/NewSteelesImages/main/PDFs/SDS/old-masters-76101_AGHS_EN.pdf?raw=true|Natural Quart=https://raw.githubusercontent.com/kinggoff/NewSteelesImages/main/PDFs/SDS/old-masters-76104_AGHS_EN.pdf?raw=true,Water-Based Wood Stain=https://raw.githubusercontent.com/kinggoff/NewSteelesImages/main/PDFs/TDS/old-masters-OM-Water-Based-Stain-Data-Sheet.pdf?raw=true,Natural Gallon=https://raw.githubusercontent.com/kinggoff/NewSteelesImages/main/PDFs/SDS/old-masters-76101_AGHS_EN.pdf?raw=true|Natural Quart=https://raw.githubusercontent.com/kinggoff/NewSteelesImages/main/PDFs/SDS/old-masters-76104_AGHS_EN.pdf?raw=true,,Water-Based Wood Stain=https://raw.githubusercontent.com/kinggoff/NewSteelesImages/main/PDFs/TDS/old-masters-OM-Water-Based-Stain-Data-Sheet.pdf?raw=true,,7c8fbeb61bdfb3fbd2207fd8f39142f377a1825ff3b195bdd34da14adedef0c2,4c9dfa4301e13ab0e678939fe5d1b490268027b86e68faab40260213cf512d6e
simple,Old Masters Gel Stain Natural,152,OM-000000152,,"Old Masters Gel Stain Natural delivers rich colour with controlled application, making it ideal for vertical surfaces and achieving an even, professional-looking wood finish. Confirm preparation, compatibility, application, coverage and recoat requirements in the current label or technical data sheet.",Previously Described,Paints > Stains & Varnishes,"gel stain, wood stain, thick-bodied stain, wood finish",Old Masters,OLD,https://raw.githubusercontent.com/kinggoff/NewSteelesImages/main/review-images/legacy-om-000000152-gelstainnatural946ml_stains_oldmasters.png?raw=true,Image already existed,,,,,,,,,Natural Quart=https://raw.githubusercontent.com/kinggoff/NewSteelesImages/main/PDFs/SDS/old-masters-80104_AGHS_EN.pdf?raw=true,Gel Stain=https://raw.githubusercontent.com/kinggoff/NewSteelesImages/main/PDFs/TDS/old-masters-OM-Gel-Stain-Data-Sheet.pdf?raw=true,Natural Quart=https://raw.githubusercontent.com/kinggoff/NewSteelesImages/main/PDFs/SDS/old-masters-80104_AGHS_EN.pdf?raw=true,,Gel Stain=https://raw.githubusercontent.com/kinggoff/NewSteelesImages/main/PDFs/TDS/old-masters-OM-Gel-Stain-Data-Sheet.pdf?raw=true,,ebbee4a2788107e32a1875d78d2c142df93533d09eb15d598d509eb428168ec7,498f1bf51c0bd7fba6655ce995f21f099b37b56b2923bd45358aaea1c84c0da1
simple,Wooster Pelican Hand-Held Paint Pail,153,WO-000000153,,"Wooster Pelican Hand-Held Paint Pail keeps paint close at hand for brush and mini-roller work, making cutting in, touch-ups and small projects easier to manage. Review the listed format and current manufacturer instructions to confirm compatibility, safe use, cleaning and storage for the intended job.",Previously Described,Painting Tools & Accessories > Tools,"paint pail, paint container, mixing container, painting accessory",Wooster,WOOSTER,https://raw.githubusercontent.com/kinggoff/NewSteelesImages/main/review-images/legacy-wo-000000153-pelicanhandheldpaintpail_painttoolsaccessories_wooster.png?raw=true,Image already existed,,,,,,,,,,,,,,,82d60521c10b10eb02b1cb173c0008dcb34f7932487befa215f234becd8d36cb,f4f9403067e79dc80016f3c151e1dd37b9b3a251330ae3be1eaabf19bda42109
simple,Wooster Pelican Liner (3 Pack),154,WO-000000154,,"Wooster Pelican Liner 3-Pack make cleanup faster by fitting Wooster Pelican pails, helping keep your pail ready for the next coat or colour. Check the current manufacturer label or technical data sheet before use. Confirm the exact item and package before ordering. Follow the current manufacturer instructions for the intended job.",Previously Described,Painting Tools & Accessories > Tools,"paint pail liner, disposable pail liner, paint container accessory, painting accessory",Wooster,WOOSTER,https://raw.githubusercontent.com/kinggoff/NewSteelesImages/main/review-images/legacy-wo-000000154-pelicanliner3_painttoolsaccessories_wooster.png?raw=true,Image already existed,,,,,,,,,,,,,,,6e0b7a2677b6c9a0b6b432b128b0cb9dc54c985e1e2435a62cf1fa1f19ff510a,3414d7efd5d1771eeb7bd37f6a087f448027f3c18ccc29261baed2a01526d908
simple,Wooster Sherlock Mini Pro Jumbo-Koter Roller Frame,155,WO-000000155,,"Wooster Sherlock Mini Pro Jumbo-Koter Roller Frame features a comfortable 12-inch handle and a durable frame that provides smooth, controlled paint application on trim, doors, cabinets, and other detailed surfaces. Choose the listed size for the surface and coating, then clean or dispose of the applicator according to current product guidance.",Previously Described,Painting Tools & Accessories > Tools,"paint roller frame, roller handle, paint applicator, painting tool",Wooster,MUM01,https://raw.githubusercontent.com/kinggoff/NewSteelesImages/main/review-images/legacy-wo-000000155-sherlockminiprorollerframe_painttoolsaccessories_wooster.png?raw=true,Image already existed,,,,,,,,,,,,,,,f24e51e3cdc513b04e83c9d4155665cc3d136780f0278f85bbf063802a097f81,a63da275f75e9fb47aeac5c58b4cdea2c55a5a12c4fb6d76f93629a6e0fee3b7
simple,Wooster Sherlock Extension Pole 2–4 ft,156,WO-000000156,,"Wooster Sherlock Extension Pole 2–4 ft extends your reach for walls, ceilings and higher surfaces while maintaining a secure connection to compatible Wooster tools. Check the current manufacturer label or technical data sheet before use. Confirm the exact item and package before ordering. Follow the current manufacturer instructions for the intended job.",Previously Described,Painting Tools & Accessories > Tools,"paint roller extension pole, telescoping pole, paint applicator accessory, painting tool",Wooster,WOOSTER,https://raw.githubusercontent.com/kinggoff/NewSteelesImages/main/review-images/legacy-wo-000000156-sherlockextensionpole24ft_painttoolsaccessories_wooster.png?raw=true,Image already existed,,,,,,,,,,,,,,,c3771fc910ea2ff707b7f7b638b707c3b70ffed608225eb6dd3b00da5ce20db0,d720da5ed6b15a1e18cedf5a15fcbe6ab6336c9898296c448802d67700db3ba5
simple,Wooster Sherlock Extension Pole 1–2 ft,157,WO-000000157,,"Wooster Sherlock Extension Pole 1–2 ft extends your reach for walls, ceilings and higher surfaces while maintaining a secure connection to compatible Wooster tools. Check the current manufacturer label or technical data sheet before use. Confirm the exact item and package before ordering. Follow the current manufacturer instructions for the intended job.",Previously Described,Painting Tools & Accessories > Tools,"paint roller extension pole, telescoping pole, paint applicator accessory, painting tool",Wooster,WOOSTER,https://raw.githubusercontent.com/kinggoff/NewSteelesImages/main/review-images/legacy-wo-000000157-sherlockextensionpole12ft_painttoolsaccessories_wooster.png?raw=true,Image already existed,,,,,,,,,,,,,,,7a9fbd0c4eb8ade6f01c0f227e59214ec03828ea3355ea5c6a8ebd473ad9f1c6,a879be9a92b27230fcd1b0475195a3b2be7db9915ace451213777bd4700b249e
simple,"Wooster Sherlock 14"" Roller Frame",158,WO-000000158,,"Wooster Sherlock 14"" Roller Frame provides a durable, lightweight frame with a secure roller connection for smooth, even paint application on large walls, ceilings, and other expansive surfaces. Choose the listed size for the surface and coating, then clean or dispose of the applicator according to current product guidance.",Previously Described,Painting Tools & Accessories > Tools,"paint roller frame, roller handle, paint applicator, painting tool",Wooster,WOOSTER,https://raw.githubusercontent.com/kinggoff/NewSteelesImages/main/review-images/legacy-wo-000000158-sherlockrollerframe_painttoolsaccessories_wooster.png?raw=true,Image already existed,,,,,,,,,,,,,,,d17a0db622f24b056fe21bb1a718d7cdc8a6e44df114be061f9f37f4911ea9fa,0ddde7a4fb4862d431c5bade69fc68aac3d15f4605c3f34c1fc134dc5ccb9554
simple,Wooster Sherlock Maintenance Kit,159,WO-000000159,,Wooster Sherlock Maintenance Kit includes replacement parts to help keep compatible Wooster Sherlock poles working smoothly over time. Check the current manufacturer label or technical data sheet before use. Confirm the exact item and package before ordering. Follow the current manufacturer instructions for the intended job.,Previously Described,Painting Tools & Accessories > Tools,"extension pole maintenance kit, roller pole repair kit, painting tool accessory, replacement hardware",Wooster,WOOSTER,https://raw.githubusercontent.com/kinggoff/NewSteelesImages/main/review-images/legacy-wo-000000159-sherlockmaintenance_painttoolsaccessories_wooster.png?raw=true,Image already existed,,,,,,,,,,,,,,,e4c0269835910a497f680bfc3ba77874f9aaf9a50d2c68f205405903f423fa3f,0807cd83ec49122791cde2a1a98c9fe7e028813e99d96d8acb6b842330b5be5c
simple,"Wooster Sherlock 14"" Bucket-Tray",160,WO-000000160,,"Wooster Sherlock 14"" Bucket-Tray combines the convenience of a paint tray with the capacity of a bucket, featuring a built-in roll-off grid and sturdy side handles for efficient paint loading and easy carrying. Choose the listed size for the surface and coating, then clean or dispose of the applicator according to current product guidance.",Previously Described,Painting Tools & Accessories > Tools,"paint tray, paint container, painting accessory, paint roller tray",Wooster,WOOSTER,https://raw.githubusercontent.com/kinggoff/NewSteelesImages/main/review-images/legacy-wo-000000160-14inchbuckettrayalt3_painttoolsaccessories_wooster.png?raw=true,Image already existed,,,,,,,,,,,,,,,7ca00a0ff856aac590c8e2ac617f2398acbf7af8387495f84c52a86fe6b66acb,bfd06021ab552a4c423aeba40ed5eb5b8e7981b3b1d5659013ca98ca7bc7e639
simple,"Wooster Big Ben 18"" Roller Tray",164,WO-000000164,,"Wooster Big Ben 18"" Roller Tray features an extra-large roll-off area designed for 18-inch roller frames, providing efficient paint loading and smooth application on large painting projects. Choose the listed size for the surface and coating, then clean or dispose of the applicator according to current product guidance.",Previously Described,Painting Tools & Accessories > Tools,"paint roller tray, wide paint tray, paint container, painting accessory",Wooster,WOOSTER,https://raw.githubusercontent.com/kinggoff/NewSteelesImages/main/review-images/legacy-wo-000000164-bigbenpainttray_painttoolsaccessories_wooster.png?raw=true,Image already existed,,,,,,,,,,,,,,,af9cc9d3e050f63c8095ef1b8f66f11a50881d96dbd0188577b76484bf5fc6fa,18c9dda6a8d3dfca6516dd3ff1611f960b7e5180c333148ef9db53cf12b9d0f8
simple,Wooster Sherlock Bucket-Tray Liner,165,WO-000000165,,"Wooster Sherlock Bucket-Tray Liner provides a solvent-resistant, disposable liner that fits Sherlock Bucket-Trays, making paint cleanup faster while helping keep trays clean during painting projects. Choose the listed size for the surface and coating, then clean or dispose of the applicator according to current product guidance.",Previously Described,Painting Tools & Accessories > Tools,"paint tray, paint container, painting accessory, paint tray liner",Wooster,WOOSTER,https://raw.githubusercontent.com/kinggoff/NewSteelesImages/main/review-images/legacy-wo-000000165-14inchbuckettray_painttoolsaccessories_wooster.png?raw=true,Image already existed,,,,,,,,,,,,,,,e452f62d9797c6b8f76312af119aef1b8a5795c1f51262a9b418fad3432f2f70,5cc4b3bc86d36062d47c41eea5f1fe8cb1ae99b1bca1f286707daae178a9b8a1
simple,Zinsser Odorless Oil-Based Stain Blocker Spray,166,ZI-000000166,,"Zinsser Odorless Oil-Based Stain Blocker Spray helps seal surfaces, block stains and improve topcoat adhesion so paint finishes look smoother and last longer. Check the current manufacturer label or technical data sheet before use. Confirm the exact item and package before ordering. Follow the current manufacturer instructions for the intended job.",Previously Described,Paints > Aerosols,"spray primer, aerosol primer, primer, surface preparation coating, stain-blocking primer, odour-blocking primer, primer sealer",Zinsser,FLE01-S,https://raw.githubusercontent.com/kinggoff/NewSteelesImages/main/review-images/legacy-zi-000000166-zinsserodorlessoilbasedstainblockerspray_primer_zinsser.png?raw=true,Image already existed,,,,,,,,,369 g Aerosol=https://raw.githubusercontent.com/kinggoff/NewSteelesImages/main/PDFs/SDS/zinsser-254168.pdf?raw=true,13 oz Aerosol=https://raw.githubusercontent.com/kinggoff/NewSteelesImages/main/PDFs/TDS/zinsser-OLS-02_Odorless_Primer_Sealer_Stain_Blocker_TDS.ashx.pdf?raw=true,369 g Aerosol=https://raw.githubusercontent.com/kinggoff/NewSteelesImages/main/PDFs/SDS/zinsser-254168.pdf?raw=true,,13 oz Aerosol=https://raw.githubusercontent.com/kinggoff/NewSteelesImages/main/PDFs/TDS/zinsser-OLS-02_Odorless_Primer_Sealer_Stain_Blocker_TDS.ashx.pdf?raw=true,,ccb7b2c2f96fccec61a8d6193b7f8e3972a24068db54eac27083c31c40fe101d,d4e151c3bf407bb46a8ac8b9c37ee23b6e70fb283a6706758bd700bf4ccd1aa9
simple,Zinsser Cover Stain Oil-Based Primer-Sealer,167,ZI-000000167,,"Zinsser Cover Stain Oil-Based Primer-Sealer blocks stains and seals interior or exterior surfaces, helping improve adhesion and coverage before the finish coat. Check the current manufacturer label or technical data sheet before use. Confirm the exact item and package before ordering. Follow the current manufacturer instructions for the intended job.",Previously Described,Paints > Primers,"primer, primer sealer, surface preparation coating, basecoat",Zinsser,FLE01-S,https://raw.githubusercontent.com/kinggoff/NewSteelesImages/main/review-images/legacy-zi-000000167-zinssercoverstainoilbasedprimersealer_primer_zinsser.png?raw=true,Image already existed,,,,,,,,,946 mL=https://raw.githubusercontent.com/kinggoff/NewSteelesImages/main/PDFs/SDS/zinsser-256185.pdf?raw=true|3.7 L=https://raw.githubusercontent.com/kinggoff/NewSteelesImages/main/PDFs/SDS/zinsser-256184.pdf?raw=true|18.9 L=https://raw.githubusercontent.com/kinggoff/NewSteelesImages/main/PDFs/SDS/zinsser-256188.pdf?raw=true,Cover Stain=https://raw.githubusercontent.com/kinggoff/NewSteelesImages/main/PDFs/TDS/zinsser-CVS-13-Zinsser-Cover-Stain-TDS-EN-24.pdf?raw=true,946 mL=https://raw.githubusercontent.com/kinggoff/NewSteelesImages/main/PDFs/SDS/zinsser-256185.pdf?raw=true|3.7 L=https://raw.githubusercontent.com/kinggoff/NewSteelesImages/main/PDFs/SDS/zinsser-256184.pdf?raw=true|18.9 L=https://raw.githubusercontent.com/kinggoff/NewSteelesImages/main/PDFs/SDS/zinsser-256188.pdf?raw=true,,Cover Stain=https://raw.githubusercontent.com/kinggoff/NewSteelesImages/main/PDFs/TDS/zinsser-CVS-13-Zinsser-Cover-Stain-TDS-EN-24.pdf?raw=true,,3f61eca3349750e0ced84bd3455a933a7e2a48c3e11667a80839d1625611f80e,3780f07a84fa7ede00ec9a1c1b13acef8af51dc6e882faa0b632005bc395ce31
simple,Zinsser Cover Stain Spray Primer,168,ZI-000000168,,"Zinsser Cover Stain Spray Primer blocks stains and seals interior or exterior surfaces, helping improve adhesion and coverage before the finish coat. Check the current manufacturer label or technical data sheet before use. Confirm the exact item and package before ordering. Follow the current manufacturer instructions for the intended job.",Previously Described,Paints > Aerosols,"spray primer, aerosol primer, primer, surface preparation coating, primer sealer, basecoat",Zinsser,FLE01-S,https://raw.githubusercontent.com/kinggoff/NewSteelesImages/main/review-images/legacy-zi-000000168-zinssercoverstainsprayprimer_primer_zinsser.png?raw=true,Image already existed,,,,,,,,,369 g Aerosol=https://raw.githubusercontent.com/kinggoff/NewSteelesImages/main/PDFs/SDS/zinsser-Z03618.pdf?raw=true,Cover Stain Aerosol=https://raw.githubusercontent.com/kinggoff/NewSteelesImages/main/PDFs/TDS/zinsser-CVS-09_Cover_Stain_Oil-Base_Primer_Spray_TDS_1.ashx.pdf?raw=true,369 g Aerosol=https://raw.githubusercontent.com/kinggoff/NewSteelesImages/main/PDFs/SDS/zinsser-Z03618.pdf?raw=true,,Cover Stain Aerosol=https://raw.githubusercontent.com/kinggoff/NewSteelesImages/main/PDFs/TDS/zinsser-CVS-09_Cover_Stain_Oil-Base_Primer_Spray_TDS_1.ashx.pdf?raw=true,,44edfed431b7bdc60c721a2de67ce81a9eee52e529ac0f9f921ff484803fb61c,07258697de9ae1d2099c57661a9709f6730cd37ce5caab06110ebd3423779b87
simple,Zinsser B-I-N Shellac-Based Primer,169,ZI-000000169,,"Zinsser B-I-N Shellac-Based Primer works as a fast-drying wood finish and sealer, helping create a warm, protective base for fine finishing projects. Check the current manufacturer label or technical data sheet before use. Confirm the exact item and package before ordering. Follow the current manufacturer instructions for the intended job.",Previously Described,Paints > Primers,"shellac primer, stain-blocking primer, primer sealer, interior primer, primer, surface preparation coating, basecoat",Zinsser,FLE01-S,https://raw.githubusercontent.com/kinggoff/NewSteelesImages/main/review-images/legacy-zi-000000169-zinsserbinshellacbasedprimer_primer_zinsser.png?raw=true,Image already existed,,,,,,,,,473 mL=https://raw.githubusercontent.com/kinggoff/NewSteelesImages/main/PDFs/SDS/zinsser-Z00918.pdf?raw=true|946 mL=https://raw.githubusercontent.com/kinggoff/NewSteelesImages/main/PDFs/SDS/zinsser-Z00914.pdf?raw=true|3.7 L=https://raw.githubusercontent.com/kinggoff/NewSteelesImages/main/PDFs/SDS/zinsser-Z00911.pdf?raw=true|18.9 L=https://raw.githubusercontent.com/kinggoff/NewSteelesImages/main/PDFs/SDS/zinsser-Z00910.pdf?raw=true,B-I-N Liquid=https://raw.githubusercontent.com/kinggoff/NewSteelesImages/main/PDFs/TDS/zinsser-BIN-03-Zinsser-B-I-N-Shellac-Base-Primer-TDS-EN-24.pdf?raw=true,473 mL=https://raw.githubusercontent.com/kinggoff/NewSteelesImages/main/PDFs/SDS/zinsser-Z00918.pdf?raw=true|946 mL=https://raw.githubusercontent.com/kinggoff/NewSteelesImages/main/PDFs/SDS/zinsser-Z00914.pdf?raw=true|3.7 L=https://raw.githubusercontent.com/kinggoff/NewSteelesImages/main/PDFs/SDS/zinsser-Z00911.pdf?raw=true|18.9 L=https://raw.githubusercontent.com/kinggoff/NewSteelesImages/main/PDFs/SDS/zinsser-Z00910.pdf?raw=true,,B-I-N Liquid=https://raw.githubusercontent.com/kinggoff/NewSteelesImages/main/PDFs/TDS/zinsser-BIN-03-Zinsser-B-I-N-Shellac-Base-Primer-TDS-EN-24.pdf?raw=true,,04d32086024dd6b8ee293e67012d1180f1c45197c8b59df8186cdd05a71b1aee,164666079632608c8cd8d916e5a2662d0e1ad55816a7cda778942133dde3b95f
simple,Zinsser B-I-N Shellac Spray Primer,170,ZI-000000170,,"Zinsser B-I-N Shellac Spray Primer works as a fast-drying wood finish and sealer, helping create a warm, protective base for fine finishing projects. Check the current manufacturer label or technical data sheet before use. Confirm the exact item and package before ordering. Follow the current manufacturer instructions for the intended job.",Previously Described,Paints > Aerosols,"spray primer, aerosol primer, primer, surface preparation coating, shellac primer, stain-blocking primer, primer sealer, interior primer",Zinsser,FLE01-S,https://raw.githubusercontent.com/kinggoff/NewSteelesImages/main/review-images/legacy-zi-000000170-zinsserbinshellacsprayprimer_primer_zinsser.png?raw=true,Image already existed,,,,,,,,,369 g Aerosol=https://raw.githubusercontent.com/kinggoff/NewSteelesImages/main/PDFs/SDS/zinsser-Z01018.pdf?raw=true,B-I-N Aerosol=https://raw.githubusercontent.com/kinggoff/NewSteelesImages/main/PDFs/TDS/zinsser-BIN-03-Zinsser-B-I-N-Shellac-Base-Primer-TDS-EN-24.pdf?raw=true,369 g Aerosol=https://raw.githubusercontent.com/kinggoff/NewSteelesImages/main/PDFs/SDS/zinsser-Z01018.pdf?raw=true,,B-I-N Aerosol=https://raw.githubusercontent.com/kinggoff/NewSteelesImages/main/PDFs/TDS/zinsser-BIN-03-Zinsser-B-I-N-Shellac-Base-Primer-TDS-EN-24.pdf?raw=true,,1ed87ad529607735c0c9a55fd95ff7ecc79bfcc5c85e08523386165c7dea5df8,52244ce4e032ec2942fb7d5553970eb17ad195bc4538b67b3d07aa3fab89f90e
simple,Zinsser Bulls Eye 1-2-3 Water-Based Primer,171,ZI-000000171,,"Zinsser Bulls Eye 1-2-3 Water-Based Primer helps seal surfaces, block stains and improve topcoat adhesion so paint finishes look smoother and last longer. Check the current manufacturer label or technical data sheet before use. Confirm the exact item and package before ordering. Follow the current manufacturer instructions for the intended job.",Previously Described,Paints > Primers,"primer, primer sealer, surface preparation coating, basecoat",Zinsser,FLE01-S,https://raw.githubusercontent.com/kinggoff/NewSteelesImages/main/review-images/legacy-zi-000000171-zinsserbullseye123waterbasedprimer_primer_zinsser.png?raw=true,Image already existed,,,,,,,,,946 mL White=https://raw.githubusercontent.com/kinggoff/NewSteelesImages/main/PDFs/SDS/zinsser-Z02014.pdf?raw=true|3.78 L White=https://raw.githubusercontent.com/kinggoff/NewSteelesImages/main/PDFs/SDS/zinsser-Z02012.pdf?raw=true|18.9 L White=https://raw.githubusercontent.com/kinggoff/NewSteelesImages/main/PDFs/SDS/zinsser-Z02010.pdf?raw=true,Bulls Eye 1-2-3 White Liquid=https://raw.githubusercontent.com/kinggoff/NewSteelesImages/main/PDFs/TDS/zinsser-BEY123-01-Zinsser-Bulls-Eye-1-2-3-Water-based-Primer-TDS-EN-21.pdf?raw=true,946 mL White=https://raw.githubusercontent.com/kinggoff/NewSteelesImages/main/PDFs/SDS/zinsser-Z02014.pdf?raw=true|3.78 L White=https://raw.githubusercontent.com/kinggoff/NewSteelesImages/main/PDFs/SDS/zinsser-Z02012.pdf?raw=true|18.9 L White=https://raw.githubusercontent.com/kinggoff/NewSteelesImages/main/PDFs/SDS/zinsser-Z02010.pdf?raw=true,,Bulls Eye 1-2-3 White Liquid=https://raw.githubusercontent.com/kinggoff/NewSteelesImages/main/PDFs/TDS/zinsser-BEY123-01-Zinsser-Bulls-Eye-1-2-3-Water-based-Primer-TDS-EN-21.pdf?raw=true,,e8d4ca82666a2a371e2b3f774255bb997e683b9f411bbee35e8c47e6f12f7a79,0c5252b09961079af2fca1809c016a786d84f952fca781fcf3ae7ef3f7895468
simple,Tremclad Rust Paint Gloss Grey Spray,172,TR-000000172,,"Tremclad Rust Paint Gloss Grey Spray protects metal from rust while adding a durable finish, making it a strong choice for railings, tools, equipment and exterior metal surfaces. Confirm preparation, compatibility, application, coverage and recoat requirements in the current label or technical data sheet.",Previously Described,Paints > Aerosols,"rust-preventive paint, metal paint, protective enamel, anti-corrosion coating",Tremclad,FLE01-S,https://raw.githubusercontent.com/kinggoff/NewSteelesImages/main/review-images/legacy-tr-000000172-tremcladrustpaintglossgreyspray_specialtypaint_tremclad.png?raw=true,Image already existed,,,,,,,,,340 g Aerosol Gloss Grey=https://raw.githubusercontent.com/kinggoff/NewSteelesImages/main/PDFs/SDS/tremclad-27028B522.pdf?raw=true,Tremclad Rust Paint Aerosol=https://raw.githubusercontent.com/kinggoff/NewSteelesImages/main/PDFs/TDS/tremclad-TRM-02-Tremclad-Rust-Paint-Aerosol-TDS-Canada.pdf?raw=true,340 g Aerosol Gloss Grey=https://raw.githubusercontent.com/kinggoff/NewSteelesImages/main/PDFs/SDS/tremclad-27028B522.pdf?raw=true,,Tremclad Rust Paint Aerosol=https://raw.githubusercontent.com/kinggoff/NewSteelesImages/main/PDFs/TDS/tremclad-TRM-02-Tremclad-Rust-Paint-Aerosol-TDS-Canada.pdf?raw=true,,f4dd1637e13413b467ab12ae85ae46d701e60518e8cb3d1e50f6f41f500965a1,66625dd9eaa167f7394173d9a6409ac4b055bec947451b7ecbf2374005f59555
simple,Tremclad High Heat Enamel Flat Black,173,TR-000000173,,"Tremclad High Heat Enamel Flat Black protects high-temperature metal surfaces with a durable flat finish suited for items like BBQs, stoves and heat-exposed equipment. Check the current manufacturer label or technical data sheet before use. Confirm the exact item and package before ordering. Follow the current manufacturer instructions for the intended job.",Previously Described,Paints > Specialty Paints,"heat-resistant paint, high-temperature coating, metal paint, protective coating",Tremclad,FLE01-S,https://raw.githubusercontent.com/kinggoff/NewSteelesImages/main/review-images/legacy-tr-000000173-tremcladhighheatenamelflatblack_specialtypaint_tremclad.png?raw=true,Image already existed,,,,,,,,,237 mL Flat Black=https://raw.githubusercontent.com/kinggoff/NewSteelesImages/main/PDFs/SDS/tremclad-29300125.pdf?raw=true|946 mL Flat Black=https://raw.githubusercontent.com/kinggoff/NewSteelesImages/main/PDFs/SDS/tremclad-254898.pdf?raw=true|340 g Aerosol Flat Black=https://raw.githubusercontent.com/kinggoff/NewSteelesImages/main/PDFs/SDS/tremclad-29300522.pdf?raw=true,,237 mL Flat Black=https://raw.githubusercontent.com/kinggoff/NewSteelesImages/main/PDFs/SDS/tremclad-29300125.pdf?raw=true|946 mL Flat Black=https://raw.githubusercontent.com/kinggoff/NewSteelesImages/main/PDFs/SDS/tremclad-254898.pdf?raw=true|340 g Aerosol Flat Black=https://raw.githubusercontent.com/kinggoff/NewSteelesImages/main/PDFs/SDS/tremclad-29300522.pdf?raw=true,,,,38edf600d42b5c01727924138f8b46936b1136b2f7e20c0472f4092119d59e59,8022bb6705bf33811c176d2ec7c20abb566a3068b1c16a8c9a3fc98380f92063
simple,Tremclad Rust Paint Gloss Yellow,174,TR-000000174,,"Tremclad Rust Paint Gloss Yellow protects metal from rust while adding a durable finish, making it a strong choice for railings, tools, equipment and exterior metal surfaces. Confirm preparation, compatibility, application, coverage and recoat requirements in the current label or technical data sheet.",Previously Described,Paints > Specialty Paints,"rust-preventive paint, metal paint, protective enamel, anti-corrosion coating",Tremclad,FLE01-S,https://raw.githubusercontent.com/kinggoff/NewSteelesImages/main/review-images/legacy-tr-000000174-tremcladrustpaintglossyellow_specialtypaint_tremclad.png?raw=true,Image already existed,,,,,,,,,237 mL Gloss Yellow=https://raw.githubusercontent.com/kinggoff/NewSteelesImages/main/PDFs/SDS/tremclad-27097X125.pdf?raw=true|946 mL Gloss Yellow=https://raw.githubusercontent.com/kinggoff/NewSteelesImages/main/PDFs/SDS/tremclad-254922.pdf?raw=true|3.78 L Gloss Yellow=https://raw.githubusercontent.com/kinggoff/NewSteelesImages/main/PDFs/SDS/tremclad-27097X155.pdf?raw=true,,237 mL Gloss Yellow=https://raw.githubusercontent.com/kinggoff/NewSteelesImages/main/PDFs/SDS/tremclad-27097X125.pdf?raw=true|946 mL Gloss Yellow=https://raw.githubusercontent.com/kinggoff/NewSteelesImages/main/PDFs/SDS/tremclad-254922.pdf?raw=true|3.78 L Gloss Yellow=https://raw.githubusercontent.com/kinggoff/NewSteelesImages/main/PDFs/SDS/tremclad-27097X155.pdf?raw=true,,,,dfcb47e2e8ab438d1150d9bd6367f2800cb1b1d01875830dd979065fb0c2f328,2d712d13f8329acf98b6942cccb126056352b15cda44949d0bea65b8a73d6fd5
simple,Tremclad Rust Paint Semi-Gloss White,175,TR-000000175,,"Tremclad Rust Paint Semi-Gloss White protects metal from rust while adding a durable finish, making it a strong choice for railings, tools, equipment and exterior metal surfaces. Confirm preparation, compatibility, application, coverage and recoat requirements in the current label or technical data sheet.",Previously Described,Paints > Specialty Paints,"rust-preventive paint, metal paint, protective enamel, anti-corrosion coating",Tremclad,FLE01-S,https://raw.githubusercontent.com/kinggoff/NewSteelesImages/main/review-images/legacy-tr-000000175-tremcladrustpaintsemiglosswhite_specialtypaint_tremclad.png?raw=true,Image already existed,,,,,,,,,237 mL Semi-Gloss White=https://raw.githubusercontent.com/kinggoff/NewSteelesImages/main/PDFs/SDS/tremclad-270S25X125.pdf?raw=true|946 mL Semi-Gloss White=https://raw.githubusercontent.com/kinggoff/NewSteelesImages/main/PDFs/SDS/tremclad-254933.pdf?raw=true|3.78 L Semi-Gloss White=https://raw.githubusercontent.com/kinggoff/NewSteelesImages/main/PDFs/SDS/tremclad-270S25X155.pdf?raw=true,,237 mL Semi-Gloss White=https://raw.githubusercontent.com/kinggoff/NewSteelesImages/main/PDFs/SDS/tremclad-270S25X125.pdf?raw=true|946 mL Semi-Gloss White=https://raw.githubusercontent.com/kinggoff/NewSteelesImages/main/PDFs/SDS/tremclad-254933.pdf?raw=true|3.78 L Semi-Gloss White=https://raw.githubusercontent.com/kinggoff/NewSteelesImages/main/PDFs/SDS/tremclad-270S25X155.pdf?raw=true,,,,c4043faf55c32887be6d183fff60bf474df049c31f4b6095be2914484974e661,1695a7071770cadf93157fb67264233171498c30f91011b6a2ad0946e4cb7b07
simple,Tremclad Rust Paint Flat White,176,TR-000000176,,"Tremclad Rust Paint Flat White protects metal from rust while adding a durable finish, making it a strong choice for railings, tools, equipment and exterior metal surfaces. Confirm preparation, compatibility, application, coverage and recoat requirements in the current label or technical data sheet.",Previously Described,Paints > Specialty Paints,"rust-preventive paint, metal paint, protective enamel, anti-corrosion coating",Tremclad,FLE01-S,https://raw.githubusercontent.com/kinggoff/NewSteelesImages/main/review-images/legacy-tr-000000176-tremcladrustpaintflatwhite_specialtypaint_tremclad.png?raw=true,Image already existed,,,,,,,,,237 mL Flat White=https://raw.githubusercontent.com/kinggoff/NewSteelesImages/main/PDFs/SDS/tremclad-27061X125.pdf?raw=true|946 mL Flat White=https://raw.githubusercontent.com/kinggoff/NewSteelesImages/main/PDFs/SDS/tremclad-254929.pdf?raw=true|3.78 L Flat White=https://raw.githubusercontent.com/kinggoff/NewSteelesImages/main/PDFs/SDS/tremclad-27061X155.pdf?raw=true,,237 mL Flat White=https://raw.githubusercontent.com/kinggoff/NewSteelesImages/main/PDFs/SDS/tremclad-27061X125.pdf?raw=true|946 mL Flat White=https://raw.githubusercontent.com/kinggoff/NewSteelesImages/main/PDFs/SDS/tremclad-254929.pdf?raw=true|3.78 L Flat White=https://raw.githubusercontent.com/kinggoff/NewSteelesImages/main/PDFs/SDS/tremclad-27061X155.pdf?raw=true,,,,85fe528251a70e5a34525208b4086beda466b17cabab433635d0d60506291b88,49b2245e351954b37b12ac77a06da237e32e2d39eae2f73835f1b3b25b4670ec
simple,Tremclad Rust Paint Gloss Recreational White,177,TR-000000177,,"Tremclad Rust Paint Gloss Recreational White protects metal from rust while adding a durable finish, making it a strong choice for railings, tools, equipment and exterior metal surfaces. Confirm preparation, compatibility, application, coverage and recoat requirements in the current label or technical data sheet.",Previously Described,Paints > Specialty Paints,"rust-preventive paint, metal paint, protective enamel, anti-corrosion coating",Tremclad,FLE01-S,https://raw.githubusercontent.com/kinggoff/NewSteelesImages/main/review-images/legacy-tr-000000177-tremcladrustpaintglossrecreationalwhite_specialtypaint_tremclad.png?raw=true,Image already existed,,,,,,,,,237 mL Gloss Recreational White=https://raw.githubusercontent.com/kinggoff/NewSteelesImages/main/PDFs/SDS/tremclad-27032X125.pdf?raw=true|946 mL Gloss Recreational White=https://raw.githubusercontent.com/kinggoff/NewSteelesImages/main/PDFs/SDS/tremclad-254910.pdf?raw=true|3.78 L Gloss Recreational White=https://raw.githubusercontent.com/kinggoff/NewSteelesImages/main/PDFs/SDS/tremclad-27032X155.pdf?raw=true,,237 mL Gloss Recreational White=https://raw.githubusercontent.com/kinggoff/NewSteelesImages/main/PDFs/SDS/tremclad-27032X125.pdf?raw=true|946 mL Gloss Recreational White=https://raw.githubusercontent.com/kinggoff/NewSteelesImages/main/PDFs/SDS/tremclad-254910.pdf?raw=true|3.78 L Gloss Recreational White=https://raw.githubusercontent.com/kinggoff/NewSteelesImages/main/PDFs/SDS/tremclad-27032X155.pdf?raw=true,,,,343039a50ae8b3657a99edbaf2db074c5e4c0d7ef46a7f43d1c9c6e1fada8252,dfe10e8dd4c8428970a494a8eed26ddd2611734cc0149f27cc72995977604147
simple,Tremclad Rust Paint Gloss Real Orange,178,TR-000000178,,"Tremclad Rust Paint Gloss Real Orange protects metal from rust while adding a durable finish, making it a strong choice for railings, tools, equipment and exterior metal surfaces. Confirm preparation, compatibility, application, coverage and recoat requirements in the current label or technical data sheet.",Previously Described,Paints > Specialty Paints,"rust-preventive paint, metal paint, protective enamel, anti-corrosion coating",Tremclad,FLE01-S,https://raw.githubusercontent.com/kinggoff/NewSteelesImages/main/review-images/legacy-tr-000000178-tremcladrustpaintglossrealorange_specialtypaint_tremclad.png?raw=true,Image already existed,,,,,,,,,946 mL Gloss Real Orange=https://raw.githubusercontent.com/kinggoff/NewSteelesImages/main/PDFs/SDS/tremclad-369814.pdf?raw=true|3.78 L Gloss Real Orange=https://raw.githubusercontent.com/kinggoff/NewSteelesImages/main/PDFs/SDS/tremclad-27007X155.pdf?raw=true,,946 mL Gloss Real Orange=https://raw.githubusercontent.com/kinggoff/NewSteelesImages/main/PDFs/SDS/tremclad-369814.pdf?raw=true|3.78 L Gloss Real Orange=https://raw.githubusercontent.com/kinggoff/NewSteelesImages/main/PDFs/SDS/tremclad-27007X155.pdf?raw=true,,,,5a66e3d098633fdb9947cafcd4b9cbb4af99cb5dc45b6363dd41540bcb0b9b51,6c32f2032705219a32242fa96ced85d86130234bc0618eb786c2818e873c1144
simple,Tremclad Rust Paint Gloss Medium Blue,179,TR-000000179,,"Tremclad Rust Paint Gloss Medium Blue protects metal from rust while adding a durable finish, making it a strong choice for railings, tools, equipment and exterior metal surfaces. Confirm preparation, compatibility, application, coverage and recoat requirements in the current label or technical data sheet.",Previously Described,Paints > Specialty Paints,"rust-preventive paint, metal paint, protective enamel, anti-corrosion coating",Tremclad,FLE01-S,https://raw.githubusercontent.com/kinggoff/NewSteelesImages/main/review-images/legacy-tr-000000179-tremcladrustpaintglossmediumblue_specialtypaint_tremclad.png?raw=true,Image already existed,,,,,,,,,946 mL Gloss Medium Blue=https://raw.githubusercontent.com/kinggoff/NewSteelesImages/main/PDFs/SDS/tremclad-254905.pdf?raw=true|3.78 L Gloss Medium Blue=https://raw.githubusercontent.com/kinggoff/NewSteelesImages/main/PDFs/SDS/tremclad-27009X155.pdf?raw=true,,946 mL Gloss Medium Blue=https://raw.githubusercontent.com/kinggoff/NewSteelesImages/main/PDFs/SDS/tremclad-254905.pdf?raw=true|3.78 L Gloss Medium Blue=https://raw.githubusercontent.com/kinggoff/NewSteelesImages/main/PDFs/SDS/tremclad-27009X155.pdf?raw=true,,,,d8c0e0fc270ee8bf654bbab3b9d100d89ae0a276985526e916dc0e3f4c5bdcc7,f9fdc5eff80830dd788635780d401c2e43de6a30c5bb1ae1ed58146da1439313
simple,Tremclad Rust Paint Gloss John Deere Green,180,TR-000000180,,"Tremclad Rust Paint Gloss John Deere Green protects metal from rust while adding a durable finish, making it a strong choice for railings, tools, equipment and exterior metal surfaces. Confirm preparation, compatibility, application, coverage and recoat requirements in the current label or technical data sheet.",Previously Described,Paints > Specialty Paints,"rust-preventive paint, metal paint, protective enamel, anti-corrosion coating",Tremclad,FLE01-S,https://raw.githubusercontent.com/kinggoff/NewSteelesImages/main/review-images/legacy-tr-000000180-tremcladrustpaintglossjohndeeregreen_specialtypaint_tremclad.png?raw=true,Image already existed,,,,,,,,,946 mL Gloss John Deere Green=https://raw.githubusercontent.com/kinggoff/NewSteelesImages/main/PDFs/SDS/tremclad-254913.pdf?raw=true|3.78 L Gloss John Deere Green=https://raw.githubusercontent.com/kinggoff/NewSteelesImages/main/PDFs/SDS/tremclad-27039X155.pdf?raw=true,,946 mL Gloss John Deere Green=https://raw.githubusercontent.com/kinggoff/NewSteelesImages/main/PDFs/SDS/tremclad-254913.pdf?raw=true|3.78 L Gloss John Deere Green=https://raw.githubusercontent.com/kinggoff/NewSteelesImages/main/PDFs/SDS/tremclad-27039X155.pdf?raw=true,,,,1797350b49bbfcc6e1251992b9b2d9054ffb51350b7e76121b7ac7b6070b4e0b,7a55797910181fc4c2dc3d65e9f12782116e3585b5654fa1426da9e42415425f
simple,Tremclad Rust Paint Gloss Grey,181,TR-000000181,,"Tremclad Rust Paint Gloss Grey protects metal from rust while adding a durable finish, making it a strong choice for railings, tools, equipment and exterior metal surfaces. Confirm preparation, compatibility, application, coverage and recoat requirements in the current label or technical data sheet.",Previously Described,Paints > Specialty Paints,"rust-preventive paint, metal paint, protective enamel, anti-corrosion coating",Tremclad,FLE01-S,https://raw.githubusercontent.com/kinggoff/NewSteelesImages/main/review-images/legacy-tr-000000181-tremcladrustpaintglossgrey_specialtypaint_tremclad.png?raw=true,Image already existed,,,,,,,,,237 mL Gloss Grey=https://raw.githubusercontent.com/kinggoff/NewSteelesImages/main/PDFs/SDS/tremclad-27028X125.pdf?raw=true|946 mL Gloss Grey=https://raw.githubusercontent.com/kinggoff/NewSteelesImages/main/PDFs/SDS/tremclad-254908.pdf?raw=true|3.78 L Gloss Grey=https://raw.githubusercontent.com/kinggoff/NewSteelesImages/main/PDFs/SDS/tremclad-27028X155.pdf?raw=true,,237 mL Gloss Grey=https://raw.githubusercontent.com/kinggoff/NewSteelesImages/main/PDFs/SDS/tremclad-27028X125.pdf?raw=true|946 mL Gloss Grey=https://raw.githubusercontent.com/kinggoff/NewSteelesImages/main/PDFs/SDS/tremclad-254908.pdf?raw=true|3.78 L Gloss Grey=https://raw.githubusercontent.com/kinggoff/NewSteelesImages/main/PDFs/SDS/tremclad-27028X155.pdf?raw=true,,,,f3f8c7b85e6caee4fe1e576648e7f8d5e34e392cb275f7bca543eabf62f37254,8edcc636b7c708fa078cfb32d9adc1d726704a9bfb79eb9966d520c27a28943b
simple,Tremclad Rust Paint Gloss Fire Red,182,TR-000000182,,"Tremclad Rust Paint Gloss Fire Red protects metal from rust while adding a durable finish, making it a strong choice for railings, tools, equipment and exterior metal surfaces. Confirm preparation, compatibility, application, coverage and recoat requirements in the current label or technical data sheet.",Previously Described,Paints > Specialty Paints,"rust-preventive paint, metal paint, protective enamel, anti-corrosion coating",Tremclad,FLE01-S,https://raw.githubusercontent.com/kinggoff/NewSteelesImages/main/review-images/legacy-tr-000000182-tremcladrustpaintglossfirered_specialtypaint_tremclad.png?raw=true,Image already existed,,,,,,,,,237 mL Gloss Fire Red=https://raw.githubusercontent.com/kinggoff/NewSteelesImages/main/PDFs/SDS/tremclad-27049X125.pdf?raw=true|946 mL Gloss Fire Red=https://raw.githubusercontent.com/kinggoff/NewSteelesImages/main/PDFs/SDS/tremclad-254915.pdf?raw=true|3.78 L Gloss Fire Red=https://raw.githubusercontent.com/kinggoff/NewSteelesImages/main/PDFs/SDS/tremclad-27049X155.pdf?raw=true,,237 mL Gloss Fire Red=https://raw.githubusercontent.com/kinggoff/NewSteelesImages/main/PDFs/SDS/tremclad-27049X125.pdf?raw=true|946 mL Gloss Fire Red=https://raw.githubusercontent.com/kinggoff/NewSteelesImages/main/PDFs/SDS/tremclad-254915.pdf?raw=true|3.78 L Gloss Fire Red=https://raw.githubusercontent.com/kinggoff/NewSteelesImages/main/PDFs/SDS/tremclad-27049X155.pdf?raw=true,,,,79a2d5019df76f6a5a6857a80c091883c6543df3fb7868293640967202e3ce33,dae6357b332e0865136022f490e420d6f471c6091620975e239025234246bbf3
simple,Tremclad Rust Paint Gloss Dark Blue,183,TR-000000183,,"Tremclad Rust Paint Gloss Dark Blue protects metal from rust while adding a durable finish, making it a strong choice for railings, tools, equipment and exterior metal surfaces. Confirm preparation, compatibility, application, coverage and recoat requirements in the current label or technical data sheet.",Previously Described,Paints > Specialty Paints,"rust-preventive paint, metal paint, protective enamel, anti-corrosion coating",Tremclad,FLE01-S,https://raw.githubusercontent.com/kinggoff/NewSteelesImages/main/review-images/legacy-tr-000000183-tremcladrustpaintglossdarkblue_specialtypaint_tremclad.png?raw=true,Image already existed,,,,,,,,,237 mL Gloss Dark Blue=https://raw.githubusercontent.com/kinggoff/NewSteelesImages/main/PDFs/SDS/tremclad-27067X125.pdf?raw=true|946 mL Gloss Dark Blue=https://raw.githubusercontent.com/kinggoff/NewSteelesImages/main/PDFs/SDS/tremclad-254916.pdf?raw=true|3.78 L Gloss Dark Blue=https://raw.githubusercontent.com/kinggoff/NewSteelesImages/main/PDFs/SDS/tremclad-27067X155.pdf?raw=true,,237 mL Gloss Dark Blue=https://raw.githubusercontent.com/kinggoff/NewSteelesImages/main/PDFs/SDS/tremclad-27067X125.pdf?raw=true|946 mL Gloss Dark Blue=https://raw.githubusercontent.com/kinggoff/NewSteelesImages/main/PDFs/SDS/tremclad-254916.pdf?raw=true|3.78 L Gloss Dark Blue=https://raw.githubusercontent.com/kinggoff/NewSteelesImages/main/PDFs/SDS/tremclad-27067X155.pdf?raw=true,,,,9ad517461d898f32b1cb25365b8a68b790e6ea059f25c78c9ee819c3aea91fba,53857d7451a0ff4cf65e91657b23925f2a87936d985f6862836fcdb8d5cd63c7
simple,Tremclad Rust Paint Gloss Brown,184,TR-000000184,,"Tremclad Rust Paint Gloss Brown protects metal from rust while adding a durable finish, making it a strong choice for railings, tools, equipment and exterior metal surfaces. Confirm preparation, compatibility, application, coverage and recoat requirements in the current label or technical data sheet.",Previously Described,Paints > Specialty Paints,"rust-preventive paint, metal paint, protective enamel, anti-corrosion coating",Tremclad,FLE01-S,https://raw.githubusercontent.com/kinggoff/NewSteelesImages/main/review-images/legacy-tr-000000184-tremcladrustpaintglossbrown_specialtypaint_tremclad.png?raw=true,Image already existed,,,,,,,,,237 mL Gloss Brown=https://raw.githubusercontent.com/kinggoff/NewSteelesImages/main/PDFs/SDS/tremclad-27095X125.pdf?raw=true|946 mL Gloss Brown=https://raw.githubusercontent.com/kinggoff/NewSteelesImages/main/PDFs/SDS/tremclad-254920.pdf?raw=true|3.78 L Gloss Brown=https://raw.githubusercontent.com/kinggoff/NewSteelesImages/main/PDFs/SDS/tremclad-27095X155.pdf?raw=true,,237 mL Gloss Brown=https://raw.githubusercontent.com/kinggoff/NewSteelesImages/main/PDFs/SDS/tremclad-27095X125.pdf?raw=true|946 mL Gloss Brown=https://raw.githubusercontent.com/kinggoff/NewSteelesImages/main/PDFs/SDS/tremclad-254920.pdf?raw=true|3.78 L Gloss Brown=https://raw.githubusercontent.com/kinggoff/NewSteelesImages/main/PDFs/SDS/tremclad-27095X155.pdf?raw=true,,,,a789de22169db0bc611ed30921e02b86fef9ae94a6022e65411fab731dd2f9d6,38abe3992877ef607d8bfd8d8177a1f1a2a4b5b06c2e9ed9419783cfb8891208
simple,Tremclad Rust Paint Semi-Gloss Black,185,TR-000000185,,"Tremclad Rust Paint Semi-Gloss Black protects metal from rust while adding a durable finish, making it a strong choice for railings, tools, equipment and exterior metal surfaces. Confirm preparation, compatibility, application, coverage and recoat requirements in the current label or technical data sheet.",Previously Described,Paints > Specialty Paints,"rust-preventive paint, metal paint, protective enamel, anti-corrosion coating",Tremclad,FLE01-S,https://raw.githubusercontent.com/kinggoff/NewSteelesImages/main/review-images/legacy-tr-000000185-tremcladrustpaintsemiglossblack_specialtypaint_tremclad.png?raw=true,Image already existed,,,,,,,,,237 mL Semi-Gloss Black=https://raw.githubusercontent.com/kinggoff/NewSteelesImages/main/PDFs/SDS/tremclad-270S26X125.pdf?raw=true|946 mL Semi-Gloss Black=https://raw.githubusercontent.com/kinggoff/NewSteelesImages/main/PDFs/SDS/tremclad-254940.pdf?raw=true|3.78 L Semi-Gloss Black=https://raw.githubusercontent.com/kinggoff/NewSteelesImages/main/PDFs/SDS/tremclad-270S26X155.pdf?raw=true,,237 mL Semi-Gloss Black=https://raw.githubusercontent.com/kinggoff/NewSteelesImages/main/PDFs/SDS/tremclad-270S26X125.pdf?raw=true|946 mL Semi-Gloss Black=https://raw.githubusercontent.com/kinggoff/NewSteelesImages/main/PDFs/SDS/tremclad-254940.pdf?raw=true|3.78 L Semi-Gloss Black=https://raw.githubusercontent.com/kinggoff/NewSteelesImages/main/PDFs/SDS/tremclad-270S26X155.pdf?raw=true,,,,9936b64a9d8f55070c4862b400c97427d6cebb7f190434faff97bdf65c754497,b8a6a8abcd903f446a11de2d2e03b7b0b3128e850808bd498b176d93282e3d8c
simple,Tremclad Rust Paint Gloss Black,186,TR-000000186,,"Tremclad Rust Paint Gloss Black protects metal from rust while adding a durable finish, making it a strong choice for railings, tools, equipment and exterior metal surfaces. Confirm preparation, compatibility, application, coverage and recoat requirements in the current label or technical data sheet.",Previously Described,Paints > Specialty Paints,"rust-preventive paint, metal paint, protective enamel, anti-corrosion coating",Tremclad,FLE01-S,https://raw.githubusercontent.com/kinggoff/NewSteelesImages/main/review-images/legacy-tr-000000186-tremcladrustpaintglossblack_specialtypaint_tremclad.png?raw=true,Image already existed,,,,,,,,,237 mL Gloss Black=https://raw.githubusercontent.com/kinggoff/NewSteelesImages/main/PDFs/SDS/tremclad-27026X125.pdf?raw=true|946 mL Gloss Black=https://raw.githubusercontent.com/kinggoff/NewSteelesImages/main/PDFs/SDS/tremclad-254926.pdf?raw=true|3.78 L Gloss Black=https://raw.githubusercontent.com/kinggoff/NewSteelesImages/main/PDFs/SDS/tremclad-27026X155.pdf?raw=true,,237 mL Gloss Black=https://raw.githubusercontent.com/kinggoff/NewSteelesImages/main/PDFs/SDS/tremclad-27026X125.pdf?raw=true|946 mL Gloss Black=https://raw.githubusercontent.com/kinggoff/NewSteelesImages/main/PDFs/SDS/tremclad-254926.pdf?raw=true|3.78 L Gloss Black=https://raw.githubusercontent.com/kinggoff/NewSteelesImages/main/PDFs/SDS/tremclad-27026X155.pdf?raw=true,,,,31e50b36305c351adae55aced07efcc67065bc564fe0a585a49784f6c23f15b8,544f8cae192b65731d770a8b5ff05011f5400bb6bf393f4ee34efa6d2a9162a9
simple,Tremclad Rust Paint Flat Black,187,TR-000000187,,"Tremclad Rust Paint Flat Black protects metal from rust while adding a durable finish, making it a strong choice for railings, tools, equipment and exterior metal surfaces. Confirm preparation, compatibility, application, coverage and recoat requirements in the current label or technical data sheet.",Previously Described,Paints > Specialty Paints,"rust-preventive paint, metal paint, protective enamel, anti-corrosion coating",Tremclad,FLE01-S,https://raw.githubusercontent.com/kinggoff/NewSteelesImages/main/review-images/legacy-tr-000000187-tremcladrustpaintflatblack_specialtypaint_tremclad.png?raw=true,Image already existed,,,,,,,,,237 mL Flat Black=https://raw.githubusercontent.com/kinggoff/NewSteelesImages/main/PDFs/SDS/tremclad-27048X125.pdf?raw=true|946 mL Flat Black=https://raw.githubusercontent.com/kinggoff/NewSteelesImages/main/PDFs/SDS/tremclad-254932.pdf?raw=true|3.78 L Flat Black=https://raw.githubusercontent.com/kinggoff/NewSteelesImages/main/PDFs/SDS/tremclad-27048X155.pdf?raw=true,,237 mL Flat Black=https://raw.githubusercontent.com/kinggoff/NewSteelesImages/main/PDFs/SDS/tremclad-27048X125.pdf?raw=true|946 mL Flat Black=https://raw.githubusercontent.com/kinggoff/NewSteelesImages/main/PDFs/SDS/tremclad-254932.pdf?raw=true|3.78 L Flat Black=https://raw.githubusercontent.com/kinggoff/NewSteelesImages/main/PDFs/SDS/tremclad-27048X155.pdf?raw=true,,,,4163bd7409869c5564a99758a91afeb486665296518b729068111596408679f8,0c5c21e947de24b00e389bba6dc1d56b46741a7f4661d5b2be5dff55401e43fe
simple,Tremclad Rust Paint Gloss Aluminum,188,TR-000000188,,"Tremclad Rust Paint Gloss Aluminum protects metal from rust while adding a durable finish, making it a strong choice for railings, tools, equipment and exterior metal surfaces. Confirm preparation, compatibility, application, coverage and recoat requirements in the current label or technical data sheet.",Previously Described,Paints > Specialty Paints,"rust-preventive paint, metal paint, protective enamel, anti-corrosion coating",Tremclad,FLE01-S,https://raw.githubusercontent.com/kinggoff/NewSteelesImages/main/review-images/legacy-tr-000000188-tremcladrustpaintglossaluminum_specialtypaint_tremclad.png?raw=true,Image already existed,,,,,,,,,237 mL Gloss Aluminum=https://raw.githubusercontent.com/kinggoff/NewSteelesImages/main/PDFs/SDS/tremclad-27006X125.pdf?raw=true|946 mL Gloss Aluminum=https://raw.githubusercontent.com/kinggoff/NewSteelesImages/main/PDFs/SDS/tremclad-254904.pdf?raw=true|3.78 L Gloss Aluminum=https://raw.githubusercontent.com/kinggoff/NewSteelesImages/main/PDFs/SDS/tremclad-27006X155.pdf?raw=true,,237 mL Gloss Aluminum=https://raw.githubusercontent.com/kinggoff/NewSteelesImages/main/PDFs/SDS/tremclad-27006X125.pdf?raw=true|946 mL Gloss Aluminum=https://raw.githubusercontent.com/kinggoff/NewSteelesImages/main/PDFs/SDS/tremclad-254904.pdf?raw=true|3.78 L Gloss Aluminum=https://raw.githubusercontent.com/kinggoff/NewSteelesImages/main/PDFs/SDS/tremclad-27006X155.pdf?raw=true,,,,16c7d40daa39c842f123202914e2aab4453f7dc9de7980b998f7fc0dc249ef45,bb1f37a93aab685759255aea18ce775445f3e86d4f7eb99c4bcab77731a94a81
simple,Tremclad Rust Preventative Coating Flat Grey (Gallon),189,TR-000000189,,"Tremclad Rust Preventative Coating Flat Grey (Gallon) protects metal from rust while adding a durable finish, making it a strong choice for railings, tools, equipment and exterior metal surfaces. Confirm preparation, compatibility, application, coverage and recoat requirements in the current label or technical data sheet.",Previously Described,Paints > Specialty Paints,"rust-preventive paint, metal paint, protective enamel, anti-corrosion coating",Tremclad,FLE01-S,https://raw.githubusercontent.com/kinggoff/NewSteelesImages/main/review-images/legacy-tr-000000189-tremcladrustpreventativecoatingflatgreygallon_specialtypaint_tremclad.png?raw=true,Image already existed,,,,,,,,,3.78 L Flat Grey=https://raw.githubusercontent.com/kinggoff/NewSteelesImages/main/PDFs/SDS/tremclad-274103155.pdf?raw=true,,3.78 L Flat Grey=https://raw.githubusercontent.com/kinggoff/NewSteelesImages/main/PDFs/SDS/tremclad-274103155.pdf?raw=true,,,,38adf640f53f9b115d03f450776cd4b8df0c0ef5dea56295b24965e178eaf994,325f0014248a18d7bf368fcea2c849e638082b40683db9000b4e363f4ed9f542
simple,Tremclad Rust Preventative Coating Flat Red Oxide (Gallon),190,TR-000000190,,"Tremclad Rust Preventative Coating Flat Red Oxide (Gallon) protects metal from rust while adding a durable finish, making it a strong choice for railings, tools, equipment and exterior metal surfaces. Confirm preparation, compatibility, application, coverage and recoat requirements in the current label or technical data sheet.",Previously Described,Paints > Specialty Paints,"rust-preventive paint, metal paint, protective enamel, anti-corrosion coating",Tremclad,FLE01-S,https://raw.githubusercontent.com/kinggoff/NewSteelesImages/main/review-images/legacy-tr-000000190-tremcladrustpreventativecoatingflatredoxidegallon_specialtypaint_tremclad.png?raw=true,Image already existed,,,,,,,,,3.78 L Flat Red Oxide=https://raw.githubusercontent.com/kinggoff/NewSteelesImages/main/PDFs/SDS/tremclad-274102155.pdf?raw=true,,3.78 L Flat Red Oxide=https://raw.githubusercontent.com/kinggoff/NewSteelesImages/main/PDFs/SDS/tremclad-274102155.pdf?raw=true,,,,608f8ca4f09fa106660a4e5fda03a04e47987fabb786583ee663b8c766204be5,19c334d6c6f65a429bfe05a19a5275daa90dbaf3709a5da268e2214f4beaa206
simple,Zinsser Mould Stop Primer,191,ZI-000000191,,"Zinsser Mould Stop Primer helps prime surfaces while blocking mould and mildew growth, creating a better base for interior or exterior topcoats. Check the current manufacturer label or technical data sheet before use. Confirm the exact item and package before ordering. Follow the current manufacturer instructions for the intended job.",Previously Described,Paints > Primers,"mould-resistant primer, stain-blocking primer, interior primer, primer sealer, primer, surface preparation coating, basecoat",Zinsser,FLE01-S,https://raw.githubusercontent.com/kinggoff/NewSteelesImages/main/review-images/legacy-zi-000000191-zinssermouldstopprimer_primer_zinsser.png?raw=true,Image already existed,,,,,,,,,3.78 L White=https://raw.githubusercontent.com/kinggoff/NewSteelesImages/main/PDFs/SDS/zinsser-336961.pdf?raw=true|946 mL White=https://raw.githubusercontent.com/kinggoff/NewSteelesImages/main/PDFs/SDS/zinsser-336964.pdf?raw=true,Mould Stop Primer=https://raw.githubusercontent.com/kinggoff/NewSteelesImages/main/PDFs/TDS/zinsser-336964_Mould-Stop-Primer-TDS-EN.ashx.pdf?raw=true,3.78 L White=https://raw.githubusercontent.com/kinggoff/NewSteelesImages/main/PDFs/SDS/zinsser-336961.pdf?raw=true|946 mL White=https://raw.githubusercontent.com/kinggoff/NewSteelesImages/main/PDFs/SDS/zinsser-336964.pdf?raw=true,,Mould Stop Primer=https://raw.githubusercontent.com/kinggoff/NewSteelesImages/main/PDFs/TDS/zinsser-336964_Mould-Stop-Primer-TDS-EN.ashx.pdf?raw=true,,e0cc4b41de3196ee51b1e374ba02096cc27b4d2895df1061cc9d7a628a80fea6,4fece0959c6ad1ee80d1cf0f9adc665b93f6c0925c8f7fc1d71a8abed8d402c7
simple,Zinsser Bulls Eye 1-2-3 Spray Primer,192,ZI-000000192,,"Zinsser Bulls Eye 1-2-3 Spray Primer helps seal surfaces, block stains and improve topcoat adhesion so paint finishes look smoother and last longer. Check the current manufacturer label or technical data sheet before use. Confirm the exact item and package before ordering. Follow the current manufacturer instructions for the intended job.",Previously Described,Paints > Aerosols,"spray primer, aerosol primer, primer, surface preparation coating, primer sealer, basecoat",Zinsser,FLE01-S,https://raw.githubusercontent.com/kinggoff/NewSteelesImages/main/review-images/legacy-zi-000000192-zinsserbullseye123sprayprimer_primer_zinsser.png?raw=true,Image already existed,,,,,,,,,369 g Aerosol White=https://raw.githubusercontent.com/kinggoff/NewSteelesImages/main/PDFs/SDS/zinsser-267189.pdf?raw=true,Bulls Eye 1-2-3 Aerosol=https://raw.githubusercontent.com/kinggoff/NewSteelesImages/main/PDFs/TDS/zinsser-BEY123-01-Zinsser-Bulls-Eye-1-2-3-Water-based-Primer-TDS-EN-21.pdf?raw=true,369 g Aerosol White=https://raw.githubusercontent.com/kinggoff/NewSteelesImages/main/PDFs/SDS/zinsser-267189.pdf?raw=true,,Bulls Eye 1-2-3 Aerosol=https://raw.githubusercontent.com/kinggoff/NewSteelesImages/main/PDFs/TDS/zinsser-BEY123-01-Zinsser-Bulls-Eye-1-2-3-Water-based-Primer-TDS-EN-21.pdf?raw=true,,7bd67afd2eaadb67b86155276dede958b07355f6529d79fd52653e54463e9478,b08b816df27d9d1fb7dbcd9ae633b46d29744147c1435fec73464d2bf61cc02f
simple,Tremclad Rust Preventative Coating Flat Grey (946 mL),193,TR-000000193,,"Tremclad Rust Preventative Coating Flat Grey (946 mL) protects metal from rust while adding a durable finish, making it a strong choice for railings, tools, equipment and exterior metal surfaces. Confirm preparation, compatibility, application, coverage and recoat requirements in the current label or technical data sheet.",Previously Described,Paints > Specialty Paints,"rust-preventive paint, metal paint, protective enamel, anti-corrosion coating",Tremclad,FLE01-S,https://raw.githubusercontent.com/kinggoff/NewSteelesImages/main/review-images/legacy-tr-000000193-tremcladrustpreventativecoatingflatgrey946ml_specialtypaint_tremclad.png?raw=true,Image already existed,,,,,,,,,946 mL Flat Grey=https://raw.githubusercontent.com/kinggoff/NewSteelesImages/main/PDFs/SDS/tremclad-254895.pdf?raw=true,,946 mL Flat Grey=https://raw.githubusercontent.com/kinggoff/NewSteelesImages/main/PDFs/SDS/tremclad-254895.pdf?raw=true,,,,d5c16b6a6a9339d1745cfd81a8b9c2e6dd207a80863280412c6a83e9a1cf5663,80057d00d3ad2980bbadc8d1698800ce93b0bd0f6f878d468b29887404a190db
simple,Tremclad Rust Preventative Coating Flat Red Oxide (946 mL),194,TR-000000194,,"Tremclad Rust Preventative Coating Flat Red Oxide (946 mL) protects metal from rust while adding a durable finish, making it a strong choice for railings, tools, equipment and exterior metal surfaces. Confirm preparation, compatibility, application, coverage and recoat requirements in the current label or technical data sheet.",Previously Described,Paints > Specialty Paints,"rust-preventive paint, metal paint, protective enamel, anti-corrosion coating",Tremclad,FLE01-S,https://raw.githubusercontent.com/kinggoff/NewSteelesImages/main/review-images/legacy-tr-000000194-tremcladrustpreventativecoatingflatredoxide946ml_specialtypaint_tremclad.png?raw=true,Image already existed,,,,,,,,,946 mL Flat Red Oxide=https://raw.githubusercontent.com/kinggoff/NewSteelesImages/main/PDFs/SDS/tremclad-254894.pdf?raw=true,,946 mL Flat Red Oxide=https://raw.githubusercontent.com/kinggoff/NewSteelesImages/main/PDFs/SDS/tremclad-254894.pdf?raw=true,,,,d2364d9ca77aef1594ca655bd8904fa31696bd3100c7368cd6db540209afe9b4,129f23db0b4f5b19d44b5e8066fea8bcd9b7332b30061ca5207b4660f42020a3
simple,Zinsser Odorless Oil-Based Stain Blocker,195,ZI-000000195,,"Zinsser Odorless Oil-Based Stain Blocker helps seal surfaces, block stains and improve topcoat adhesion so paint finishes look smoother and last longer. Colour and sheen can vary with wood species, porosity and preparation, so a representative test area is recommended. Confirm preparation, compatibility, application, coverage and recoat requirements in the current label or technical data sheet.",Previously Described,Paints > Primers,"stain-blocking primer, odour-blocking primer, primer sealer, surface preparation coating",Zinsser,FLE01-S,https://raw.githubusercontent.com/kinggoff/NewSteelesImages/main/review-images/legacy-zi-000000195-zinsserodorlessoilbasedstainblocker_primer_zinsser.png?raw=true,Image already existed,,,,,,,,,946 mL White=https://raw.githubusercontent.com/kinggoff/NewSteelesImages/main/PDFs/SDS/zinsser-248264.pdf?raw=true|3.7 L White=https://raw.githubusercontent.com/kinggoff/NewSteelesImages/main/PDFs/SDS/zinsser-248263.pdf?raw=true,Odorless Oil-Base Stain Blocker Liquid=https://raw.githubusercontent.com/kinggoff/NewSteelesImages/main/PDFs/TDS/zinsser-OLS-01_Odorless_Interior_Oil_Base_Stain_Blocker_TDS_2.ashx.pdf?raw=true,946 mL White=https://raw.githubusercontent.com/kinggoff/NewSteelesImages/main/PDFs/SDS/zinsser-248264.pdf?raw=true|3.7 L White=https://raw.githubusercontent.com/kinggoff/NewSteelesImages/main/PDFs/SDS/zinsser-248263.pdf?raw=true,,Odorless Oil-Base Stain Blocker Liquid=https://raw.githubusercontent.com/kinggoff/NewSteelesImages/main/PDFs/TDS/zinsser-OLS-01_Odorless_Interior_Oil_Base_Stain_Blocker_TDS_2.ashx.pdf?raw=true,,0ec1b5e1422c8031eaac3fcd7e7ed664cdea99296bf81b8e81539068f759ee8e,6cffaf6d5f1d464016d4d3f4a3dab8917e0197ea724cd74135fb4483187985f1
simple,Zinsser Bulls Eye 1-2-3 Primer Grey,196,ZI-000000196,,"Zinsser Bulls Eye 1-2-3 Primer Grey helps seal surfaces, block stains and improve topcoat adhesion so paint finishes look smoother and last longer. Check the current manufacturer label or technical data sheet before use. Confirm the exact item and package before ordering. Follow the current manufacturer instructions for the intended job.",Previously Described,Paints > Primers,"primer, primer sealer, surface preparation coating, basecoat",Zinsser,FLE01-S,https://raw.githubusercontent.com/kinggoff/NewSteelesImages/main/review-images/legacy-zi-000000196-zinsserbullseye123primergrey_primer_zinsser.png?raw=true,Image already existed,,,,,,,,,946 mL Grey=https://raw.githubusercontent.com/kinggoff/NewSteelesImages/main/PDFs/SDS/zinsser-201746.pdf?raw=true|3.7 L Grey=https://raw.githubusercontent.com/kinggoff/NewSteelesImages/main/PDFs/SDS/zinsser-201791.pdf?raw=true,Bulls Eye 1-2-3 Grey Primer=https://raw.githubusercontent.com/kinggoff/NewSteelesImages/main/PDFs/TDS/zinsser-BEY123-10_Bulls-Eye_1-2-3_Primer_For_All_Surfaces_TDS.ashx.pdf?raw=true,946 mL Grey=https://raw.githubusercontent.com/kinggoff/NewSteelesImages/main/PDFs/SDS/zinsser-201746.pdf?raw=true|3.7 L Grey=https://raw.githubusercontent.com/kinggoff/NewSteelesImages/main/PDFs/SDS/zinsser-201791.pdf?raw=true,,Bulls Eye 1-2-3 Grey Primer=https://raw.githubusercontent.com/kinggoff/NewSteelesImages/main/PDFs/TDS/zinsser-BEY123-10_Bulls-Eye_1-2-3_Primer_For_All_Surfaces_TDS.ashx.pdf?raw=true,,0056504926fa2988a79f3928865d1b4a15aa32acb7007fe770d71614e98722f5,058f5bc67b9fedb25ba7fc2f71191566cd3566e9a331344ac691ea24bedc901a
simple,Tremclad Rust Paint Flat Leather Brown,197,TR-000000197,,"Tremclad Rust Paint Flat Leather Brown protects metal from rust while adding a durable finish, making it a strong choice for railings, tools, equipment and exterior metal surfaces. Confirm preparation, compatibility, application, coverage and recoat requirements in the current label or technical data sheet.",Previously Described,Paints > Specialty Paints,"rust-preventive paint, metal paint, protective enamel, anti-corrosion coating",Tremclad,FLE01-S,https://raw.githubusercontent.com/kinggoff/NewSteelesImages/main/review-images/legacy-tr-000000197-tremcladrustpaintflatleatherbrown_specialtypaint_tremclad.png?raw=true,Image already existed,,,,,,,,,237 mL Flat Leather Brown=https://raw.githubusercontent.com/kinggoff/NewSteelesImages/main/PDFs/SDS/tremclad-27091X125.pdf?raw=true|946 mL Flat Leather Brown=https://raw.githubusercontent.com/kinggoff/NewSteelesImages/main/PDFs/SDS/tremclad-254919.pdf?raw=true|3.78 L Flat Leather Brown=https://raw.githubusercontent.com/kinggoff/NewSteelesImages/main/PDFs/SDS/tremclad-27091X155.pdf?raw=true,,237 mL Flat Leather Brown=https://raw.githubusercontent.com/kinggoff/NewSteelesImages/main/PDFs/SDS/tremclad-27091X125.pdf?raw=true|946 mL Flat Leather Brown=https://raw.githubusercontent.com/kinggoff/NewSteelesImages/main/PDFs/SDS/tremclad-254919.pdf?raw=true|3.78 L Flat Leather Brown=https://raw.githubusercontent.com/kinggoff/NewSteelesImages/main/PDFs/SDS/tremclad-27091X155.pdf?raw=true,,,,0368a0b0ab4e94a0d6e07865277d8bc6c1cd46526e793f21c2bb3b98ce54af5b,3ece6fb23e62cbc1d3a91639f6f2c7384f8ac45efc2e9a9a1cb3011ad556a5c9
simple,Tremclad Rust Paint Gloss Green,198,TR-000000198,,"Tremclad Rust Paint Gloss Green protects metal from rust while adding a durable finish, making it a strong choice for railings, tools, equipment and exterior metal surfaces. Confirm preparation, compatibility, application, coverage and recoat requirements in the current label or technical data sheet.",Previously Described,Paints > Specialty Paints,"rust-preventive paint, metal paint, protective enamel, anti-corrosion coating",Tremclad,FLE01-S,https://raw.githubusercontent.com/kinggoff/NewSteelesImages/main/review-images/legacy-tr-000000198-tremcladrustpaintglossgreen_specialtypaint_tremclad.png?raw=true,Image already existed,,,,,,,,,237 mL Gloss Green=https://raw.githubusercontent.com/kinggoff/NewSteelesImages/main/PDFs/SDS/tremclad-27029X125.pdf?raw=true|946 mL Gloss Green=https://raw.githubusercontent.com/kinggoff/NewSteelesImages/main/PDFs/SDS/tremclad-254909.pdf?raw=true|3.78 L Gloss Green=https://raw.githubusercontent.com/kinggoff/NewSteelesImages/main/PDFs/SDS/tremclad-27029X155.pdf?raw=true,,237 mL Gloss Green=https://raw.githubusercontent.com/kinggoff/NewSteelesImages/main/PDFs/SDS/tremclad-27029X125.pdf?raw=true|946 mL Gloss Green=https://raw.githubusercontent.com/kinggoff/NewSteelesImages/main/PDFs/SDS/tremclad-254909.pdf?raw=true|3.78 L Gloss Green=https://raw.githubusercontent.com/kinggoff/NewSteelesImages/main/PDFs/SDS/tremclad-27029X155.pdf?raw=true,,,,c73c6c0247f323f4239fed43b3f1043b060103c89b9e5fb220bf6583d5855c29,5e66d8cce5fb25e665bfd4cb8ea6a925623aef5ff2eae9c0492f0f90109aaf52
simple,Tremclad Rust Paint Gloss White,199,TR-000000199,,"Tremclad Rust Paint Gloss White protects metal from rust while adding a durable finish, making it a strong choice for railings, tools, equipment and exterior metal surfaces. Confirm preparation, compatibility, application, coverage and recoat requirements in the current label or technical data sheet.",Previously Described,Paints > Specialty Paints,"rust-preventive paint, metal paint, protective enamel, anti-corrosion coating",Tremclad,FLE01-S,https://raw.githubusercontent.com/kinggoff/NewSteelesImages/main/review-images/legacy-tr-000000199-tremcladrustpaintglosswhite_specialtypaint_tremclad.png?raw=true,Image already existed,,,,,,,,,237 mL Gloss White=https://raw.githubusercontent.com/kinggoff/NewSteelesImages/main/PDFs/SDS/tremclad-27025X125.pdf?raw=true|946 mL Gloss White=https://raw.githubusercontent.com/kinggoff/NewSteelesImages/main/PDFs/SDS/tremclad-254924.pdf?raw=true|3.78 L Gloss White=https://raw.githubusercontent.com/kinggoff/NewSteelesImages/main/PDFs/SDS/tremclad-27025X155.pdf?raw=true,,237 mL Gloss White=https://raw.githubusercontent.com/kinggoff/NewSteelesImages/main/PDFs/SDS/tremclad-27025X125.pdf?raw=true|946 mL Gloss White=https://raw.githubusercontent.com/kinggoff/NewSteelesImages/main/PDFs/SDS/tremclad-254924.pdf?raw=true|3.78 L Gloss White=https://raw.githubusercontent.com/kinggoff/NewSteelesImages/main/PDFs/SDS/tremclad-27025X155.pdf?raw=true,,,,ba285a7952571c26d620e40ba12180fee0d257d67b0b4d109f099332732707cd,861c2b17f0cae26bfa4e2036f43cbfa16dfefbd3d850e74d6237cc943d049270
simple,Blue Dolphin Axis APT Advanced Washi Painter's Tape 36mm (3 Pack),200,BD-000000201,,"Blue Dolphin Axis APT Advanced Washi Painter's Tape 36mm (3 Pack) is designed to provide professional-quality performance, durability, and reliable results for painting, finishing, surface preparation, or coating applications. Review the listed format and current manufacturer instructions to confirm compatibility, safe use, cleaning and storage for the intended job.",Previously Described,Painting Tools & Accessories > Tools,"masking tape, painter's tape, pressure-sensitive tape, painting accessory",Blue Dolphin,PIN02-S,https://raw.githubusercontent.com/kinggoff/NewSteelesImages/main/review-images/legacy-bd-000000201-axisaptadvancedwashipainterstape36mm3pack_painttoolsaccessories_bluedolphin.png?raw=true,Image already existed,,,,,,,,,,,,,,,f4f38ee98b5d95d452ee045a01c791c4296f58744a9a543273351217074de803,375491b76ae7c0b9ce4a4cc993a7ee9ffa670c665fead66827b9dd52c142f273
simple,Blue Dolphin Axis APT Advanced Washi Painter's Tape 48mm x 50m,201,BD-000000202,,"Blue Dolphin Axis APT Advanced Washi Painter's Tape 48mm x 50m is designed to provide professional-quality performance, durability, and reliable results for painting, finishing, surface preparation, or coating applications. Review the listed format and current manufacturer instructions to confirm compatibility, safe use, cleaning and storage for the intended job.",Previously Described,Painting Tools & Accessories > Tools,"masking tape, painter's tape, pressure-sensitive tape, painting accessory",Blue Dolphin,PIN02-S,https://raw.githubusercontent.com/kinggoff/NewSteelesImages/main/review-images/legacy-bd-000000202-axisaptadvancedwashipainterstape48mmx50m_painttoolsaccessories_bluedolphin.png?raw=true,Image already existed,,,,,,,,,,,,,,,1caf262d8dc47319b1fd3a7959fe2133cb020dfe8767119a9f28b5d6970f56e9,94cebb6dde766c886cb90b0b804c2131a83c400f7b1608bd3e23034064b8b0a3
simple,Blue Dolphin Axis APT Advanced Washi Painter's Tape 36mm x 50m,202,BD-000000203,,"Blue Dolphin Axis APT Advanced Washi Painter's Tape 36mm x 50m is designed to provide professional-quality performance, durability, and reliable results for painting, finishing, surface preparation, or coating applications. Review the listed format and current manufacturer instructions to confirm compatibility, safe use, cleaning and storage for the intended job.",Previously Described,Painting Tools & Accessories > Tools,"masking tape, painter's tape, pressure-sensitive tape, painting accessory",Blue Dolphin,PIN02-S,https://raw.githubusercontent.com/kinggoff/NewSteelesImages/main/review-images/legacy-bd-000000203-axisaptadvancedwashipainterstape36mmx50m_painttoolsaccessories_bluedolphin.png?raw=true,Image already existed,,,,,,,,,,,,,,,d4422ed6a6f72665c5818145bf8f565169299410ebd1f03c4de67cb07d4ec939,4e98313961f450288262c02eabc9c890ef153b70209a8d3e6d45fded162a8aab
simple,Blue Dolphin Axis APT Advanced Washi Painter's Tape 24mm x 50m,203,BD-000000204,,"Blue Dolphin Axis APT Advanced Washi Painter's Tape 24mm x 50m is designed to provide professional-quality performance, durability, and reliable results for painting, finishing, surface preparation, or coating applications. Review the listed format and current manufacturer instructions to confirm compatibility, safe use, cleaning and storage for the intended job.",Previously Described,Painting Tools & Accessories > Tools,"masking tape, painter's tape, pressure-sensitive tape, painting accessory",Blue Dolphin,PIN02-S,https://raw.githubusercontent.com/kinggoff/NewSteelesImages/main/review-images/legacy-bd-000000204-axisaptadvancedwashipainterstape24mmx50m_painttoolsaccessories_bluedolphin.png?raw=true,Image already existed,,,,,,,,,,,,,,,ef4d55ccb81cf027cefdc70e7068905e597c2a8c74f13e560bda73c77da0624f,45d502477718318e2ee1c9b164980ac6a288b45cdec1ad7e996727dee171a05e
simple,Everlok Extension Pole 3 ft to 6 ft,204,EV-000000205,,"Everlok Extension Pole 3 ft to 6 ft extends your reach for painting walls, ceilings, and hard-to-access areas, featuring a comfortable foam grip and a secure locking mechanism for reliable, twist-free performance. Choose the listed size for the surface and coating, then clean or dispose of the applicator according to current product guidance.",Previously Described,Painting Tools & Accessories > Tools,"paint roller extension pole, telescoping pole, paint applicator accessory, painting tool",Everlok,PIN02-S,https://raw.githubusercontent.com/kinggoff/NewSteelesImages/main/review-images/legacy-ev-000000205-everlokextensionpole3ftto6ft_painttoolsaccessories_everlok.png?raw=true,Image already existed,,,,,,,,,,,,,,,5db5f532ac667df064d5d138502fa31231b1c7ccea154eb222854918d88d4c8f,c6c28754692fe7a3ff75fb561bcdeab60d7900ff3c78a94411f4a2aaa4125bf9
simple,Everlok Extension Pole 2 ft to 4 ft,205,EV-000000206,,"Everlok Extension Pole 2 ft to 4 ft extends your reach for painting walls, ceilings, and hard-to-access areas, featuring a comfortable foam grip and a secure locking mechanism for reliable, twist-free performance. Choose the listed size for the surface and coating, then clean or dispose of the applicator according to current product guidance.",Previously Described,Painting Tools & Accessories > Tools,"paint roller extension pole, telescoping pole, paint applicator accessory, painting tool",Everlok,PIN02-S,https://raw.githubusercontent.com/kinggoff/NewSteelesImages/main/review-images/legacy-ev-000000206-everlokextensionpole2ftto4ft_painttoolsaccessories_everlok.png?raw=true,Image already existed,,,,,,,,,,,,,,,ad44fcade3529c3797f9fa99fb211d7040241e1348c88ac430eb47e5e8d67684,b723eef7e0451317e1e708164c991341b72b0ef2c59cab6b193944795a09174a
simple,Pintar Heavy Duty Pro 5-Wire 9.5 Roller Frame,206,PI-000000207,,"Pintar 4 Inch Roller Frame provides a sturdy, comfortable grip and secure roller support for smooth, controlled paint application on trim, doors, cabinets, and other smaller surfaces. Choose the listed size for the surface and coating, then clean or dispose of the applicator according to current product guidance.",Previously Described,Painting Tools & Accessories > Tools,"paint roller frame, roller handle, paint applicator, painting tool",Pintar,PIN02-S,https://raw.githubusercontent.com/kinggoff/NewSteelesImages/main/review-images/legacy-pi-000000207-pintar4inchrollerframe_painttoolsaccessories_pintar.png?raw=true,Image already existed,,,,,,,,,,,,,,,b84f8a74cd5774e796dd890821cc5709d15f8d775f968ad2ba798d5adc467a0d,99be190581e6ecaf965421e711bf1ded1621f051391d719370efad337c61ade8
simple,Everlok Extension Pole 1 ft to 2 ft,207,EV-000000208,,"Everlok Extension Pole 1 ft to 2 ft extends your reach for painting walls, ceilings, and hard-to-access areas, featuring a comfortable foam grip and a secure locking mechanism for reliable, twist-free performance. Choose the listed size for the surface and coating, then clean or dispose of the applicator according to current product guidance.",Previously Described,Painting Tools & Accessories > Tools,"paint roller extension pole, telescoping pole, paint applicator accessory, painting tool",Everlok,PIN02-S,https://raw.githubusercontent.com/kinggoff/NewSteelesImages/main/review-images/legacy-ev-000000208-everlokextensionpole1ftto2ft_painttoolsaccessories_everlok.png?raw=true,Image already existed,,,,,,,,,,,,,,,0e7e8d2e9662dd0d3db1f3485e6043b3df99561d3b5ab6e47dac960c1b111940,32c57fb0cce1070ffe42a4d5291abc96feb7de781a26e9108ee190e6136d3888
simple,Everlok Extension Pole 4 ft to 8 ft,208,EV-000000209,,"Everlok Extension Pole 4 ft to 8 ft extends your reach for painting walls, ceilings, and hard-to-access areas, featuring a comfortable foam grip and a secure locking mechanism for reliable, twist-free performance. Choose the listed size for the surface and coating, then clean or dispose of the applicator according to current product guidance.",Previously Described,Painting Tools & Accessories > Tools,"paint roller extension pole, telescoping pole, paint applicator accessory, painting tool",Everlok,PIN02-S,https://raw.githubusercontent.com/kinggoff/NewSteelesImages/main/review-images/legacy-ev-000000209-everlokextensionpole4ftto8ft_painttoolsaccessories_everlok.png?raw=true,Image already existed,,,,,,,,,,,,,,,775b7c5a45910229ed1ccdaae6affcbf0d6bd6a7877eb47000ddac65229e3751,ac777ba1f649f134df5ded00728a8f9dd6905f7398d4e7ac8ca44d7910965c2b
simple,"Pintar Soft Grip Heavy Duty 9.5"" Roller Frame",209,PI-000000210,,"Pintar Soft Grip Heavy Duty 9.5"" Roller Frame provides a comfortable grip and sturdy roller support for smooth, controlled paint application across walls, ceilings, and other large surfaces. Choose the listed size for the surface and coating, then clean or dispose of the applicator according to current product guidance.",Previously Described,Painting Tools & Accessories > Tools,"paint roller frame, roller handle, paint applicator, painting tool",Pintar,PIN02-S,https://raw.githubusercontent.com/kinggoff/NewSteelesImages/main/review-images/legacy-pi-000000210-wirecagerollerframe_painttoolsaccessories_pintar.png?raw=true,Image already existed,,,,,,,,,,,,,,,8da5cc8c4353e4f883d0b81ffb0ea0dd3b70e33c24621c22c071d3f0de5ab11c,898875d0233e8c26c4b0f45623d1ab9a6943a50861f261e798169eec0a66a68c
simple,"Pintar Lint-Free Trim Roller 4""",210,PI-000000211,,"Pintar Lint-Free Trim Roller 4"" delivers a smooth, lint-free finish on trim, doors, cabinets, and other detailed surfaces, helping achieve clean, professional-quality paint results. Choose the listed size for the surface and coating, then clean or dispose of the applicator according to current product guidance.",Previously Described,Painting Tools & Accessories > Tools,"paint roller cover, paint roller refill, paint applicator, painting tool",Pintar,PIN02-S,https://raw.githubusercontent.com/kinggoff/NewSteelesImages/main/review-images/legacy-pi-000000211-minirollercover_painttoolsaccessories_pintar.png?raw=true,Image already existed,,,,,,,,,,,,,,,ce0d008893775e40add2f37621b5e06df2ad87bd82efc8afe098f34c43c09ca0,c7b4a36cece449693bf7786165848e2b6337758d8f4efddd1525bc0fbe2d86cf
simple,Advance Equipment Vinyl Wallcovering Trimmer,211,AE-000000212,,"Vinyl Wallcovering Trimmer is designed to provide professional-quality performance, durability, and reliable results for painting, finishing, surface preparation, or coating applications. Review the listed format and current manufacturer instructions to confirm compatibility, safe use, cleaning and storage for the intended job.",Previously Described,Painting Tools & Accessories > Tools,"wallpaper trimmer, wallcovering cutting tool, installation tool, hand tool",Advance Equipment,ADV01-S,https://raw.githubusercontent.com/kinggoff/NewSteelesImages/main/review-images/legacy-ae-000000212-vinylwallcoveringtrimmer_painttoolsaccessories_advanceequipment.png?raw=true,Image already existed,,,,,,,,,,,,,,,02b37a4e40e1bff023ad8d3a005c204b7edebf35d36310408360d8c6f0ba0c90,d824405994bd0c03c00a7afb593821411d051d43e6acd54d979912b18b15bef6
simple,Advance Equipment Qwikpaster Tabletop Pasting Machine,212,AE-000000213,,"Qwikpaster Tabletop Pasting Machine is designed to provide professional-quality performance, durability, and reliable results for painting, finishing, surface preparation, or coating applications. Review the listed format and current manufacturer instructions to confirm compatibility, safe use, cleaning and storage for the intended job.",Previously Described,Painting Tools & Accessories > Tools,"wallpaper pasting machine, wallcovering tool, adhesive applicator, installation equipment",Advance Equipment,ADV01-S,https://raw.githubusercontent.com/kinggoff/NewSteelesImages/main/review-images/legacy-ae-000000213-qwikpastertabletoppastingmachine_painttoolsaccessories_advanceequipment.png?raw=true,Image already existed,,,,,,,,,,,,,,,cdd5f18b4014626b21b929b9039a2034788fbb4007dc4ea6519a85fab0b1353f,46140c2dd044443a5769ec51753c071744e248aca9b47ff507f292573ba81e99
simple,Advance Equipment Pasting Syringe,213,AE-000000214,,"Pasting Syringe is designed to provide professional-quality performance, durability, and reliable results for painting, finishing, surface preparation, or coating applications. Review the listed format and current manufacturer instructions to confirm compatibility, safe use, cleaning and storage for the intended job.",Previously Described,Painting Tools & Accessories > Tools,"adhesive syringe, wallpaper repair tool, wallcovering tool, adhesive applicator",Advance Equipment,ADV01-S,https://raw.githubusercontent.com/kinggoff/NewSteelesImages/main/review-images/legacy-ae-000000214-pastingsyringe_painttoolsaccessories_advanceequipment.png?raw=true,Image already existed,,,,,,,,,,,,,,,e825aba4a9120f5c8f49796e6a205fd142584f7ec1c2ee2bbee842633c5a1e51,677d7b46ad2e8136c30997e7a3369f30b8117eccd8ed14fa2473385708a5957e
simple,Advance Equipment Plastic Corner Roller,214,AE-000000215,,"Plastic Corner Roller is designed to provide professional-quality performance, durability, and reliable results for painting, finishing, surface preparation, or coating applications. Choose the listed size for the surface and coating, then clean or dispose of the applicator according to current product guidance.",Previously Described,Painting Tools & Accessories > Tools,"corner roller, paint roller, paint applicator, painting tool",Advance Equipment,ADV01-S,https://raw.githubusercontent.com/kinggoff/NewSteelesImages/main/review-images/legacy-ae-000000215-plasticcornerroller_painttoolsaccessories_advanceequipment.png?raw=true,Image already existed,,,,,,,,,,,,,,,0e86506bd0e454f97246aae6a151610db000f82d4744f7bb4b1ae5337b2c3cdb,1f6bfeadbf1d654cc39a16d73e32c4e8e23a91ed837c433c5fcd90b866606bb9
simple,Advance Equipment Corner Bead Applicator,215,AE-000000216,,"Corner Bead Applicator is designed to provide professional-quality performance, durability, and reliable results for painting, finishing, surface preparation, or coating applications. Choose the listed size for the surface and coating, then clean or dispose of the applicator according to current product guidance.",Previously Described,Painting Tools & Accessories > Tools,"corner bead applicator, drywall tool, adhesive applicator, installation tool",Advance Equipment,ADV01-S,https://raw.githubusercontent.com/kinggoff/NewSteelesImages/main/review-images/legacy-ae-000000216-cornerbeadapplicator_painttoolsaccessories_advanceequipment.png?raw=true,Image already existed,,,,,,,,,,,,,,,508cbf309b1ab6cf9520133dfdda32f6be5574d85dc3fb59bf7527f6ca4037ec,1f1b72820391bffbd9762f8c85d67bc539c197946ef8173964489ec47705867b
simple,Saman Oil Based Hybrid Floor Varnish ,226,SA-000000227,,"Saman Oil Based Hybrid Floor Varnish - Semi-Gloss is a protective varnish designed to provide durable protection and a long-lasting finish for wood surfaces. The master lists Flat, Semi-Gloss, or Gloss finish options. Confirm preparation, compatibility, application, coverage and recoat requirements in the current label or technical data sheet.",Previously Described,Paints > Stains & Varnishes,"floor varnish, wood floor finish, clear wood finish, protective coating",Saman,SAMAN,https://raw.githubusercontent.com/kinggoff/NewSteelesImages/main/review-images/legacy-sa-000000227-samanoilbasedhybridfloorvarnishsemigloss_stains_saman.png?raw=true,Image already existed,Finishes,Flat | Semi-Gloss | Gloss,,,,,,,Flat / Satin / Semi-Gloss / Gloss=https://raw.githubusercontent.com/kinggoff/NewSteelesImages/main/PDFs/SDS/saman-SDS_SAM-505-SAM-535-SAM-565-SAM-595.pdf?raw=true,Flat / Satin / Semi-Gloss / Gloss=https://raw.githubusercontent.com/kinggoff/NewSteelesImages/main/PDFs/TDS/saman-TDS-ANG_-SAM-505-535-565-595.pdf?raw=true,Flat / Satin / Semi-Gloss / Gloss=https://raw.githubusercontent.com/kinggoff/NewSteelesImages/main/PDFs/SDS/saman-SDS_SAM-505-SAM-535-SAM-565-SAM-595.pdf?raw=true,,Flat / Satin / Semi-Gloss / Gloss=https://raw.githubusercontent.com/kinggoff/NewSteelesImages/main/PDFs/TDS/saman-TDS-ANG_-SAM-505-535-565-595.pdf?raw=true,,a8175d74305fd7eb5382cec76da404358beaedf962e928563814453294431c64,a17dddd08847b99d342270dbf6127076df680d033beb31ec4c41ea00fd595ce4
simple,Saman Water-Based Wood Stain - Urban Grey,228,SA-000000229,,"Saman Water-Based Wood Stain - Urban Grey 099 is a stain designed to enhance the natural appearance of wood while providing rich, consistent colour. Colour and sheen can vary with wood species, porosity and preparation, so a representative test area is recommended. Confirm preparation, compatibility, application, coverage and recoat requirements in the current label or technical data sheet.",Previously Described,Paints > Stains & Varnishes,"water-based wood stain, wood stain, interior wood finish, water-based finish",Saman,SAMAN,https://raw.githubusercontent.com/kinggoff/NewSteelesImages/main/review-images/legacy-sa-000000229-samanwaterbasedwoodstainurbangrey_stains_saman.png?raw=true,Image already existed,,,,,,,,,Urban Grey 099 / TEW Series=https://raw.githubusercontent.com/kinggoff/NewSteelesImages/main/PDFs/SDS/saman-SDS_Water-based-wood-stain.pdf?raw=true,Urban Grey 099 / TEW Series=https://raw.githubusercontent.com/kinggoff/NewSteelesImages/main/PDFs/TDS/saman-TDS-ANG_TEW.pdf?raw=true,Urban Grey 099 / TEW Series=https://raw.githubusercontent.com/kinggoff/NewSteelesImages/main/PDFs/SDS/saman-SDS_Water-based-wood-stain.pdf?raw=true,,Urban Grey 099 / TEW Series=https://raw.githubusercontent.com/kinggoff/NewSteelesImages/main/PDFs/TDS/saman-TDS-ANG_TEW.pdf?raw=true,,ffb8d96bcd20e82d1e7888edbb67edb723c9a430d74fbbc9d08ecf56c16e45e2,95e1c4df60619d923837c7d60113a6520b21a1831699986c7e14259c9f5aa363
simple,Saman Waterbased Dead Flat Varnish,219,SA-000000220,,"Saman Waterbased Dead Flat Varnish is a protective varnish designed to provide durable protection and a long-lasting finish for wood surfaces. Colour and sheen can vary with wood species, porosity and preparation, so a representative test area is recommended. Confirm preparation, compatibility, application, coverage and recoat requirements in the current label or technical data sheet.",Previously Described,Paints > Stains & Varnishes,"flat varnish, water-based varnish, clear wood finish, protective coating",Saman,SAMAN,https://raw.githubusercontent.com/kinggoff/NewSteelesImages/main/review-images/legacy-sa-000000220-samanwaterbaseddeadflatvarnish_stains_saman.png?raw=true,Image already existed,,,,,,,,,Dead Flat SAM-801=https://raw.githubusercontent.com/kinggoff/NewSteelesImages/main/PDFs/SDS/saman-SDS_SAM-801.pdf?raw=true,Dead Flat SAM-801=https://raw.githubusercontent.com/kinggoff/NewSteelesImages/main/PDFs/TDS/saman-TDS-ANG_SAM-801.pdf?raw=true,Dead Flat SAM-801=https://raw.githubusercontent.com/kinggoff/NewSteelesImages/main/PDFs/SDS/saman-SDS_SAM-801.pdf?raw=true,,Dead Flat SAM-801=https://raw.githubusercontent.com/kinggoff/NewSteelesImages/main/PDFs/TDS/saman-TDS-ANG_SAM-801.pdf?raw=true,,040b88768fb14125951b5b09eddb179d96cbd745f13d3abcca2d4070d0c48201,6037474d1b227071618ce71574701803fb0791fc2caa079e7d8a3fd34a65a04a
simple,Saman Waterbased Exterior Clear Coat ,216,SA-000000217,,"Saman Waterbased Exterior Clear Coat - Semi-Gloss is a protective clear coat designed to help shield exterior wood surfaces from weather, moisture, and UV exposure. The master lists Flat, Satin, or Semi-Gloss finish options. Confirm preparation, compatibility, application, coverage and recoat requirements in the current label or technical data sheet.",Previously Described,Paints > Stains & Varnishes,"exterior varnish, water-based varnish, clear wood finish, uv-resistant finish, clear finish, protective coating, clear coat, wood finish",Saman,SAMAN,https://raw.githubusercontent.com/kinggoff/NewSteelesImages/main/review-images/legacy-sa-000000217-samanwaterbasedexteriorclearcoatsemigloss_stains_saman.png?raw=true,Image already existed,Finishes,Flat | Satin | Semi-Gloss,,,,,,,Flat / Satin / Semi-Gloss SAM-805 / SAM-830 / SAM-870=https://raw.githubusercontent.com/kinggoff/NewSteelesImages/main/PDFs/SDS/saman-SDS_SAM-805-SAM-830-and-SAM-870.pdf?raw=true,Satin / Semi-Gloss SAM-830 / SAM-870=https://raw.githubusercontent.com/kinggoff/NewSteelesImages/main/PDFs/TDS/saman-TDS-ANG_SAM-830-870.pdf?raw=true,Flat / Satin / Semi-Gloss SAM-805 / SAM-830 / SAM-870=https://raw.githubusercontent.com/kinggoff/NewSteelesImages/main/PDFs/SDS/saman-SDS_SAM-805-SAM-830-and-SAM-870.pdf?raw=true,,Satin / Semi-Gloss SAM-830 / SAM-870=https://raw.githubusercontent.com/kinggoff/NewSteelesImages/main/PDFs/TDS/saman-TDS-ANG_SAM-830-870.pdf?raw=true,,0b7baed5bba880a51382422ebf8532b0015471f6532e91c17333fc7e35c1b614,565b1d2f15e92165307e35d0838c7f31f335b58214e023de7a9936fe50d1865f
simple,Saman Waterbased Floor Varnish ,220,SA-000000221,,"Saman Waterbased Floor Varnish - Semi-Gloss is a protective varnish designed to provide durable protection and a long-lasting finish for wood surfaces. The master lists Flat, Satin, Semi-Gloss, or Gloss finish options. Confirm preparation, compatibility, application, coverage and recoat requirements in the current label or technical data sheet.",Previously Described,Paints > Stains & Varnishes,"floor varnish, wood floor finish, clear wood finish, protective coating",Saman,SAMAN,https://raw.githubusercontent.com/kinggoff/NewSteelesImages/main/review-images/legacy-sa-000000221-samanwaterbasedfloorvarnishsemigloss_stains_saman.png?raw=true,Image already existed,Finishes,Flat | Satin | Semi-Gloss | Gloss,,,,,,,Flat / Satin / Semi-Gloss / Gloss 160 Series=https://raw.githubusercontent.com/kinggoff/NewSteelesImages/main/PDFs/SDS/saman-SDS_160-005-160-031-160-051-160-091.pdf?raw=true,Flat / Satin / Semi-Gloss / Gloss 160 Series=https://raw.githubusercontent.com/kinggoff/NewSteelesImages/main/PDFs/TDS/saman-TDS-ANG_varnish-160.pdf?raw=true,Flat / Satin / Semi-Gloss / Gloss 160 Series=https://raw.githubusercontent.com/kinggoff/NewSteelesImages/main/PDFs/SDS/saman-SDS_160-005-160-031-160-051-160-091.pdf?raw=true,,Flat / Satin / Semi-Gloss / Gloss 160 Series=https://raw.githubusercontent.com/kinggoff/NewSteelesImages/main/PDFs/TDS/saman-TDS-ANG_varnish-160.pdf?raw=true,,5bbfd7018acd2e7478df29d8746594079d7771b9fbc565313a0233b97d5cefd6,c5d9b4de0dfc6ce18215ca6bad5c8048e8f3499d99fd05c79ecb5592a4e7a8b6
simple,Swing TSP Heavy Duty Cleaner,230,SW-000000231,,"Swing TSP Heavy Duty Cleaner is designed to provide professional-quality performance, durability, and reliable results for painting, finishing, surface preparation, or coating applications. Check the current manufacturer label or technical data sheet before use. Confirm the exact item and package before ordering.",Previously Described,Painting Tools & Accessories > Paint Prep & Repairs,"tsp cleaner, surface preparation cleaner, degreaser, paint preparation chemical",Swing,MUM01,https://raw.githubusercontent.com/kinggoff/NewSteelesImages/main/review-images/legacy-sw-000000231-swingtspheavydutycleaner_painttoolsaccessories_swing.png?raw=true,Image already existed,,,,,,,,,,,,,,,520a578a855e97ac1f8d8a16061ace8d4584667b8c3e5d47289574ca464673e9,bb5fc9a506dd35e945038dc760ad6558d617f7c3f50640482c8cc0be129545e5
simple,Swing Wallpaper Pre-Coat Universal Primer Sealer,231,SW-000000232,,"Swing Wallpaper Pre-Coat Universal Primer Sealer is a primer designed to improve adhesion, create a uniform surface, and support better topcoat performance. Check the current manufacturer label or technical data sheet before use. Confirm the exact item and package before ordering. Follow the current manufacturer instructions for the intended job.",Previously Described,Paints > Primers,"wallcovering primer, primer sealer, wall preparation coating, interior primer, primer, surface preparation coating, basecoat",Swing,MUM01,https://raw.githubusercontent.com/kinggoff/NewSteelesImages/main/review-images/legacy-sw-000000232-swingwallpaperprecoatuniversalprimersealer_primer_swing.png?raw=true,Image already existed,,,,,,,,,,,,,,,dd3fe13cbc878d1d5c0771873be798e3010b0ffe04fb20a07f1a04075be00373,37aa11546bd433dec0cc35aee2ab782da9183ac082b975883157e7b750faeb0d
simple,Swing Prime+ Universal Primer Sealer,232,SW-000000233,,"Swing Prime+ Universal Primer Sealer is a primer designed to improve adhesion, create a uniform surface, and support better topcoat performance. Check the current manufacturer label or technical data sheet before use. Confirm the exact item and package before ordering. Follow the current manufacturer instructions for the intended job.",Previously Described,Paints > Primers,"primer, primer sealer, surface preparation coating, basecoat",Swing,MUM01,https://raw.githubusercontent.com/kinggoff/NewSteelesImages/main/review-images/legacy-sw-000000233-swingprimeuniversalprimersealer_primer_swing.png?raw=true,Image already existed,,,,,,,,,,,,,,,492eab6d232b1766c1f983c9dc52e7a2d7d2afdd514f03bd6cadda3c8a1f8f52,f018dbe0b02c62388be5c779581f254ea2e4e17ad726ceccf025c58797650192
simple,Circa 1850 Heavy Body Paint & Varnish Remover,233,CI-000000234,,"Circa 1850 Heavy Body Paint & Varnish Remover is a protective varnish designed to provide durable protection and a long-lasting finish for wood surfaces. Its role is to leave the surface ready for the next repair or coating step without assuming compatibility with every material. Test first, then follow the label for dilution, dwell time, rinsing, ventilation and protective equipment.",Previously Described,Painting Tools & Accessories > Cleaners & Removers,"coating remover, paint remover, finish stripper, surface preparation chemical",Circa 1850,YHD01,https://raw.githubusercontent.com/kinggoff/NewSteelesImages/main/review-images/legacy-ci-000000234-circa1850heavybodypaintvarnishremover_painttoolsaccessories_circa1850.png?raw=true,Image already existed,,,,,,,,,,,,,,,45a3dc4024ecee1a128db4d4c84c22cdb8bae3c35f20f7a31ee344ccbe796302,29aab5bc07f8414b420572aa95faa6c8878f7406020e704af690c3a9ac5638c1
simple,Circa 1850 Furniture Stripper,234,CI-000000235,,"Circa 1850 Furniture Stripper is designed to provide professional-quality performance, durability, and reliable results for painting, finishing, surface preparation, or coating applications. Check the current manufacturer label or technical data sheet before use. Confirm the exact item and package before ordering.",Previously Described,Painting Tools & Accessories > Cleaners & Removers,"coating remover, paint remover, finish stripper, surface preparation chemical",Circa 1850,YHD01,https://raw.githubusercontent.com/kinggoff/NewSteelesImages/main/review-images/legacy-ci-000000235-circa1850furniturestripper_painttoolsaccessories_circa1850.png?raw=true,Image already existed,,,,,,,,,,,,,,,a2bd0ad0d4b583c2444da82409c8a15fedec83762ea09464687c4cbd38b52084,352bb93ff12464111c8f10f985ed5f2f01d248a8b4ad52fb85ce9fd05fa9d812
simple,Zeraus ZeraBrite CL-121 Polyaspartic Coating,235,ZE-000000236,,"Zeraus ZeraBrite CL-121 Polyaspartic Coating is designed to provide professional-quality performance, durability, and reliable results for painting, finishing, surface preparation, or coating applications. Confirm preparation, compatibility, application, coverage and recoat requirements in the current label or technical data sheet.",Previously Described,Commercial & Industrial > Epoxy,"polyaspartic coating, clear floor coating, two-component coating, protective coating",Zeraus,ZPI01,https://raw.githubusercontent.com/kinggoff/NewSteelesImages/main/review-images/legacy-ze-000000236-zerabritecl121polyasparticcoating_commercialpaint_zeraus.png?raw=true,Image already existed,,,,,,,,,ZeraBrite CL-121 Parts A and B=https://raw.githubusercontent.com/kinggoff/NewSteelesImages/main/PDFs/SDS/zeraus-ZeraBrite_SD.pdf?raw=true,ZeraBrite CL-121=https://raw.githubusercontent.com/kinggoff/NewSteelesImages/main/PDFs/TDS/zeraus-ZeraBrite_CL-121_tds.pdf?raw=true,ZeraBrite CL-121 Parts A and B=https://raw.githubusercontent.com/kinggoff/NewSteelesImages/main/PDFs/SDS/zeraus-ZeraBrite_SD.pdf?raw=true,,ZeraBrite CL-121=https://raw.githubusercontent.com/kinggoff/NewSteelesImages/main/PDFs/TDS/zeraus-ZeraBrite_CL-121_tds.pdf?raw=true,,3e94d9e9eba0f60aa5ecc83aff7de5ef0ceaf85cc4ab0147c05b6d0212827587,c97e7cb5ae4a01c4e46e1d644e0fa3cfa855842724518a0a862ca55ce21b9f90
simple,Zeraus ZeraBond Type 3 Epoxy Adhesive Gel,236,ZE-000000237,,"Zeraus ZeraBond Type 3 Epoxy Adhesive Gel is an epoxy coating designed to provide exceptional durability, abrasion resistance, and long-term surface protection. Check the current manufacturer label or technical data sheet before use. Confirm the exact item and package before ordering. Follow the current manufacturer instructions for the intended job.",Previously Described,Commercial & Industrial > Epoxy,"epoxy adhesive, epoxy gel, two-part epoxy, structural adhesive",Zeraus,ZPI01,https://raw.githubusercontent.com/kinggoff/NewSteelesImages/main/review-images/legacy-ze-000000237-zerabondtype3epoxyadhesivegel_commercialpaint_zeraus.png?raw=true,Image already existed,,,,,,,,,,,,,,,23aabdfa849e927659fe3d95fdd5eee73b10c7a9d14ab168820a070fcfc5e557,d66ef22bfa364562d3e63fe96f0d74cecd8c62440ed1230da74dd8eb7905c771
simple,Zeraus ZeraKlear SC Clear Epoxy Coating,237,ZE-000000238,,"Zeraus ZeraKlear SC Clear Epoxy Coating is an epoxy coating designed to provide exceptional durability, abrasion resistance, and long-term surface protection. The final appearance and service performance depend on the substrate, preparation, film build and complete coating system. Follow the label for component mixing, pot life, film thickness, application conditions and full cure before service.",Previously Described,Commercial & Industrial > Epoxy,"clear epoxy coating, epoxy floor coating, two-part epoxy, protective coating",Zeraus,ZPI01,https://raw.githubusercontent.com/kinggoff/NewSteelesImages/main/review-images/legacy-ze-000000238-zeraklearscclearepoxycoating_commercialpaint_zeraus.png?raw=true,Image already existed,,,,,,,,,,,,,,,d9daf1a929c3bbce082e9854eb9ea53a0d245969c07f1129ff1d6fd3ac4ff451,c8dac7e904b2ad4a714e7f37397524a0177fd1f42128e0679da4abddeb2c06e7
simple,Zeraus ZeraDur 100 Epoxy Floor Coating,238,ZE-000000239,,"Zeraus ZeraDur 100 Epoxy Floor Coating is an epoxy coating designed to provide exceptional durability, abrasion resistance, and long-term surface protection. The final appearance and service performance depend on the substrate, preparation, film build and complete coating system. Follow the label for component mixing, pot life, film thickness, application conditions and full cure before service.",Previously Described,Commercial & Industrial > Epoxy,"epoxy floor coating, 100% solids epoxy, two-part epoxy, industrial floor coating",Zeraus,ZPI01,https://raw.githubusercontent.com/kinggoff/NewSteelesImages/main/review-images/legacy-ze-000000239-zeradur100epoxyfloorcoating_commercialpaint_zeraus.png?raw=true,Image already existed,,,,,,,,,ZeraDur 100 Parts A and B=https://raw.githubusercontent.com/kinggoff/NewSteelesImages/main/PDFs/SDS/zeraus-ZeraDur-100_SD.pdf?raw=true,ZeraDur 100=https://raw.githubusercontent.com/kinggoff/NewSteelesImages/main/PDFs/TDS/zeraus-ZeraDur-100_TDS.pdf?raw=true,ZeraDur 100 Parts A and B=https://raw.githubusercontent.com/kinggoff/NewSteelesImages/main/PDFs/SDS/zeraus-ZeraDur-100_SD.pdf?raw=true,,ZeraDur 100=https://raw.githubusercontent.com/kinggoff/NewSteelesImages/main/PDFs/TDS/zeraus-ZeraDur-100_TDS.pdf?raw=true,,045f0a186bf6a024c8b8dcfe862b306e5177c68ff0ececbbf3b22f789700d515,539a17dfced858c4cc6f17863086f7693ae3bd902dca0af667eb1e85123f245a
simple,3M Super77 Spray Adhesive,239,3M-000000240,,"3M Super77 Spray Adhesive is a multipurpose aerosol adhesive for bonding lightweight materials such as paper, fabric, foam, cardboard, plastic, metal and wood. Apply to clean, compatible surfaces and follow the label for spray distance, open time, bonding, ventilation and cure. Confirm the exact item and package before ordering.",,Painting Tools & Accessories > Tools,"spray adhesive, aerosol adhesive, contact adhesive, multi-purpose glue",3M,3MC01,https://raw.githubusercontent.com/kinggoff/NewSteelesImages/main/review-images/3M-000000240-3m-super77-spray-adhesive.png?raw=true,Image Added,,,,,,,,,,,,,,,1177d1512b3f7510dd6783a19df1dcc474e34f42f7de4f63955a3bb767249c3f,40835e82a1f26bf496ca1b28814747109c39520d502b91ae651c198c27dccaea
simple,3M Multi-Gas/Vapour Cartridge 6006,240,3M-000000241,,"3M Multi-Gas/Vapour Cartridge 6006 is a replacement gas-and-vapour cartridge for compatible 3M reusable respirators, intended for hazards covered by the selected cartridge and an approved respiratory-protection program. Confirm fit, compatibility and required protection before use, and follow the current safety instructions for the actual workplace hazard.",,Painting Tools & Accessories > Clothing & Safety,"multi-gas cartridge, vapour cartridge, respirator cartridge, respiratory protection accessory",3M,3MC01,https://raw.githubusercontent.com/kinggoff/NewSteelesImages/main/review-images/01-3m-000000241-3m-multi-gas-vapour-cartridge-6006.png?raw=true,Image Added,,,,,,,,,,,,,,,89764c0e21c3e43982754120b9bbf9ed18f1fa9d28a3342eaaba9c320f3a6300,4f3fc7f89117355f18bef584928640eeecee41c99ddfd170c122be793f23e7cc
simple,3M Scotch-Brite General Purpose Hand Pad 7447,241,3M-000000242,,"3M Scotch-Brite General Purpose Hand Pad 7447 is a hand or machine surface-preparation abrasive for scuffing, cleaning, smoothing or finishing compatible materials. Review the listed format and current manufacturer instructions to confirm compatibility, safe use, cleaning and storage for the intended job.",,Painting Tools & Accessories > Paint Prep & Repairs,"abrasive hand pad, nonwoven abrasive, surface preparation pad, scuffing pad",3M,3MC01,https://raw.githubusercontent.com/kinggoff/NewSteelesImages/main/review-images/3M-000000242-3m-scotch-brite-general-purpose-hand-pad-7447.png?raw=true,Image Added,,,,,Variants,Single Pad | 20PK,1,1,,,,,,,9379f11c8910514aa21216435f06405bee571358759ae22c8b2490434cddb075,e63a226a4aa02fa8abefda92fe844dc793dec060a07a61ffee71b49743831564
simple,3M Replacement Lens Covers,242,3M-000000243,,"3M Replacement Lens Covers is a replaceable protective cover intended to help shield the lens of a compatible full-face respirator from overspray, dust and jobsite wear. Apply to a clean, sound surface and follow the label for mixing, layer depth, drying or cure, sanding and topcoating. Confirm the exact item and package before ordering.",,Painting Tools & Accessories > Clothing & Safety,"respirator lens cover, protective lens film, respirator accessory, face shield accessory",3M,3MC01,https://raw.githubusercontent.com/kinggoff/NewSteelesImages/main/review-images/3M-000000243-3m-replacement-lens-covers-v2.png?raw=true,Image Added,,,,,,,,,,,,,,,47682d85a4d689162fed60d4e8c69b9025a152c7b213001cc1346f3d035d2af3,60d7c3baab01f6bdab9b00579ecf28746e900cc82966c0f134ea7a8bf79736a3
simple,3M New Safe Release Blue 3M Canad,243,3M-000000244,,"3M New Safe Release Blue 3M Canad is a masking or project tape for defining paint lines, securing protection or joining compatible materials during preparation and finishing work. Review the listed format and current manufacturer instructions to confirm compatibility, safe use, cleaning and storage for the intended job.",,Painting Tools & Accessories > Paint Prep & Repairs,"masking tape, painter's tape, clean-release tape, painting accessory",3M,3MC01,https://raw.githubusercontent.com/kinggoff/NewSteelesImages/main/review-images/3M-000000244-3m-new-safe-release-blue-3m-canad.png?raw=true,Images for Review,,,,,,,,,,,,,,,9f3b2adec8487f60db9219c7036ed337d4f6284d04641048cff10c8d394303c8,a2268bfbe86bf157e74ab9143a27d28f540d5529f920edc038bf66fb55204c13
simple,3M Performance Green Masking Tape,244,3M-000000245,,"3M Performance Green Masking Tape is a masking or project tape for defining paint lines, securing protection or joining compatible materials during preparation and finishing work. Review the listed format and current manufacturer instructions to confirm compatibility, safe use, cleaning and storage for the intended job.",,Painting Tools & Accessories > Paint Prep & Repairs,"masking tape, painter's tape, pressure-sensitive tape, painting accessory",3M,3MC01,https://raw.githubusercontent.com/kinggoff/NewSteelesImages/main/review-images/02-3m-000000245-3m-performance-green-masking-tape.png?raw=true,Image Added,,,,,Variants,"1"" 6 PACK | 1 1/2""",1,1,,,,,,,ba97bfc6de1324aae076f2635060c503e8a0b23e5f857bf076fffbc2f017430a,a9bd09368e3b97c9116d77888f6ecc12a3679d62a6c0bd517df2d447e783b38f
simple,3M Filter P100,245,3M-000000246,,"3M Filter P100 is a particulate filter for compatible 3M reusable respirator systems; selection depends on the airborne hazard, facepiece and approved workplace protection plan. Confirm fit, compatibility and required protection before use, and follow the current safety instructions for the actual workplace hazard.",,Painting Tools & Accessories > Clothing & Safety,"p100 filter, particulate filter, respirator filter, respiratory protection accessory",3M,3MC01,https://raw.githubusercontent.com/kinggoff/NewSteelesImages/main/review-images/3M-000000246-3m-filter-p100-v2.png?raw=true,Images for Review,,,,,,,,,,,,,,,31e5e5ec8840e46462be842ad5bacff5a160e6ab9e08508462749712337d3feb,5f56f94eb4bbbcdfa2d0ac6d994465afdba9bc77941d6c8e6d209e619717b6f3
simple,3M Blue Long Mask,246,3M-000000247,,"3M Blue Long Mask is a blue painter's masking tape for protecting compatible painted trim, woodwork, glass and metal while defining coating lines. Review the listed format and current manufacturer instructions to confirm compatibility, safe use, cleaning and storage for the intended job. Confirm the exact item and package before ordering.",,Painting Tools & Accessories > Clothing & Safety,"masking tape, painter's tape, blue masking tape, painting accessory",3M,3MC01,https://raw.githubusercontent.com/kinggoff/NewSteelesImages/main/review-images/3M-000000247-3m-blue-long-mask-v2.png?raw=true,Images for Review,,,,,,,,,,,,,,,d55a1f67759749f259eb2ca64fa30227940d48bc67c359c9519ccf3c608b9eb6,7a55af1ede8c58ae898ff5f6a67e68c34fe6c1ca1b33cf2f00892b0cda10d505
simple,"3M Hand-Masker 12"" Film Blade",247,3M-000000248,,"3M Hand-Masker 12"" Film Blade is a replacement cutting or scraping blade for the compatible hand tool named in the product; blade style and size should match the holder and task. Match it to the surface, work progressively, and use suitable eye, hand and respiratory protection for the material being removed.",,Painting Tools & Accessories > Paint Prep & Repairs,"masking film blade, dispenser blade, masking tool accessory, replacement blade",3M,3MC01,https://raw.githubusercontent.com/kinggoff/NewSteelesImages/main/review-images/3M-000000248-3m-hand-masker-12-film-blade.png?raw=true,Image Added,,,,,,,,,,,,,,,ad0d379607389c7f4cfbf59f9f548ad84778d5a4422403f2c24bd78bbc8bfbe6,5d1a5f83223f1cb6bd808fed99f584faa7d5e5148d17cb64fbc1e64b888d3f72
simple,3M Cutoff Blade,248,3M-000000249,,"3M Cutoff Blade is a replacement cutting or scraping blade for the compatible hand tool named in the product; blade style and size should match the holder and task. Match it to the surface, work progressively, and use suitable eye, hand and respiratory protection for the material being removed. Confirm the exact item and package before ordering.",,Painting Tools & Accessories > Paint Prep & Repairs,"replacement blade, scraper blade, cutting accessory, hand tool accessory",3M,3MC01,https://raw.githubusercontent.com/kinggoff/NewSteelesImages/main/review-images/3M-000000249-3m-cutoff-blade.png?raw=true,Images for Review,,,,,,,,,,,,,,,53f3c2a0aa4b3a441a0d42fe25fbb18754cb5b98d3e4e0715fde10c7f65b8b4d,85685aba62cb446b1deeaac4580399fd4fa5f1d33f78155608de0cbd6d9ec440
simple,W-10 Wood Scraper,249,RIC-000000250,,"W-10 Wood Scraper from Richard is a hand scraper for removing loose paint, adhesive residue, coatings or surface buildup during preparation and cleanup. Match it to the surface, work progressively, and use suitable eye, hand and respiratory protection for the material being removed. Confirm the exact item and package before ordering.",,Painting Tools & Accessories > Tools,"scraper, surface preparation tool, hand tool, painting tool",Richard,ARICHAR,https://raw.githubusercontent.com/kinggoff/NewSteelesImages/main/review-images/RIC-000000250-w-10-wood-scraper.png?raw=true,Image Added,,,,,,,,,,,,,,,6f8e9cea8751f124c2a9acb3dbb6674dcd5e409cef587715adeab060456a510b,3225cca9eca4a3c6b763725f0cd101d152115e7311794389c857b43af2cfa25d
simple,W 1 3/4 Blade,250,RIC-000000251,,"W 1 3/4 Blade from Richard is a replacement cutting or scraping blade for the compatible hand tool named in the product; blade style and size should match the holder and task. Match it to the surface, work progressively, and use suitable eye, hand and respiratory protection for the material being removed.",,Painting Tools & Accessories > Tools,"replacement blade, scraper blade, cutting accessory, hand tool accessory",Richard,ARICHAR,https://raw.githubusercontent.com/kinggoff/NewSteelesImages/main/review-images/RIC-000000251-w-1-3-4-blade.png?raw=true,Images for Review,,,,,,,,,,,,,,,542df8c336d28370ed737cae2cc76fa88d8480f0c54094233517ccb6e833cef0,2cd9ccc72ab3da4c9112ec6885cffb54f395f03462c5b35a4e43d07f7292b08c
simple,U-S-10 Richard Lever Bar,251,RIC-000000252,,"U-S-10 Richard Lever Bar from Richard is a compact hand lever for prying, lifting and removing trim or other jobsite materials during preparation and repair. Match it to the surface, work progressively, and use suitable eye, hand and respiratory protection for the material being removed. Confirm the exact item and package before ordering.",,Painting Tools & Accessories > Tools,"pry bar, lever tool, hand tool, surface preparation tool",Richard,ARICHAR,https://raw.githubusercontent.com/kinggoff/NewSteelesImages/main/review-images/RIC-000000252-u-s-10-richard-lever-bar.png?raw=true,Image Added,,,,,,,,,,,,,,,edfa27d929b2e6a6807cd9cc43ab1e166ac18b828df406a77cf828788a98c70e,3e90456f9865c93486f39d6e2a1d640991270ed4469dd8aed22ccbdda368870d
simple,Sp2 Sash Painter,252,RIC-000000253,,"Sp2 Sash Painter from Richard is a purpose-shaped brush for controlled application of compatible paint, stain or decorative coating; its filament style and profile suit the task named in the product. Review the listed format and current manufacturer instructions to confirm compatibility, safe use, cleaning and storage for the intended job.",,Painting Tools & Accessories > Tools,"angled paint brush, sash brush, paint applicator, painting tool",Richard,ARICHAR,https://raw.githubusercontent.com/kinggoff/NewSteelesImages/main/review-images/RIC-000000253-sp2-sash-painter.png?raw=true,Images for Review,,,,,,,,,,,,,,,51c41844fbf3364afdac821c8d80c2e1a51cee305d6099f961cfb931c7b45755,31f0e28563d784b4b193a41536d830797fd1cecc47c5c629efa49a26305e9749
simple,Sp1 Sash Painter,253,RIC-000000254,,"Sp1 Sash Painter from Richard is a purpose-shaped brush for controlled application of compatible paint, stain or decorative coating; its filament style and profile suit the task named in the product. Review the listed format and current manufacturer instructions to confirm compatibility, safe use, cleaning and storage for the intended job.",,Painting Tools & Accessories > Tools,"angled paint brush, sash brush, paint applicator, painting tool",Richard,ARICHAR,https://raw.githubusercontent.com/kinggoff/NewSteelesImages/main/review-images/RIC-000000254-sp1-sash-painter.png?raw=true,Image Added,,,,,,,,,,,,,,,da48e1284225af34e057e8a1e445381293955ba5ec504b6cebcb5f804b6def31,e0ea8b6e40fec1ea7e6ed4f5dd416eb1e5f176fc8f23b9d7913c37cf6e4cb274
simple,Rubber Sanding Block,254,RIC-000000255,,"Rubber Sanding Block from Richard is a manual sanding holder or replacement pad for keeping abrasive material supported while smoothing walls, wood or repaired surfaces. Match it to the surface, work progressively, and use suitable eye, hand and respiratory protection for the material being removed.",,Painting Tools & Accessories > Tools,"sanding block, hand sander, surface preparation tool, abrasive tool",Richard,ARICHAR,https://raw.githubusercontent.com/kinggoff/NewSteelesImages/main/review-images/RIC-000000255-rubber-sanding-block.png?raw=true,Image Added,,,,,,,,,,,,,,,b79544a590e5ada87d5a63cf2b5d4201131f30a4b9fec79e4324d45a7f07121d,be9bd1f1bd9d77cd8cb298c476ecbb32b27e008a95295ab122284f802896c407
simple,Richard Wallpaper Smoother,255,RIC-000000256,,"Richard Wallpaper Smoother is a hand-finishing tool for applying, shaping or smoothing patching compound, joint compound, filler or wallcovering material. Review the listed format and current manufacturer instructions to confirm compatibility, safe use, cleaning and storage for the intended job. Confirm the exact item and package before ordering.",,Painting Tools & Accessories > Tools,"wallpaper smoother, wallcovering tool, smoothing tool, installation tool",Richard,ARICHAR,https://raw.githubusercontent.com/kinggoff/NewSteelesImages/main/review-images/RIC-000000256-richard-wallpaper-smoother-605.png?raw=true,Images for Review,,,,,,,,,,,,,,,b0e0ad78e93e58a11e6cfc67374fbe07272459e1ff460b4c95ec9abb086b7f46,85ccaa263b29fae6615c89c9b2deba11e4bd9b0138ddc47200c298cd6267a356
simple,Richard Utility Blades U-1-B,256,RIC-000000257,,"Richard Utility Blades U-1-B is a replacement cutting or scraping blade for the compatible hand tool named in the product; blade style and size should match the holder and task. Match it to the surface, work progressively, and use suitable eye, hand and respiratory protection for the material being removed.",,Painting Tools & Accessories > Tools,"utility knife blade, replacement blade, cutting accessory, hand tool accessory",Richard,ARICHAR,https://raw.githubusercontent.com/kinggoff/NewSteelesImages/main/review-images/RIC-000000257-richard-utility-blades-u-1-b.png?raw=true,Image Added,,,,,,,,,,,,,,,08e6e605da858e03b8ed2be16965b19186b4d692cbfe25df3cf79613566bb650,52a011128984fdd74ee830191b804245f2f4c6c9ac12623dcacad6303bcaa59d
simple,Richard Stir Whip Mixer,257,RIC-000000258,,"Richard Stir Whip Mixer is a mixing accessory for blending compatible paint, compound or sealant to a more uniform consistency before application. Match it to the surface, work progressively, and use suitable eye, hand and respiratory protection for the material being removed. Confirm the exact item and package before ordering.",,Painting Tools & Accessories > Tools,"paint mixer, drill mixing attachment, coating mixing tool, painting tool",Richard,ARICHAR,https://raw.githubusercontent.com/kinggoff/NewSteelesImages/main/review-images/RIC-000000258-richard-18-stirwhip-mixer.png?raw=true,Image Added,,,,,,,,,,,,,,,f5b2461d7ec8f0204e39aa7e8ae6da0aa99fb8918142bd80e37ee2ce54a44c71,8dcef9b32264331110bb70e22087177638def33988c14642be0e712a5d41cfb9
simple,Richard H.D. Plastic Tray Liner,258,RIC-000000259,,"Richard H.D. Plastic Tray Liner is a disposable liner sized for the matching paint tray, helping contain coating and reduce tray cleanup between colours or products. Choose the listed size for the surface and coating, then clean or dispose of the applicator according to current product guidance. Confirm the exact item and package before ordering.",,Painting Tools & Accessories > Tools,"paint tray, paint container, painting accessory, paint tray liner",Richard,ARICHAR,https://raw.githubusercontent.com/kinggoff/NewSteelesImages/main/review-images/RIC-000000259-richard-hd-plastic-tray-liner-92068.png?raw=true,Image Added,,,,,,,,,,,,,,,d3a3dd6c85a4ce5f1405ce5d70b13add9ef8f6a9b581371da512d93919a62474,f861d83b179d696299a175314740c03813c403e2c07701189f3bf705fc95f1ad
simple,Richard H.D. Jumbo Plastic Tray,259,RIC-000000260,,"Richard H.D. Jumbo Plastic Tray is a paint tray or tray set for loading rollers and holding a practical working quantity of coating during application. Choose the listed size for the surface and coating, then clean or dispose of the applicator according to current product guidance. Confirm the exact item and package before ordering.",,Painting Tools & Accessories > Tools,"paint tray, paint container, painting accessory, paint roller tray",Richard,ARICHAR,https://raw.githubusercontent.com/kinggoff/NewSteelesImages/main/review-images/RIC-000000260-richard-hd-jumbo-plastic-tray.png?raw=true,Image Added,,,,,,,,,,,,,,,8c42665d487b53315a916c6def3918828d6986bea82af6905bb70f2db711d3b1,c4f298c259b6aa780e6570fcc4137c37078767ad23193bf29409f0fd0b8b7730
simple,"Richard Fat Boy 2 1/2"" Oval Angle Brush",260,RIC-000000261,,"Richard Fat Boy 2 1/2"" Oval Angle Brush is a purpose-shaped brush for controlled application of compatible paint, stain or decorative coating; its filament style and profile suit the task named in the product. Choose the listed size for the surface and coating, then clean or dispose of the applicator according to current product guidance.",,Painting Tools & Accessories > Tools,"angled paint brush, sash brush, paint applicator, painting tool",Richard,ARICHAR,https://raw.githubusercontent.com/kinggoff/NewSteelesImages/main/review-images/RIC-000000261-richard-fat-boy-2-5-oval-angle-brush.png?raw=true,Image Added,,,,,,,,,,,,,,,87088e759abe1bf738b127db74329dddefbd3066c693d1c7a72993f0d4f87420,1dcc1f5b3caf9dbbe69193939280aac2e5a695143b116cdd8320d654a66b0003
simple,Richard Ergo-Grip Hand Sander Rub-18350,261,RIC-000000262,,"Richard Ergo-Grip Hand Sander Rub-18350 is a manual sanding holder or replacement pad for keeping abrasive material supported while smoothing walls, wood or repaired surfaces. Match it to the surface, work progressively, and use suitable eye, hand and respiratory protection for the material being removed.",,Painting Tools & Accessories > Tools,"hand sander, surface preparation tool, abrasive tool, painting tool",Richard,ARICHAR,https://raw.githubusercontent.com/kinggoff/NewSteelesImages/main/review-images/RIC-000000262-richard-ergo-grip-hand-sander-rub-18350.png?raw=true,Image Added,,,,,,,,,,,,,,,5887a881e5bf71a3f76b7eb280cd041f6d8c780741e275ab652a702db6ed8905,bc16ca2e42884e33a66f0eabc1d442b60090f5448ad7e421eabef3088e7c4d7a
simple,Richard Drywall Saw Ergo-Grip,262,RIC-000000263,,"Richard Drywall Saw Ergo-Grip is a hand saw for making controlled cut-outs in drywall during repair and installation work. Selection should be based on the specific task, material, working conditions and compatible products in the complete system. Match it to the surface, work progressively, and use suitable eye, hand and respiratory protection for the material being removed.",,Painting Tools & Accessories > Tools,"drywall saw, jab saw, cutting tool, hand tool",Richard,ARICHAR,https://raw.githubusercontent.com/kinggoff/NewSteelesImages/main/review-images/RIC-000000263-richard-drywall-saw-ergo-grip-18828.png?raw=true,Image Added,,,,,,,,,,,,,,,1f18d44b7fc614aaecb28d350e3a14f216264673fbfdab1391d61ca4c724b783,ad651121f7edabbeb7d2c5af69e3e365e2a2a8e0aa644351dcd109c323d42020
simple,Richard Drywall Patch 18204,263,RIC-000000264,,"Richard Drywall Patch 18204 is a repair material for filling, patching, glazing, rebuilding or stabilizing the compatible wood, drywall, window or masonry surface indicated by the product name. Apply to a clean, sound surface and follow the label for mixing, layer depth, drying or cure, sanding and topcoating.",,Painting Tools & Accessories > Tools,"drywall patch, wall repair product, patching material, surface repair product",Richard,ARICHAR,https://raw.githubusercontent.com/kinggoff/NewSteelesImages/main/review-images/RIC-000000264-richard-drywall-patch-18204.png?raw=true,Image Added,,,,,,,,,,,,,,,4a085ce15eef1d00e0fa916415a48a0abc77ce8d2fc64bd53e4ddd82ea208155,a81122ff0adf3eef885cb4c20c86eac7d8ca96068b848806fa549e7acd3e18fd
simple,Richard Aluminum Pole Sander,264,RIC-000000265,,"Richard Aluminum Pole Sander is a manual sanding holder or replacement pad for keeping abrasive material supported while smoothing walls, wood or repaired surfaces. Choose the listed size for the surface and coating, then clean or dispose of the applicator according to current product guidance. Confirm the exact item and package before ordering.",,Painting Tools & Accessories > Tools,"pole sander, drywall sander, surface preparation tool, hand sander",Richard,ARICHAR,https://raw.githubusercontent.com/kinggoff/NewSteelesImages/main/review-images/RIC-000000265-richard-aluminum-pole-sander-18393.png?raw=true,Images for Review,,,,,,,,,,,,,,,8b6080ab573dca0a553175082d8b2eeb378964701bcf93c9dea35298ee898fde,a94f1d20d2796eaf26b54c4ac93ca738a0a21e11a9a0657253f4d874f1b4c487
simple,Richard Aluminum Round Pole Sander,265,RIC-000000266,,"Richard Aluminum Round Pole Sander is a manual sanding holder or replacement pad for keeping abrasive material supported while smoothing walls, wood or repaired surfaces. Choose the listed size for the surface and coating, then clean or dispose of the applicator according to current product guidance.",,Painting Tools & Accessories > Tools,"pole sander, drywall sander, surface preparation tool, hand sander",Richard,ARICHAR,https://raw.githubusercontent.com/kinggoff/NewSteelesImages/main/review-images/03-ric-000000266-richard-aluminum-round-pole-sander.png?raw=true,Image Added,,,,,,,,,,,,,,,86dd7cb4ba284ac9e1326882906af842de3c4b5d760e9fb2a385a4fa70573427,feb051399ff5cfc38682fff4fffed3428ba3df7167d7b05cd5a1b4d1b6fb7215
simple,Richard Ergo-Grip Taping Knife,266,RIC-000000267,,"Richard Ergo-Grip Taping Knife is a hand-finishing tool for applying, shaping or smoothing patching compound, joint compound, filler or wallcovering material. Match it to the surface, work progressively, and use suitable eye, hand and respiratory protection for the material being removed. Confirm the exact item and package before ordering.",,Painting Tools & Accessories > Tools,"drywall taping knife, drywall finishing tool, hand tool, surface repair tool",Richard,ARICHAR,https://raw.githubusercontent.com/kinggoff/NewSteelesImages/main/review-images/RIC-000000267-richard-ergo-grip-taping-knife.png?raw=true,Images for Review,,,,,,,,,,,,,,,062efec2fbdbb210622ad1e524e9efa9a9c9ade54bf89e6942170199fb901a72,93e217237ec2aac4c4a08fda39e55566bf82a208b7da66b52841ff0a808b42db
simple,Richard Heavy Duty Floor Scraper,267,RIC-000000268,,"Richard Heavy Duty Floor Scraper is a hand scraper for removing loose paint, adhesive residue, coatings or surface buildup during preparation and cleanup. Match it to the surface, work progressively, and use suitable eye, hand and respiratory protection for the material being removed. Confirm the exact item and package before ordering.",,Painting Tools & Accessories > Tools,"scraper, surface preparation tool, hand tool, painting tool",Richard,ARICHAR,https://raw.githubusercontent.com/kinggoff/NewSteelesImages/main/review-images/04-ric-000000268-richard-heavy-duty-floor-scraper.png?raw=true,Image Added,,,,,,,,,,,,,,,9a01c3df05dfa6240cacd1a83615ca3aa87f66b7303a20a38f17a508030c6ebc,cad13ffcc44184c36335b4fa131dd797cde9b7a2dd42045b4209d07811946c4f
simple,Richard Floor Scraper Blade,268,RIC-000000269,,"Richard Floor Scraper Blade is a replacement cutting or scraping blade for the compatible hand tool named in the product; blade style and size should match the holder and task. Match it to the surface, work progressively, and use suitable eye, hand and respiratory protection for the material being removed.",,Painting Tools & Accessories > Tools,"scraper, surface preparation tool, hand tool, painting tool, replacement blade, scraper blade, cutting accessory, hand tool accessory",Richard,ARICHAR,https://raw.githubusercontent.com/kinggoff/NewSteelesImages/main/review-images/RIC-000000269-richard-floor-scraper-blade-13304.png?raw=true,Images for Review,,,,,,,,,,,,,,,fb4dc5099340d5dd14cfb3a3b3164db5d5b6dfc201270d59a7924e5409f7c3b4,eb3c8f1d438db22e3f95e044cb25efe89c5ee2440a41309770ff2c5982ae0883
simple,Richard Scraper Pro Series Rub-114,269,RIC-000000270,,"Richard Scraper Pro Series Rub-114 is a hand scraper for removing loose paint, adhesive residue, coatings or surface buildup during preparation and cleanup. Match it to the surface, work progressively, and use suitable eye, hand and respiratory protection for the material being removed. Confirm the exact item and package before ordering.",,Painting Tools & Accessories > Tools,"scraper, surface preparation tool, hand tool, painting tool",Richard,ARICHAR,https://raw.githubusercontent.com/kinggoff/NewSteelesImages/main/review-images/RIC-000000270-richard-rub-114-taping-knife.png?raw=true,Image Added,,,,,,,,,,,,,,,557eae39ea9b4dab087ce490b2b57719bfee77ca921dc5e13b4739339278c8de,4f98f2c81b78e0a5fc73608271fa48ca10590eb427dbcf390ab3292794065ee8
simple,Richard Stainless Steel Putty Knife,270,RIC-000000271,,"Richard Stainless Steel Putty Knife is a hand-finishing tool for applying, shaping or smoothing patching compound, joint compound, filler or wallcovering material. Match it to the surface, work progressively, and use suitable eye, hand and respiratory protection for the material being removed. Confirm the exact item and package before ordering.",,Painting Tools & Accessories > Tools,"putty knife, filling knife, surface repair tool, hand tool",Richard,ARICHAR,https://raw.githubusercontent.com/kinggoff/NewSteelesImages/main/review-images/RIC-000000271-richard-stainless-steel-putty-knife.png?raw=true,Images for Review,,,,,,,,,,,,,,,c94be1e6a00761b1c3d7647473871bf1f20549d5ef288e6299f2319ac923fdf4,fa019405b711b8732fb25faaee7e0a786de7d89a7f752d23d8401ec6502b18a3
simple,"Richard 2 1/2"" Goose Neck Flexible Paint Brush",271,RIC-000000272,,"Richard 2 1/2"" Goose Neck Flexible Paint Brush is a purpose-shaped brush for controlled application of compatible paint, stain or decorative coating; its filament style and profile suit the task named in the product. Choose the listed size for the surface and coating, then clean or dispose of the applicator according to current product guidance.",,Painting Tools & Accessories > Tools,"angled paint brush, sash brush, paint applicator, painting tool, paint brush, bristle brush",Richard,ARICHAR,https://raw.githubusercontent.com/kinggoff/NewSteelesImages/main/review-images/RIC-000000272-richard-goose-neck-brush-80833.png?raw=true,Image Added,,,,,,,,,,,,,,,55fe66d2fecb6c059c0fcb68d9c5f38d992beb2b9a8c2b1582c7b56b986bdbac,202a224ba7e01de1232633af954ebeda3c74357b3a6c86a3fe7a6bc189197831
simple,Richard Ergo-Grip Scraper,272,RIC-000000273,,"Richard Ergo-Grip Scraper is a hand scraper for removing loose paint, adhesive residue, coatings or surface buildup during preparation and cleanup. Match it to the surface, work progressively, and use suitable eye, hand and respiratory protection for the material being removed. Confirm the exact item and package before ordering.",,Painting Tools & Accessories > Tools,"scraper, surface preparation tool, hand tool, painting tool",Richard,ARICHAR,https://raw.githubusercontent.com/kinggoff/NewSteelesImages/main/review-images/RIC-000000273-richard-ergo-grip-razor-scraper.png?raw=true,Images for Review,,,,,,,,,,,,,,,de9d97b51c78c7fb534525de2e51370fd878c9a1de09e3b185bb22e9319fddbd,2113d54197a2acb13670c461323a427c38a40f241d28d021d33a2e8ae4c6612b
simple,Richard New Plastic Pole Sander,273,RIC-000000274,,"Richard New Plastic Pole Sander is a manual sanding holder or replacement pad for keeping abrasive material supported while smoothing walls, wood or repaired surfaces. Choose the listed size for the surface and coating, then clean or dispose of the applicator according to current product guidance. Confirm the exact item and package before ordering.",,Painting Tools & Accessories > Tools,"pole sander, drywall sander, surface preparation tool, hand sander",Richard,ARICHAR,https://raw.githubusercontent.com/kinggoff/NewSteelesImages/main/review-images/RIC-000000274-richard-plastic-pole-sander-18300.png?raw=true,Image Added,,,,,,,,,,,,,,,415f2f484591107fb070c594be7946d461b6925bf2ad3e12e42539899357f99a,f5a23236bb80cb1c2a8cb7deded093a7fbaf12bc1b1d35bfa98f4d4f9b035a2d
simple,Richard Mini Wire Brush,274,RIC-000000275,,"Richard Mini Wire Brush is a paint or decorative-finish brush whose stated shape, filament and size are intended to provide control for the named application. Choose the listed size for the surface and coating, then clean or dispose of the applicator according to current product guidance. Confirm the exact item and package before ordering.",,Painting Tools & Accessories > Tools,"wire brush, surface preparation brush, rust-removal tool, hand tool",Richard,ARICHAR,https://raw.githubusercontent.com/kinggoff/NewSteelesImages/main/review-images/RIC-000000275-richard-mini-wire-brush-03281.png?raw=true,Images for Review,,,,,,,,,,,,,,,7b3e72c735a4ef22c3fccf5869ea21c7de9250b0ee7eb2701ee36b0a0c7143f6,bd18d5450fdb8594d3cd7de32228e86ff926e794b7e4c7f4766da7d7d6fb5e4f
simple,Paint Pad Sp2,275,RIC-000000276,,"Paint Pad Sp2 from Richard is a pad-style applicator for spreading compatible paint, stain or finish across flat surfaces with direct hand control. It is intended to give the applicator practical control over loading, placement and finish on the matching surface area. Choose the listed size for the surface and coating, then clean or dispose of the applicator according to current product guidance.",,Painting Tools & Accessories > Tools,"paint pad, flat paint applicator, painting tool, coating applicator",Richard,ARICHAR,https://raw.githubusercontent.com/kinggoff/NewSteelesImages/main/review-images/RIC-000000276-richard-paint-pad-sp2.png?raw=true,Image Added,,,,,,,,,,,,,,,65eec40fd0ac857b58ccbfdfd1b445d79683ca663b59d467a997c9145386795b,a754e492f27ec01a8d5262377b73771ee68636ca8a49d2820fbc028df4819ea6
simple,Window Scraper Blades,276,RIC-000000277,,"Window Scraper Blades from Richard is a replacement cutting or scraping blade for the compatible hand tool named in the product; blade style and size should match the holder and task. Match it to the surface, work progressively, and use suitable eye, hand and respiratory protection for the material being removed.",,Painting Tools & Accessories > Tools,"scraper, surface preparation tool, hand tool, painting tool, replacement blade, scraper blade, cutting accessory, hand tool accessory",Richard,ARICHAR,https://raw.githubusercontent.com/kinggoff/NewSteelesImages/main/review-images/RIC-000000277-richard-window-scraper-blades.png?raw=true,Images for Review,,,,,,,,,,,,,,,fc0d020aad9e517b5b42473bca13db131c86bac6bdd6de07f05a25d6b1190c80,cfb6f7d5f8482666ffe5a8a46baff2ecea7081c4ca060fb66fc3507837cb4693
simple,Drywall Knife Richard Rub-Rw-10-Ab,277,RIC-000000278,,"Drywall Knife Richard Rub-Rw-10-Ab from Richard is a hand-finishing tool for applying, shaping or smoothing patching compound, joint compound, filler or wallcovering material. Match it to the surface, work progressively, and use suitable eye, hand and respiratory protection for the material being removed.",,Painting Tools & Accessories > Tools,"drywall taping knife, drywall finishing tool, hand tool, surface repair tool",Richard,ARICHAR,https://raw.githubusercontent.com/kinggoff/NewSteelesImages/main/review-images/RIC-000000278-richard-rw-10-ab-drywall-knife.png?raw=true,Image Added,,,,,,,,,,,,,,,3359e60668476c6358ebad2e4e3984f4a16a78df1cc29bedf43378fd895f630d,47699018d8ef5dd1a872b631f20beea283a3331f2dd06ecb40f146210e1d9ec3
simple,Seam Buster Double Cutter Advance,278,AE-000000279,,"Seam Buster Double Cutter Advance from Advance Equipment is a wallcovering installation tool for pressing seams or making controlled double cuts during wallpaper application. Review the listed format and current manufacturer instructions to confirm compatibility, safe use, cleaning and storage for the intended job.",,Painting Tools & Accessories > Tools,"wallpaper seam cutter, double-cut tool, wallcovering tool, cutting tool",Advance Equipment,ADV01-S,https://raw.githubusercontent.com/kinggoff/NewSteelesImages/main/review-images/AE-000000279-advance-seam-buster-51101.png?raw=true,Image Added,,,,,,,,,,,,,,,ef6a111e70177b5e1a886a626f4eb4d5bb4a405fd6be4f5dba3aeadd713469b2,a3f90586989e12beab1bd23cf1e7c5ede181c6011f8f399e97d8cc77f229105a
simple,Advance Quick Truss Door Painting Stands,279,AE-000000280,,"Advance Quick Truss Door Painting Stands from Advance Equipment is a coating formulated for the interior, exterior, specialty or industrial use indicated by its product name and category. Review the listed format and current manufacturer instructions to confirm compatibility, safe use, cleaning and storage for the intended job.",,Painting Tools & Accessories > Tools,"door painting stand, work support, painting accessory, finishing stand",Advance Equipment,ADV01-S,https://raw.githubusercontent.com/kinggoff/NewSteelesImages/main/review-images/AE-000000280-advance-quicktruss-q300-door-painting-stands.png?raw=true,Image Added,,,,,,,,,,,,,,,98261c79786198514d7f92b74c295d6373a239e92f86929c02919240c5d147f6,01b8be3d91c0e9e9e80b2554f7118565a1471b75a72ff19999c5600d9a277c5e
simple,"Advance Equipment 2"" Stainless Steel Seam Roller",280,AE-000000281,,"Advance Equipment 2"" Stainless Steel Seam Roller is a wallcovering installation tool for pressing seams or making controlled double cuts during wallpaper application. Choose the listed size for the surface and coating, then clean or dispose of the applicator according to current product guidance. Confirm the exact item and package before ordering.",,Painting Tools & Accessories > Tools,"wallpaper seam roller, wallcovering tool, smoothing roller, installation tool",Advance Equipment,ADV01-S,https://raw.githubusercontent.com/kinggoff/NewSteelesImages/main/review-images/AE-000000281-advance-684-stainless-steel-seam-roller.png?raw=true,Image Added,,,,,,,,,,,,,,,975e2a92b441ba6156343c56a5ee9c4d4aec48380d56179a63531b45f75dc529,707297ba1fd331ef6e4d9b3b29f752830e2c40f3ae1bb5e935cc12fa18f48a36
simple,"Advance Equipment 2"" Plastic Oval Seam Roller",281,AE-000000282,,"Advance Equipment 2"" Plastic Oval Seam Roller is a wallcovering installation tool for pressing seams or making controlled double cuts during wallpaper application. Choose the listed size for the surface and coating, then clean or dispose of the applicator according to current product guidance. Confirm the exact item and package before ordering.",,Painting Tools & Accessories > Tools,"wallpaper seam roller, wallcovering tool, smoothing roller, installation tool",Advance Equipment,ADV01-S,https://raw.githubusercontent.com/kinggoff/NewSteelesImages/main/review-images/AE-000000282-advance-695-plastic-oval-seam-roller.png?raw=true,Image Added,,,,,,,,,,,,,,,58d0caf1cbf21d1ee0ff31f50c800e14b795f6fc7d757d3758be3fe8895a46fe,3733dae3555ee7da7260da2047ed9fb361217f5cfd230cd580eb5f79eb350d0d
simple,Advance Equipment Plastic Flat Seam Roller,282,AE-000000283,,"Advance Equipment Plastic Flat Seam Roller is a wallcovering installation tool for pressing seams or making controlled double cuts during wallpaper application. Choose the listed size for the surface and coating, then clean or dispose of the applicator according to current product guidance. Confirm the exact item and package before ordering.",,Painting Tools & Accessories > Tools,"wallpaper seam roller, wallcovering tool, smoothing roller, installation tool",Advance Equipment,ADV01-S,https://raw.githubusercontent.com/kinggoff/NewSteelesImages/main/review-images/AE-000000283-advance-694-plastic-flat-seam-roller.png?raw=true,Image Added,,,,,Variants,"1 1/2"" | 2""",1,1,,,,,,,75b1ecabd07341376717600e79edd174ef32b4bb37bbe6b6ad66d8e9e741dd5a,640d1d48440f846bed41dbb4f199837998da5cecf30943888fe80469a2c3cb3b
simple,Floor Guard 400 Sq Ft Wide,283,ANC-000000284,,"Floor Guard 400 Sq Ft Wide from Anchor is a temporary surface-protection material for covering floors, furniture or adjacent areas against dust, drips and ordinary painting debris. Lay it over a clean, dry area, secure the edges safely, and confirm that any adhesive or film suits the underlying finish.",,Painting Tools & Accessories > Paint Prep & Repairs,"floor protection, surface protection material, protective paper, painting accessory",Anchor,ANC01,https://raw.githubusercontent.com/kinggoff/NewSteelesImages/main/review-images/ANC-000000284-floor-guard-400-sq-ft.png?raw=true,Image Added,,,,,,,,,,,,,,,dfffe9ab6ba557acd1d7ce3509fa2a788fd6611738a3f4c316e2af6d1457ba15,b4e9bfbeb03c679d01dcc4529a58b6c10eb6b6041c269686e4e35b8b71b0efa5
simple,Anchored Rubber Coated Paper (86),284,ANC-000000285,,"Anchored Rubber Coated Paper (86) is a temporary surface-protection material for covering floors, furniture or adjacent areas against dust, drips and ordinary painting debris. Lay it over a clean, dry area, secure the edges safely, and confirm that any adhesive or film suits the underlying finish. Confirm the exact item and package before ordering.",,Painting Tools & Accessories > Paint Prep & Repairs,"floor protection, surface protection material, protective paper, painting accessory",Anchor,ANC01,https://raw.githubusercontent.com/kinggoff/NewSteelesImages/main/review-images/ANC-000000285-anchored-rubberized-floor-paper.png?raw=true,Images for Review,,,,,,,,,,,,,,,53ca8a627c93bbe7790906174a161463bcc76dbb1d0fde2be55adf0c158a92cf,345bbc60627637d8c368423befa01a796d2822e7445abb707a3de18916059689
simple,ANCHORED COATED PAPER 700sq ft W(77),285,ANC-000000286,,"ANCHORED COATED PAPER 700sq ft W(77) is a temporary surface-protection material for covering floors, furniture or adjacent areas against dust, drips and ordinary painting debris. Lay it over a clean, dry area, secure the edges safely, and confirm that any adhesive or film suits the underlying finish.",,Painting Tools & Accessories > Paint Prep & Repairs,"floor protection, surface protection material, protective paper, painting accessory",Anchor,ANC01,https://raw.githubusercontent.com/kinggoff/NewSteelesImages/main/review-images/ANC-000000286-anchored-coated-paper-700-sq-ft.png?raw=true,Images for Review,,,,,,,,,,,,,,,11abf52058186585fd1550a379e2ce9366012277c42371e5b63cb9f24c595bb2,f8fd655c253338e841fcededa9dd31786bccec7fd5c7415cbc05c4f0c5a21ddb
simple,Wonder Wipes 100,286,ATR-000000287,,"Wonder Wipes 100 from Atrium is a wiping material for removing dust, grime or light jobsite residue during surface preparation and cleanup. Review the listed format and current manufacturer instructions to confirm compatibility, safe use, cleaning and storage for the intended job. Confirm the exact item and package before ordering.",,Painting Tools & Accessories > Paint Prep & Repairs,"cleaning wipes, multi-purpose wipes, surface cleaning product, pre-moistened wipes",Atrium,ATRIUM,https://raw.githubusercontent.com/kinggoff/NewSteelesImages/main/review-images/ATR-000000287-everbuild-wonder-wipes-100.png?raw=true,Image Added,,,,,,,,,,,,,,,45ca1e30e7c1053f1048a1c918021cd7672c5a227dcd32012544b667504f2fd0,8efc94d86a48c0cd09dc340b7dcbff90aa307ae5491e62b3bcde4448c7736768
simple,Mitre Bond Adhesive,287,ATR-000000288,,"Mitre Bond Adhesive from Atrium is an adhesive or repair compound for joining compatible materials; bond strength depends on surface preparation, fit, cure and the specific substrates involved. Prepare both surfaces and follow the label for mixing where required, open or working time, assembly, clamping and cure.",,Painting Tools & Accessories > Paint Prep & Repairs,"instant adhesive, cyanoacrylate adhesive, two-part adhesive system, woodworking adhesive",Atrium,ATRIUM,https://raw.githubusercontent.com/kinggoff/NewSteelesImages/main/review-images/ATR-000000288-everbuild-mitre-fast-bonding-kit.png?raw=true,Images for Review,,,,,,,,,,,,,,,3972e493baa18e8963c5fe6021a0448286b5ba77b3c4e38e3b57a69b2213d309,5211689e3f2e3be7edeb5656d67ebab91abf98568311aacbe980f1142b31b126
simple,Mammoth Double Sided Tape 2.5 Meters,288,ATR-000000289,,"Mammoth Double Sided Tape 2.5 Meters from Atrium is a masking or project tape for defining paint lines, securing protection or joining compatible materials during preparation and finishing work. Review the listed format and current manufacturer instructions to confirm compatibility, safe use, cleaning and storage for the intended job.",,Painting Tools & Accessories > Paint Prep & Repairs,"double-sided tape, mounting tape, pressure-sensitive adhesive, repair tape",Atrium,ATRIUM,https://raw.githubusercontent.com/kinggoff/NewSteelesImages/main/review-images/ATR-000000289-everbuild-mammoth-double-sided-tape-25mm-x-2-5m.png?raw=true,Images for Review,,,,,,,,,,,,,,,7d11ac23fcfef748ede09e56ee55c84db50545c4a8dea16602927c1a5d81dc55,a294abe53b7b99db0d4a157b48aae25fd600f1a01a95138a691211e3e4e5ea09
simple,Insl-X Fire Retardant Latex - Flat White,289,I-000000290,,"Insl-X Fire Retardant Latex - Flat White is a coating formulated for the interior, exterior, specialty or industrial use indicated by its product name and category. Confirm preparation, compatibility, application, coverage and recoat requirements in the current label or technical data sheet. Confirm the exact item and package before ordering.",,Paints > Interior,"fire-retardant paint, protective coating, interior coating, architectural paint",Insl-X,MOO01,https://raw.githubusercontent.com/kinggoff/NewSteelesImages/main/review-images/I-000000290-insl-x-fire-retardant-flat-white.png?raw=true,Image Added,,,,,,,,,Flat White FR-210=https://raw.githubusercontent.com/kinggoff/NewSteelesImages/main/PDFs/SDS/insl-x-FR-2100_SDS_EN.pdf?raw=true,Flat White FR-210=https://raw.githubusercontent.com/kinggoff/NewSteelesImages/main/PDFs/TDS/insl-x-FR-210_TDS_EN.pdf?raw=true,Flat White FR-210=https://raw.githubusercontent.com/kinggoff/NewSteelesImages/main/PDFs/SDS/insl-x-FR-2100_SDS_EN.pdf?raw=true,,Flat White FR-210=https://raw.githubusercontent.com/kinggoff/NewSteelesImages/main/PDFs/TDS/insl-x-FR-210_TDS_EN.pdf?raw=true,,1754eb760ed79bf93d9466c91fd1b5184d166f928f8c657742102b9b3d88f7f8,d01c3ac11fb55d38130e35b12faafd1136a9cd06d5bb595feeb0b52279cc16ac
simple,Benjamin Moore High Performance Epoxy Floor Sealer,290,BM-000000291,,"Benjamin Moore High Performance Epoxy Floor Sealer is an epoxy coating or repair system for the compatible floor, concrete, wood or assembly application named in the product. Follow the label for component mixing, pot life, film thickness, application conditions and full cure before service. Confirm the exact item and package before ordering.",,Commercial & Industrial > Epoxy,"epoxy floor sealer, concrete sealer, industrial floor coating, two-part epoxy",Benjamin Moore,MOO01,https://raw.githubusercontent.com/kinggoff/NewSteelesImages/main/review-images/BM-000000291-benjamin-moore-hp1560-epoxy-floor-sealer.png?raw=true,Image Added,,,,,,,,,HP1560-00FR Clear Sealer=https://raw.githubusercontent.com/kinggoff/NewSteelesImages/main/PDFs/SDS/benjamin-moore-HP1560-00FR_SDS_EN.pdf?raw=true|HP1560-90FR Catalyst=https://raw.githubusercontent.com/kinggoff/NewSteelesImages/main/PDFs/SDS/benjamin-moore-HP1560-90FR_SDS_EN.pdf?raw=true,HP1560FR=https://raw.githubusercontent.com/kinggoff/NewSteelesImages/main/PDFs/TDS/benjamin-moore-HP1560_TDS_CE.pdf?raw=true,HP1560-00FR Clear Sealer=https://raw.githubusercontent.com/kinggoff/NewSteelesImages/main/PDFs/SDS/benjamin-moore-HP1560-00FR_SDS_EN.pdf?raw=true|HP1560-90FR Catalyst=https://raw.githubusercontent.com/kinggoff/NewSteelesImages/main/PDFs/SDS/benjamin-moore-HP1560-90FR_SDS_EN.pdf?raw=true,,HP1560FR=https://raw.githubusercontent.com/kinggoff/NewSteelesImages/main/PDFs/TDS/benjamin-moore-HP1560_TDS_CE.pdf?raw=true,,9cdf8c61bedb6610bc29abc7ac47dd2f05d113b865f126f5639b47d6806576ba,345af0b5d45037837d4373f90cf8c8f250c7d15e97062c12c2d241c62f69295e
simple,Benjamin Moore High Performance Alkyd Urethane,291,BM-000000292,,"Benjamin Moore High Performance Alkyd Urethane is a high-performance alkyd-urethane coating for compatible prepared commercial and industrial surfaces where a hard service finish is required. Confirm preparation, compatibility, application, coverage and recoat requirements in the current label or technical data sheet.",,Commercial & Industrial > Paints,"alkyd urethane coating, industrial enamel, protective coating, industrial paint",Benjamin Moore,MOO01,https://raw.githubusercontent.com/kinggoff/NewSteelesImages/main/review-images/BM-000000292-benjamin-moore-hp2210-alkyd-urethane.png?raw=true,Images for Review,Finishes,Gloss | Semi-Gloss,1,1,,,,,HP2210-01FR White=https://raw.githubusercontent.com/kinggoff/NewSteelesImages/main/PDFs/SDS/benjamin-moore-HP2210-01FR_SDS_EN.pdf?raw=true|HP2210-7BFR Base=https://raw.githubusercontent.com/kinggoff/NewSteelesImages/main/PDFs/SDS/benjamin-moore-HP2210-7BFR_SDS_EN.pdf?raw=true|HP2210-80FR Black=https://raw.githubusercontent.com/kinggoff/NewSteelesImages/main/PDFs/SDS/benjamin-moore-HP2210-80FR_SDS_EN.pdf?raw=true|HP2210-8BFR Base=https://raw.githubusercontent.com/kinggoff/NewSteelesImages/main/PDFs/SDS/benjamin-moore-HP2210-8BFR_SDS_EN.pdf?raw=true|HP2210-9BFR Clear Base=https://raw.githubusercontent.com/kinggoff/NewSteelesImages/main/PDFs/SDS/benjamin-moore-HP2210-9BFR_SDS_EN.pdf?raw=true,HP2210FR Semi-Gloss=https://raw.githubusercontent.com/kinggoff/NewSteelesImages/main/PDFs/TDS/benjamin-moore-HP2210_TDS_CE.pdf?raw=true,HP2210-01FR White=https://raw.githubusercontent.com/kinggoff/NewSteelesImages/main/PDFs/SDS/benjamin-moore-HP2210-01FR_SDS_EN.pdf?raw=true|HP2210-7BFR Base=https://raw.githubusercontent.com/kinggoff/NewSteelesImages/main/PDFs/SDS/benjamin-moore-HP2210-7BFR_SDS_EN.pdf?raw=true|HP2210-80FR Black=https://raw.githubusercontent.com/kinggoff/NewSteelesImages/main/PDFs/SDS/benjamin-moore-HP2210-80FR_SDS_EN.pdf?raw=true|HP2210-8BFR Base=https://raw.githubusercontent.com/kinggoff/NewSteelesImages/main/PDFs/SDS/benjamin-moore-HP2210-8BFR_SDS_EN.pdf?raw=true|HP2210-9BFR Clear Base=https://raw.githubusercontent.com/kinggoff/NewSteelesImages/main/PDFs/SDS/benjamin-moore-HP2210-9BFR_SDS_EN.pdf?raw=true,,HP2210FR Semi-Gloss=https://raw.githubusercontent.com/kinggoff/NewSteelesImages/main/PDFs/TDS/benjamin-moore-HP2210_TDS_CE.pdf?raw=true,,59d0fa56d0e8a718a212acd343007a8359bf81977ac61d338951434ef1cec494,f4a274d2ce0ad33676b31273c74faed8223c2d1304aabf0f582a996fc5535ff2
simple,Benjamin Moore High Performance Quick-Dry Alkyd Enamel,292,BM-000000293,,"Benjamin Moore High Performance Quick-Dry Alkyd Enamel is a coating formulated for the interior, exterior, specialty or industrial use indicated by its product name and category. Confirm preparation, compatibility, application, coverage and recoat requirements in the current label or technical data sheet.",,Commercial & Industrial > Paints,"alkyd enamel, industrial enamel, protective coating, industrial paint",Benjamin Moore,MOO01,https://raw.githubusercontent.com/kinggoff/NewSteelesImages/main/review-images/BM-000000293-benjamin-moore-hp2300-quick-dry-alkyd-enamel.png?raw=true,Image Added,,,,,,,,,HP2300-01FR White=https://raw.githubusercontent.com/kinggoff/NewSteelesImages/main/PDFs/SDS/benjamin-moore-HP2300-01FR_SDS_EN.pdf?raw=true,HP2300FR Gloss=https://raw.githubusercontent.com/kinggoff/NewSteelesImages/main/PDFs/TDS/benjamin-moore-HP2300_TDS_CE.pdf?raw=true,HP2300-01FR White=https://raw.githubusercontent.com/kinggoff/NewSteelesImages/main/PDFs/SDS/benjamin-moore-HP2300-01FR_SDS_EN.pdf?raw=true,,HP2300FR Gloss=https://raw.githubusercontent.com/kinggoff/NewSteelesImages/main/PDFs/TDS/benjamin-moore-HP2300_TDS_CE.pdf?raw=true,,f589657202cba009d4195cb416d892de49c7ae27864c50a1f682d33139523b39,ee35ccd1473f4317390f87f4651abc09552b41ad37020ce2b642b2f43e80736b
simple,Benjamin Moore High Performance Rapid-Dry Alkyd Enamel,293,BM-000000294,,"Benjamin Moore High Performance Rapid-Dry Alkyd Enamel is a coating formulated for the interior, exterior, specialty or industrial use indicated by its product name and category. Confirm preparation, compatibility, application, coverage and recoat requirements in the current label or technical data sheet.",,Commercial & Industrial > Paints,"alkyd enamel, industrial enamel, protective coating, industrial paint",Benjamin Moore,MOO01,https://raw.githubusercontent.com/kinggoff/NewSteelesImages/main/review-images/BM-000000294-benjamin-moore-hp2400-rapid-dry-alkyd-enamel.png?raw=true,Image Added,,,,,,,,,HP2400-7BFR=https://raw.githubusercontent.com/kinggoff/NewSteelesImages/main/PDFs/SDS/benjamin-moore-HP2400-7BFR_SDS_EN.pdf?raw=true|HP2400-10FR=https://raw.githubusercontent.com/kinggoff/NewSteelesImages/main/PDFs/SDS/benjamin-moore-HP2400-10FR_SDS_EN.pdf?raw=true|HP2400-80FR=https://raw.githubusercontent.com/kinggoff/NewSteelesImages/main/PDFs/SDS/benjamin-moore-HP2400-80FR_SDS_EN.pdf?raw=true|HP2400-9BFR=https://raw.githubusercontent.com/kinggoff/NewSteelesImages/main/PDFs/SDS/benjamin-moore-HP2400-9BFR_SDS_EN.pdf?raw=true|HP2400-8BFR=https://raw.githubusercontent.com/kinggoff/NewSteelesImages/main/PDFs/SDS/benjamin-moore-HP2400-8BFR_SDS_EN.pdf?raw=true,HP2400FR Gloss=https://raw.githubusercontent.com/kinggoff/NewSteelesImages/main/PDFs/TDS/benjamin-moore-HP2400_TDS_CE.pdf?raw=true,HP2400-7BFR=https://raw.githubusercontent.com/kinggoff/NewSteelesImages/main/PDFs/SDS/benjamin-moore-HP2400-7BFR_SDS_EN.pdf?raw=true|HP2400-10FR=https://raw.githubusercontent.com/kinggoff/NewSteelesImages/main/PDFs/SDS/benjamin-moore-HP2400-10FR_SDS_EN.pdf?raw=true|HP2400-80FR=https://raw.githubusercontent.com/kinggoff/NewSteelesImages/main/PDFs/SDS/benjamin-moore-HP2400-80FR_SDS_EN.pdf?raw=true|HP2400-9BFR=https://raw.githubusercontent.com/kinggoff/NewSteelesImages/main/PDFs/SDS/benjamin-moore-HP2400-9BFR_SDS_EN.pdf?raw=true|HP2400-8BFR=https://raw.githubusercontent.com/kinggoff/NewSteelesImages/main/PDFs/SDS/benjamin-moore-HP2400-8BFR_SDS_EN.pdf?raw=true,,HP2400FR Gloss=https://raw.githubusercontent.com/kinggoff/NewSteelesImages/main/PDFs/TDS/benjamin-moore-HP2400_TDS_CE.pdf?raw=true,,a99229203b7cb49b53f35534d0f1e21ed74415901e357bae360135bdd098edcd,f4ca0b7d560d3e7bda0ec3b1e0b3303c2bce1d8835291d4ca14b103096e1fd38
simple,Benjamin Moore High Performance Waterborne Epoxy,294,BM-000000295,,"Benjamin Moore High Performance Waterborne Epoxy is an epoxy coating or repair system for the compatible floor, concrete, wood or assembly application named in the product. Prepare both surfaces and follow the label for mixing where required, open or working time, assembly, clamping and cure. Confirm the exact item and package before ordering.",,Commercial & Industrial > Epoxy,"epoxy coating, two-part epoxy, protective coating, industrial coating",Benjamin Moore,MOO01,https://raw.githubusercontent.com/kinggoff/NewSteelesImages/main/review-images/BM-000000295-benjamin-moore-hp4400-waterborne-epoxy.png?raw=true,Images for Review,,,,,,,,,HP4400-00FR=https://raw.githubusercontent.com/kinggoff/NewSteelesImages/main/PDFs/SDS/benjamin-moore-HP4400-00FR_SDS_EN.pdf?raw=true|HP4400-7XFR=https://raw.githubusercontent.com/kinggoff/NewSteelesImages/main/PDFs/SDS/benjamin-moore-HP4400-7XFR_SDS_EN.pdf?raw=true|HP4400-8XFR=https://raw.githubusercontent.com/kinggoff/NewSteelesImages/main/PDFs/SDS/benjamin-moore-HP4400-8XFR_SDS_EN.pdf?raw=true|HP4400-9XFR=https://raw.githubusercontent.com/kinggoff/NewSteelesImages/main/PDFs/SDS/benjamin-moore-HP4400-9XFR_SDS_EN.pdf?raw=true|HP4400-70FR=https://raw.githubusercontent.com/kinggoff/NewSteelesImages/main/PDFs/SDS/benjamin-moore-HP4400-70FR_SDS_EN.pdf?raw=true|HP4400-75FR=https://raw.githubusercontent.com/kinggoff/NewSteelesImages/main/PDFs/SDS/benjamin-moore-HP4400-75FR_SDS_EN.pdf?raw=true|HP4400-90FR Catalyst=https://raw.githubusercontent.com/kinggoff/NewSteelesImages/main/PDFs/SDS/benjamin-moore-HP4400-90FR_SDS_EN.pdf?raw=true,HP4400FR Gloss=https://raw.githubusercontent.com/kinggoff/NewSteelesImages/main/PDFs/TDS/benjamin-moore-HP4400_TDS_CE.pdf?raw=true,HP4400-00FR=https://raw.githubusercontent.com/kinggoff/NewSteelesImages/main/PDFs/SDS/benjamin-moore-HP4400-00FR_SDS_EN.pdf?raw=true|HP4400-7XFR=https://raw.githubusercontent.com/kinggoff/NewSteelesImages/main/PDFs/SDS/benjamin-moore-HP4400-7XFR_SDS_EN.pdf?raw=true|HP4400-8XFR=https://raw.githubusercontent.com/kinggoff/NewSteelesImages/main/PDFs/SDS/benjamin-moore-HP4400-8XFR_SDS_EN.pdf?raw=true|HP4400-9XFR=https://raw.githubusercontent.com/kinggoff/NewSteelesImages/main/PDFs/SDS/benjamin-moore-HP4400-9XFR_SDS_EN.pdf?raw=true|HP4400-70FR=https://raw.githubusercontent.com/kinggoff/NewSteelesImages/main/PDFs/SDS/benjamin-moore-HP4400-70FR_SDS_EN.pdf?raw=true|HP4400-75FR=https://raw.githubusercontent.com/kinggoff/NewSteelesImages/main/PDFs/SDS/benjamin-moore-HP4400-75FR_SDS_EN.pdf?raw=true|HP4400-90FR Catalyst=https://raw.githubusercontent.com/kinggoff/NewSteelesImages/main/PDFs/SDS/benjamin-moore-HP4400-90FR_SDS_EN.pdf?raw=true,,HP4400FR Gloss=https://raw.githubusercontent.com/kinggoff/NewSteelesImages/main/PDFs/TDS/benjamin-moore-HP4400_TDS_CE.pdf?raw=true,,f5fc275e05d9fde0d41128eec4288528e0217ad0907d38ec121d71644a8c1205,8ace7a3802ae30098eaa461d687c9ae963949c7ffd0b7b28714dde908184165f
simple,Benjamin Moore Woodluxe Stain Remover,295,BM-000000296,,"Benjamin Moore Woodluxe Stain Remover is a surface-preparation or cleanup product for removing the residue named in the product from compatible materials before refinishing. Test first, then follow the label for dilution, dwell time, rinsing, ventilation and protective equipment. Confirm the exact item and package before ordering.",,Paints > Stains & Varnishes,"wood stain remover, exterior wood stripper, wood finish remover, surface preparation chemical",Benjamin Moore,MOO01,https://raw.githubusercontent.com/kinggoff/NewSteelesImages/main/review-images/05-bm-000000296-benjamin-moore-woodluxe-stain-remover.png?raw=true,Image Added,,,,,,,,,,,,,,,eae1480f4b25dec8930c1ddd10121c281ccd7390cab717d6fc65168e00ee3763,2f328af1f225c0f25a8fccd2b5051cb144907e651bf295f9dbd26734454b55c2
simple,Benjamin Moore Woodluxe Wood Restorer,296,BM-000000297,,"Benjamin Moore Woodluxe Wood Restorer is a wood-finishing product for colouring, conditioning or protecting the compatible interior or exterior wood surface named in the product. Confirm preparation, compatibility, application, coverage and recoat requirements in the current label or technical data sheet.",,Paints > Stains & Varnishes,"wood restorer, wood treatment, wood restoration product, surface preparation chemical",Benjamin Moore,MOO01,https://raw.githubusercontent.com/kinggoff/NewSteelesImages/main/review-images/06-bm-000000297-benjamin-moore-woodluxe-wood-restorer.png?raw=true,Image Added,,,,,,,,,,,,,,,5146ce3a27619af429d9d3a2b4b4ca5ca7d42c7507cdecfc0bb9ebf9b3afc76f,afa19486e6c868844269dcf77def1b3030524753ae6e3e549c8364267c7af47d
simple,Benjamin Moore Woodluxe Wood Brightener/Neutralizer,297,BM-000000298,,"Benjamin Moore Woodluxe Wood Brightener/Neutralizer is a wood-finishing product for colouring, conditioning or protecting the compatible interior or exterior wood surface named in the product. Confirm preparation, compatibility, application, coverage and recoat requirements in the current label or technical data sheet.",,Paints > Stains & Varnishes,"wood brightener, wood neutralizer, wood restoration product, surface preparation chemical",Benjamin Moore,MOO01,https://raw.githubusercontent.com/kinggoff/NewSteelesImages/main/review-images/07-bm-000000298-benjamin-moore-woodluxe-wood-brightener-neutralizer.png?raw=true,Image Added,,,,,,,,,,,,,,,ba7968eddde79cc6b14cc559c2827a982dfcfb69a169f17ab7d17b7b7a179177,7ede8b7fb4efa143d557f61ec1af759f1737f6a0468e961e59e242a2c2ff81d6
simple,Benjamin Moore Woodluxe Wood Cleaner,298,BM-000000299,,"Benjamin Moore Woodluxe Wood Cleaner is a surface-preparation or cleanup product for removing the residue named in the product from compatible materials before refinishing. Test first, then follow the label for dilution, dwell time, rinsing, ventilation and protective equipment. Confirm the exact item and package before ordering.",,Paints > Stains & Varnishes,"wood cleaner, wood preparation cleaner, wood restoration product, surface preparation chemical",Benjamin Moore,MOO01,https://raw.githubusercontent.com/kinggoff/NewSteelesImages/main/review-images/08-bm-000000299-benjamin-moore-woodluxe-wood-cleaner.png?raw=true,Image Added,,,,,,,,,,,,,,,1b3a291ba36a213618fd27be62f7a71161fbd200e471d6f95cd8cd7bb67bcaf6,d690ea4568beb5775055ba341a63f4070d376b32f227c14f9c8efd21ad42e457
simple,Benjamin Moore Ultra Spec Elastomeric Coating,299,BM-000000300,,"Benjamin Moore Ultra Spec Elastomeric Coating is a coating formulated for the interior, exterior, specialty or industrial use indicated by its product name and category. Confirm preparation, compatibility, application, coverage and recoat requirements in the current label or technical data sheet. Confirm the exact item and package before ordering.",,Paints > Exterior,"elastomeric coating, masonry coating, exterior wall coating, waterproof coating",Benjamin Moore,MOO01,https://raw.githubusercontent.com/kinggoff/NewSteelesImages/main/review-images/09-bm-000000300-benjamin-moore-ultra-spec-elastomeric-coating.png?raw=true,Image Added,,,,,,,,,K359-01 Flat White=https://raw.githubusercontent.com/kinggoff/NewSteelesImages/main/PDFs/SDS/benjamin-moore-K35901_SDS_EN.pdf?raw=true|K359-1X Base 1=https://raw.githubusercontent.com/kinggoff/NewSteelesImages/main/PDFs/SDS/benjamin-moore-K3591X_SDS_EN.pdf?raw=true|K359-2X Base 2=https://raw.githubusercontent.com/kinggoff/NewSteelesImages/main/PDFs/SDS/benjamin-moore-K3592X_SDS_EN.pdf?raw=true|K359-3X Base 3=https://raw.githubusercontent.com/kinggoff/NewSteelesImages/main/PDFs/SDS/benjamin-moore-K3593X_SDS_EN.pdf?raw=true|K359-4X Base 4=https://raw.githubusercontent.com/kinggoff/NewSteelesImages/main/PDFs/SDS/benjamin-moore-K3594X_SDS_EN.pdf?raw=true,K359 Flat=https://raw.githubusercontent.com/kinggoff/NewSteelesImages/main/PDFs/TDS/benjamin-moore-K359_TDS_CE.pdf?raw=true,K359-01 Flat White=https://raw.githubusercontent.com/kinggoff/NewSteelesImages/main/PDFs/SDS/benjamin-moore-K35901_SDS_EN.pdf?raw=true|K359-1X Base 1=https://raw.githubusercontent.com/kinggoff/NewSteelesImages/main/PDFs/SDS/benjamin-moore-K3591X_SDS_EN.pdf?raw=true|K359-2X Base 2=https://raw.githubusercontent.com/kinggoff/NewSteelesImages/main/PDFs/SDS/benjamin-moore-K3592X_SDS_EN.pdf?raw=true|K359-3X Base 3=https://raw.githubusercontent.com/kinggoff/NewSteelesImages/main/PDFs/SDS/benjamin-moore-K3593X_SDS_EN.pdf?raw=true|K359-4X Base 4=https://raw.githubusercontent.com/kinggoff/NewSteelesImages/main/PDFs/SDS/benjamin-moore-K3594X_SDS_EN.pdf?raw=true,,K359 Flat=https://raw.githubusercontent.com/kinggoff/NewSteelesImages/main/PDFs/TDS/benjamin-moore-K359_TDS_CE.pdf?raw=true,,6ea97f29282952d99cec87baefd2920c947dad7f9ea3278161c93b63a8a66c2d,5e95e79cc98475e3ea7bdbf2ae3e96aba1470599105dbb24fe5193f925b04759
simple,Benjamin Moore Latex Dryfall,300,BM-000000301,,"Benjamin Moore Latex Dryfall is a coating formulated for the interior, exterior, specialty or industrial use indicated by its product name and category. Confirm preparation, compatibility, application, coverage and recoat requirements in the current label or technical data sheet. Confirm the exact item and package before ordering.",,Paints > Interior,"dryfall paint, interior coating, commercial paint, spray-applied coating",Benjamin Moore,MOO01,https://raw.githubusercontent.com/kinggoff/NewSteelesImages/main/review-images/BM-000000301-benjamin-moore-latex-dry-fall-flat.png?raw=true,Images for Review,,,,,,,,,K395-01=https://raw.githubusercontent.com/kinggoff/NewSteelesImages/main/PDFs/SDS/benjamin-moore-K39501_SDS_EN.pdf?raw=true|K395-1X=https://raw.githubusercontent.com/kinggoff/NewSteelesImages/main/PDFs/SDS/benjamin-moore-K3951X_SDS_EN.pdf?raw=true|K395-2X=https://raw.githubusercontent.com/kinggoff/NewSteelesImages/main/PDFs/SDS/benjamin-moore-K3952X_SDS_EN.pdf?raw=true|K395-80=https://raw.githubusercontent.com/kinggoff/NewSteelesImages/main/PDFs/SDS/benjamin-moore-K395380_SDS_EN.pdf?raw=true|K395-4X=https://raw.githubusercontent.com/kinggoff/NewSteelesImages/main/PDFs/SDS/benjamin-moore-K3954X_SDS_EN.pdf?raw=true|K395-3X=https://raw.githubusercontent.com/kinggoff/NewSteelesImages/main/PDFs/SDS/benjamin-moore-K3953X_SDS_EN.pdf?raw=true,K395 Flat=https://raw.githubusercontent.com/kinggoff/NewSteelesImages/main/PDFs/TDS/benjamin-moore-K395_TDS_CE.pdf?raw=true,K395-01=https://raw.githubusercontent.com/kinggoff/NewSteelesImages/main/PDFs/SDS/benjamin-moore-K39501_SDS_EN.pdf?raw=true|K395-1X=https://raw.githubusercontent.com/kinggoff/NewSteelesImages/main/PDFs/SDS/benjamin-moore-K3951X_SDS_EN.pdf?raw=true|K395-2X=https://raw.githubusercontent.com/kinggoff/NewSteelesImages/main/PDFs/SDS/benjamin-moore-K3952X_SDS_EN.pdf?raw=true|K395-80=https://raw.githubusercontent.com/kinggoff/NewSteelesImages/main/PDFs/SDS/benjamin-moore-K395380_SDS_EN.pdf?raw=true|K395-4X=https://raw.githubusercontent.com/kinggoff/NewSteelesImages/main/PDFs/SDS/benjamin-moore-K3954X_SDS_EN.pdf?raw=true|K395-3X=https://raw.githubusercontent.com/kinggoff/NewSteelesImages/main/PDFs/SDS/benjamin-moore-K3953X_SDS_EN.pdf?raw=true,,K395 Flat=https://raw.githubusercontent.com/kinggoff/NewSteelesImages/main/PDFs/TDS/benjamin-moore-K395_TDS_CE.pdf?raw=true,,a4d90ba5ed0a891a9596e365c63235e5f4617920749483a2f4714bcc09f37c91,45a62b0c6cc0e4e67d1051048df5219b4d51e5af4a2623c51a9e4fd8fe1c626e
simple,Benjamin Moore Paint Extender,301,BM-000000302,,"Benjamin Moore Paint Extender is a coating formulated for the interior, exterior, specialty or industrial use indicated by its product name and category. Confirm preparation, compatibility, application, coverage and recoat requirements in the current label or technical data sheet. Confirm the exact item and package before ordering.",,Paints > Interior,"paint additive, paint conditioner, latex paint additive, flow and levelling additive",Benjamin Moore,MOO01,https://raw.githubusercontent.com/kinggoff/NewSteelesImages/main/review-images/BM-000000302-benjamin-moore-paint-extender-518.png?raw=true,Image Added,,,,,,,,,,,,,,,f20d69fc9ac572534332d3e4894676c7df22ad60ca76a5d6d3f0243209123265,47902c989aa811bbf6eabaa9fdbdf15c6e7b482aac991b68d7e2ba26b848a352
simple,Insl-X Sure Step Anti-Slip Coating - Knight Gray,302,I-000000303,,"Insl-X Sure Step Anti-Slip Coating - Knight Gray is a coating formulated for the interior, exterior, specialty or industrial use indicated by its product name and category. Confirm preparation, compatibility, application, coverage and recoat requirements in the current label or technical data sheet.",,Paints > Exterior,"floor paint, porch and patio paint, concrete floor coating, protective coating, anti-slip coating, floor coating, protective sealer, specialty coating",Insl-X,MOO01,https://raw.githubusercontent.com/kinggoff/NewSteelesImages/main/review-images/I-000000303-insl-x-sure-step-anti-slip-knight-gray.png?raw=true,Images for Review,,,,,,,,,Knight Gray NSU-1007FR=https://raw.githubusercontent.com/kinggoff/NewSteelesImages/main/PDFs/SDS/insl-x-NSU-1007FR_SDS_EN.pdf?raw=true,Sure Step NSU-10XXFR=https://raw.githubusercontent.com/kinggoff/NewSteelesImages/main/PDFs/TDS/insl-x-NSU-10XX_TDS_CAE.pdf?raw=true,Knight Gray NSU-1007FR=https://raw.githubusercontent.com/kinggoff/NewSteelesImages/main/PDFs/SDS/insl-x-NSU-1007FR_SDS_EN.pdf?raw=true,,Sure Step NSU-10XXFR=https://raw.githubusercontent.com/kinggoff/NewSteelesImages/main/PDFs/TDS/insl-x-NSU-10XX_TDS_CAE.pdf?raw=true,,87db3dc7f6225030124a8e9f9968cd0b153ba9b2244f5173c22d986369c8c09a,f0923eaffe5687f510fee3d04fee42ebeb4ddcbcd1cf093b7fcfe574e48ebf59
simple,Coronado Rust-A-Void - Semi-Gloss White,303,COR-000000304,,"Coronado Rust-A-Void - Semi-Gloss White is a coating formulated for the interior, exterior, specialty or industrial use indicated by its product name and category. Confirm preparation, compatibility, application, coverage and recoat requirements in the current label or technical data sheet. Confirm the exact item and package before ordering.",,Paints > Exterior,"exterior paint, architectural paint, weather-resistant coating, exterior coating, rust-preventive paint, metal paint, protective enamel, anti-corrosion coating",Coronado,MOO01,https://raw.githubusercontent.com/kinggoff/NewSteelesImages/main/review-images/10-cor-000000304-coronado-rust-a-void---semi-gloss-white.png?raw=true,Image Added,,,,,,,,,R13-1FR Semi-Gloss White=https://raw.githubusercontent.com/kinggoff/NewSteelesImages/main/PDFs/SDS/coronado-R13-1FR_SDS_EN.pdf?raw=true,R13 Semi-Gloss=https://raw.githubusercontent.com/kinggoff/NewSteelesImages/main/PDFs/TDS/coronado-R13_TDS_US.pdf?raw=true,R13-1FR Semi-Gloss White=https://raw.githubusercontent.com/kinggoff/NewSteelesImages/main/PDFs/SDS/coronado-R13-1FR_SDS_EN.pdf?raw=true,,R13 Semi-Gloss=https://raw.githubusercontent.com/kinggoff/NewSteelesImages/main/PDFs/TDS/coronado-R13_TDS_US.pdf?raw=true,,4596818cd29a225290a6386a8b276e159ff096d5d66620c467fad2ba552dfc89,8d2b8ca51e707103d35c9a27714319d291e0cd6c74eabf54eab30f69cbf92b08
simple,Insl-X Latex Zone Marking Paint,304,I-000000305,,"Insl-X Latex Zone Marking Paint is a marking coating for compatible pavement or traffic-control applications, with the listed colour supporting layout, safety or line-renewal work. Confirm preparation, compatibility, application, coverage and recoat requirements in the current label or technical data sheet.",,Commercial & Industrial > Traffic Paints,"traffic marking paint, line marking paint, industrial coating, pavement marking paint",Insl-X,MOO01,https://raw.githubusercontent.com/kinggoff/NewSteelesImages/main/review-images/I-000000305-insl-x-latex-traffic-marking-paint-white.png?raw=true,Images for Review,,,,,,,,,TP-2210F White=https://raw.githubusercontent.com/kinggoff/NewSteelesImages/main/PDFs/SDS/insl-x-TP-2210F_SDS_EN.pdf?raw=true,TP-22XXF Latex Traffic Paint=https://raw.githubusercontent.com/kinggoff/NewSteelesImages/main/PDFs/TDS/insl-x-TP-22XX_CAE.pdf?raw=true,TP-2210F White=https://raw.githubusercontent.com/kinggoff/NewSteelesImages/main/PDFs/SDS/insl-x-TP-2210F_SDS_EN.pdf?raw=true,,TP-22XXF Latex Traffic Paint=https://raw.githubusercontent.com/kinggoff/NewSteelesImages/main/PDFs/TDS/insl-x-TP-22XX_CAE.pdf?raw=true,,717bd7019574af1a2f029b1e2c1ebd144aa099c3ed7be75e2e9c430ae3a1a8c7,6347eb4d0b7280cb194da3fa1b6afb3c800b357592011e92544abc86d38bc31c
simple,Benjamin Moore Fresh Start Exterior Wood Primer,305,BM-000000306,,"Benjamin Moore Fresh Start Exterior Wood Primer is a preparatory coating for the substrate or problem condition named in the product, helping create a more uniform surface for compatible topcoats. Confirm preparation, compatibility, application, coverage and recoat requirements in the current label or technical data sheet.",,Paints > Primers,"wood primer, exterior primer, primer sealer, surface preparation coating, primer, basecoat",Benjamin Moore,MOO01,https://raw.githubusercontent.com/kinggoff/NewSteelesImages/main/review-images/11-bm-000000306-benjamin-moore-fresh-start-exterior-wood-primer.png?raw=true,Image Added,,,,,,,,,K100-00 White=https://raw.githubusercontent.com/kinggoff/NewSteelesImages/main/PDFs/SDS/benjamin-moore-K10000_EN_SDS.pdf?raw=true|K100-04 Deep Base=https://raw.githubusercontent.com/kinggoff/NewSteelesImages/main/PDFs/SDS/benjamin-moore-K10004_MSDS_EN.pdf?raw=true,K100 Exterior Wood Primer=https://raw.githubusercontent.com/kinggoff/NewSteelesImages/main/PDFs/TDS/benjamin-moore-20200110-K100-TDS-CE-OKF.pdf?raw=true,K100-00 White=https://raw.githubusercontent.com/kinggoff/NewSteelesImages/main/PDFs/SDS/benjamin-moore-K10000_EN_SDS.pdf?raw=true|K100-04 Deep Base=https://raw.githubusercontent.com/kinggoff/NewSteelesImages/main/PDFs/SDS/benjamin-moore-K10004_MSDS_EN.pdf?raw=true,,K100 Exterior Wood Primer=https://raw.githubusercontent.com/kinggoff/NewSteelesImages/main/PDFs/TDS/benjamin-moore-20200110-K100-TDS-CE-OKF.pdf?raw=true,,3802f8a3c15aa8bd3bdbefcd24c9ed77ed4f8f8016d1248853b600cb43f5a965,1008e77fac6f92807b5438069670a989fb72e525b4bd42b8c5fc5fc9e0d83b3d
simple,White Taklon Short,306,BEN-000000307,,"White Taklon Short from Bennett is a purpose-shaped brush for controlled application of compatible paint, stain or decorative coating; its filament style and profile suit the task named in the product. Review the listed format and current manufacturer instructions to confirm compatibility, safe use, cleaning and storage for the intended job.",,Painting Tools & Accessories > Tools,"artist brush, fine-detail brush, paint brush, painting tool",Bennett,BEN01-S,https://raw.githubusercontent.com/kinggoff/NewSteelesImages/main/review-images/BEN-000000307-bennett-white-taklon-short-flat-3-4.png?raw=true,Images for Review,,,,,,,,,,,,,,,2dc22a2ba5ad74dbbc724046eb69d112b4f3471c670cd77bce43146209c32a24,df7c2165504894bf6d511df95d6267db537dc458b7dbc706abef09791c850d68
simple,White Taklon Round,307,BEN-000000308,,"White Taklon Round from Bennett is a purpose-shaped brush for controlled application of compatible paint, stain or decorative coating; its filament style and profile suit the task named in the product. Review the listed format and current manufacturer instructions to confirm compatibility, safe use, cleaning and storage for the intended job.",,Painting Tools & Accessories > Tools,"artist brush, fine-detail brush, paint brush, painting tool",Bennett,BEN01-S,https://raw.githubusercontent.com/kinggoff/NewSteelesImages/main/review-images/BEN-000000308-bennett-white-taklon-round-3-pack.png?raw=true,Images for Review,,,,,,,,,,,,,,,cdd90861253eb4ba4acea29576943fd5ba38b16ae7099874c63aaf0013379dfc,046a6ff18b6f8269368485cfeaedd801e4cb0145ae4e7302b4829366fb6f515d
simple,TRAY LINER FOR TRAY,308,BEN-000000309,,"TRAY LINER FOR TRAY from Bennett is a disposable liner sized for the matching paint tray, helping contain coating and reduce tray cleanup between colours or products. Choose the listed size for the surface and coating, then clean or dispose of the applicator according to current product guidance. Confirm the exact item and package before ordering.",,Painting Tools & Accessories > Tools,"paint tray, paint container, painting accessory, paint tray liner",Bennett,BEN01-S,https://raw.githubusercontent.com/kinggoff/NewSteelesImages/main/review-images/BEN-000000309-bennett-tray-liner-tpl-4.png?raw=true,Images for Review,,,,,,,,,,,,,,,335a7321a98ce551b338781c6b0e846b14e0713562deca57c47e708f826e1139,b228b1efe3d50c492cfef4cd7d0dcfdc36dde969c5a7258e102487dd855651fc
simple,"Rounded, Flat Artist Brushes",309,BEN-000000310,,"Rounded, Flat Artist Brushes from Bennett is a purpose-shaped brush for controlled application of compatible paint, stain or decorative coating; its filament style and profile suit the task named in the product. Choose the listed size for the surface and coating, then clean or dispose of the applicator according to current product guidance.",,Painting Tools & Accessories > Tools,"artist brush, fine-detail brush, paint brush, painting tool",Bennett,BEN01-S,https://raw.githubusercontent.com/kinggoff/NewSteelesImages/main/review-images/BEN-000000310-bennett-flat-professional-artist-brushes-3-pack.png?raw=true,Images for Review,,,,,,,,,,,,,,,df82d8413fd4b54bac47e4496d33665f2c00ba118f28292f0cd957dcac5ac4cd,0213475a767715ded8a946d3c0000e4409d853df8b2ef003d7134b62de9785b7
simple,"Bennett Perfection 2 1/2"" Soft Latex Brush",310,BEN-000000311,,"Bennett Perfection 2 1/2"" Soft Latex Brush is a purpose-shaped brush for controlled application of compatible paint, stain or decorative coating; its filament style and profile suit the task named in the product. Choose the listed size for the surface and coating, then clean or dispose of the applicator according to current product guidance.",,Painting Tools & Accessories > Tools,"paint brush, paint applicator, painting tool, bristle brush",Bennett,BEN01-S,https://raw.githubusercontent.com/kinggoff/NewSteelesImages/main/review-images/BEN-000000311-bennett-perfection-2-5-soft-latex-brush.png?raw=true,Image Added,,,,,,,,,,,,,,,2f8b9fd7f106d95cc697b6b9818423ba5995a015ab317462e903d38775dc71aa,f8debe475b661c8ec4b4b4f2f87ba076c3f854a7d1c4891df569df11910f90b7
simple,Pad Painter Replacement,311,BEN-000000312,,"Pad Painter Replacement from Bennett is a pad-style applicator for spreading compatible paint, stain or finish across flat surfaces with direct hand control. Choose the listed size for the surface and coating, then clean or dispose of the applicator according to current product guidance. Confirm the exact item and package before ordering.",,Painting Tools & Accessories > Tools,"paint pad, flat paint applicator, painting tool, coating applicator",Bennett,BEN01-S,https://raw.githubusercontent.com/kinggoff/NewSteelesImages/main/review-images/BEN-000000312-bennett-7-inch-replacement-pad.png?raw=true,Images for Review,,,,,,,,,,,,,,,440d7b91c6f3606763a1dcb5aae9125cbae93559bebf713c720b5160dcd5aa2d,5d690c358bd0f80c3c44a1cffb2b7a4ec77f1ad2cdcad29e2d4b967160ef6f9c
simple,Metal Sander Head,312,BEN-000000313,,"Metal Sander Head from Bennett is a metal sanding head for holding compatible abrasive sheets during manual wall and ceiling preparation. Match it to the surface, work progressively, and use suitable eye, hand and respiratory protection for the material being removed. Confirm the exact item and package before ordering.",,Painting Tools & Accessories > Tools,"sander head, sandpaper holder, hand sander, surface preparation tool",Bennett,BEN01-S,https://raw.githubusercontent.com/kinggoff/NewSteelesImages/main/review-images/BEN-000000313-bennett-aluminum-pole-sander-head.png?raw=true,Image Added,,,,,,,,,,,,,,,ca6a6fccb8c19b71a4267a905a2e5c60ed49cffaeb05a0b2c11b8b7984bfe0f1,14e61361ddb51a0d670d1fedb9130474d92b4701397cdf4cfaf8c337d207c24e
simple,FOAM CORNER ROLLER,313,BEN-000000314,,"FOAM CORNER ROLLER from Bennett is a shaped paint roller for coating corners, pipes, trim or other areas that are awkward to reach with a standard wall roller. Choose the listed size for the surface and coating, then clean or dispose of the applicator according to current product guidance. Confirm the exact item and package before ordering.",,Painting Tools & Accessories > Tools,"corner roller, paint roller, paint applicator, painting tool",Bennett,BEN01-S,https://raw.githubusercontent.com/kinggoff/NewSteelesImages/main/review-images/BEN-000000314-bennett-foam-corner-roller.png?raw=true,Image Added,,,,,,,,,,,,,,,b968affbd96acc9ab08783efd4948e92f47e8b4ce8d3cac831203aa31d05000f,848aab437138bf7d51dd1040c5866806dc561f19563084949f69a558db6362e8
simple,Flat White Taklon,314,BEN-000000315,,"Flat White Taklon from Bennett is a purpose-shaped brush for controlled application of compatible paint, stain or decorative coating; its filament style and profile suit the task named in the product. Review the listed format and current manufacturer instructions to confirm compatibility, safe use, cleaning and storage for the intended job.",,Painting Tools & Accessories > Tools,"artist brush, fine-detail brush, paint brush, painting tool",Bennett,BEN01-S,https://raw.githubusercontent.com/kinggoff/NewSteelesImages/main/review-images/BEN-000000310-bennett-flat-professional-artist-brushes-3-pack.png?raw=true,Images for Review,,,,,,,,,,,,,,,df82d8413fd4b54bac47e4496d33665f2c00ba118f28292f0cd957dcac5ac4cd,49785cf42e331e5fbcbb1850eaa1a7d1070b063164095515b295795c7f63f4cf
simple,Dualon German Roller,315,BEN-000000316,,"Dualon German Roller from Bennett is a paint-roller cover or refill for applying compatible coatings; its stated fabric, width and nap help determine finish texture, loading and surface reach. Choose the listed size for the surface and coating, then clean or dispose of the applicator according to current product guidance.",,Painting Tools & Accessories > Tools,"paint roller cover, paint roller refill, paint applicator, painting tool",Bennett,BEN01-S,https://raw.githubusercontent.com/kinggoff/NewSteelesImages/main/review-images/BEN-000000316-bennett-dualon-blue-stripe-10-inch-roller.png?raw=true,Images for Review,,,,,,,,,,,,,,,029384a887ef2a3a32e74e3442637230298fd19acbfdddb022a6d1849649adbf,1947ec75748b8a461708b49f172d355af38fa049a15a83493a2ecd54c0a02601
simple,Cheese Cloth,316,BEN-000000317,,"Cheese Cloth from Bennett is a wiping material for removing dust, grime or light jobsite residue during surface preparation and cleanup. Review the listed format and current manufacturer instructions to confirm compatibility, safe use, cleaning and storage for the intended job. Confirm the exact item and package before ordering.",,Painting Tools & Accessories > Paint Prep & Repairs,"tack cloth, surface preparation cloth, dust-removal cloth, painting accessory",Bennett,BEN01-S,https://raw.githubusercontent.com/kinggoff/NewSteelesImages/main/review-images/BEN-000000317-bennett-lint-free-cheese-cloth.png?raw=true,Images for Review,,,,,,,,,,,,,,,cabd1343d3a615f9d947f63957fa5daeb5d174106e254f6ac3be73ffa668b357,0436497cbd8124d7e6cae1b459826272f1302d41e0c221e222a77b8fb19b5b1f
simple,CanPro Cotton Drop Sheet,317,CAN-000000318,,"CanPro Cotton Drop Sheet is a temporary surface-protection material for covering floors, furniture or adjacent areas against dust, drips and ordinary painting debris. Lay it over a clean, dry area, secure the edges safely, and confirm that any adhesive or film suits the underlying finish. Confirm the exact item and package before ordering.",,Painting Tools & Accessories > Paint Prep & Repairs,"drop cloth, surface protection, painting cover, painting accessory",CanPro,BEN01-S,https://raw.githubusercontent.com/kinggoff/NewSteelesImages/main/review-images/CAN-000000318-allpro-canvas-drop-cloth.png?raw=true,Images for Review,,,,,Variants,4X12 | 8X12 | 14X12,1,1,,,,,,,1845befb5c2a0ef8282f7fc76c3941475e3e70b28cb092a80278e307835198e2,c2d805740e8cb09f93e5b41829ca7d3f11d76b98dec7dd80d76587c5d7c00391
simple,Black Goat Hair Artist Brush 555,318,BEN-000000319,,"Black Goat Hair Artist Brush 555 from Bennett is a purpose-shaped brush for controlled application of compatible paint, stain or decorative coating; its filament style and profile suit the task named in the product. Choose the listed size for the surface and coating, then clean or dispose of the applicator according to current product guidance.",,Painting Tools & Accessories > Tools,"artist brush, fine-detail brush, paint brush, painting tool",Bennett,BEN01-S,https://raw.githubusercontent.com/kinggoff/NewSteelesImages/main/review-images/BEN-000000319-linzer-a555-artist-brush-set.png?raw=true,Images for Review,,,,,,,,,,,,,,,d894e73e7b25d80331c2fe4aa482f5ba2aa1afd778032ab70b122aec7c070b88,dbff5c6813efb4c2527c37251819cda0432a639d664d685d848df459cb761ccb
simple,Bennett Small Plastic Tray Liner,319,BEN-000000320,,"Bennett Small Plastic Tray Liner is a disposable liner sized for the matching paint tray, helping contain coating and reduce tray cleanup between colours or products. Choose the listed size for the surface and coating, then clean or dispose of the applicator according to current product guidance. Confirm the exact item and package before ordering.",,Painting Tools & Accessories > Tools,"paint tray, paint container, painting accessory, paint tray liner",Bennett,BEN01-S,https://raw.githubusercontent.com/kinggoff/NewSteelesImages/main/review-images/BEN-000000320-bennett-small-paint-tray-liner.png?raw=true,Images for Review,,,,,,,,,,,,,,,df02a4464736b273291efa41eb42ef00b509781fa900ddfd83b0c0877f7333cf,e7ab525e05fa074d71fa2442a53f07bfe85b91b2c891fe5376ad7c29050f9f5e
simple,Bennett Small Plastic Tray,320,BEN-000000321,,"Bennett Small Plastic Tray is a paint tray or tray set for loading rollers and holding a practical working quantity of coating during application. Choose the listed size for the surface and coating, then clean or dispose of the applicator according to current product guidance. Confirm the exact item and package before ordering.",,Painting Tools & Accessories > Tools,"paint tray, paint container, painting accessory, paint roller tray",Bennett,BEN01-S,https://raw.githubusercontent.com/kinggoff/NewSteelesImages/main/review-images/BEN-000000321-bennett-small-paint-tray.png?raw=true,Images for Review,,,,,,,,,,,,,,,2e1c7f601931c718f8aedea54477a9a3f5a6d0587dbc2e595151d0ab732fb61a,f38c92d6e3f20ed809a7f62d4cb97b1e0bb74c022934921ef77e4c2f82bc7d02
simple,Bennett Plastic XL Tray Liner,321,BEN-000000322,,"Bennett Plastic XL Tray Liner is a disposable liner sized for the matching paint tray, helping contain coating and reduce tray cleanup between colours or products. Choose the listed size for the surface and coating, then clean or dispose of the applicator according to current product guidance. Confirm the exact item and package before ordering.",,Painting Tools & Accessories > Tools,"paint tray, paint container, painting accessory, paint tray liner",Bennett,BEN01-S,https://raw.githubusercontent.com/kinggoff/NewSteelesImages/main/review-images/BEN-000000322-bennett-xxl-plastic-tray-liner.png?raw=true,Image Added,,,,,,,,,,,,,,,c4b1deaac94c19d3d03825e30acf5e58cb68f4d37c2f2bf8840b3f757dc0b251,a153f1b2e2e7d4c08f33690d0b9dabafd29694189d46c5f80fbb758dd29720cb
simple,Bennett One Stroke Taklon,322,BEN-000000323,,"Bennett One Stroke Taklon is a purpose-shaped brush for controlled application of compatible paint, stain or decorative coating; its filament style and profile suit the task named in the product. Review the listed format and current manufacturer instructions to confirm compatibility, safe use, cleaning and storage for the intended job.",,Painting Tools & Accessories > Tools,"artist brush, fine-detail brush, paint brush, painting tool",Bennett,BEN01-S,https://raw.githubusercontent.com/kinggoff/NewSteelesImages/main/review-images/BEN-000000310-bennett-flat-professional-artist-brushes-3-pack.png?raw=true,Images for Review,,,,,,,,,,,,,,,df82d8413fd4b54bac47e4496d33665f2c00ba118f28292f0cd957dcac5ac4cd,5d4d2d128657f01598f6d932b6cbb255ec9d464b0956c4ac7549eeb66a617bf4
simple,Bennett Micropro Refill,323,BEN-000000324,,"Bennett Micropro Refill is a paint-roller cover or refill for applying compatible coatings; its stated fabric, width and nap help determine finish texture, loading and surface reach. Review the listed format and current manufacturer instructions to confirm compatibility, safe use, cleaning and storage for the intended job.",,Painting Tools & Accessories > Tools,"paint roller cover, paint roller refill, paint applicator, painting tool",Bennett,BEN01-S,https://raw.githubusercontent.com/kinggoff/NewSteelesImages/main/review-images/BEN-000000324-bennett-micropro-15mm-10-pack.png?raw=true,Image Added,,,,,Variants,15MM x 10PK | 15MM,1,1,,,,,,,8df090051e1f046855268fc62ef4a736ab20d91e7b7b71354c19472128ede6af,787f8e5c591e253cec67bf9b40800139e8a2a1e41443490e320ede8b002d696f
simple,Bennett Liner For Tray,324,BEN-000000325,,"Bennett Liner For Tray is a disposable liner sized for a compatible paint tray, helping contain coating and reduce cleanup between products or colours. Choose the listed size for the surface and coating, then clean or dispose of the applicator according to current product guidance. Confirm the exact item and package before ordering.",,Painting Tools & Accessories > Tools,"paint tray, paint container, painting accessory, paint tray liner",Bennett,BEN01-S,https://raw.githubusercontent.com/kinggoff/NewSteelesImages/main/review-images/BEN-000000325-bennett-tpl-8-tray-liner.png?raw=true,Images for Review,,,,,,,,,,,,,,,89d678cbc5542cbdb78f6be7c8a050907341adc31622d8245acbdffb74401e66,4a6948875414e567d55b351855797837d1e99e6ede09d4c228f8b3f8d404d977
simple,Bennett Large Sea Sponge,325,BEN-000000326,,"Bennett Large Sea Sponge is a natural-style sponge applicator for decorative painting, glazing and mottled texture effects on compatible prepared surfaces. Review the listed format and current manufacturer instructions to confirm compatibility, safe use, cleaning and storage for the intended job. Confirm the exact item and package before ordering.",,Painting Tools & Accessories > Tools,"natural sea sponge, decorative paint applicator, texture sponge, painting tool",Bennett,BEN01-S,https://raw.githubusercontent.com/kinggoff/NewSteelesImages/main/review-images/BEN-000000326-bennett-large-natural-sea-sponge.png?raw=true,Image Added,,,,,,,,,,,,,,,46570d99b3ccf9982d1e86bbe962527fd09ee50fefbe595502958cebe3b23fe8,d0ca0cf74c0558ff0dda7e5ffb68fea676f0c7c9fe64880221258b15ac96a140
simple,Bennett Jumbo XL Plastic Tray,326,BEN-000000327,,"Bennett Jumbo XL Plastic Tray is a paint tray or tray set for loading rollers and holding a practical working quantity of coating during application. Choose the listed size for the surface and coating, then clean or dispose of the applicator according to current product guidance. Confirm the exact item and package before ordering.",,Painting Tools & Accessories > Tools,"paint tray, paint container, painting accessory, paint roller tray",Bennett,BEN01-S,https://raw.githubusercontent.com/kinggoff/NewSteelesImages/main/review-images/BEN-000000327-bennett-jumbo-xl-plastic-tray.png?raw=true,Image Added,,,,,,,,,,,,,,,9385152d97efbda5ee1f0018ae9e8ea3d06c297bcead91f87bd90d575794286a,c62fc69fdd4ba33b9379998c6272ed5e5f70396f98d9023f100e46b44e587f12
simple,Bennett Gallon Paint Grid,327,BEN-000000328,,"Bennett Gallon Paint Grid is a roller grid for removing excess coating and distributing paint evenly on a roller used from a compatible pail or container. Choose the listed size for the surface and coating, then clean or dispose of the applicator according to current product guidance. Confirm the exact item and package before ordering.",,Painting Tools & Accessories > Tools,"paint grid, roller grid, paint bucket accessory, painting tool",Bennett,BEN01-S,https://raw.githubusercontent.com/kinggoff/NewSteelesImages/main/review-images/BEN-000000328-bennett-one-gallon-metal-paint-grid.png?raw=true,Image Added,,,,,,,,,,,,,,,b6de184adb2abf0328737fa5af41f0b9a85aec649996d95c38d925a0651701a9,f565c9e3c48c0737fe27ce6e7738cd93eb010a76fee0e21cb7fff03e7734a8fa
simple,Bennett Disposable Coverall Large,328,BEN-000000329,,"Bennett Disposable Coverall Large is jobsite clothing or personal protective wear intended to help keep ordinary paint, dust and surface-preparation debris off the user. Confirm fit, compatibility and required protection before use, and follow the current safety instructions for the actual workplace hazard.",,Painting Tools & Accessories > Clothing & Safety,"painter clothing, workwear, protective clothing, coveralls",Bennett,BEN01-S,https://raw.githubusercontent.com/kinggoff/NewSteelesImages/main/review-images/BEN-000000329-bennett-coveralls-large.png?raw=true,Image Added,,,,,,,,,,,,,,,01b7aff39f8fa6a89887e15d1a323753c2c2c51589535f8f0019b22d8ceaad1f,4b42e281f1b5fd375168d3de0bc9010f24391b71eddd792a56bb662ae95b1275
simple,Bennett Brass Mini Wire Brush,329,BEN-000000330,,"Bennett Brass Mini Wire Brush is a paint or decorative-finish brush whose stated shape, filament and size are intended to provide control for the named application. Choose the listed size for the surface and coating, then clean or dispose of the applicator according to current product guidance. Confirm the exact item and package before ordering.",,Painting Tools & Accessories > Tools,"wire brush, surface preparation brush, rust-removal tool, hand tool",Bennett,BEN01-S,https://raw.githubusercontent.com/kinggoff/NewSteelesImages/main/review-images/BEN-000000330-bennett-mini-brass-wire-brush.png?raw=true,Image Added,,,,,,,,,,,,,,,39723a28363d4fd2fc534021fa77f840306380d81975cd99a2983d1288beccf5,cd997d1312fe458f82366a2c22f121bf908d61563477b1f0e219b91345972ab9
simple,Bennett Mini Red Tray,330,BEN-000000331,,"Bennett Mini Red Tray is a paint tray or tray set for loading rollers and holding a practical working quantity of coating during application. Selection should be based on the specific task, material, working conditions and compatible products in the complete system. Choose the listed size for the surface and coating, then clean or dispose of the applicator according to current product guidance.",,Painting Tools & Accessories > Tools,"paint tray, paint container, painting accessory, paint roller tray",Bennett,BEN01-S,https://raw.githubusercontent.com/kinggoff/NewSteelesImages/main/review-images/BEN-000000331-bennett-mini-red-tray.png?raw=true,Image Added,,,,,,,,,,,,,,,e767cb8d08c9f4a573dc2f51b87aa4343be94303fe4fe173a3d7e4567463702b,a9c89a2cacb854ca87279bf75fdf364ed506a52b83bd73836596588a225cff25
simple,Bennett Fiberglass Pole,331,BEN-000000332,,"Bennett Fiberglass Pole is an extension pole for increasing the reach of compatible rollers, sanding heads or other threaded painting tools. Selection should be based on the specific task, material, working conditions and compatible products in the complete system. Choose the listed size for the surface and coating, then clean or dispose of the applicator according to current product guidance.",,Painting Tools & Accessories > Tools,"paint roller extension pole, telescoping pole, paint applicator accessory, painting tool",Bennett,BEN01-S,https://raw.githubusercontent.com/kinggoff/NewSteelesImages/main/review-images/BEN-000000332-bennett-pro-glas-fiberglass-pole.png?raw=true,Images for Review,,,,,Variants,"72"" | 54""",1,1,,,,,,,b56abacff487ece95c7394787fdef05796c4d5d5bf28ced4b0b24adbe57ebedd,286ac676e93fe568df849c5d099d28216e9e25794c9d91840b5953a6b58565e2
simple,Bennett Pad Painter,332,BEN-000000333,,"Bennett Pad Painter is a pad-style applicator for spreading compatible paint, stain or finish across flat surfaces with direct hand control. It is intended to give the applicator practical control over loading, placement and finish on the matching surface area. Choose the listed size for the surface and coating, then clean or dispose of the applicator according to current product guidance.",,Painting Tools & Accessories > Tools,"paint pad, flat paint applicator, painting tool, coating applicator",Bennett,BEN01-S,https://raw.githubusercontent.com/kinggoff/NewSteelesImages/main/review-images/BEN-000000333-bennett-7-inch-pad-painter.png?raw=true,Image Added,,,,,,,,,,,,,,,79b6430d7f8e6727900c31bc152a111738764ae7031b7480229fa883663f8bf9,9583d6c113bfac8d7f3f5191636466b063647f583bf459da828b7cb8738a98ae
simple,Bennett Twist Fiberglass,333,BEN-000000334,,"Bennett Twist Fiberglass is an extension pole for increasing the reach of compatible rollers, sanding heads or other threaded painting tools. Review the listed format and current manufacturer instructions to confirm compatibility, safe use, cleaning and storage for the intended job. Confirm the exact item and package before ordering.",,Painting Tools & Accessories > Tools,"paint roller extension pole, telescoping pole, paint applicator accessory, painting tool",Bennett,BEN01-S,https://raw.githubusercontent.com/kinggoff/NewSteelesImages/main/review-images/BEN-000000334-bennett-twist-fiberglass-pole-6-12.png?raw=true,Images for Review,,,,,Variants,6'-12' | 4'-8',1,1,,,,,,,69bb15e7c6afadda35bac3f88717bd8fd2ecd9dd8dc1e2220b9a81ecfb6b895d,ef1373a389cfd5ed21c9590cf633fb4e9de59dfcc984a94fbf57e0be6b8179f0
simple,Bennett Red Tray,334,BEN-000000335,,"Bennett Red Tray is a paint tray or tray set for loading rollers and holding a practical working quantity of coating during application. Selection should be based on the specific task, material, working conditions and compatible products in the complete system. Choose the listed size for the surface and coating, then clean or dispose of the applicator according to current product guidance.",,Painting Tools & Accessories > Tools,"paint tray, paint container, painting accessory, paint roller tray",Bennett,BEN01-S,https://raw.githubusercontent.com/kinggoff/NewSteelesImages/main/review-images/BEN-000000335-bennett-t8-red-paint-tray-v2.png?raw=true,Images for Review,,,,,,,,,,,,,,,cb44d44a45ba21d5a44a79b2b27ad8f758f900c7275daf35641bd8d2423ec5ed,c175a65f800c003f1e56ad01a7978fde28587d8f6215b6851e716935f4d906bd
simple,Bennett Pure Bristle Chip Brush,335,BEN-000000336,,"Bennett Pure Bristle Chip Brush is a purpose-shaped brush for controlled application of compatible paint, stain or decorative coating; its filament style and profile suit the task named in the product. Choose the listed size for the surface and coating, then clean or dispose of the applicator according to current product guidance.",,Painting Tools & Accessories > Tools,"chip brush, utility paint brush, paint applicator, painting tool",Bennett,BEN01-S,https://raw.githubusercontent.com/kinggoff/NewSteelesImages/main/review-images/BEN-000000336-bennett-c60-3-pure-bristle-brush.png?raw=true,Images for Review,,,,,,,,,,,,,,,565ae6ecf493adc0c8a08f09c653f30903d1f9caa33361ef0e5e0299e4fea3d9,cd3c28064c176f1d989be9049507635b19b94520bd891eb542e2311bfaf6dd15
simple,Bennett Micropro Tray Set,336,BEN-000000337,,"Bennett Micropro Tray Set is a paint tray or tray set for loading rollers and holding a practical working quantity of coating during application. Choose the listed size for the surface and coating, then clean or dispose of the applicator according to current product guidance. Confirm the exact item and package before ordering.",,Painting Tools & Accessories > Tools,"paint roller kit, paint tray set, paint applicator kit, painting tool",Bennett,BEN01-S,https://raw.githubusercontent.com/kinggoff/NewSteelesImages/main/review-images/BEN-000000337-bennett-micropro-5-piece-tray-set.png?raw=true,Image Added,,,,,,,,,,,,,,,1b7ccd56d9abbc4e00bb149a3dec7cab3ae277fdb632484235df59e060eb5dcb,c73e9c5d8aed2e5986e812864e4c7235c2c44fbea11a681e440f09f31a725eb4
simple,Bennett Micropro Refills,337,BEN-000000338,,"Bennett Micropro Refills is a paint-roller refill for applying compatible coatings, with the product family and selected nap determining loading, release and surface texture. Review the listed format and current manufacturer instructions to confirm compatibility, safe use, cleaning and storage for the intended job.",,Painting Tools & Accessories > Tools,"paint roller cover, paint roller refill, paint applicator, painting tool",Bennett,BEN01-S,https://raw.githubusercontent.com/kinggoff/NewSteelesImages/main/review-images/BEN-000000338-bennett-micropro-13mm-roller-3-pack.png?raw=true,Images for Review,,,,,,,,,,,,,,,00a80a577c96df1838a2daa2771bee0900e7c7cbc6f02abd2381aec3470631ad,e5fb0370536591622ddd7fcd475db1b965279508f57d40a16ca7c6eccfc0e4ff
simple,Bennett Foam Refills,338,BEN-000000339,,"Bennett Foam Refills is a paint-roller cover or refill for applying compatible coatings; its stated fabric, width and nap help determine finish texture, loading and surface reach. Review the listed format and current manufacturer instructions to confirm compatibility, safe use, cleaning and storage for the intended job.",,Painting Tools & Accessories > Tools,"paint roller cover, paint roller refill, paint applicator, painting tool, foam roller cover",Bennett,BEN01-S,https://raw.githubusercontent.com/kinggoff/NewSteelesImages/main/review-images/BEN-000000339-bennett-high-density-foam-refills-10-pack.png?raw=true,Image Added,,,,,,,,,,,,,,,30dbf79bf23092ec083e02baf99fe0d99a9311babe86116fc98032da330c04dd,635d3a2cfeb7582aef780386daf13a7f4d7d5cb3707c6d3084585eb633fe6beb
simple,Bennett Foam Brush,339,BEN-000000340,,"Bennett Foam Brush is a purpose-shaped brush for controlled application of compatible paint, stain or decorative coating; its filament style and profile suit the task named in the product. Choose the listed size for the surface and coating, then clean or dispose of the applicator according to current product guidance.",,Painting Tools & Accessories > Tools,"foam brush, disposable paint brush, paint applicator, painting tool",Bennett,BEN01-S,https://raw.githubusercontent.com/kinggoff/NewSteelesImages/main/review-images/BEN-000000340-bennett-foam-brushes-10-pack.png?raw=true,Images for Review,,,,,,,,,,,,,,,7864c29647ddd229cf457f14190fceb02cf74276c0655c9516057fa90dbe9fb0,1bf5b6945da61d252035bb7bd03e1de7064246802242a0fb809dd2ad3f0ec524
simple,Bennett 4X12 Cotton Drop Sheet,340,BEN-000000341,,"Bennett 4X12 Cotton Drop Sheet is a temporary surface-protection material for covering floors, furniture or adjacent areas against dust, drips and ordinary painting debris. Lay it over a clean, dry area, secure the edges safely, and confirm that any adhesive or film suits the underlying finish. Confirm the exact item and package before ordering.",,Painting Tools & Accessories > Tools,"drop cloth, surface protection, painting cover, painting accessory",Bennett,BEN01-S,https://raw.githubusercontent.com/kinggoff/NewSteelesImages/main/review-images/BEN-000000341-bennett-4x12-cotton-drop-cloth.png?raw=true,Image Added,,,,,,,,,,,,,,,5e3ecd5d98fbf88b3585c8634f379da815b8a1db4cb2aa22e7ebb25963d06419,bde93d567392f639c8a72c0e88f1c691d1c7ed4a0ab898e1cb2f63ef1e7b9ea0
simple,Bennett Drill Mixer,341,BEN-000000342,,"Bennett Drill Mixer is a mixing accessory for blending compatible paint, compound or sealant to a more uniform consistency before application. Selection should be based on the specific task, material, working conditions and compatible products in the complete system. Match it to the surface, work progressively, and use suitable eye, hand and respiratory protection for the material being removed.",,Painting Tools & Accessories > Tools,"paint mixer, drill mixing attachment, coating mixing tool, painting tool",Bennett,BEN01-S,https://raw.githubusercontent.com/kinggoff/NewSteelesImages/main/review-images/BEN-000000342-bennett-mix60-drill-mixer.png?raw=true,Images for Review,,,,,Variants,2 GALLON | 1 GALLON,1,1,,,,,,,949c1c90fb87596963512759348284ef4b10868e94c77cfd6236f740d0c45638,293fc5f9a34eddb504bb9d0db6e649e8d11902687f4ed3b6d6cf60a0704692e3
simple,Bennett Mini Roller Handle,342,BEN-000000343,,"Bennett Mini Roller Handle is a reusable roller frame or handle for mounting a compatible cover and applying paint to the intended surface area. It is intended to give the applicator practical control over loading, placement and finish on the matching surface area. Choose the listed size for the surface and coating, then clean or dispose of the applicator according to current product guidance.",,Painting Tools & Accessories > Tools,"paint roller frame, roller handle, paint applicator, painting tool",Bennett,BEN01-S,https://raw.githubusercontent.com/kinggoff/NewSteelesImages/main/review-images/BEN-000000343-bennett-mini-roller-frame.png?raw=true,Image Added,,,,,,,,,,,,,,,f98faf77e1a78323ebcf29104cab0842d4040ebe981d0a3cdc56898d95111775,3589fabf9c807dfafb1bea116a82356d2dcc150b2c73262b239e25eadec411c6
simple,Bennett Putty Knife,343,BEN-000000344,,"Bennett Putty Knife is a hand-finishing tool for applying, shaping or smoothing patching compound, joint compound, filler or wallcovering material. Match it to the surface, work progressively, and use suitable eye, hand and respiratory protection for the material being removed. Confirm the exact item and package before ordering.",,Painting Tools & Accessories > Tools,"putty knife, filling knife, surface repair tool, hand tool",Bennett,BEN01-S,https://raw.githubusercontent.com/kinggoff/NewSteelesImages/main/review-images/12-ben-000000344-bennett-putty-knife.webp?raw=true,Image Added,,,,,,,,,,,,,,,8a20943df38f6662e0c58f44c2fc03444371c6adbbb5a7196e46a66ee19aca5b,ce65cafad88f416b131747a54a742f13053fa0402394431c114ef0135e8d9971
simple,Bennett 5-Wire Cage,344,BEN-000000345,,"Bennett 5-Wire Cage is a reusable roller frame or handle for mounting a compatible cover and applying paint to the intended surface area. Review the listed format and current manufacturer instructions to confirm compatibility, safe use, cleaning and storage for the intended job. Confirm the exact item and package before ordering.",,Painting Tools & Accessories > Tools,"paint roller frame, roller handle, paint applicator, painting tool",Bennett,BEN01-S,https://raw.githubusercontent.com/kinggoff/NewSteelesImages/main/review-images/BEN-000000345-bennett-five-wire-roller-cage.png?raw=true,Image Added,,,,,,,,,,,,,,,4b04598fb8267c2e02cadc8a3318692e8084d4c1d71e9759a1266d4287e6235f,015a67bf2701864b1b2b1854d776e1fbbb2195ebff6a3cd9d661e3e271343d1d
simple,8 X 12 Plastic Drop Sheet,345,BEN-000000346,,"8 X 12 Plastic Drop Sheet from Bennett is a temporary surface-protection material for covering floors, furniture or adjacent areas against dust, drips and ordinary painting debris. Lay it over a clean, dry area, secure the edges safely, and confirm that any adhesive or film suits the underlying finish.",,Painting Tools & Accessories > Tools,"drop cloth, surface protection, painting cover, painting accessory",Bennett,BEN01-S,https://raw.githubusercontent.com/kinggoff/NewSteelesImages/main/review-images/BEN-000000346-bennett-8x12-medium-plastic-drop-sheet.png?raw=true,Image Added,,,,,,,,,,,,,,,6deea51b03d3248b236fa798d95dcb2b91d2da903473e0ec7278833df9e6dec2,2326165feca46797ac31571a9efcadd5a9477743c871e8deb8c3c638b5307e40
simple,CHIP BRUSH CHIP,346,BEN-000000347,,"CHIP BRUSH CHIP from Bennett is a purpose-shaped brush for controlled application of compatible paint, stain or decorative coating; its filament style and profile suit the task named in the product. Choose the listed size for the surface and coating, then clean or dispose of the applicator according to current product guidance.",,Painting Tools & Accessories > Tools,"chip brush, utility paint brush, paint applicator, painting tool",Bennett,BEN01-S,https://raw.githubusercontent.com/kinggoff/NewSteelesImages/main/review-images/BEN-000000336-bennett-c60-3-pure-bristle-brush.png?raw=true,Images for Review,,,,,,,,,,,,,,,565ae6ecf493adc0c8a08f09c653f30903d1f9caa33361ef0e5e0299e4fea3d9,dcf113ab3162bd585e0d2f31a29fa60abe30508eea17691923721edcd5ed9daf
simple,Plastic Putty Knife,347,BEN-000000348,,"Plastic Putty Knife from Bennett is a hand-finishing tool for applying, shaping or smoothing patching compound, joint compound, filler or wallcovering material. Match it to the surface, work progressively, and use suitable eye, hand and respiratory protection for the material being removed. Confirm the exact item and package before ordering.",,Painting Tools & Accessories > Tools,"putty knife, filling knife, surface repair tool, hand tool",Bennett,BEN01-S,https://raw.githubusercontent.com/kinggoff/NewSteelesImages/main/review-images/13-ben-000000348-plastic-putty-knife.png?raw=true,Image Added,,,,,,,,,,,,,,,f93be192f84f9600125f4a444e82eee48a4fb96586032881a63bcd7b039e93de,4dc92881f5ee976bc1912fd2b9580861d5d7e4ac319afd5266f5b26a8fa916da
simple,Bennett Red Bee Chip Brush,348,BEN-000000349,,"Bennett Red Bee Chip Brush is a purpose-shaped brush for controlled application of compatible paint, stain or decorative coating; its filament style and profile suit the task named in the product. Choose the listed size for the surface and coating, then clean or dispose of the applicator according to current product guidance.",,Painting Tools & Accessories > Tools,"chip brush, utility paint brush, paint applicator, painting tool",Bennett,BEN01-S,https://raw.githubusercontent.com/kinggoff/NewSteelesImages/main/review-images/BEN-000000349-bennett-red-bee-3-inch-brush.png?raw=true,Images for Review,,,,,,,,,,,,,,,fe05edeec9e1c8acc20fa8e69444e864e8cbc9d2e4c05955d730d417258dd420,d2c73abaca09b7fd033df393460c253aa0c3ee044b6e63adbca2b93ddc2c7f68
simple,High Density Foam,349,BEN-000000350,,"High Density Foam from Bennett is a high-density foam applicator refill for laying down compatible smooth coatings on trim, doors and other suitable surfaces. Review the listed format and current manufacturer instructions to confirm compatibility, safe use, cleaning and storage for the intended job.",,Painting Tools & Accessories > Tools,"foam roller cover, paint roller refill, high-density foam applicator, paint applicator",Bennett,BEN01-S,https://raw.githubusercontent.com/kinggoff/NewSteelesImages/main/review-images/BEN-000000339-bennett-high-density-foam-refills-10-pack.png?raw=true,Images for Review,,,,,,,,,,,,,,,30dbf79bf23092ec083e02baf99fe0d99a9311babe86116fc98032da330c04dd,6801441fbc33de87256009206f9b9ad20d27df1c88867eb58466b8467da5d00d
simple,Lint-Free Tray Set,350,BEN-000000351,,"Lint-Free Tray Set from Bennett is a paint tray or tray set for loading rollers and holding a practical working quantity of coating during application. Choose the listed size for the surface and coating, then clean or dispose of the applicator according to current product guidance. Confirm the exact item and package before ordering.",,Painting Tools & Accessories > Tools,"paint roller kit, paint tray set, paint applicator kit, painting tool",Bennett,BEN01-S,https://raw.githubusercontent.com/kinggoff/NewSteelesImages/main/review-images/BEN-000000351-bennett-lf-240hp-lint-free-tray-set.png?raw=true,Image Added,,,,,,,,,,,,,,,26331e3f4ebefedbea0b6d7b9062365ece2de8c46238dfd441414515f302e9d0,bf9ac2fef09b1c5facabc5ddc4ab71bca478e87efcd91bca495cda2f0e33871e
simple,Bennett Lint Free Rollers,351,BEN-000000352,,"Bennett Lint Free Rollers is a paint-roller cover or refill for applying compatible coatings; its stated fabric, width and nap help determine finish texture, loading and surface reach. Choose the listed size for the surface and coating, then clean or dispose of the applicator according to current product guidance.",,Painting Tools & Accessories > Tools,"paint roller cover, paint roller refill, paint applicator, painting tool",Bennett,BEN01-S,https://raw.githubusercontent.com/kinggoff/NewSteelesImages/main/review-images/BEN-000000352-bennett-lint-free-10mm-roller-cover.png?raw=true,Images for Review,,,,,,,,,,,,,,,0a0e31641d234b5c664c807cfb7322e929eb0058f35e766ae735b59a4137c197,c9b121acd9c0efa49af65370e6ae843b1f1e22384c45ad59893cc1e11e1a796b
simple,Angular White Taklon,352,BEN-000000353,,"Angular White Taklon from Bennett is a purpose-shaped brush for controlled application of compatible paint, stain or decorative coating; its filament style and profile suit the task named in the product. Review the listed format and current manufacturer instructions to confirm compatibility, safe use, cleaning and storage for the intended job.",,Painting Tools & Accessories > Tools,"artist brush, fine-detail brush, paint brush, painting tool",Bennett,BEN01-S,https://raw.githubusercontent.com/kinggoff/NewSteelesImages/main/review-images/BEN-000000353-bennett-angular-white-taklon-brush-set.png?raw=true,Images for Review,,,,,,,,,,,,,,,eb7c6fc38bccda2824ed3c695cc6bc91f9792704db692fcda00db472b1ab409d,9b88b319469fd1edc3a75571df04e15d39791cd2228cfadc37508cd00193ed92
simple,High Density Foam Brush,353,BEN-000000354,,"High Density Foam Brush from Bennett is a purpose-shaped brush for controlled application of compatible paint, stain or decorative coating; its filament style and profile suit the task named in the product. Choose the listed size for the surface and coating, then clean or dispose of the applicator according to current product guidance.",,Painting Tools & Accessories > Tools,"foam brush, high-density foam brush, paint applicator, painting tool",Bennett,BEN01-S,https://raw.githubusercontent.com/kinggoff/NewSteelesImages/main/review-images/BEN-000000354-bennett-high-density-foam-brush.png?raw=true,Images for Review,,,,,,,,,,,,,,,63f7cd17b57b1a62193950850bb6a86d6472bc9c298f82a1f07eab8a9bb746f3,f63d1d958bebc631753e14d09d19c418db0a035ee7bf08065787c1b56300d0e0
simple,Red X Pro Red Blocker,354,CAN-000000355,,"Red X Pro Red Blocker from Canlak is a stain-blocking preparation product for isolating compatible red dyes or colourants before a new finish is applied. Review the listed format and current manufacturer instructions to confirm compatibility, safe use, cleaning and storage for the intended job. Confirm the exact item and package before ordering.",,Painting Tools & Accessories > Paint Prep & Repairs,"stain blocker, colour bleed blocker, wood finishing sealer, wood coating basecoat",Canlak,CANLAK,https://raw.githubusercontent.com/kinggoff/NewSteelesImages/main/review-images/CAN-000000355-absco-red-x-pro-red-blocker.png?raw=true,Image Added,,,,,,,,,,,,,,,b527b7b38489c12256241936da6042a3abddae49a72b29c9a564f8925c0e4965,e8a5eab7799b41bc64854138d7620d5c0a9fee21d0d0eb8e0e643507c8ba82a4
simple,Canlak White Dry Glaze,355,CAN-000000356,,"Canlak White Dry Glaze is a decorative or finishing glaze used to adjust colour, accent detail or create visual depth on a compatible prepared coating system. Confirm preparation, compatibility, application, coverage and recoat requirements in the current label or technical data sheet. Confirm the exact item and package before ordering.",,Lacquer and Millwork Coatings > Canlak,"decorative glaze, wood finishing glaze, toning finish, decorative coating",Canlak,CANLAK,https://raw.githubusercontent.com/kinggoff/NewSteelesImages/main/review-images/CAN-000000358-canlak-industrial-pail.png?raw=true,Images for Review,,,,,,,,,,,,,,,e14550c5f04fbfc18894c08154170e646e6af0a63d8dffbdc0c559d0b43ac55e,88f4bb8e4f31af958cd2adc6ad736012add13b40094086c634214b8cff24a779
simple,Canlak WB Lacquer 10% Sheen,356,CAN-000000357,,"Canlak WB Lacquer 10% Sheen is a clear or translucent finish for building the sheen and protection appropriate to the compatible surface and coating system. Confirm preparation, compatibility, application, coverage and recoat requirements in the current label or technical data sheet. Confirm the exact item and package before ordering.",,Lacquer and Millwork Coatings > Canlak,"water-based lacquer, clear wood finish, millwork coating, low-sheen lacquer",Canlak,CANLAK,https://raw.githubusercontent.com/kinggoff/NewSteelesImages/main/review-images/CAN-000000358-canlak-industrial-pail.png?raw=true,Images for Review,,,,,,,,,,,,,,,e14550c5f04fbfc18894c08154170e646e6af0a63d8dffbdc0c559d0b43ac55e,66db5e930f3b4e3af6f04ec9508b26f5bbaeb92be169b577aa5768e5a4263539
simple,Canlak Varnish Thinner,357,CAN-000000358,,"Canlak Varnish Thinner is a surface-preparation or cleanup product for removing the residue named in the product from compatible materials before refinishing. Colour and sheen can vary with wood species, porosity and preparation, so a representative test area is recommended. Test first, then follow the label for dilution, dwell time, rinsing, ventilation and protective equipment.",,Lacquer and Millwork Coatings > Canlak,"varnish thinner, coating reducer, finishing solvent, paint solvent",Canlak,CANLAK,https://raw.githubusercontent.com/kinggoff/NewSteelesImages/main/review-images/CAN-000000358-canlak-industrial-pail.png?raw=true,Images for Review,,,,,,,,,,,,,,,e14550c5f04fbfc18894c08154170e646e6af0a63d8dffbdc0c559d0b43ac55e,2fcb0e65ba506d51aea8f7b17b1a06fd30f65abaf199bdd2fd41831ad0219c73
simple,Canlak Thinner,358,CAN-000000359,,"Canlak Thinner is a surface-preparation or cleanup product for removing the residue named in the product from compatible materials before refinishing. Selection should be based on the specific task, material, working conditions and compatible products in the complete system. Test first, then follow the label for dilution, dwell time, rinsing, ventilation and protective equipment.",,Lacquer and Millwork Coatings > Canlak,"coating thinner, wood finishing solvent, coating reducer, equipment cleaning solvent",Canlak,CANLAK,https://raw.githubusercontent.com/kinggoff/NewSteelesImages/main/review-images/CAN-000000358-canlak-industrial-pail.png?raw=true,Images for Review,,,,,,,,,,,,,,,e14550c5f04fbfc18894c08154170e646e6af0a63d8dffbdc0c559d0b43ac55e,309c9041bdec0aa393d207b7a2033faacc5635e6cad9137133549f5447727093
simple,Canlak Post-Cat Clear 10% Sheen,359,CAN-000000360,,"Canlak Post-Cat Clear 10% Sheen is a clear or translucent finish for building the sheen and protection appropriate to the compatible surface and coating system. Confirm preparation, compatibility, application, coverage and recoat requirements in the current label or technical data sheet. Confirm the exact item and package before ordering.",,Lacquer and Millwork Coatings > Canlak,"catalyzed lacquer, wood lacquer, clear wood finish, professional wood coating",Canlak,CANLAK,https://raw.githubusercontent.com/kinggoff/NewSteelesImages/main/review-images/CAN-000000358-canlak-industrial-pail.png?raw=true,Images for Review,,,,,,,,,,,,,,,e14550c5f04fbfc18894c08154170e646e6af0a63d8dffbdc0c559d0b43ac55e,f7c90121a6d51fed1d7353cb716088955604c0b4003f959cea95a1b77eaaa4c1
simple,Canlak High Build Post-Catalyzed White Primer,360,CAN-000000361,,"Canlak High Build Post-Catalyzed White Primer is a preparatory coating for the substrate or problem condition named in the product, helping create a more uniform surface for compatible topcoats. Confirm preparation, compatibility, application, coverage and recoat requirements in the current label or technical data sheet.",,Lacquer and Millwork Coatings > Canlak,"post-catalyzed primer, high-build wood primer, white millwork primer, professional wood coating",Canlak,CANLAK,https://raw.githubusercontent.com/kinggoff/NewSteelesImages/main/review-images/CAN-000000358-canlak-industrial-pail.png?raw=true,Images for Review,,,,,,,,,,,,,,,e14550c5f04fbfc18894c08154170e646e6af0a63d8dffbdc0c559d0b43ac55e,4fa50dfd2ed3f30f86e19852c1155b006a8fe69f9fae2b10d05420cd7216b510
simple,Canlak Clear Perma-Shine 50% Sheen,361,CAN-000000362,,"Canlak Clear Perma-Shine 50% Sheen is a clear or translucent finish for building the sheen and protection appropriate to the compatible surface and coating system. Confirm preparation, compatibility, application, coverage and recoat requirements in the current label or technical data sheet. Confirm the exact item and package before ordering.",,Lacquer and Millwork Coatings > Canlak,"clear millwork finish, semi-gloss clear coat, protective wood coating, professional wood finish",Canlak,CANLAK,https://raw.githubusercontent.com/kinggoff/NewSteelesImages/main/review-images/CAN-000000358-canlak-industrial-pail.png?raw=true,Images for Review,,,,,,,,,,,,,,,e14550c5f04fbfc18894c08154170e646e6af0a63d8dffbdc0c559d0b43ac55e,b8d969d3ea99591de53001f763516d5c45da387ee786035e62371f64593087e3
simple,Canlak Black Wet Glaze,362,CAN-000000363,,"Canlak Black Wet Glaze is a decorative or finishing glaze used to adjust colour, accent detail or create visual depth on a compatible prepared coating system. Confirm preparation, compatibility, application, coverage and recoat requirements in the current label or technical data sheet. Confirm the exact item and package before ordering.",,Lacquer and Millwork Coatings > Canlak,"decorative glaze, wood finishing glaze, toning finish, decorative coating",Canlak,CANLAK,https://raw.githubusercontent.com/kinggoff/NewSteelesImages/main/review-images/CAN-000000358-canlak-industrial-pail.png?raw=true,Images for Review,,,,,,,,,,,,,,,e14550c5f04fbfc18894c08154170e646e6af0a63d8dffbdc0c559d0b43ac55e,efce46ace873a17a73ebfd0b6cc85a8d0ad2dc967728c1210e8b2d9707bafb3b
simple,Chapin Xtreme Concrete Sprayer,363,CHA-000000364,,"Chapin Xtreme Concrete Sprayer is a portable sprayer for applying compatible liquid materials in a controlled pattern; seals, nozzle and pressure range must suit the product being sprayed. Review the listed format and current manufacturer instructions to confirm compatibility, safe use, cleaning and storage for the intended job.",,Painting Tools & Accessories > Tools,"concrete sprayer, chemical sprayer, pump sprayer, coating application equipment",Chapin,CHAPIN,https://raw.githubusercontent.com/kinggoff/NewSteelesImages/main/review-images/CHA-000000364-chapin-19049-xtreme-concrete-sprayer.png?raw=true,Images for Review,,,,,,,,,,,,,,,1f581262ab6cfc27654f268bd7f1f6258b929cc43b2c87a3ed703bb95f46d16d,077a99fde75c656fda91260c8d7e984f3917493c495692ce9a491a755183c303
simple,Allpro Mini Wallpaper Sprayer,364,AP-000000365,,"Allpro Mini Wallpaper Sprayer is a portable sprayer for applying compatible liquid materials in a controlled pattern; seals, nozzle and pressure range must suit the product being sprayed. Review the listed format and current manufacturer instructions to confirm compatibility, safe use, cleaning and storage for the intended job.",,Painting Tools & Accessories > Tools,"wallpaper sprayer, pump sprayer, wallcovering removal tool, chemical application equipment",AllPro,CHAPIN,https://raw.githubusercontent.com/kinggoff/NewSteelesImages/main/review-images/AP-000000365-allpro-48oz-wallpaper-sprayer.png?raw=true,Images for Review,,,,,,,,,,,,,,,62eab2b22b4b98897f53cfdda9d316e751c9c33afa5e45685905de5810187763,4a8833cc387a83a49a16d298513b5ef94dd0c6cf3a4114d952f9325f7f301765
simple,Corona Ultraweave Roller,365,COR-000000366,,"Corona Ultraweave Roller is a paint-roller cover or refill for applying compatible coatings; its stated fabric, width and nap help determine finish texture, loading and surface reach. Choose the listed size for the surface and coating, then clean or dispose of the applicator according to current product guidance.",,Painting Tools & Accessories > Tools,"paint roller cover, paint roller refill, paint applicator, painting tool",Corona,COR02-S,https://raw.githubusercontent.com/kinggoff/NewSteelesImages/main/review-images/COR-000000366-corona-ultraweave-9-inch-half-inch-nap.png?raw=true,Images for Review,,,,,Variants,"1/2"" x 3PK | 1/2""",1,1,,,,,,,2bec448d4a137aaa5de79dd758ed8322c1f4302f98146e1909c35d916b89f436,a7a68b55dc0f33d57b8758e46590c14ffb441c2806504fdd98e936454d777647
simple,Corona Ultrafast,366,COR-000000367,,"Corona Ultrafast is a paint-roller refill for applying compatible coatings, with the product family and selected nap determining loading, release and surface texture. Review the listed format and current manufacturer instructions to confirm compatibility, safe use, cleaning and storage for the intended job.",,Painting Tools & Accessories > Tools,"paint roller cover, paint roller refill, fabric roller cover, paint applicator",Corona,COR02-S,https://raw.githubusercontent.com/kinggoff/NewSteelesImages/main/review-images/COR-000000367-corona-ultrafast-9-inch-half-inch-nap.png?raw=true,Images for Review,,,,,,,,,,,,,,,c858ad3514899a8a35ccdc73b45666da675ad58717885e28667c82f7a30f92c5,6ee3f9474f8c0fe53692e62ef952598b65ac14283d9434592973c76da71ec010
simple,Corona Glasskoter Mohair,367,COR-000000368,,"Corona Glasskoter Mohair is a paint-roller cover or refill for applying compatible coatings; its stated fabric, width and nap help determine finish texture, loading and surface reach. Review the listed format and current manufacturer instructions to confirm compatibility, safe use, cleaning and storage for the intended job.",,Painting Tools & Accessories > Tools,"paint roller cover, paint roller refill, paint applicator, painting tool, mohair roller cover",Corona,COR02-S,https://raw.githubusercontent.com/kinggoff/NewSteelesImages/main/review-images/COR-000000368-corona-glasskoter-mohair-roller-cover.png?raw=true,Images for Review,,,,,,,,,,,,,,,7557a9dba076b11df341b94717b0e3cb9385e52c7c032d8f85ab608794bcba38,0534c168a902bd88914ebcd721382e2429d9421e494420629155b6628c21eb7d
simple,Cortez Latex Brush Corona,368,COR-000000369,,"Cortez Latex Brush Corona from Corona is a purpose-shaped brush for controlled application of compatible paint, stain or decorative coating; its filament style and profile suit the task named in the product. Choose the listed size for the surface and coating, then clean or dispose of the applicator according to current product guidance.",,Painting Tools & Accessories > Tools,"paint brush, paint applicator, painting tool, bristle brush",Corona,COR02-S,https://raw.githubusercontent.com/kinggoff/NewSteelesImages/main/review-images/COR-000000369-corona-cortez-2-5-inch-angle-brush.png?raw=true,Images for Review,,,,,,,,,,,,,,,81a778bae71f5752e2f0bf4a6a0299addb811e90878ec4a8abf04f0ac69c4af1,91975a0ccfbcdbc888b47a870aed200e714b5d7a971047c0946a0a460561d6d1
simple,Shelby Latex Brush,369,COR-000000370,,"Shelby Latex Brush from Corona is a purpose-shaped brush for controlled application of compatible paint, stain or decorative coating; its filament style and profile suit the task named in the product. Choose the listed size for the surface and coating, then clean or dispose of the applicator according to current product guidance.",,Painting Tools & Accessories > Tools,"paint brush, paint applicator, painting tool, bristle brush",Corona,COR02-S,https://raw.githubusercontent.com/kinggoff/NewSteelesImages/main/review-images/COR-000000370-corona-shelby-2-5-inch-angle-brush.png?raw=true,Images for Review,,,,,,,,,,,,,,,85daa6eb762b32d85fcbedc4ad7ad784d19fdaa00caf8def4a1c7dadbbf97874,2ec52b57a59b3ba300b3e887dc129472ae2e39f7d19ee192faa871bb93ba8916
simple,Excalibur Chinex Brush Corona,370,COR-000000371,,"Excalibur Chinex Brush Corona from Corona is a purpose-shaped brush for controlled application of compatible paint, stain or decorative coating; its filament style and profile suit the task named in the product. Choose the listed size for the surface and coating, then clean or dispose of the applicator according to current product guidance.",,Painting Tools & Accessories > Tools,"paint brush, paint applicator, painting tool, bristle brush",Corona,COR02-S,https://raw.githubusercontent.com/kinggoff/NewSteelesImages/main/review-images/COR-000000371-corona-excalibur-3-inch-chinex-brush.png?raw=true,Images for Review,,,,,,,,,,,,,,,cfbed5247a5b32e92cd89da51a26ae7ef50deb6ddbdcbd6a5c974ffe9533cb44,ed65e2cd5b3c52335874d69118a2408679dd58115c09edb4f6fdf0fc204b0c18
simple,Corona Ryan Chinex Brush,371,COR-000000372,,"Corona Ryan Chinex Brush is a purpose-shaped brush for controlled application of compatible paint, stain or decorative coating; its filament style and profile suit the task named in the product. Choose the listed size for the surface and coating, then clean or dispose of the applicator according to current product guidance.",,Painting Tools & Accessories > Tools,"paint brush, paint applicator, painting tool, bristle brush",Corona,COR02-S,https://raw.githubusercontent.com/kinggoff/NewSteelesImages/main/review-images/COR-000000372-corona-ryan-2-5-inch-chinex-brush.png?raw=true,Images for Review,,,,,,,,,,,,,,,2393b821d6dc3f02c5d8c585195a48e759bac5649cbf11a530ac44cf95272a81,744b431e49fe92790131fc0ccef57455fdf493f96759b05049d85d97942fbfb5
simple,Vegas Latex Brush,372,COR-000000373,,"Vegas Latex Brush from Corona is a purpose-shaped brush for controlled application of compatible paint, stain or decorative coating; its filament style and profile suit the task named in the product. Choose the listed size for the surface and coating, then clean or dispose of the applicator according to current product guidance.",,Painting Tools & Accessories > Tools,"paint brush, paint applicator, painting tool, bristle brush",Corona,COR02-S,https://raw.githubusercontent.com/kinggoff/NewSteelesImages/main/review-images/COR-000000373-corona-vegas-2-5-inch-brush.png?raw=true,Images for Review,,,,,,,,,,,,,,,2bdc0efe17600f00bb924684c45edebccb9f4ee2385a1852f8320399d1b22de7,2533c4475ac6f03aecffc9b3eeb46f84053bd6b480f01ba83fa2fb9493bfb4ba
simple,Sabre Brush Corona,373,COR-000000374,,"Sabre Brush Corona from Corona is a paint or decorative-finish brush whose stated shape, filament and size are intended to provide control for the named application. Choose the listed size for the surface and coating, then clean or dispose of the applicator according to current product guidance. Confirm the exact item and package before ordering.",,Painting Tools & Accessories > Tools,"paint brush, paint applicator, painting tool, bristle brush",Corona,COR02-S,https://raw.githubusercontent.com/kinggoff/NewSteelesImages/main/review-images/COR-000000374-corona-sabre-2-5-inch-angle-brush.png?raw=true,Images for Review,,,,,,,,,,,,,,,3e44990defac6894d604a4679fb6fdc6149506f18ad2777a3c8d2f96a10b22ca,80a93431dde5d9af59aa6cc941d4ca7cafd53de03469d3b8629fd55a45a05898
simple,Corona Classic Smoother,374,COR-000000375,,"Corona Classic Smoother is a hand-finishing tool for applying, shaping or smoothing patching compound, joint compound, filler or wallcovering material. Review the listed format and current manufacturer instructions to confirm compatibility, safe use, cleaning and storage for the intended job. Confirm the exact item and package before ordering.",,Painting Tools & Accessories > Tools,"wallpaper smoother, wallcovering tool, smoothing tool, installation tool",Corona,COR02-S,https://raw.githubusercontent.com/kinggoff/NewSteelesImages/main/review-images/COR-000000375-corona-classic-smoother-12-inch.png?raw=true,Images for Review,,,,,,,,,,,,,,,0ed2d56a5b610af3325ade5ef9b316137c839a4a1a06c5d5de3ba75bcf5e261d,5cf2cec6a3f552dc19a80aa88132e957f99df90abc113cd251c4c39e90d4667f
simple,Cutek Extreme,375,CUT-000000376,,"Cutek Extreme is a wood-finishing product for colouring, conditioning or protecting the compatible interior or exterior wood surface named in the product. Confirm preparation, compatibility, application, coverage and recoat requirements in the current label or technical data sheet. Confirm the exact item and package before ordering.",,Paints > Exterior,"penetrating wood oil, exterior wood finish, wood preservative, oil-based wood finish",Cutek,CUTEK,https://raw.githubusercontent.com/kinggoff/NewSteelesImages/main/review-images/CUT-000000376-cutek-extreme-3-6l.png?raw=true,Images for Review,,,,,,,,,CUTEK Extreme Canada/US=https://raw.githubusercontent.com/kinggoff/NewSteelesImages/main/PDFs/SDS/cutek-CUTEK-Extreme-EN-Canada-US-SDS-2025-03-30-2.pdf?raw=true,CUTEK Extreme Canada=https://raw.githubusercontent.com/kinggoff/NewSteelesImages/main/PDFs/TDS/cutek-CUTEK--Extreme-TDS-Canada-English-Web.pdf?raw=true,CUTEK Extreme Canada/US=https://raw.githubusercontent.com/kinggoff/NewSteelesImages/main/PDFs/SDS/cutek-CUTEK-Extreme-EN-Canada-US-SDS-2025-03-30-2.pdf?raw=true,,CUTEK Extreme Canada=https://raw.githubusercontent.com/kinggoff/NewSteelesImages/main/PDFs/TDS/cutek-CUTEK--Extreme-TDS-Canada-English-Web.pdf?raw=true,,674eac8aaca11daed1e0821fd387fd1272d60bebba580bff61d8cd43b144c013,0091add24919f56754d6eb03d2e852fee1cdc98bf7f835cd6b22c615e0238c70
simple,Dynaflex 50Yr Caulking White,376,DAP-000000377,,"Dynaflex 50Yr Caulking White from DAP is a gap-filling sealant for compatible joints and seams; substrate, movement, moisture exposure and paintability should be checked for the application. Use on clean, compatible joints and follow the label for gap size, tooling, cure, moisture exposure and paintability.",,Painting Tools & Accessories > Paint Prep & Repairs,"sealant, caulk, joint sealant, gap-filling compound, elastomeric sealant, paintable caulk",DAP,DAP,https://raw.githubusercontent.com/kinggoff/NewSteelesImages/main/review-images/DAP-000000377-dynaflex-230-50-year-white-caulk.png?raw=true,Images for Review,,,,,,,,,,,,,,,b4b565bb73a47a219b91b6d69c149dde8929b3a0a84096ec544731751417595e,90f51bb99c3f7bd36aa0c7ab68aacc7b40cfc5bab031ea0c557afcefc66b95e8
simple,Drydex Spackling,377,DAP-000000378,,"Drydex Spackling from DAP is a repair material for filling, patching, glazing, rebuilding or stabilizing the compatible wood, drywall, window or masonry surface indicated by the product name. Apply to a clean, sound surface and follow the label for mixing, layer depth, drying or cure, sanding and topcoating.",,Painting Tools & Accessories > Paint Prep & Repairs,"spackling compound, wall repair filler, patching compound, surface repair product",DAP,DAP,https://raw.githubusercontent.com/kinggoff/NewSteelesImages/main/review-images/14-dap-000000378-drydex-spackling.png?raw=true,Image Added,,,,,,,,,,,,,,,d0e475f79e1b56ea1c6eb107f58a5e9be46ff6b626cd50f25125ee8a8feb238e,90b0b3e5cd5cb5d8d034285d9bf9fb08a3d748381be82cfbccd5ffb44d166b12
simple,DAP Silicone Caulk White,378,DAP-000000379,,"DAP Silicone Caulk White is a gap-filling sealant for compatible joints and seams; substrate, movement, moisture exposure and paintability should be checked for the application. Use on clean, compatible joints and follow the label for gap size, tooling, cure, moisture exposure and paintability. Confirm the exact item and package before ordering.",,Painting Tools & Accessories > Paint Prep & Repairs,"sealant, caulk, joint sealant, gap-filling compound, silicone sealant, waterproof caulk",DAP,DAP,https://raw.githubusercontent.com/kinggoff/NewSteelesImages/main/review-images/DAP-000000379-100-percent-silicone-white-caulk.png?raw=true,Images for Review,,,,,,,,,,,,,,,0d3f2e7e754c86fed7c9a25f81c2fed60d925cf03bc30764b58c9e1c719bfdd6,0c6c3be084094e20a28d628107e23f98817f74d5e1a3844226b29d36d2910f3a
simple,DAP Premium Wood Filler,379,DAP-000000380,,"DAP Premium Wood Filler is a repair material for filling, patching, glazing, rebuilding or stabilizing the compatible wood, drywall, window or masonry surface indicated by the product name. Apply to a clean, sound surface and follow the label for mixing, layer depth, drying or cure, sanding and topcoating.",,Painting Tools & Accessories > Paint Prep & Repairs,"wood filler, wood repair compound, grain filler, surface repair product",DAP,DAP,https://raw.githubusercontent.com/kinggoff/NewSteelesImages/main/review-images/DAP-000000380-premium-wood-filler-16oz.png?raw=true,Images for Review,,,,,,,,,,,,,,,51edb56d559bdaeb6f73ba5756b85ba8ba1ce48ecc36b8174a6c3b7390ab1807,075c1c13dd3ac011473ec098dd9d7b2dcc5c3d12370105878fb0b933a7a2396b
simple,DAP Platinum Patch,380,DAP-000000381,,"DAP Platinum Patch is a repair material for filling, patching, glazing, rebuilding or stabilizing the compatible wood, drywall, window or masonry surface indicated by the product name. Apply to a clean, sound surface and follow the label for mixing, layer depth, drying or cure, sanding and topcoating.",,Painting Tools & Accessories > Paint Prep & Repairs,"spackling compound, wall repair filler, patching compound, surface repair product",DAP,DAP,https://raw.githubusercontent.com/kinggoff/NewSteelesImages/main/review-images/DAP-000000381-platinum-patch-946ml.png?raw=true,Images for Review,,,,,Variants,Quart | 207ML,1,1,,,,,,,8466f8a6e8ae357cd91417a34aab2fa6c77fe179d1f095a18305921a38579657,114262939b0b48e4bdb08f6efe919b5868382505fa1196b1f37b52cc67680867
simple,DAP Natural WoodPro Wood Filler - Squeeze Tube,381,DAP-000000382,,"DAP Natural WoodPro Wood Filler - Squeeze Tube is a repair material for filling, patching, glazing, rebuilding or stabilizing the compatible wood, drywall, window or masonry surface indicated by the product name. Apply to a clean, sound surface and follow the label for mixing, layer depth, drying or cure, sanding and topcoating.",,Painting Tools & Accessories > Paint Prep & Repairs,"wood filler, wood repair compound, grain filler, surface repair product",DAP,DAP,https://raw.githubusercontent.com/kinggoff/NewSteelesImages/main/review-images/DAP-000000382-natural-woodpro-wood-filler-85g.png?raw=true,Images for Review,,,,,,,,,,,,,,,3a036bb2af695ac266236a44e020643e172cc4563e8b322b2f485b7bc10a1163,8c665ce724d6ab0ceffa9eed5a68a6927cd21f8abb5dcdc7a205eb561873f923
simple,DAP Kwik Seal Ultra White,382,DAP-000000383,,"DAP Kwik Seal Ultra White is a gap-filling sealant for compatible joints and seams; substrate, movement, moisture exposure and paintability should be checked for the application. Review the listed format and current manufacturer instructions to confirm compatibility, safe use, cleaning and storage for the intended job.",,Painting Tools & Accessories > Paint Prep & Repairs,"sealant, caulk, joint sealant, gap-filling compound, kitchen and bath sealant, acrylic latex caulk",DAP,DAP,https://raw.githubusercontent.com/kinggoff/NewSteelesImages/main/review-images/15-dap-000000383-dap-kwik-seal-ultra-white.png?raw=true,Image Added,,,,,,,,,,,,,,,9d1a8ee2afdaab19156e87327fdc20a9d94b4b29132db670920ad98829284cd3,740aa937c82bece4d8933e6754aff583bac13be385d8f1127bd45278677969a2
simple,DAP Kwik Seal,383,DAP-000000384,,"DAP Kwik Seal is a gap-filling sealant for compatible joints and seams; substrate, movement, moisture exposure and paintability should be checked for the application. Review the listed format and current manufacturer instructions to confirm compatibility, safe use, cleaning and storage for the intended job.",,Painting Tools & Accessories > Paint Prep & Repairs,"sealant, caulk, joint sealant, gap-filling compound, kitchen and bath sealant, acrylic latex caulk",DAP,DAP,https://raw.githubusercontent.com/kinggoff/NewSteelesImages/main/review-images/DAP-000000384-kwik-seal-white-5-5oz.png?raw=true,Images for Review,,,,,,,,,,,,,,,4e3b1222abe7d1c2b0a0ae654081a24110e0d0f0fde4ec6f1ee231e937e823d2,47315f20c0be685dc0c9bbd30e9c5af147163ca95929c4b4448e926f61234a35
simple,DAP Fast'N Final Filler,384,DAP-000000385,,"DAP Fast'N Final Filler is a repair material for filling, patching, glazing, rebuilding or stabilizing the compatible wood, drywall, window or masonry surface indicated by the product name. Apply to a clean, sound surface and follow the label for mixing, layer depth, drying or cure, sanding and topcoating.",,Painting Tools & Accessories > Paint Prep & Repairs,"spackling compound, wall repair filler, patching compound, surface repair product",DAP,DAP,https://raw.githubusercontent.com/kinggoff/NewSteelesImages/main/review-images/DAP-000000385-fast-n-final-16oz.png?raw=true,Images for Review,,,,,,,,,,,,,,,cc6925a5701a62d7678d8ed5b62bf0a73e05a0b5e855fd7bdd7c7f35dd9028eb,bd8ef5fd7d365129d84d4ba6c30d81294f65eb7801370c1ac853333a40aa272e
simple,DAP Fast Dry Premium Spackling,385,DAP-000000386,,"DAP Fast Dry Premium Spackling is a repair material for filling, patching, glazing, rebuilding or stabilizing the compatible wood, drywall, window or masonry surface indicated by the product name. Apply to a clean, sound surface and follow the label for mixing, layer depth, drying or cure, sanding and topcoating.",,Painting Tools & Accessories > Paint Prep & Repairs,"spackling compound, wall repair filler, patching compound, surface repair product",DAP,DAP,https://raw.githubusercontent.com/kinggoff/NewSteelesImages/main/review-images/DAP-000000386-fast-dry-premium-spackling-32oz.png?raw=true,Images for Review,,,,,,,,,,,,,,,26e76281aa545e15290a0a6c41d1acc7f58cf94805db18b1a189473bae26f909,da8f6649989c59ddadbcb4886ceb4564da3e25e27e9619570e0be535e423fffd
simple,DAP Alex Flex Spackling,386,DAP-000000387,,"DAP Alex Flex Spackling is a repair material for filling, patching, glazing, rebuilding or stabilizing the compatible wood, drywall, window or masonry surface indicated by the product name. Apply to a clean, sound surface and follow the label for mixing, layer depth, drying or cure, sanding and topcoating.",,Painting Tools & Accessories > Paint Prep & Repairs,"spackling compound, wall repair filler, patching compound, surface repair product",DAP,DAP,https://raw.githubusercontent.com/kinggoff/NewSteelesImages/main/review-images/DAP-000000387-alex-flex-spackling-473ml.png?raw=true,Images for Review,,,,,,,,,,,,,,,887664df314a687c8df994d3f382f636cc84f3ced2f93336048ac5c9e1379352,2a159f7e8bc0d8c45efc83c7d07cfa168085470291a93430815d6309852c4eac
simple,DAP Alex Fast Dry Contractor,387,DAP-000000388,,"DAP Alex Fast Dry Contractor is a gap-filling sealant for compatible joints and seams; substrate, movement, moisture exposure and paintability should be checked for the application. Review the listed format and current manufacturer instructions to confirm compatibility, safe use, cleaning and storage for the intended job.",,Painting Tools & Accessories > Paint Prep & Repairs,"sealant, caulk, joint sealant, gap-filling compound",DAP,DAP,https://raw.githubusercontent.com/kinggoff/NewSteelesImages/main/review-images/16-dap-000000388-dap-alex-fast-dry-contractor.png?raw=true,Image Added,,,,,,,,,,,,,,,e1d8c2474d107aafe8e692e830b45e7943467acf46a4e40df6f043f1c23a1202,cf6c202abd1803afb147e9ab7ada2e529e4266257c87df16046f33286f75b980
simple,DAP Alex Fast Dry Caulk Squeeze Tube,388,DAP-000000389,,"DAP Alex Fast Dry Caulk Squeeze Tube is a gap-filling sealant for compatible joints and seams; substrate, movement, moisture exposure and paintability should be checked for the application. Use on clean, compatible joints and follow the label for gap size, tooling, cure, moisture exposure and paintability.",,Painting Tools & Accessories > Paint Prep & Repairs,"sealant, caulk, joint sealant, gap-filling compound",DAP,DAP,https://raw.githubusercontent.com/kinggoff/NewSteelesImages/main/review-images/DAP-000000389-alex-fast-dry-white-162ml-squeeze-tube.png?raw=true,Images for Review,,,,,,,,,,,,,,,310a9ef50ab08161d096935599e6f6899c8140a70a34ca51dedb0b1b6790fc87,960d98ce63f68ffafc0611d59b52ef4b3b79cbe0717086482771afaacb55d01a
simple,DAP Alex Fast Dry Caulk Squeeze,389,DAP-000000390,,"DAP Alex Fast Dry Caulk Squeeze is a gap-filling sealant for compatible joints and seams; substrate, movement, moisture exposure and paintability should be checked for the application. Use on clean, compatible joints and follow the label for gap size, tooling, cure, moisture exposure and paintability.",,Painting Tools & Accessories > Paint Prep & Repairs,"sealant, caulk, joint sealant, gap-filling compound",DAP,DAP,https://raw.githubusercontent.com/kinggoff/NewSteelesImages/main/review-images/17-dap-000000390-dap-alex-fast-dry-caulk-squeeze.png?raw=true,Image Added,,,,,,,,,,,,,,,c7a73cb21e37218c20ccb1611f4c4a0cc608fe16dd04b93d14088be4164c3e28,8869eaa09c8dd6db5c210452c302f2dc9175093407bb93a7148d4e55c31836b6
simple,DAP Alex Fast Dry,390,DAP-000000391,,"DAP Alex Fast Dry is a gap-filling sealant for compatible joints and seams; substrate, movement, moisture exposure and paintability should be checked for the application. Review the listed format and current manufacturer instructions to confirm compatibility, safe use, cleaning and storage for the intended job.",,Painting Tools & Accessories > Paint Prep & Repairs,"sealant, caulk, joint sealant, gap-filling compound",DAP,DAP,https://raw.githubusercontent.com/kinggoff/NewSteelesImages/main/review-images/18-dap-000000391-dap-alex-fast-dry.png?raw=true,Image Added,,,,,,,,,,,,,,,e1d8c2474d107aafe8e692e830b45e7943467acf46a4e40df6f043f1c23a1202,aaf8adccca23aab846dbcc3173deecc1550263113837faeb4aaff865d2c5ecde
simple,DAP 33 Glazing,391,DAP-000000392,,"DAP 33 Glazing is a repair material for filling, patching, glazing, rebuilding or stabilizing the compatible wood, drywall, window or masonry surface indicated by the product name. Review the listed format and current manufacturer instructions to confirm compatibility, safe use, cleaning and storage for the intended job.",,Painting Tools & Accessories > Paint Prep & Repairs,"window glazing putty, glazing compound, window repair material, oil-based putty",DAP,DAP,https://raw.githubusercontent.com/kinggoff/NewSteelesImages/main/review-images/DAP-000000392-dap-33-glazing-half-pint.png?raw=true,Images for Review,,,,,Variants,1LT | 4 Litres,1,1,,,,,,,eaef61de213eeacb32b58b8077756081e17b691fa5c65ea4620f25aeefffaa90,71834defa4bf17bf8894226556e0d2375084c69c6640cb3e032ad16abf17c97b
simple,Plaster Of Paris,392,DAP-000000393,,"Plaster Of Paris from DAP is a repair material for filling, patching, glazing, rebuilding or stabilizing the compatible wood, drywall, window or masonry surface indicated by the product name. Apply to a clean, sound surface and follow the label for mixing, layer depth, drying or cure, sanding and topcoating.",,Painting Tools & Accessories > Paint Prep & Repairs,"plaster of paris, patching plaster, repair compound, gypsum plaster",DAP,DAP,https://raw.githubusercontent.com/kinggoff/NewSteelesImages/main/review-images/DAP-000000393-plaster-of-paris-25lb-bag.png?raw=true,Images for Review,,,,,,,,,,,,,,,dac5d884710846a82739b2a085e3beae57be51a7362a77a85097f3f2904b5e1f,0059d3354cc0c40ff11f04db730d49605f363e4992e4799f81ad470fb88874ab
simple,Decozi Window Film,393,DEC-000000394,,"Decozi Window Film is a decorative window film for changing the appearance or privacy of compatible glass without applying a liquid coating. Selection should be based on the specific task, material, working conditions and compatible products in the complete system. Confirm preparation, compatibility, application, coverage and recoat requirements in the current label or technical data sheet.",,Specialty & Decorative Products > Window Films,"decorative window film, self-adhesive film, privacy film, window covering",Decozi,DECOZI,https://raw.githubusercontent.com/kinggoff/NewSteelesImages/main/review-images/DEC-000000394-decozi-window-film-dso-02.png?raw=true,Images for Review,,,,,Variants,"48"" | 36""",1,1,,,,,,,0cfd9fa962c90ad27afeab22471b70008847fbd9b28641474a4b57adf4cd532a,0a5fc21abaa2d02445761c27ec8e49c218fc6f11f31f8440b69cc694935dacf1
simple,Full Body Harness With Lanyard,394,DEG-000000395,,"Full Body Harness With Lanyard from Degil is a fall-protection harness and lanyard assembly for trained users working in a properly designed fall-arrest system. Confirm fit, compatibility and required protection before use, and follow the current safety instructions for the actual workplace hazard. Confirm the exact item and package before ordering.",,Painting Tools & Accessories > Clothing & Safety,"fall-arrest harness, safety lanyard, fall protection, jobsite safety gear",Degil,DEG01,https://raw.githubusercontent.com/kinggoff/NewSteelesImages/main/review-images/DEG-000000395-degil-full-body-harness-lanyard-kit.png?raw=true,Images for Review,,,,,,,,,,,,,,,de6e138430d35b0bc924db2e3559789437de6cc8bf81bcfc5f0da02ce2608507,242333356fb0f9db8419a0920c2f3da80c4c61208e6e52daf0f76a74c59fa604
simple,Hard Hat,395,DEG-000000396,,"Hard Hat from Degil is head protection for worksites where compatible, properly fitted protective equipment is required. Selection should be based on the specific task, material, working conditions and compatible products in the complete system. Confirm fit, compatibility and required protection before use, and follow the current safety instructions for the actual workplace hazard.",,Painting Tools & Accessories > Clothing & Safety,"hard hat, head protection, jobsite safety gear, personal protective equipment",Degil,DEG01,https://raw.githubusercontent.com/kinggoff/NewSteelesImages/main/review-images/DEG-000000396-degil-type-1-white-hard-hat.png?raw=true,Images for Review,,,,,,,,,,,,,,,257f84c6f2987b4aab02a6234df16d5f01438ad0db0b5bbc9ab11dafff849149,879f4ba8ea4283190647120fc3e075bbbc8b12558a782232232398adc8b6802b
simple,Citation 932 Safety Glasses Gray,396,DEN-000000397,,"Citation 932 Safety Glasses Gray from Dentec is protective eyewear for general jobsite tasks where flying particles, dust or incidental splash may be present. Confirm fit, compatibility and required protection before use, and follow the current safety instructions for the actual workplace hazard. Confirm the exact item and package before ordering.",,Painting Tools & Accessories > Clothing & Safety,"safety glasses, eye protection, protective eyewear, jobsite safety gear",Dentec,DENTEC,https://raw.githubusercontent.com/kinggoff/NewSteelesImages/main/review-images/DEN-000000397-dentec-citation-932-gray-safety-glasses.png?raw=true,Images for Review,,,,,,,,,,,,,,,563a6df0990e9002288caf69832d0e1d428138189157beaba8f5a01b509d6b4d,c7f0716657f7c42055fed2e4ed59b7e9ca6687ec52e471dc1162ada58e47fafc
simple,DICKIES PAINTERS OVERALLS 34x30,397,DIC-000000398,,"DICKIES PAINTERS OVERALLS 34x30 is jobsite clothing or personal protective wear intended to help keep ordinary paint, dust and surface-preparation debris off the user. Confirm fit, compatibility and required protection before use, and follow the current safety instructions for the actual workplace hazard.",,Painting Tools & Accessories > Clothing & Safety,"painter clothing, workwear, protective clothing, coveralls",Dickies,DICKIES,https://raw.githubusercontent.com/kinggoff/NewSteelesImages/main/review-images/DIC-000000398-dickies-white-painters-bib-overalls.png?raw=true,Images for Review,,,,,,,,,,,,,,,3f82388a32021ece986872d754ab89e86b18a4643487c232d37d3eb20f2d3fd5,0562a9936b3587915593c08967cc58f7aa235b87d3f490003a19e2b1ca41e70e
simple,Dickies Painter Shorts Size 34,398,DIC-000000399,,"Dickies Painter Shorts Size 34 is jobsite clothing or personal protective wear intended to help keep ordinary paint, dust and surface-preparation debris off the user. Review the listed format and current manufacturer instructions to confirm compatibility, safe use, cleaning and storage for the intended job.",,Painting Tools & Accessories > Clothing & Safety,"painter clothing, workwear, protective clothing, painter workwear",Dickies,DICKIES,https://raw.githubusercontent.com/kinggoff/NewSteelesImages/main/review-images/DIC-000000399-dickies-white-painter-shorts.png?raw=true,Images for Review,,,,,,,,,,,,,,,522a07f39815491a8708ce4c0b77baeddb343aec047cebae043e9eddc3aeb347,0cf2579216f8b0243149e0a204f1fe513376b544aecc82512a53c3265290ce15
simple,Dickies Painter Pants 32X30,399,DIC-000000400,,"Dickies Painter Pants 32X30 is jobsite clothing or personal protective wear intended to help keep ordinary paint, dust and surface-preparation debris off the user. Review the listed format and current manufacturer instructions to confirm compatibility, safe use, cleaning and storage for the intended job.",,Painting Tools & Accessories > Clothing & Safety,"painter clothing, workwear, protective clothing, painter workwear",Dickies,DICKIES,https://raw.githubusercontent.com/kinggoff/NewSteelesImages/main/review-images/DIC-000000400-dickies-white-painter-pants-32x30.png?raw=true,Images for Review,,,,,,,,,,,,,,,cdfa450f5fff123189d85c6b43e339f08cea1093b5360bc354e7a96c06ad58f8,52289b5c71fabb0976a83bf70d02bd8d2d87a2ce02a22a4a1c71a30bbfe2b39e
simple,Trade Secret Furniture Polish&Cleaner 4,400,TS-000000401,,"Trade Secret Furniture Polish&Cleaner 4 is a surface-preparation or cleanup product for removing the residue named in the product from compatible materials before refinishing. Test first, then follow the label for dilution, dwell time, rinsing, ventilation and protective equipment. Confirm the exact item and package before ordering.",,Painting Tools & Accessories > Paint Prep & Repairs,"furniture polish, furniture cleaner, wood care product, polishing cleaner",Trade Secret,DOVER,https://raw.githubusercontent.com/kinggoff/NewSteelesImages/main/review-images/TS-000000401-trade-secret-furniture-polish-cleaner-236ml.png?raw=true,Images for Review,,,,,,,,,,,,,,,17b1cfeb5fee8d6f9edae134b94b54bb379683ef86f373486e183a223e41484b,4c32dfe49bb0868f692d82218e3b4ffae208a04061ebdc09057a45f9a5a7e77f
simple,Trac Safe Anti Slip Sealer,401,TRA-000000402,,"Trac Safe Anti Slip Sealer from TracSafe is a coating formulated for the interior, exterior, specialty or industrial use indicated by its product name and category. Confirm preparation, compatibility, application, coverage and recoat requirements in the current label or technical data sheet. Confirm the exact item and package before ordering.",,Paints > Specialty Paints,"anti-slip coating, floor coating, protective sealer, specialty coating",TracSafe,DOVER,https://raw.githubusercontent.com/kinggoff/NewSteelesImages/main/review-images/TRA-000000402-tracsafe-anti-slip-sealer-3-78l.png?raw=true,Images for Review,,,,,,,,,TracSafe Anti-Slip Sealer=https://raw.githubusercontent.com/kinggoff/NewSteelesImages/main/PDFs/SDS/tracsafe-SDS-TracSafe-Anti-Slip-Sealer-ENG.pdf?raw=true,TracSafe Anti-Slip Sealer Instruction Sheet=https://raw.githubusercontent.com/kinggoff/NewSteelesImages/main/PDFs/TDS/tracsafe-TracSafe-Anti-Slip-Sealer-Instructions.pdf?raw=true,,TracSafe Anti-Slip Sealer=https://raw.githubusercontent.com/kinggoff/NewSteelesImages/main/PDFs/SDS/tracsafe-SDS-TracSafe-Anti-Slip-Sealer-ENG.pdf?raw=true,TracSafe Anti-Slip Sealer Instruction Sheet=https://raw.githubusercontent.com/kinggoff/NewSteelesImages/main/PDFs/TDS/tracsafe-TracSafe-Anti-Slip-Sealer-Instructions.pdf?raw=true,,f0232eb0c5ea61540dcb0b84b158154df0d030c1af5816ea701b723360db9a90,f7fffb26936b2b3916c4395f3eea0192be2073a7a6e968184a7793618c301f19
simple,Dover Touch-Up Marker 24-Piece Set,402,DOV-000000403,,"Dover Touch-Up Marker 24-Piece Set is a furniture and millwork touch-up product for disguising small scratches, chips or colour loss on a compatible finished surface. Review the listed format and current manufacturer instructions to confirm compatibility, safe use, cleaning and storage for the intended job.",,Painting Tools & Accessories > Paint Prep & Repairs,"touch-up marker, wood repair marker, colour repair pen, finishing tool",Dover,DOVER,https://raw.githubusercontent.com/kinggoff/NewSteelesImages/main/review-images/DOV-000000403-dover-pump-touch-up-marker-set.png?raw=true,Images for Review,,,,,,,,,,,,,,,3780da380f8a6520256f6372cb8fe92a0032b98b2ed5cb75635e3459c4fd1ea2,4f5b6f049811d73b5fe233a3751e3e47706afaf78033ade3d0a60d50eaffe72d
simple,Terrazzo Decorative Silverado,403,TER-000000404,,"Terrazzo Decorative Silverado is a coating formulated for the interior, exterior, specialty or industrial use indicated by its product name and category. Confirm preparation, compatibility, application, coverage and recoat requirements in the current label or technical data sheet. Confirm the exact item and package before ordering.",,Paints > Specialty Paints,"granite resurfacer, decorative floor resurfacer, anti-slip floor coating, acrylic floor coating",Terrazzo,DOVER,https://raw.githubusercontent.com/kinggoff/NewSteelesImages/main/review-images/TER-000000404-terrazzo-silverado-3-gallon.png?raw=true,Images for Review,,,,,,,,,Terrazzo Decorative Granite Coating=https://raw.githubusercontent.com/kinggoff/NewSteelesImages/main/PDFs/SDS/terrazzo-SDS-Terrazzo-Coating-ENG.pdf?raw=true,Terrazzo Installation Instructions=https://raw.githubusercontent.com/kinggoff/NewSteelesImages/main/PDFs/TDS/terrazzo-Terrazzo-Installation-Instructions.pdf?raw=true,,Terrazzo Decorative Granite Coating=https://raw.githubusercontent.com/kinggoff/NewSteelesImages/main/PDFs/SDS/terrazzo-SDS-Terrazzo-Coating-ENG.pdf?raw=true,Terrazzo Installation Instructions=https://raw.githubusercontent.com/kinggoff/NewSteelesImages/main/PDFs/TDS/terrazzo-Terrazzo-Installation-Instructions.pdf?raw=true,,5d63582609232010a5346377c38dd851df155717d0ea2c5504d37b0216ee1d5c,1770675525069c3f0c262b03d6fc9e4984a429fbefb6df34946b8e14e897b35d
simple,Trade Secret Scratch Remover,404,TS-000000405,,"Trade Secret Scratch Remover is a surface-preparation or cleanup product for removing the residue named in the product from compatible materials before refinishing. Its role is to leave the surface ready for the next repair or coating step without assuming compatibility with every material. Test first, then follow the label for dilution, dwell time, rinsing, ventilation and protective equipment.",,Painting Tools & Accessories > Paint Prep & Repairs,"scratch remover, furniture repair product, wood finish restorer, surface polishing compound",Trade Secret,DOVER,https://raw.githubusercontent.com/kinggoff/NewSteelesImages/main/review-images/TS-000000405-trade-secret-scratch-remover-dark-236ml.png?raw=true,Images for Review,Finishes,Dark | Light,1,1,,,,,,,,,,,0e882dcca4a9e5d199a7fd7fc89651127db22aaf9cc4abc5632e86b151dd8140,579bfc269518aeb99ad0ec775fefe205cfb4e26fdbad50d5a977fd061949ac26
simple,Howard Wax It All,405,HOW-000000406,,"Howard Wax It All is a clear or translucent finish for building the sheen and protection appropriate to the compatible surface and coating system. Review the listed format and current manufacturer instructions to confirm compatibility, safe use, cleaning and storage for the intended job. Confirm the exact item and package before ordering.",,Painting Tools & Accessories > Paint Prep & Repairs,"protective wax, paste wax, furniture wax, surface polish",Howard,DOVER,https://raw.githubusercontent.com/kinggoff/NewSteelesImages/main/review-images/HOW-000000406-howard-wax-it-all-9oz.png?raw=true,Images for Review,,,,,,,,,,,,,,,f31f5f8f49192b0d316033fbe401275921d6c4014339b016929e3c98e7255f58,9f10c9694488ebc2c4e86c4d8de196f033041b99ff2d54c45a00b0d8b6ef6561
simple,Dover Classic Fill Sticks,406,PC-000000407,,"Dover Classic Fill Sticks from PC Products is a furniture and millwork touch-up product for disguising small scratches, chips or colour loss on a compatible finished surface. Review the listed format and current manufacturer instructions to confirm compatibility, safe use, cleaning and storage for the intended job.",,Painting Tools & Accessories > Paint Prep & Repairs,"fill stick, wax repair stick, wood repair filler, furniture touch-up product",PC Products,DOVER,https://raw.githubusercontent.com/kinggoff/NewSteelesImages/main/review-images/PC-000000407-dover-classic-fill-sticks.png?raw=true,Images for Review,,,,,,,,,,,,,,,e88f19370ffc1fd9234290268d87941572693174879cd3287191c4a4ea87e7ff,679aab7290ef47f5e9848c0f7eb4daf6f5fd9362b44477c6dcc25978c3901a0e
simple,Caulking Smoothing Finger,407,DOV-000000408,,"Caulking Smoothing Finger from Dover is a gap-filling sealant for compatible joints and seams; substrate, movement, moisture exposure and paintability should be checked for the application. Use on clean, compatible joints and follow the label for gap size, tooling, cure, moisture exposure and paintability.",,Painting Tools & Accessories > Tools,"caulk finishing tool, sealant smoothing tool, hand tool, caulking accessory",Dover,DOVER,https://raw.githubusercontent.com/kinggoff/NewSteelesImages/main/review-images/DOV-000000408-the-caulking-finger-front.png?raw=true,Images for Review,,,,,,,,,,,,,,,fbb3fb0aab2189a43bd312df72577a6aec89871baca8b3b84459b9e4a67dd273,fe50c98b4750128ed56e7e615b13d08d249983c3ef02a4beb6015f5fa84ef3b5
simple,Dover Pump Touch-Up Marker - White,408,DOV-000000409,,"Dover Pump Touch-Up Marker - White is a furniture and millwork touch-up product for disguising small scratches, chips or colour loss on a compatible finished surface. Confirm preparation, compatibility, application, coverage and recoat requirements in the current label or technical data sheet. Confirm the exact item and package before ordering.",,Lacquer and Millwork Coatings > Dover,"touch-up marker, wood repair marker, colour repair pen, finishing tool",Dover,DOVER,https://raw.githubusercontent.com/kinggoff/NewSteelesImages/main/review-images/DOV-000000409-dover-pump-touch-up-marker-white-review.png?raw=true,Images for Review,,,,,,,,,,,,,,,c181ed6029af57abe379b6855e36f130f0e39c233f8da858d090078ef0af3d9b,169fb86600b7994a34975d9e5833909cee801f7a51f5aede3c0311255d203772
simple,Dover Empty Stain Marker Pen Refill,409,DOV-000000410,,"Dover Empty Stain Marker Pen Refill is a paint-roller cover or refill for applying compatible coatings; its stated fabric, width and nap help determine finish texture, loading and surface reach. Confirm preparation, compatibility, application, coverage and recoat requirements in the current label or technical data sheet.",,Lacquer and Millwork Coatings > Dover,"touch-up marker, wood repair marker, colour repair pen, finishing tool",Dover,DOVER,https://raw.githubusercontent.com/kinggoff/NewSteelesImages/main/review-images/DOV-000000410-dover-fill-your-own-empty-marker.png?raw=true,Images for Review,,,,,,,,,,,,,,,13735f857fa0568f9ba6b35c7042a10dd97dea8e6aeedbf916f0bb084cb1d169,97eff22fb8b40e27f62167573c84031f751f0e865f98110a7dcf02dcb013eb08
simple,Dover Spray Universal Walnut,410,DOV-000000411,,"Dover Spray Universal Walnut is an aerosol coating or treatment for the colour, effect or repair task stated in the product name on a compatible prepared surface. Confirm preparation, compatibility, application, coverage and recoat requirements in the current label or technical data sheet. Confirm the exact item and package before ordering.",,Lacquer and Millwork Coatings > Dover,"touch-up spray, aerosol wood coating, furniture repair finish, spray lacquer",Dover,DOVER,https://raw.githubusercontent.com/kinggoff/NewSteelesImages/main/review-images/DOV-000000411-dover-pro-finish-toner-walnut-family.png?raw=true,Images for Review,,,,,,,,,,,,,,,8f74d5175abaf64061ce92cb0961ad863170910b4c09e46d8a5eba2872a3aa54,e943933c0da052b0b0757ea16355965506de2c0b4f3d23954966b06ae02dff53
simple,Dover Spray Gloss White,411,DOV-000000412,,"Dover Spray Gloss White is an aerosol coating or treatment for the colour, effect or repair task stated in the product name on a compatible prepared surface. Confirm preparation, compatibility, application, coverage and recoat requirements in the current label or technical data sheet. Confirm the exact item and package before ordering.",,Lacquer and Millwork Coatings > Dover,"touch-up spray, aerosol wood coating, furniture repair finish, spray lacquer",Dover,DOVER,https://raw.githubusercontent.com/kinggoff/NewSteelesImages/main/review-images/DOV-000000412-dover-pro-finish-opaque-white-family.png?raw=true,Images for Review,,,,,,,,,,,,,,,91cadb93007854e515a72d7862347c7e4a9be38f11c5622b5535a17497b5d1a8,9ae67ae3dcff8237b7823440f52f1d200b171d9ed449e6ab9c9eb76a93883a63
simple,Dover Clear Satin Lacquer,412,DOV-000000413,,"Dover Clear Satin Lacquer is a clear or translucent finish for building the sheen and protection appropriate to the compatible surface and coating system. Colour and sheen can vary with wood species, porosity and preparation, so a representative test area is recommended. Confirm preparation, compatibility, application, coverage and recoat requirements in the current label or technical data sheet.",,Lacquer and Millwork Coatings > Dover,"clear finish, protective coating, clear coat, wood finish, lacquer, wood coating, fast-drying finish, solvent-based finish",Dover,DOVER,https://raw.githubusercontent.com/kinggoff/NewSteelesImages/main/review-images/DOV-000000413-dover-pro-finish-clear-satin-family.png?raw=true,Images for Review,,,,,,,,,,,,,,,7d2e1640f45175a255085166221c8ea90e4289807439b9e00c2886f09da59b68,382fee19f8e2eb0cc9d852a7adc6b2b2b843307811515d5f7bd1ed911dfaf1ea
simple,Dover Blush Stopper/Leveler,413,DOV-000000414,,"Dover Blush Stopper/Leveler is a lacquer repair additive used to address compatible finish defects such as blushing or poor flow in an appropriate coating system. Confirm preparation, compatibility, application, coverage and recoat requirements in the current label or technical data sheet. Confirm the exact item and package before ordering.",,Lacquer and Millwork Coatings > Dover,"lacquer retarder, blush eliminator, finish additive, lacquer additive",Dover,DOVER,https://raw.githubusercontent.com/kinggoff/NewSteelesImages/main/review-images/DOV-000000414-dover-pro-finish-blush-stopper-family.png?raw=true,Image Added,,,,,,,,,,,,,,,d5af7556fcd56070e7a24798a43e5eacdd0f28263c6d7342f303fc9e509d88af,dc7d2d45c803b89eba4500b0951cfbbd651394e35bc3d2653aaeff56c095fbb8
simple,Skrapr + Skrapr Jr,414,SKR-000000415,,"Skrapr + Skrapr Jr is a hand scraper for removing loose paint, adhesive residue, coatings or surface buildup during preparation and cleanup. Review the listed format and current manufacturer instructions to confirm compatibility, safe use, cleaning and storage for the intended job. Confirm the exact item and package before ordering.",,Painting Tools & Accessories > Tools,"scraper, surface preparation tool, hand tool, painting tool",Skrapr,DOVER,https://raw.githubusercontent.com/kinggoff/NewSteelesImages/main/review-images/SKR-000000415-skrapr-and-skrapr-jr.png?raw=true,Image Added,,,,,,,,,,,,,,,4ac65cf75ed6fbb274c4db92d39d9c9f122b83dcebb4cbe7572ef93ad4e27627,8306b8345a7955b979adc355635405b4875f16e2f5391bef3d35a1a881487b3a
simple,Allpro Dripless Caulking Gun 3000,415,AP-000000416,,"Allpro Dripless Caulking Gun 3000 is a manual caulking gun for dispensing compatible cartridge sealants and adhesives with controlled pressure at joints, gaps and seams. Use on clean, compatible joints and follow the label for gap size, tooling, cure, moisture exposure and paintability. Confirm the exact item and package before ordering.",,Painting Tools & Accessories > Tools,"caulking gun, sealant applicator, cartridge applicator, hand tool",AllPro,CANPRO,https://raw.githubusercontent.com/kinggoff/NewSteelesImages/main/review-images/AP-000000416-allpro-gold-pro-3000-caulk-gun.png?raw=true,Image Added,,,,,,,,,,,,,,,2aaced54a029293633588814b7bd2741b7a1876f786fdddcfc65a32f04c8ee08,1f492c735936a73abd201e4c23c21344d714b9d19174f4cd3364ebbba6bed66f
simple,Allpro Dripless Caulking Gun 2000,416,AP-000000417,,"Allpro Dripless Caulking Gun 2000 is a manual caulking gun for dispensing compatible cartridge sealants and adhesives with controlled pressure at joints, gaps and seams. Use on clean, compatible joints and follow the label for gap size, tooling, cure, moisture exposure and paintability. Confirm the exact item and package before ordering.",,Painting Tools & Accessories > Tools,"caulking gun, sealant applicator, cartridge applicator, hand tool",AllPro,CANPRO,https://raw.githubusercontent.com/kinggoff/NewSteelesImages/main/review-images/AP-000000417-allpro-gold-pro-2000-caulk-gun.png?raw=true,Image Added,,,,,,,,,,,,,,,16654fc82727c77b066ee8beacc34d93b6e47be3bbc1d1509ce3e1809a651328,a167c21cce12d96bddb1d483d2213f7378c867e77819f806995b41999b05a5f3
simple,Allpro Consumer Dripless Gun,417,AP-000000418,,"Allpro Consumer Dripless Gun is a manual caulking gun for dispensing compatible cartridge sealants and adhesives with controlled pressure at joints, gaps and seams. Review the listed format and current manufacturer instructions to confirm compatibility, safe use, cleaning and storage for the intended job.",,Painting Tools & Accessories > Tools,"caulking gun, sealant applicator, cartridge applicator, hand tool",AllPro,CANPRO,https://raw.githubusercontent.com/kinggoff/NewSteelesImages/main/review-images/AP-000000418-allpro-100c-consumer-caulk-gun.png?raw=true,Image Added,,,,,,,,,,,,,,,70d3cd1658877c1eb7d0dc167adacf7fcd4ef8efa353a544679055deaf234718,4277451fc24dad9d93be67a394c4cc26ec0ee3ddb53f75a7a8cff24c5eb59ba6
simple,Watchdog Wipe Out Graffiti Remover 1,418,DU-000000419,,"Watchdog Wipe Out Graffiti Remover 1 from Dumond is a surface-preparation or cleanup product for removing the residue named in the product from compatible materials before refinishing. Test first, then follow the label for dilution, dwell time, rinsing, ventilation and protective equipment. Confirm the exact item and package before ordering.",,Painting Tools & Accessories > Paint Prep & Repairs,"graffiti remover, coating remover, surface cleaner, solvent cleaner",Dumond,MUM01,https://raw.githubusercontent.com/kinggoff/NewSteelesImages/main/review-images/DU-000000419-dumond-watch-dog-wipe-out-8402.png?raw=true,Images for Review,,,,,,,,,,,,,,,b2047d703c726475527e531a101cf12d06f75e3a1c072b97bc66b46f55eab7f1,a1975ea7df203233fdc0810df126c7ba9ac1da1f3e6a40edc0d021490ef6c23d
simple,Dura Seal Quick Coat Rosewood,419,DUR-000000420,,"Dura Seal Quick Coat Rosewood from DuraSeal is a coating formulated for the interior, exterior, specialty or industrial use indicated by its product name and category. Confirm preparation, compatibility, application, coverage and recoat requirements in the current label or technical data sheet. Confirm the exact item and package before ordering.",,Paints > Interior,"wood floor stain, oil-based wood stain, quick-dry wood stain, interior wood finish",DuraSeal,BHF01,https://raw.githubusercontent.com/kinggoff/NewSteelesImages/main/review-images/DUR-000000420-duraseal-quick-coat-rosewood-quart.png?raw=true,Image Added,,,,,,,,,Quick Coat Rosewood Quart 861390000=https://raw.githubusercontent.com/kinggoff/NewSteelesImages/main/PDFs/SDS/duraseal-Quick-Coat-Rosewood-861390000-SDS.pdf?raw=true,Quick Coat Rosewood Quart 861390000 PDS=https://raw.githubusercontent.com/kinggoff/NewSteelesImages/main/PDFs/TDS/duraseal-Quick-Coat-861390000-PDS.pdf?raw=true,Quick Coat Rosewood Quart 861390000=https://raw.githubusercontent.com/kinggoff/NewSteelesImages/main/PDFs/SDS/duraseal-Quick-Coat-Rosewood-861390000-SDS.pdf?raw=true,,Quick Coat Rosewood Quart 861390000 PDS=https://raw.githubusercontent.com/kinggoff/NewSteelesImages/main/PDFs/TDS/duraseal-Quick-Coat-861390000-PDS.pdf?raw=true,,7eff3dc15b25897d6271353651f200d75a297abcaf0baa8f0c2873d3435650cc,2a08b16e581511c21096ace41d60a54605056f1346597917f76aec688dbb540e
simple,Famowood Water-Based Wood Filler,420,FAM-000000421,,"Famowood Water-Based Wood Filler is a repair material for filling, patching, glazing, rebuilding or stabilizing the compatible wood, drywall, window or masonry surface indicated by the product name. Apply to a clean, sound surface and follow the label for mixing, layer depth, drying or cure, sanding and topcoating.",,Painting Tools & Accessories > Paint Prep & Repairs,"wood filler, wood repair compound, grain filler, surface repair product",Famowood,ECLECTI,https://raw.githubusercontent.com/kinggoff/NewSteelesImages/main/review-images/FAM-000000421-famowood-water-based-natural-24oz.png?raw=true,Images for Review,,,,,Variants,24 OZ | Gallon,1,1,,,,,,,53f2716ab57e05c8e16afc9245b0964a650e44239cde5e5c51bb8eda41bbe6d5,15fc29db214ffc5ad2f0af82a3f2906d5e71d22441f7de2136002240d97d6cb6
simple,Ennis Traffic Paint Fed. Yellow,421,EF-000000422,,"Ennis Traffic Paint Fed. Yellow from Ennis-Flint is a marking coating for compatible pavement or traffic-control applications, with the listed colour supporting layout, safety or line-renewal work. Confirm preparation, compatibility, application, coverage and recoat requirements in the current label or technical data sheet.",,Commercial & Industrial > Traffic Paints,"traffic marking paint, line marking paint, industrial coating, pavement marking paint",Ennis-Flint,ENN01,https://raw.githubusercontent.com/kinggoff/NewSteelesImages/main/review-images/EF-000000422-ennis-traffic-paint-federal-yellow.png?raw=true,Images for Review,,,,,,,,,985202-5P Federal Yellow=https://raw.githubusercontent.com/kinggoff/NewSteelesImages/main/PDFs/SDS/ennis-flint-985202-5P-Federal-Yellow-SDS.pdf?raw=true,EF Series Fast Dry Waterborne 1952E/F Type I-II=https://raw.githubusercontent.com/kinggoff/NewSteelesImages/main/PDFs/TDS/ennis-flint-EF-Series-Fast-Dry-Waterborne-Traffic-Paint-PDS.pdf?raw=true,,985202-5P Federal Yellow=https://raw.githubusercontent.com/kinggoff/NewSteelesImages/main/PDFs/SDS/ennis-flint-985202-5P-Federal-Yellow-SDS.pdf?raw=true,EF Series Fast Dry Waterborne 1952E/F Type I-II=https://raw.githubusercontent.com/kinggoff/NewSteelesImages/main/PDFs/TDS/ennis-flint-EF-Series-Fast-Dry-Waterborne-Traffic-Paint-PDS.pdf?raw=true,,9c74b7426df1fc04a3749ca1c73cf1d60332f92018bc9dd13a20f83065d67d1a,010e1a8a9ec508e6e08532cde75d1213614c852662c43fc52d66b0fca8736eb6
simple,Ennis Traffic Paint Fed. White - P,422,EF-000000423,,"Ennis Traffic Paint Fed. White - P from Ennis-Flint is a marking coating for compatible pavement or traffic-control applications, with the listed colour supporting layout, safety or line-renewal work. Confirm preparation, compatibility, application, coverage and recoat requirements in the current label or technical data sheet.",,Commercial & Industrial > Traffic Paints,"traffic marking paint, line marking paint, industrial coating, pavement marking paint",Ennis-Flint,ENN01,https://raw.githubusercontent.com/kinggoff/NewSteelesImages/main/review-images/EF-000000423-ennis-traffic-paint-federal-white-p.png?raw=true,Images for Review,,,,,,,,,985201-5P Federal White=https://raw.githubusercontent.com/kinggoff/NewSteelesImages/main/PDFs/SDS/ennis-flint-985201-5P-Federal-White-SDS.pdf?raw=true,EF Series Fast Dry Waterborne 1952E/F Type I-II=https://raw.githubusercontent.com/kinggoff/NewSteelesImages/main/PDFs/TDS/ennis-flint-EF-Series-Fast-Dry-Waterborne-Traffic-Paint-PDS.pdf?raw=true,,985201-5P Federal White=https://raw.githubusercontent.com/kinggoff/NewSteelesImages/main/PDFs/SDS/ennis-flint-985201-5P-Federal-White-SDS.pdf?raw=true,EF Series Fast Dry Waterborne 1952E/F Type I-II=https://raw.githubusercontent.com/kinggoff/NewSteelesImages/main/PDFs/TDS/ennis-flint-EF-Series-Fast-Dry-Waterborne-Traffic-Paint-PDS.pdf?raw=true,,93799589e6e4299945cb9aecdd31af30806dbfae2821544102c5f3d4fe90ee21,0161110f208dc35658d9f9c187655b4cb65a51a57a025766117294075e253cf5
simple,Ennis Low VOC Red Traffic Paint,423,EF-000000424,,"Ennis Low VOC Red Traffic Paint from Ennis-Flint is a marking coating for compatible pavement or traffic-control applications, with the listed colour supporting layout, safety or line-renewal work. Confirm preparation, compatibility, application, coverage and recoat requirements in the current label or technical data sheet.",,Commercial & Industrial > Traffic Paints,"traffic marking paint, line marking paint, industrial coating, pavement marking paint",Ennis-Flint,ENN01,https://raw.githubusercontent.com/kinggoff/NewSteelesImages/main/review-images/EF-000000424-ennis-low-voc-red-traffic-paint.png?raw=true,Images for Review,,,,,,,,,,,,,,,4432c46aeb894f94494858b5089d0e7bca98be4ecabe93f988fdf1784d2e7f98,27f6ad0bc13ea31ba726bcb441735a7eaaa6fd7e90fc08753c5266dc9a81d389
simple,Ennis Low VOC Green Traffic Paint,424,EF-000000425,,"Ennis Low VOC Green Traffic Paint from Ennis-Flint is a marking coating for compatible pavement or traffic-control applications, with the listed colour supporting layout, safety or line-renewal work. Confirm preparation, compatibility, application, coverage and recoat requirements in the current label or technical data sheet.",,Commercial & Industrial > Traffic Paints,"traffic marking paint, line marking paint, industrial coating, pavement marking paint",Ennis-Flint,ENN01,https://raw.githubusercontent.com/kinggoff/NewSteelesImages/main/review-images/EF-000000425-ennis-low-voc-green-traffic-paint.png?raw=true,Images for Review,,,,,,,,,,,,,,,0e47f84664b2ffeca0555c089e7c220a0369cc84e121731735b2fc941a962972,137d5d46f8fad0f7277769e55bb73b47e4fb918068e854fe9557c0ea35d102ab
simple,Ennis Handicap Blue Safety Paint,425,EF-000000426,,"Ennis Handicap Blue Safety Paint from Ennis-Flint is a coating formulated for the interior, exterior, specialty or industrial use indicated by its product name and category. Confirm preparation, compatibility, application, coverage and recoat requirements in the current label or technical data sheet.",,Commercial & Industrial > Traffic Paints,"traffic marking paint, line marking paint, industrial coating, pavement marking paint",Ennis-Flint,ENN01,https://raw.githubusercontent.com/kinggoff/NewSteelesImages/main/review-images/EF-000000426-ennis-handicap-blue-safety-paint.png?raw=true,Images for Review,,,,,,,,,985205-5P Handicap Blue=https://raw.githubusercontent.com/kinggoff/NewSteelesImages/main/PDFs/SDS/ennis-flint-985205-5P-Handicap-Blue-SDS.pdf?raw=true,EF Series Fast Dry Waterborne 1952E/F Type I-II=https://raw.githubusercontent.com/kinggoff/NewSteelesImages/main/PDFs/TDS/ennis-flint-EF-Series-Fast-Dry-Waterborne-Traffic-Paint-PDS.pdf?raw=true,,985205-5P Handicap Blue=https://raw.githubusercontent.com/kinggoff/NewSteelesImages/main/PDFs/SDS/ennis-flint-985205-5P-Handicap-Blue-SDS.pdf?raw=true,EF Series Fast Dry Waterborne 1952E/F Type I-II=https://raw.githubusercontent.com/kinggoff/NewSteelesImages/main/PDFs/TDS/ennis-flint-EF-Series-Fast-Dry-Waterborne-Traffic-Paint-PDS.pdf?raw=true,,59e9f46407240e5b0cee60ef079ac8534e0dd48d84d8f78b514d3e89e771e1fd,61927da26db582e22823ffc592353c9cb5008c8aef8255cc66b1ed069494458b
simple,Blackout Ennis Traffic Paint,426,EF-000000427,,"Blackout Ennis Traffic Paint from Ennis-Flint is a marking coating for compatible pavement or traffic-control applications, with the listed colour supporting layout, safety or line-renewal work. Confirm preparation, compatibility, application, coverage and recoat requirements in the current label or technical data sheet.",,Commercial & Industrial > Traffic Paints,"traffic marking paint, line marking paint, industrial coating, pavement marking paint",Ennis-Flint,ENN01,https://raw.githubusercontent.com/kinggoff/NewSteelesImages/main/review-images/EF-000000427-blackout-ennis-traffic-paint.png?raw=true,Images for Review,,,,,,,,,,,,,,,9479b7462f46490dbdc8cbe3715f918b83ac68f98e7a856fa3d929520c8611ea,11bae9b2331b065152989a4541c5a3a6054dd06e707b0a80b8a48c52f4391fad
simple,Featherlite Fiberglass Ladder Grade 1,427,FEA-000000428,,"Featherlite Fiberglass Ladder Grade 1 is jobsite access equipment for creating an elevated working position during painting, repair or maintenance tasks. Review the listed format and current manufacturer instructions to confirm compatibility, safe use, cleaning and storage for the intended job. Confirm the exact item and package before ordering.",,Painting Tools & Accessories > Tools,"step ladder, portable ladder, access equipment, jobsite equipment",Featherlite,FEA01,https://raw.githubusercontent.com/kinggoff/NewSteelesImages/main/review-images/FEA-000000428-featherlite-fl-3110-04-fiberglass-step-ladder.png?raw=true,Image Added,,,,,,,,,,,,,,,c4617647cd1b48ff3d84355e87eddbf8e505ed7cf1fd6b068250e9155fb9b3c0,9049c17c82ac0541de4559ecb0ae4497630b589c247c5b5cbc97e825207d76a0
simple,Step Ladder Lite,428,FEA-000000429,,"Step Ladder Lite from Featherlite is jobsite access equipment for creating an elevated working position during painting, repair or maintenance tasks. Review the listed format and current manufacturer instructions to confirm compatibility, safe use, cleaning and storage for the intended job. Confirm the exact item and package before ordering.",,Painting Tools & Accessories > Tools,"step ladder, portable ladder, access equipment, jobsite equipment",Featherlite,TOO01,https://raw.githubusercontent.com/kinggoff/NewSteelesImages/main/review-images/FEA-000000429-lite-five-foot-aluminum-step-ladder.png?raw=true,Images for Review,,,,,,,,,,,,,,,a2f29f136289837fd3575e98d857c20aca017fa915b65bdc27c5e8a67a5d2f86,6e3256acb5a6806ef4264b3ac609a25147d209229a84d015574df2229e6331c8
simple,filter bag SC-FIS-CT MINI/MIDI -2/5,429,FES-000000430,,"filter bag SC-FIS-CT MINI/MIDI -2/5 from Festool is a replacement dust-collection filter bag for the compatible Festool mobile dust extractor listed in the product name. Review the listed format and current manufacturer instructions to confirm compatibility, safe use, cleaning and storage for the intended job.",,Painting Tools & Accessories > Festool,"dust extractor bag, vacuum filter bag, dust collection accessory, replacement filter bag",Festool,FESTOOL,https://raw.githubusercontent.com/kinggoff/NewSteelesImages/main/review-images/FES-000000430-festool-204308-selfclean-filter-bags.png?raw=true,Image Added,,,,,,,,,,,,,,,6e97de2c9ca63a366a6dea2494635c1498b17388d47333fe1fd44a9c9f5da458,41bfdd1260b69a354ad5e958f7c855c18917d412cbf31b345940e869393ee391
simple,Stickfix sandpa STF D225/8 P40 GR/25,430,FES-000000431,,"Stickfix sandpa STF D225/8 P40 GR/25 from Festool is an abrasive product for levelling, smoothing or keying surfaces during staged preparation; the stated grit determines how aggressively it cuts. Review the listed format and current manufacturer instructions to confirm compatibility, safe use, cleaning and storage for the intended job.",,Painting Tools & Accessories > Festool,"sandpaper, coated abrasive, surface preparation abrasive, sanding material",Festool,FESTOOL,https://raw.githubusercontent.com/kinggoff/NewSteelesImages/main/review-images/FES-000000431-festool-205653-d225-p40-granat-disc.png?raw=true,Images for Review,,,,,,,,,,,,,,,43d4b1b42c5a206a074bb55b3c09ea51408673793cff8b45aae8ee3a5b6cc2a7,8f842e26fdea0b1e09f2243e48b319d0c275b94bcb27cbdf2039dbf0d6d31b71
simple,Stickfix qty. STF 80x133 P 40 GR 50X,431,FES-000000432,,"Stickfix qty. STF 80x133 P 40 GR 50X from Festool is an abrasive product for levelling, smoothing or keying surfaces during staged preparation; the stated grit determines how aggressively it cuts. Review the listed format and current manufacturer instructions to confirm compatibility, safe use, cleaning and storage for the intended job.",,Painting Tools & Accessories > Festool,"sandpaper, coated abrasive, surface preparation abrasive, sanding material",Festool,FESTOOL,https://raw.githubusercontent.com/kinggoff/NewSteelesImages/main/review-images/FES-000000432-festool-497117-80x133-p40-granat-sheet.png?raw=true,Image Added,,,,,,,,,,,,,,,29c4dc55d6e7da3ff08048cf746957f7121eca832f8b845f26c042a25eca8561,3f0a8ebe801374982f4b5c037a6b4b63d630cfb02ad11e0be9d2d08b3672d3e1
simple,sandpaper STF D125/8 P 40 GR 50X,432,FES-000000433,,"sandpaper STF D125/8 P 40 GR 50X from Festool is an abrasive product for levelling, smoothing or keying surfaces during staged preparation; the stated grit determines how aggressively it cuts. Match it to the surface, work progressively, and use suitable eye, hand and respiratory protection for the material being removed.",,Painting Tools & Accessories > Festool,"sandpaper, coated abrasive, surface preparation abrasive, sanding material",Festool,FESTOOL,https://raw.githubusercontent.com/kinggoff/NewSteelesImages/main/review-images/FES-000000433-festool-497165-d125-p40-granat-disc.png?raw=true,Image Added,,,,,,,,,,,,,,,93eb58ad82b54909e0c205c69b2649e6cc5b7aabb983e664656a79a230165938,98b67d08205ef6cdde1b05c9a6c3115468c367cb424ad1e6974c51bcec2869d8
simple,Stickfix sandpa STF D90/6 P 40 GR / 50,433,FES-000000434,,"Stickfix sandpa STF D90/6 P 40 GR / 50 from Festool is an abrasive product for levelling, smoothing or keying surfaces during staged preparation; the stated grit determines how aggressively it cuts. Review the listed format and current manufacturer instructions to confirm compatibility, safe use, cleaning and storage for the intended job.",,Painting Tools & Accessories > Festool,"sandpaper, coated abrasive, surface preparation abrasive, sanding material",Festool,FESTOOL,https://raw.githubusercontent.com/kinggoff/NewSteelesImages/main/review-images/FES-000000434-festool-497363-d90-p40-granat-disc.png?raw=true,Image Added,,,,,,,,,,,,,,,2c3ab6bbd5af9756f65b9539f432819e6c56461ae79ef6bc4c5186861f77317b,a0f0238b9552029695feec3f023251ee2f46725d62c0bbcfd1e776a697e0ab4a
simple,sandpaper STF V93/6 P 40 GR / 50,434,FES-000000435,,"sandpaper STF V93/6 P 40 GR / 50 from Festool is an abrasive product for levelling, smoothing or keying surfaces during staged preparation; the stated grit determines how aggressively it cuts. Match it to the surface, work progressively, and use suitable eye, hand and respiratory protection for the material being removed.",,Painting Tools & Accessories > Festool,"sandpaper, coated abrasive, surface preparation abrasive, sanding material",Festool,FESTOOL,https://raw.githubusercontent.com/kinggoff/NewSteelesImages/main/review-images/FES-000000435-festool-497390-v93-p40-granat-sheet.png?raw=true,Image Added,,,,,,,,,,,,,,,14933809110fd8346aba301a05edded1d4a4a8983f624f5df8c6268809687d85,7a302089ce1307bd54e278ba3f716f7401348e54da6ff98b510b947d9c49130a
simple,sanding discs STF D150/48 P40 GR/50,435,FES-000000436,,"sanding discs STF D150/48 P40 GR/50 from Festool is an abrasive product for levelling, smoothing or keying surfaces during staged preparation; the stated grit determines how aggressively it cuts. Match it to the surface, work progressively, and use suitable eye, hand and respiratory protection for the material being removed.",,Painting Tools & Accessories > Festool,"sandpaper, coated abrasive, surface preparation abrasive, sanding material",Festool,FESTOOL,https://raw.githubusercontent.com/kinggoff/NewSteelesImages/main/review-images/FES-000000436-festool-575160-d150-p40-granat-disc.png?raw=true,Image Added,,,,,,,,,,,,,,,43d4b1b42c5a206a074bb55b3c09ea51408673793cff8b45aae8ee3a5b6cc2a7,cb46adf5f558c91e448bd7d30f0ed61c287a3eaa184e94c6d66ecc74a85313ab
simple,Long-reach sand PLANEX LHS 225 EQ-Plus,436,FES-000000437,,"Long-reach sand PLANEX LHS 225 EQ-Plus from Festool is a long-reach drywall sander designed to smooth walls and ceilings while working with compatible abrasives and dust extraction. Review the listed format and current manufacturer instructions to confirm compatibility, safe use, cleaning and storage for the intended job.",,Painting Tools & Accessories > Festool,"long-reach drywall sander, power sander, surface preparation tool, dust-extraction sander",Festool,FESTOOL,https://raw.githubusercontent.com/kinggoff/NewSteelesImages/main/review-images/FES-000000437-festool-planex-lhs-225-eq-plus.png?raw=true,Images for Review,,,,,,,,,,,,,,,9b79a9a67781a9301347c96beb19b10b0d43d18d632b8c8ad7a44655f7226fb1,bf0b64d3b66676881cd66bdd1dce2d068a4e481b51d9bf6ed8b4d3ef3f4e6179
simple,Rotex RO 150 FEQ-Plus USA 120V,437,FES-000000438,,"Rotex RO 150 FEQ-Plus USA 120V from Festool is a powered sander for controlled surface preparation using the compatible abrasive format and grit specified for the task. Review the listed format and current manufacturer instructions to confirm compatibility, safe use, cleaning and storage for the intended job.",,Painting Tools & Accessories > Festool,"power sander, orbital sander, surface preparation tool, power tool",Festool,FESTOOL,https://raw.githubusercontent.com/kinggoff/NewSteelesImages/main/review-images/FES-000000438-festool-ro-150-feq-plus-us.png?raw=true,Image Added,,,,,,,,,,,,,,,58bce0366d287d020ef9563d18cb1722edbdf22cb355a9bb861c3d7dc6a0e5cf,6ea5b560af9a39481770baba50cd638b3a05f7018f11caeca041c4df0de67d6e
simple,Rotex RO 125 FEQ Plus USA 120V,438,FES-000000439,,"Rotex RO 125 FEQ Plus USA 120V from Festool is a powered sander for controlled surface preparation using the compatible abrasive format and grit specified for the task. Review the listed format and current manufacturer instructions to confirm compatibility, safe use, cleaning and storage for the intended job.",,Painting Tools & Accessories > Festool,"power sander, orbital sander, surface preparation tool, power tool",Festool,FESTOOL,https://raw.githubusercontent.com/kinggoff/NewSteelesImages/main/review-images/FES-000000439-festool-ro-125-feq-plus-us.png?raw=true,Image Added,,,,,,,,,,,,,,,462105691cf22204723369775bf6292b7a248435bcc979ed5bafed0e4714d5e2,5447f3b1b71390ae1688c350d38c8806f3ef6a21e191ac13e52473a19c0aac47
simple,Orbital sander RTS 400 REQ-Plus USA,439,FES-000000440,,"Orbital sander RTS 400 REQ-Plus USA from Festool is a powered sander for controlled surface preparation using the compatible abrasive format and grit specified for the task. Match it to the surface, work progressively, and use suitable eye, hand and respiratory protection for the material being removed.",,Painting Tools & Accessories > Festool,"power sander, orbital sander, surface preparation tool, power tool",Festool,FESTOOL,https://raw.githubusercontent.com/kinggoff/NewSteelesImages/main/review-images/FES-000000440-festool-rts-400-req-plus-us.png?raw=true,Image Added,,,,,,,,,,,,,,,2d9ddc8b9dcfe2d56326a8ade8ceda67c04e179b87e22b86fcd5cf37b4e804d3,85c827c4a2c6b02b3b067875593d52939cc006f234bdee359ec33daa5d6257ae
simple,FESTOOL ETS 125 REQ-Plus orbital sander,440,FES-000000441,,"FESTOOL ETS 125 REQ-Plus orbital sander is a powered sander for controlled surface preparation using the compatible abrasive format and grit specified for the task. Match it to the surface, work progressively, and use suitable eye, hand and respiratory protection for the material being removed. Confirm the exact item and package before ordering.",,Painting Tools & Accessories > Festool,"power sander, orbital sander, surface preparation tool, power tool",Festool,FESTOOL,https://raw.githubusercontent.com/kinggoff/NewSteelesImages/main/review-images/19-fes-000000441-festool-ets-125-req-plus-orbital-sander.png?raw=true,Image Added,,,,,,,,,,,,,,,b3b19181de28ee51f1d4ffa679de8a1a15d4f92613233f89c5199646210ba9b3,c789a2010fff4a7b69d50d071f51fe72bb3f54616c41c77109162e0a1541f31d
simple,Rotex RO 90 DX FEQ-Plus USA120,441,FES-000000442,,"Rotex RO 90 DX FEQ-Plus USA120 from Festool is a powered sander for controlled surface preparation using the compatible abrasive format and grit specified for the task. Review the listed format and current manufacturer instructions to confirm compatibility, safe use, cleaning and storage for the intended job.",,Painting Tools & Accessories > Festool,"power sander, orbital sander, surface preparation tool, power tool",Festool,FESTOOL,https://raw.githubusercontent.com/kinggoff/NewSteelesImages/main/review-images/FES-000000442-festool-ro-90-dx-feq-plus-us.png?raw=true,Image Added,,,,,,,,,,,,,,,91caa9b2ccdc59979c50dd73c52c3dc98f57c01045d126e38ceb6259c5ca423f,7d3eebc51117a8de2e4ca9ab73fd32620a4674cbbc6d9c1e72cf84de6860fcc7
simple,Orbital sander ETS EC150/3 EQ-Plus,442,FES-000000443,,"Orbital sander ETS EC150/3 EQ-Plus from Festool is a powered sander for controlled surface preparation using the compatible abrasive format and grit specified for the task. Match it to the surface, work progressively, and use suitable eye, hand and respiratory protection for the material being removed.",,Painting Tools & Accessories > Festool,"power sander, orbital sander, surface preparation tool, power tool",Festool,FESTOOL,https://raw.githubusercontent.com/kinggoff/NewSteelesImages/main/review-images/FES-000000443-festool-ets-ec150-3-eq-plus-us.png?raw=true,Image Added,,,,,,,,,,,,,,,ae9a4853d1b692b073269274800f7367d01ac2ad6c03d132dcad6e4c87bdd2b2,8a9c237749c3f1ef742f20a5a2784a4b8f98f7b52fd59c963fe90f82c394bdc0
simple,Ecc. grinder ETS EC125/3 EQ-PLUS USA,443,FES-000000444,,"Ecc. grinder ETS EC125/3 EQ-PLUS USA from Festool is a powered sander for controlled surface preparation using the compatible abrasive format and grit specified for the task. Review the listed format and current manufacturer instructions to confirm compatibility, safe use, cleaning and storage for the intended job.",,Painting Tools & Accessories > Festool,"power sander, orbital sander, surface preparation tool, power tool",Festool,FESTOOL,https://raw.githubusercontent.com/kinggoff/NewSteelesImages/main/review-images/FES-000000444-festool-ets-ec125-3-eq-plus-us.png?raw=true,Image Added,,,,,,,,,,,,,,,3e2ad05fc79361e6b051e8e817b32a876a34a99820c4c4a43013b80b364c3441,871ec7c6951c1cc8712b0154c991b60fc4480890b6cbd861d06a65defa4fbdf8
simple,Diamond grinder RG 130 ECI-Plus RENOFIX,444,FES-000000445,,"Diamond grinder RG 130 ECI-Plus RENOFIX from Festool is a surface-renovation grinder for removing or levelling compatible mineral coatings and substrates with the correct diamond tooling and dust extraction. Review the listed format and current manufacturer instructions to confirm compatibility, safe use, cleaning and storage for the intended job.",,Painting Tools & Accessories > Festool,"concrete grinder, diamond grinder, surface preparation machine, power tool",Festool,FESTOOL,https://raw.githubusercontent.com/kinggoff/NewSteelesImages/main/review-images/FES-000000445-festool-rg-130-eci-plus-us.png?raw=true,Image Added,,,,,,,,,,,,,,,91fd3b778ddfb79aa3bff9c7e2e90915f7dea620cc6d9c94d1fc8ee0753a5a35,0098cb4689491c6ed0ecb30f45eb8fbb908491d0158093bd036791fb285c3aa1
simple,"cordl. d.sander DTSC 400 Li 3,1-Plus USA",445,FES-000000446,,"cordl. d.sander DTSC 400 Li 3,1-Plus USA from Festool is a powered sander for controlled surface preparation using the compatible abrasive format and grit specified for the task. Match it to the surface, work progressively, and use suitable eye, hand and respiratory protection for the material being removed.",,Painting Tools & Accessories > Festool,"power sander, orbital sander, surface preparation tool, power tool",Festool,FESTOOL,https://raw.githubusercontent.com/kinggoff/NewSteelesImages/main/review-images/FES-000000446-festool-dtsc-400-3-0-i-plus-us.png?raw=true,Images for Review,,,,,,,,,,,,,,,092a1e962ee5be7bc7cb2b6b28b08dda01cd905973f056b5a64b11d494e5fccd,4758554014f011df0e46201901c91872537bd9ec4a287eac98cab0c56faf6582
simple,Delta sander DTS 400 REQ-Plus USA,446,FES-000000447,,"Delta sander DTS 400 REQ-Plus USA from Festool is a powered sander for controlled surface preparation using the compatible abrasive format and grit specified for the task. Match it to the surface, work progressively, and use suitable eye, hand and respiratory protection for the material being removed.",,Painting Tools & Accessories > Festool,"power sander, orbital sander, surface preparation tool, power tool",Festool,FESTOOL,https://raw.githubusercontent.com/kinggoff/NewSteelesImages/main/review-images/FES-000000447-festool-dts-400-req-plus-us.png?raw=true,Image Added,,,,,,,,,,,,,,,90c5d7cd7029efd2920651ee324327d890078e1112544c7e143026fd13cb0009,fafb35a2be1986e41551f51d41fbda89c9dd04603a434fdf35e242611e4a831b
simple,sandpaper STF DELTA/7 P 40 GR 50X,447,FES-000000448,,"sandpaper STF DELTA/7 P 40 GR 50X from Festool is an abrasive product for levelling, smoothing or keying surfaces during staged preparation; the stated grit determines how aggressively it cuts. Match it to the surface, work progressively, and use suitable eye, hand and respiratory protection for the material being removed.",,Painting Tools & Accessories > Festool,"sandpaper, coated abrasive, surface preparation abrasive, sanding material",Festool,FESTOOL,https://raw.githubusercontent.com/kinggoff/NewSteelesImages/main/review-images/FES-000000448-festool-577542-delta-p40-granat-sheet.png?raw=true,Images for Review,,,,,,,,,,,,,,,f3b39ed4a0ba0fd3a96183002e9a52b64f1b263b861d74e99b3de75915becd29,184a225077d44eaf403c78da1e108ed1d2d39ebd123ffea7687f45c30091859d
simple,"cordless drill T18+3 HPC 4,0 I-Set",448,PC-000000449,,"cordless drill T18+3 HPC 4,0 I-Set from PC Products is a cordless drilling and fastening tool for installation, assembly and general jobsite work with compatible bits, batteries and accessories. Review the listed format and current manufacturer instructions to confirm compatibility, safe use, cleaning and storage for the intended job.",,Painting Tools & Accessories > Festool,"cordless drill, drill driver, power tool, battery tool",PC Products,FESTOOL,https://raw.githubusercontent.com/kinggoff/NewSteelesImages/main/review-images/PC-000000449-festool-t18-plus-3-hpc-4-0-i-set-us.png?raw=true,Image Added,,,,,,,,,,,,,,,064e1c14972ab40b900a67962c15115c6c90d857e687f98cd553757b7256225d,c5162803e0fd7c0161ccbb470b9eae932c08661e8b026520eb699827a88e3149
simple,Festool Cordless Impact Drill TID 18 Basic,449,FES-000000450,,"Festool Cordless Impact Drill TID 18 Basic is a cordless drilling and fastening tool for installation, assembly and general jobsite work with compatible bits, batteries and accessories. Review the listed format and current manufacturer instructions to confirm compatibility, safe use, cleaning and storage for the intended job.",,Painting Tools & Accessories > Festool,"cordless impact driver, impact drill, power tool, battery tool",Festool,FESTOOL,https://raw.githubusercontent.com/kinggoff/NewSteelesImages/main/review-images/FES-000000450-festool-tid-18-basic-us.png?raw=true,Image Added,,,,,,,,,,,,,,,06e76c0728687b08a46beb12951c9da1df6fb9faba09abed072990c1c92715a3,b91fa90189fe7899ead23b65ef82c92be078d29cf20ab39063955fa4b634d599
simple,"cordless impact drill TID 18 HPC 4,0 set",450,PC-000000451,,"cordless impact drill TID 18 HPC 4,0 set from PC Products is a cordless drilling and fastening tool for installation, assembly and general jobsite work with compatible bits, batteries and accessories. Review the listed format and current manufacturer instructions to confirm compatibility, safe use, cleaning and storage for the intended job.",,Painting Tools & Accessories > Festool,"cordless impact driver, impact drill, power tool, battery tool",PC Products,FESTOOL,https://raw.githubusercontent.com/kinggoff/NewSteelesImages/main/review-images/20-pc-000000451-cordless-impact-drill-tid-18-hpc-4-0-set.png?raw=true,Image Added,,,,,,,,,,,,,,,d542a9e83c51740bc29200b6eb26588393aeb8c847db99b1a160a146f4e6cf41,cbccb5df0e1f167ba86f848ecbb97ea823a1b29a903de2e5241f3046f0e6bc07
simple,Dust Extractor Ct48 E Ac Hepa,451,FES-000000452,,"Dust Extractor Ct48 E Ac Hepa from Festool is a mobile dust extractor for collecting compatible sanding and jobsite dust when connected to the correct tool, hose and filter system. Review the listed format and current manufacturer instructions to confirm compatibility, safe use, cleaning and storage for the intended job.",,Painting Tools & Accessories > Festool,"dust extractor, hepa vacuum, power tool, dust collection equipment",Festool,FESTOOL,https://raw.githubusercontent.com/kinggoff/NewSteelesImages/main/review-images/FES-000000452-festool-ct-48-e-ac-hepa.png?raw=true,Image Added,,,,,,,,,,,,,,,7202f309a621f222bb39d7309940616be374b4507f8f82346234eb16a1d7009a,3c8a796f2bb0df363f65ec7bd2c0b3e78135b541e6bf166e547bf735ef529a40
simple,Mobil Dust Extr Ct15,452,FES-000000453,,"Mobil Dust Extr Ct15 from Festool is a mobile dust extractor for collecting compatible sanding and jobsite dust when connected to the correct tool, hose and filter system. Review the listed format and current manufacturer instructions to confirm compatibility, safe use, cleaning and storage for the intended job.",,Painting Tools & Accessories > Festool,"dust extractor, hepa vacuum, power tool, dust collection equipment",Festool,FESTOOL,https://raw.githubusercontent.com/kinggoff/NewSteelesImages/main/review-images/FES-000000453-festool-ct-15-hepa-us.png?raw=true,Image Added,,,,,,,,,,,,,,,5aec70789722ddfdd8ee4ee72626fff65f5ae9dd89a0e86d9306f087930db10c,3e497f312810e42fb9f3101f4b32beff70402792a1a88fc8926ba7c61e670b45
simple,mobil dust extr CT MIDI USA HEPA,453,FES-000000454,,"mobil dust extr CT MIDI USA HEPA from Festool is a mobile dust extractor for collecting compatible sanding and jobsite dust when connected to the correct tool, hose and filter system. Review the listed format and current manufacturer instructions to confirm compatibility, safe use, cleaning and storage for the intended job.",,Painting Tools & Accessories > Festool,"dust extractor, hepa vacuum, power tool, dust collection equipment",Festool,FESTOOL,https://raw.githubusercontent.com/kinggoff/NewSteelesImages/main/review-images/FES-000000454-festool-ct-midi-i-hepa-us.png?raw=true,Images for Review,,,,,,,,,,,,,,,21001302096a6038bfb334617f2e60c7a8aeec687ee0952eceb0694364fd9b43,b2ca208f1d509df1c518e857889f8c0cff065a4d55345eda9e947d348333c11e
simple,"Flame Control Finish Coat Low,Semi,High",454,FC-000000455,,"Flame Control Finish Coat Low,Semi,High is a coating formulated for the interior, exterior, specialty or industrial use indicated by its product name and category. Confirm preparation, compatibility, application, coverage and recoat requirements in the current label or technical data sheet. Confirm the exact item and package before ordering.",,Paints > Specialty Paints,"fire-retardant paint, protective coating, interior coating, architectural paint",Flame Control,FLA01-S,https://raw.githubusercontent.com/kinggoff/NewSteelesImages/main/review-images/FC-000000455-flame-control-finish-coat.png?raw=true,Images for Review,Finishes,Low Sheen | Semi-Gloss | High Gloss,1,1,,,,,Flame Control No. 141 High Gloss polyurethane varnish=https://raw.githubusercontent.com/kinggoff/NewSteelesImages/main/PDFs/SDS/flame-control-Flame-Control-No-141-High-Gloss-SDS.pdf?raw=true,"Flame Control No. 141 polyurethane varnish - Low, Semi and High Gloss=https://raw.githubusercontent.com/kinggoff/NewSteelesImages/main/PDFs/TDS/flame-control-Flame-Control-No-141-Varnish-TDS.pdf?raw=true",Flame Control No. 141 High Gloss polyurethane varnish=https://raw.githubusercontent.com/kinggoff/NewSteelesImages/main/PDFs/SDS/flame-control-Flame-Control-No-141-High-Gloss-SDS.pdf?raw=true,,"Flame Control No. 141 polyurethane varnish - Low, Semi and High Gloss=https://raw.githubusercontent.com/kinggoff/NewSteelesImages/main/PDFs/TDS/flame-control-Flame-Control-No-141-Varnish-TDS.pdf?raw=true",,9ee7b6e95e27d4c3f2844da71591f38ac364862c5cdceb5969d0935d12ec4b66,3e41adde9bed50540bb1011c10e1fdb2ce323b621c0d634c03c4f80eaae03ca2
simple,Radius 360 Sanding Tool,455,R3-000000456,,"Radius 360 Sanding Tool is a manual sanding holder or replacement pad for keeping abrasive material supported while smoothing walls, wood or repaired surfaces. Match it to the surface, work progressively, and use suitable eye, hand and respiratory protection for the material being removed. Confirm the exact item and package before ordering.",,Painting Tools & Accessories > Tools,"drywall sander, round sanding tool, hand sander, surface preparation tool",Radius 360,CANPRO,https://raw.githubusercontent.com/kinggoff/NewSteelesImages/main/review-images/21-r3-000000456-radius-360-sanding-tool.png?raw=true,Image Added,,,,,,,,,,,,,,,fb5c850b4effef8b849d4d6c7a7bfdf634d431e8c3bd44805c3bdcc53510cfb0,e061d5a96b0a1d40162558d71d841c6e80668f8ff2a047a5a65b577e333a4eef
simple,Radius 360 Sanding Disc 100 Grit,456,R3-000000457,,"Radius 360 Sanding Disc 100 Grit is an abrasive product for levelling, smoothing or keying surfaces during staged preparation; the stated grit determines how aggressively it cuts. Match it to the surface, work progressively, and use suitable eye, hand and respiratory protection for the material being removed.",,Painting Tools & Accessories > Tools,"sandpaper, coated abrasive, surface preparation abrasive, sanding material",Radius 360,CANPRO,https://raw.githubusercontent.com/kinggoff/NewSteelesImages/main/review-images/R3-000000457-level360-sd100-5-100-grit-discs.png?raw=true,Image Added,,,,,,,,,,,,,,,0d638733bf551db9247595c551671b0744ad2f6e98b8e0a6da68f68ed2351783,90fe9fdd7589b86bf471f06ca31ba7e896b1de745f79501a75989dd3a58c5f89
simple,Full Circle Flex Edge Replacement Pad,457,R3-000000458,,"Full Circle Flex Edge Replacement Pad from Radius 360 is a manual sanding holder or replacement pad for keeping abrasive material supported while smoothing walls, wood or repaired surfaces. Apply to a clean, sound surface and follow the label for mixing, layer depth, drying or cure, sanding and topcoating.",,Painting Tools & Accessories > Tools,"sander replacement pad, sanding tool accessory, backing pad, surface preparation accessory",Radius 360,CANPRO,https://raw.githubusercontent.com/kinggoff/NewSteelesImages/main/review-images/R3-000000458-full-circle-flex-edge-2-replacement-pad.png?raw=true,Images for Review,,,,,,,,,,,,,,,921fd21cabec9264c008eaf8637943857915d6373c75e74744bbf7addcdee7d3,b82dc237a33d857f15a2790ce3fafc890e3013c0cfbeb217c84fdc19ca34bbb2
simple,Drive Kote 10 Year Driveway Sealer,458,GI-000000459,,"Drive Kote 10 Year Driveway Sealer from GH International is a sealer or treatment for compatible concrete, asphalt, paving stone or masonry surfaces as indicated by the product name. Confirm preparation, compatibility, application, coverage and recoat requirements in the current label or technical data sheet.",,Paints > Driveway Coatings,"driveway sealer, asphalt sealer, protective pavement coating, exterior coating",GH International,GHI01,https://raw.githubusercontent.com/kinggoff/NewSteelesImages/main/review-images/GI-000000459-black-jack-drive-kote-500.png?raw=true,Images for Review,,,,,,,,,Black Jack Drive-Kote 500 Blacktop Driveway Sealer - 6452-9-30=https://raw.githubusercontent.com/kinggoff/NewSteelesImages/main/PDFs/SDS/gh-international-Black-Jack-Drive-Kote-500-6452-SDS.pdf?raw=true,Black Jack Drive-Kote 500 Blacktop Driveway Sealer - 6452=https://raw.githubusercontent.com/kinggoff/NewSteelesImages/main/PDFs/TDS/gh-international-Black-Jack-Drive-Kote-500-6452-TDS.pdf?raw=true,Black Jack Drive-Kote 500 Blacktop Driveway Sealer - 6452-9-30=https://raw.githubusercontent.com/kinggoff/NewSteelesImages/main/PDFs/SDS/gh-international-Black-Jack-Drive-Kote-500-6452-SDS.pdf?raw=true,,Black Jack Drive-Kote 500 Blacktop Driveway Sealer - 6452=https://raw.githubusercontent.com/kinggoff/NewSteelesImages/main/PDFs/TDS/gh-international-Black-Jack-Drive-Kote-500-6452-TDS.pdf?raw=true,,a50c8dab1ce839c8f0fd7e03fbc2f9e2fd88c0e6eff34a00b47bdb89dddc2c52,84125d230789b0d0dfe144a4c600c5af16b603cbbca4a3abf74b07eb030cf781
simple,Gorilla Wood Glue,459,GOR-000000460,,"Gorilla Wood Glue is an adhesive or repair compound for joining compatible materials; bond strength depends on surface preparation, fit, cure and the specific substrates involved. Prepare both surfaces and follow the label for mixing where required, open or working time, assembly, clamping and cure.",,Painting Tools & Accessories > Paint Prep & Repairs,"wood glue, woodworking adhesive, pva adhesive, interior and exterior adhesive",Gorilla,CANPRO,https://raw.githubusercontent.com/kinggoff/NewSteelesImages/main/review-images/GOR-000000460-gorilla-wood-glue-8oz.png?raw=true,Images for Review,,,,,,,,,,,,,,,b41a4e1c121a3ef08d0f633cc6faf0fd9435d2d277c0471e5510bcf21eecace7,a3e1888426d9f1f31e39302dbe8ca38283a43eb76155f44129cc6d5677b542a3
simple,Gorilla Tape Crystal Clear,460,GOR-000000461,,"Gorilla Tape Crystal Clear is a clear repair tape for sealing and patching compatible materials where a less visible tape line is preferred. Review the listed format and current manufacturer instructions to confirm compatibility, safe use, cleaning and storage for the intended job. Confirm the exact item and package before ordering.",,Painting Tools & Accessories > Paint Prep & Repairs,"clear repair tape, waterproof tape, pressure-sensitive tape, repair tape",Gorilla,CANPRO,https://raw.githubusercontent.com/kinggoff/NewSteelesImages/main/review-images/22-gor-000000461-gorilla-tape-crystal-clear.png?raw=true,Image Added,,,,,,,,,,,,,,,699d16d4c1c9cf0addaef568847960dd94307ecaeabe1b4497b6e8348299c4ad,05492700e6383bbdb3edf82224abf1fd03ff99316db3c6386c730f576ee34cf7
simple,Gorilla Mounting Tape,461,GOR-000000462,,"Gorilla Mounting Tape is a strong project tape for mounting, sealing or repairing compatible materials where the named tape format suits the load and surface. Review the listed format and current manufacturer instructions to confirm compatibility, safe use, cleaning and storage for the intended job.",,Painting Tools & Accessories > Paint Prep & Repairs,"double-sided tape, mounting tape, pressure-sensitive adhesive, repair tape",Gorilla,CANPRO,https://raw.githubusercontent.com/kinggoff/NewSteelesImages/main/review-images/23-gor-000000462-gorilla-mounting-tape.png?raw=true,Image Added,,,,,,,,,,,,,,,a272b5b930348f12cdad86e4cc4d0bc81d36d98038a3895e2c405cafae67c592,ec4960786f236eacea6f3852b1aae90e6465cec1a98b2dd003aeede6cb1f937e
simple,Gorilla Glue Original,462,GOR-000000463,,"Gorilla Glue Original is an adhesive or repair compound for joining compatible materials; bond strength depends on surface preparation, fit, cure and the specific substrates involved. Prepare both surfaces and follow the label for mixing where required, open or working time, assembly, clamping and cure.",,Painting Tools & Accessories > Paint Prep & Repairs,"polyurethane adhesive, multi-purpose glue, moisture-curing adhesive, repair adhesive",Gorilla,CANPRO,https://raw.githubusercontent.com/kinggoff/NewSteelesImages/main/review-images/24-gor-000000463-gorilla-glue-original.png?raw=true,Image Added,,,,,,,,,,,,,,,5c7001811aa2e8fe966bcdff85163adda51850c6fe0c34fb21217b76fe118995,060fbfc1b1330389f7eaee67bfd441d73a8232dab4c150cfada440b1090f842b
simple,Gorilla Epoxy,463,GOR-000000464,,"Gorilla Epoxy is an adhesive or repair compound for joining compatible materials; bond strength depends on surface preparation, fit, cure and the specific substrates involved. Prepare both surfaces and follow the label for mixing where required, open or working time, assembly, clamping and cure. Confirm the exact item and package before ordering.",,Painting Tools & Accessories > Paint Prep & Repairs,"epoxy adhesive, two-part epoxy, repair adhesive, structural adhesive",Gorilla,CANPRO,https://raw.githubusercontent.com/kinggoff/NewSteelesImages/main/review-images/GOR-000000464-gorilla-epoxy-clear.png?raw=true,Image Added,,,,,,,,,,,,,,,7caaa777a8ec289cbe40633063e84bf3736ecac29166c6aa8dded71f0aec85a7,cbba401ff8cf2bbd4ba9b5574c128e50c5b27ecb22bf528fdbb2eae287c3d535
simple,E-Z Mix Cups,464,EZ-000000465,,"E-Z Mix Cups is a reusable work container for holding, measuring or mixing compatible paint and finishing materials during preparation and application. Review the listed format and current manufacturer instructions to confirm compatibility, safe use, cleaning and storage for the intended job. Confirm the exact item and package before ordering.",,Painting Tools & Accessories > Tools,"mixing cup, paint mixing container, graduated cup, painting accessory",E-Z Mix,GOE01,https://raw.githubusercontent.com/kinggoff/NewSteelesImages/main/review-images/EZ-000000465-ez-mix-70032-one-quart-cup.png?raw=true,Images for Review,,,,,Variants,2 1/2 QUART | 1 PINT | 1 QUART,1,1,,,,,,,7178e08d4571abe0b585852937ed9a317dd78b269e77bc57da812525f7ea266e,049e565045cd35f3878aa4516f6694b8e1f597d1f819b037663bc784daa6b18e
simple,Slik Bottle Fisheye Eliminator,465,GY-000000466,,"Slik Bottle Fisheye Eliminator from Goudey is a coating additive intended to reduce fisheye defects in compatible lacquer or finishing systems when contamination cannot otherwise be eliminated. Confirm preparation, compatibility, application, coverage and recoat requirements in the current label or technical data sheet.",,Lacquer and Millwork Coatings > Goudey,"coating additive, fisheye eliminator, finish additive, paint additive",Goudey,GOE01,https://raw.githubusercontent.com/kinggoff/NewSteelesImages/main/review-images/GY-000000466-slik-bottle-fisheye-eliminator.png?raw=true,Images for Review,,,,,,,,,,,,,,,9a1abca020c01541bb7cdc3b8f8204e8152f77838c54f258db44ad50656010cb,62cd9670f6c6e2c83aafdfc9d726e346755958bc44c70ccdf1d5006b869bfe3e
simple,Nationale Silver Leaf 500 Sheet Box,466,NAT-000000467,,"Nationale Silver Leaf 500 Sheet Box is a decorative gilding material or system component for creating metallic leaf finishes on compatible prepared surfaces. Confirm preparation, compatibility, application, coverage and recoat requirements in the current label or technical data sheet. Confirm the exact item and package before ordering.",,Specialty & Decorative Products > Gold Leaf,"silver leaf, metal leaf, gilding material, decorative finish",Nationale,GOE01,https://raw.githubusercontent.com/kinggoff/NewSteelesImages/main/review-images/NAT-000000467-nazionale-silver-leaf-500-sheet-pack.png?raw=true,Image Added,,,,,,,,,,,,,,,067ac2b6188ef4537c8724ee5be5e77fad41ed5e48eef37d94c873e7e4305674,fb24d4e6b38de9c1ff82a4bca15ccf500f5f65f79b5756778e737f9fa4435eb9
simple,Nationale Gold Leaf 500 Sheet Box,467,NAT-000000468,,"Nationale Gold Leaf 500 Sheet Box is a decorative gilding material or system component for creating metallic leaf finishes on compatible prepared surfaces. Confirm preparation, compatibility, application, coverage and recoat requirements in the current label or technical data sheet. Confirm the exact item and package before ordering.",,Specialty & Decorative Products > Gold Leaf,"gold leaf, metal leaf, gilding material, decorative finish",Nationale,GOE01,https://raw.githubusercontent.com/kinggoff/NewSteelesImages/main/review-images/NAT-000000468-nazionale-composition-gold-leaf-500-sheet-pack.png?raw=true,Image Added,,,,,,,,,,,,,,,121edccef10638991609acf4213bf5584ca8e59af59893181f6588f466e0b2e3,f697b36e63c672bf0e5d8aee08ab9efd9a1d171482239015c3b470465aecda80
simple,Goudey NGR Stain - Red,468,GY-000000469,,"Goudey NGR Stain - Red is a wood-finishing product for colouring, conditioning or protecting the compatible interior or exterior wood surface named in the product. Confirm preparation, compatibility, application, coverage and recoat requirements in the current label or technical data sheet. Confirm the exact item and package before ordering.",,Lacquer and Millwork Coatings > Goudey,"non-grain-raising stain, dye stain, solvent-based wood stain, wood finish",Goudey,GOE01,https://raw.githubusercontent.com/kinggoff/NewSteelesImages/main/review-images/GY-000000469-goudey-ngr-stain-red.png?raw=true,Images for Review,,,,,,,,,,,,,,,6ce81004d81a2227555ea32783749d389bb036e0837c6cc515abdf019a0281de,7c8903c45b8d157c375cefb92112a4e3bfc279e73e9ec46b36884b88bd4240b2
simple,Goudey Natural Paste Wood Filler,469,GY-000000470,,"Goudey Natural Paste Wood Filler is a repair material for filling, patching, glazing, rebuilding or stabilizing the compatible wood, drywall, window or masonry surface indicated by the product name. Apply to a clean, sound surface and follow the label for mixing, layer depth, drying or cure, sanding and topcoating.",,Lacquer and Millwork Coatings > Goudey,"wood filler, wood repair compound, grain filler, surface repair product",Goudey,GOE01,https://raw.githubusercontent.com/kinggoff/NewSteelesImages/main/review-images/GY-000000470-goudey-natural-paste-wood-filler.png?raw=true,Images for Review,,,,,,,,,,,,,,,cf8f957fb9d119e7ca878c86cb57812d8bc1907615e09f9a3800072532fb7379,c75893be58897d6bf0948f668e29624b64d5af2757afd069e15db44f9df6b337
simple,Goudey Acetone,470,GY-000000471,,"Goudey Acetone is a surface-preparation or cleanup product for removing the residue named in the product from compatible materials before refinishing. Selection should be based on the specific task, material, working conditions and compatible products in the complete system. Test first, then follow the label for dilution, dwell time, rinsing, ventilation and protective equipment.",,Lacquer and Millwork Coatings > Goudey,"acetone, finishing solvent, cleaning solvent, surface preparation solvent",Goudey,GOE01,https://raw.githubusercontent.com/kinggoff/NewSteelesImages/main/review-images/GY-000000471-goudey-acetone.png?raw=true,Image Added,,,,,,,,,,,,,,,17779679aaa779644aacb1df7c46e4adbf84fd10cabdbd0e8bf844e6b4f16453,4bf1e767ed9251b3ce15e3ebca97040a73678b0c83f1a6fbc6b31cdc4d151dfd
simple,Dux Water-Based Gilding Size,471,GY-000000472,,"Dux Water-Based Gilding Size from Goudey is a decorative gilding material or system component for creating metallic leaf finishes on compatible prepared surfaces. Confirm preparation, compatibility, application, coverage and recoat requirements in the current label or technical data sheet. Confirm the exact item and package before ordering.",,Lacquer and Millwork Coatings > Goudey,"gilding size, metal leaf adhesive, water-based adhesive, decorative finishing product",Goudey,GOE01,https://raw.githubusercontent.com/kinggoff/NewSteelesImages/main/review-images/GY-000000472-dux-water-based-gilding-size-8oz.png?raw=true,Images for Review,,,,,,,,,,,,,,,bdc56b4e40451d286bf2e192b50f66290ab5c165631acb2bc712c82060557b5a,a027d2dfc9895701a063f4610923acfac23159025b91f38174baaba0efa81db7
simple,Graco Tip HD,472,GRA-000000473,,"Graco Tip HD is an airless spray tip that controls fan width and material flow; the exact tip size must be matched to the coating, sprayer and desired finish. Confirm model compatibility and pressure rating, then follow the equipment manual for setup, flushing, maintenance and safe operation. Confirm the exact item and package before ordering.",,Spray Equipment Sales & Service > Graco,"airless spray tip, sprayer nozzle, paint sprayer accessory, coating application part",Graco,GRA01-S,https://raw.githubusercontent.com/kinggoff/NewSteelesImages/main/review-images/GRA-000000473-graco-tip-hd.png?raw=true,Images for Review,,,,,,,,,,,,,,,6e4c8025ef6b60c2d915ff66f7cc233a2694299c9dee620eea898f594da62957,68646704fdccd3adeffc15a673cb1b1af170b3ca50ae79e1a566087822e0916e
simple,Graco Throat Seal,473,GRA-000000474,,"Graco Throat Seal is a maintenance fluid used with compatible airless sprayer pump packings to help protect the displacement rod and wet-cup area. Confirm model compatibility and pressure rating, then follow the equipment manual for setup, flushing, maintenance and safe operation. Confirm the exact item and package before ordering.",,Spray Equipment Sales & Service > Graco,"sprayer throat seal, pump seal, paint sprayer replacement part, spray equipment part",Graco,GRA01-S,https://raw.githubusercontent.com/kinggoff/NewSteelesImages/main/review-images/GRA-000000474-graco-206994-tsl-throat-seal-liquid.png?raw=true,Images for Review,,,,,,,,,,,,,,,03a04aad8d0c6d721f3bb2d77ebc1f946b123f05081becded6aba520f3832897,ea8792c5632684c8324985e9beb9a4a44f05fe4ce00d29c10fee4931b6d20541
simple,Graco Rac 10 Tip,474,GRA-000000475,,"Graco Rac 10 Tip is an airless spray tip that controls fan width and material flow; the exact tip size must be matched to the coating, sprayer and desired finish. Confirm model compatibility and pressure rating, then follow the equipment manual for setup, flushing, maintenance and safe operation. Confirm the exact item and package before ordering.",,Spray Equipment Sales & Service > Graco,"airless spray tip, sprayer nozzle, paint sprayer accessory, coating application part",Graco,GRA01-S,https://raw.githubusercontent.com/kinggoff/NewSteelesImages/main/review-images/GRA-000000475-graco-rac-10-tip.png?raw=true,Images for Review,,,,,,,,,,,,,,,7a4ec2c1c59d17c1a209f91b3db1a2554e56e02944282618ac6af74e65dde351,1be56d6408d15ac8bccf806a855dffb7fca7242e91d4897bb0273e42908c2df3
simple,Graco Quickshot 3,475,GRA-000000476,,"Graco Quickshot 3 is a professional paint-spray system for applying compatible architectural or finishing coatings; capacity and setup should be matched to the material and project. Confirm model compatibility and pressure rating, then follow the equipment manual for setup, flushing, maintenance and safe operation.",,Spray Equipment Sales & Service > Graco,"electric airless spray gun, paint sprayer, coating application equipment, professional spray equipment",Graco,GRA01-S,https://raw.githubusercontent.com/kinggoff/NewSteelesImages/main/review-images/GRA-000000476-graco-ultra-quickshot-20b473.png?raw=true,Images for Review,,,,,,,,,,,,,,,d21daf733a54baa829243136b3be054a34832b477170a464fb557532f7a529d0,ce863988285bde24b74fbd6c930b03541dcf202f811eb8b7515e7f91cf3c4ce4
simple,Graco Linelazer Rac 5 Switch Tip,476,GRA-000000477,,"Graco Linelazer Rac 5 Switch Tip is an airless spray tip that controls fan width and material flow; the exact tip size must be matched to the coating, sprayer and desired finish. Confirm model compatibility and pressure rating, then follow the equipment manual for setup, flushing, maintenance and safe operation.",,Spray Equipment Sales & Service > Graco,"airless spray tip, sprayer nozzle, paint sprayer accessory, coating application part",Graco,GRA01-S,https://raw.githubusercontent.com/kinggoff/NewSteelesImages/main/review-images/GRA-000000477-graco-ll5315-linelazer-rac-5-switchtip.png?raw=true,Images for Review,,,,,,,,,,,,,,,40bf3d91937c8cfae8e136154af0ac015a655cb6f0b92ef3aee11763bcd15737,6d3bf357b6836fd17bcb5e9ca0984dc03bb489af87d18d37266dc719e450c394
simple,Graco Flat Tip,477,GRA-000000478,,"Graco Flat Tip is an airless spray tip that controls fan width and material flow; the exact tip size must be matched to the coating, sprayer and desired finish. Confirm model compatibility and pressure rating, then follow the equipment manual for setup, flushing, maintenance and safe operation. Confirm the exact item and package before ordering.",,Spray Equipment Sales & Service > Graco,"airless spray tip, sprayer nozzle, paint sprayer accessory, coating application part",Graco,GRA01-S,https://raw.githubusercontent.com/kinggoff/NewSteelesImages/main/review-images/GRA-000000478-graco-flat-tip.png?raw=true,Images for Review,,,,,,,,,,,,,,,7689b10dba98a9206a9823a0514af5d0d70dd446009aff1a447ce3d95622d51b,b83f3df886bfc221db6dfb8d4ef493540a682559b691bcce1908011d847b1141
simple,Graco Finishpro Gx19 120V,478,GRA-000000479,,"Graco Finishpro Gx19 120V is a professional paint-spray system for applying compatible architectural or finishing coatings; capacity and setup should be matched to the material and project. Confirm model compatibility and pressure rating, then follow the equipment manual for setup, flushing, maintenance and safe operation.",,Spray Equipment Sales & Service > Graco,"paint sprayer, airless paint sprayer, coating application equipment, professional spray equipment",Graco,GRA01-S,https://raw.githubusercontent.com/kinggoff/NewSteelesImages/main/review-images/GRA-000000479-graco-finishpro-gx19-17f924.png?raw=true,Image Added,,,,,,,,,,,,,,,5f16d17fe2023a7bf80a9c1a88b841cde0683e340efeeba2435ddf19e10a45ab,e6a5eb170c4df2ac10a050416646766ec192dea48800a33ed384b963f7bb14ab
simple,Graco Fine Finish Tip 107,479,GRA-000000480,,"Graco Fine Finish Tip 107 is an airless spray tip that controls fan width and material flow; the exact tip size must be matched to the coating, sprayer and desired finish. Confirm model compatibility and pressure rating, then follow the equipment manual for setup, flushing, maintenance and safe operation.",,Spray Equipment Sales & Service > Graco,"airless spray tip, sprayer nozzle, paint sprayer accessory, coating application part",Graco,GRA01-S,https://raw.githubusercontent.com/kinggoff/NewSteelesImages/main/review-images/GRA-000000480-graco-fflp108-fine-finish-switchtip.png?raw=true,Images for Review,,,,,,,,,,,,,,,0b428542102753b6476650bfd88e732d2bf3b596f2a0b85c15ab068fad3ce73e,77717e1f526498a90b9a7017c8581e375d6beaf75f4489d88d0d1c9524210f7d
simple,Graco Filter,480,GRA-000000481,,"Graco Filter is a replacement spray-gun or system filter that helps screen coating debris and reduce tip clogs in compatible equipment. Selection should be based on the specific task, material, working conditions and compatible products in the complete system. Confirm model compatibility and pressure rating, then follow the equipment manual for setup, flushing, maintenance and safe operation.",,Spray Equipment Sales & Service > Graco,"spray gun filter, paint sprayer filter, spray equipment accessory, replacement filter",Graco,GRA01-S,https://raw.githubusercontent.com/kinggoff/NewSteelesImages/main/review-images/GRA-000000481-graco-filter.png?raw=true,Images for Review,,,,,,,,,,,,,,,ad21277574f4da5b854b1cea8773e291292875683694467f113f76c5cd031e26,b78a947caa471b1b340e95b4a4333465966879a67e71b6f5ce7d0680457b7c7c
simple,Graco Contractor Powershot Gun,481,GRA-000000482,,"Graco Contractor Powershot Gun is a paint-spray gun or gun package for delivering compatible coatings through the specified spray system. Selection should be based on the specific task, material, working conditions and compatible products in the complete system. Confirm model compatibility and pressure rating, then follow the equipment manual for setup, flushing, maintenance and safe operation.",,Spray Equipment Sales & Service > Graco,"airless spray gun, paint spray gun, coating application equipment, professional spray equipment",Graco,GRA01-S,https://raw.githubusercontent.com/kinggoff/NewSteelesImages/main/review-images/GRA-000000482-graco-contractor-powershot-xt-18h301.png?raw=true,Images for Review,,,,,,,,,,,,,,,280976c6a2ff412e360710233e5415b4295c6f7aa0166c2de38f34281f2e8069,b2db7f50be6f3fa6e2d808a28dbe6fc8492648e9a6cc326c821a0beca7719a86
simple,Graco Ext,482,GRA-000000483,,"Graco Ext is a spray-gun extension for reaching ceilings, walls and other elevated or recessed areas with compatible airless equipment. Selection should be based on the specific task, material, working conditions and compatible products in the complete system. Confirm model compatibility and pressure rating, then follow the equipment manual for setup, flushing, maintenance and safe operation.",,Spray Equipment Sales & Service > Graco,"spray gun extension, paint sprayer accessory, extension wand, coating application part",Graco,GRA01-S,https://raw.githubusercontent.com/kinggoff/NewSteelesImages/main/review-images/GRA-000000483-graco-extension.png?raw=true,Images for Review,,,,,,,,,,,,,,,74a45f0e54c9c7fc90c44a8c37ffb6165e37809349328d4892643ce7c93af454,cb4b8e66bdd9ddc2a322eea1899fd903cd9dc2be1f5c7eec818eb6a2edda5c49
simple,Purple Max Cleaner + Degreaser Concentrate,483,GE-000000484,,"Purple Max Cleaner + Degreaser Concentrate from Grime Eater is a surface-preparation or cleanup product for removing the residue named in the product from compatible materials before refinishing. Test first, then follow the label for dilution, dwell time, rinsing, ventilation and protective equipment.",,Painting Tools & Accessories > Cleaners & Removers,"degreaser, heavy-duty cleaner, surface preparation cleaner, concentrated cleaner",Grime Eater,GRIME,https://raw.githubusercontent.com/kinggoff/NewSteelesImages/main/review-images/GE-000000484-purple-max-cleaner-degreaser.png?raw=true,Image Added,,,,,,,,,,,,,,,23054329bac4ab0a5d694fb51a8c8721ab56425ae497583a22d943981b0373be,71eef331db279dd519b35f344103f30809eff3370ec1841713be42cf26772dda
simple,Power Maxx Hand Cleaner,484,GE-000000485,,"Power Maxx Hand Cleaner from Grime Eater is a surface-preparation or cleanup product for removing the residue named in the product from compatible materials before refinishing. Test first, then follow the label for dilution, dwell time, rinsing, ventilation and protective equipment. Confirm the exact item and package before ordering.",,Painting Tools & Accessories > Cleaners & Removers,"hand cleaner, industrial hand cleaner, degreasing soap, personal cleaning product",Grime Eater,GRIME,https://raw.githubusercontent.com/kinggoff/NewSteelesImages/main/review-images/GE-000000485-power-maxx-hand-cleaner.png?raw=true,Images for Review,,,,,,,,,,,,,,,485d791b43c65dd4829ff8cf643751c9a6265374f7b30ebd107da3509161cf7b,338c57f86efea3d0914d68801bbe88042d9a649020d0f85f00e7626305a07178
simple,Power Maxx Hand Cleaner - Gal,485,GE-000000486,,"Power Maxx Hand Cleaner - Gal from Grime Eater is a surface-preparation or cleanup product for removing the residue named in the product from compatible materials before refinishing. Test first, then follow the label for dilution, dwell time, rinsing, ventilation and protective equipment. Confirm the exact item and package before ordering.",,Painting Tools & Accessories > Cleaners & Removers,"hand cleaner, industrial hand cleaner, degreasing soap, personal cleaning product",Grime Eater,GRIME,https://raw.githubusercontent.com/kinggoff/NewSteelesImages/main/review-images/GE-000000485-power-maxx-hand-cleaner.png?raw=true,Images for Review,,,,,,,,,,,,,,,485d791b43c65dd4829ff8cf643751c9a6265374f7b30ebd107da3509161cf7b,c17fb9dfb8ade0266c8dc803a816acb4d1f3ffc09c69bc7b0e0c8fc55881b6ce
simple,Grime Eater Orange Hand Cleaner,486,GE-000000487,,"Grime Eater Orange Hand Cleaner is a surface-preparation or cleanup product for removing the residue named in the product from compatible materials before refinishing. Test first, then follow the label for dilution, dwell time, rinsing, ventilation and protective equipment. Confirm the exact item and package before ordering.",,Painting Tools & Accessories > Cleaners & Removers,"degreaser, heavy-duty cleaner, surface preparation cleaner, concentrated cleaner, hand cleaner, industrial hand cleaner, degreasing soap, personal cleaning product",Grime Eater,GRIME,https://raw.githubusercontent.com/kinggoff/NewSteelesImages/main/review-images/GE-000000487-grime-eater-orange-hand-cleaner.png?raw=true,Image Added,,,,,,,,,,,,,,,da4fc20b98897bdee3c9d8804efd884fdc2459048f060494bdff9de3d00b57a6,b9d64b4b26e3da9be98fc33e43be5fb8963ce1b30b94dad4ec5d77fdb0109ba5
simple,Handy Paint Pail,487,HPP-000000488,,"Handy Paint Pail is a reusable work container for holding, measuring or mixing compatible paint and finishing materials during preparation and application. Review the listed format and current manufacturer instructions to confirm compatibility, safe use, cleaning and storage for the intended job. Confirm the exact item and package before ordering.",,Painting Tools & Accessories > Tools,"paint pail, paint container, mixing container, painting accessory",Handy Paint Pail,CANPRO,https://raw.githubusercontent.com/kinggoff/NewSteelesImages/main/review-images/25-hpp-000000488-handy-paint-pail.png?raw=true,Image Added,,,,,,,,,,,,,,,e490f1584488594f5d1862823c608afb5b934d57b908405c9424cd6a98e1f3d2,aa3e3408896d73312cc283a3cede82dc89ba5d26550d6aa3231e58f3bded030d
simple,Handy Pail Liners,488,HPP-000000489,,"Handy Pail Liners from Handy Paint Pail is a disposable liner for the matching handheld paint pail, helping speed colour changes and simplify cleanup. Review the listed format and current manufacturer instructions to confirm compatibility, safe use, cleaning and storage for the intended job. Confirm the exact item and package before ordering.",,Painting Tools & Accessories > Tools,"paint container liner, disposable liner, painting accessory, paint pail accessory",Handy Paint Pail,CANPRO,https://raw.githubusercontent.com/kinggoff/NewSteelesImages/main/review-images/HPP-000000489-handy-pail-liners.png?raw=true,Image Added,,,,,,,,,,,,,,,c5392e13ae02574b4f84d9753b72da5ed40f922636b6540a345843919aeab468,07f4b42f51057074f0ffc333157a602b7bd0d06c2b2477f921a16490270756f9
simple,Shoppro Cordless Led Tripod Worklight,489,HOL-000000490,,"Shoppro Cordless Led Tripod Worklight from Holland is a portable LED work light for illuminating walls, ceilings and work areas during preparation, coating and inspection. Review the listed format and current manufacturer instructions to confirm compatibility, safe use, cleaning and storage for the intended job.",,Painting Tools & Accessories > Tools,"work light, led work light, jobsite lighting, portable light",Holland,HOLLAND,https://raw.githubusercontent.com/kinggoff/NewSteelesImages/main/review-images/HOL-000000490-shoppro-cordless-led-tripod-worklight.png?raw=true,Image Added,,,,,,,,,,,,,,,87c55cc276a4d9e8791a194d9167da1cd8941cea6471f2436132beedac63cdae,60885b4651a0b923f8f358d42a7a55ca31eeb8573cbf741f1b8166ad66d51fa5
simple,360 Degree Cannon Work Light,490,HOL-000000491,,"360 Degree Cannon Work Light from Holland is a portable LED work light for illuminating walls, ceilings and work areas during preparation, coating and inspection. Review the listed format and current manufacturer instructions to confirm compatibility, safe use, cleaning and storage for the intended job.",,Painting Tools & Accessories > Tools,"work light, led work light, jobsite lighting, portable light",Holland,HOLLAND,https://raw.githubusercontent.com/kinggoff/NewSteelesImages/main/review-images/HOL-000000491-shoppro-360-cannon-work-light.png?raw=true,Image Added,,,,,,,,,,,,,,,904e6c1fd0b8bd0c2893d759a00fa8e36b9fd0eedf114ea436116be39332ba96,855c0e3fb2cadcbca7c070b32af8e1b5d1ddc172a998fe2ae7a9f40635fe2d59
simple,J-B Weld Superweld Epoxy,491,JBW-000000492,,"J-B Weld Superweld Epoxy is an adhesive or repair compound for joining compatible materials; bond strength depends on surface preparation, fit, cure and the specific substrates involved. Prepare both surfaces and follow the label for mixing where required, open or working time, assembly, clamping and cure.",,Painting Tools & Accessories > Paint Prep & Repairs,"epoxy adhesive, two-part epoxy, repair adhesive, structural adhesive",J-B Weld,MUM01,https://raw.githubusercontent.com/kinggoff/NewSteelesImages/main/review-images/JBW-000000492-jb-weld-superweld-instant-adhesive.png?raw=true,Images for Review,,,,,,,,,,,,,,,6531687391d20c028f90b22409a3a193a99cd0326cb8708f3124b0c24ce541fc,515fce4030b48e0ba178341d6284a5ab67a739f7e9c9bf943813ff91cce893e4
simple,J-B Weld Original Cold Weld,492,JBW-000000493,,"J-B Weld Original Cold Weld is an adhesive or repair compound for joining compatible materials; bond strength depends on surface preparation, fit, cure and the specific substrates involved. Prepare both surfaces and follow the label for mixing where required, open or working time, assembly, clamping and cure.",,Painting Tools & Accessories > Paint Prep & Repairs,"epoxy adhesive, two-part epoxy, repair adhesive, structural adhesive",J-B Weld,MUM01,https://raw.githubusercontent.com/kinggoff/NewSteelesImages/main/review-images/JBW-000000493-jb-weld-original-cold-weld-8265s.png?raw=true,Images for Review,,,,,,,,,,,,,,,2449f3133947b953b16de27228bbf67822eaee0e470a877e784c9e82a1382b5e,8e30c7bc1f87a2d80691891e7c700a504ec25f502ca4161a8421adf09369a1f0
simple,J-B Weld Minuteweld Epoxy Syringe,493,JBW-000000494,,"J-B Weld Minuteweld Epoxy Syringe is an adhesive or repair compound for joining compatible materials; bond strength depends on surface preparation, fit, cure and the specific substrates involved. Prepare both surfaces and follow the label for mixing where required, open or working time, assembly, clamping and cure.",,Painting Tools & Accessories > Paint Prep & Repairs,"epoxy adhesive, two-part epoxy, repair adhesive, structural adhesive",J-B Weld,MUM01,https://raw.githubusercontent.com/kinggoff/NewSteelesImages/main/review-images/JBW-000000494-jb-weld-minuteweld-syringe-50101.png?raw=true,Image Added,,,,,,,,,,,,,,,131a06eb1f95573a3d2283881cfccda858cca4c729abc0bf63948d9c1665703c,2a69c62267e3f260ddf3fd0924bf6649f8aaaa11a5298c8a68e71490d3579943
simple,"Jen 2"" Foam Brush",494,JEN-000000495,,"Jen 2"" Foam Brush is a purpose-shaped brush for controlled application of compatible paint, stain or decorative coating; its filament style and profile suit the task named in the product. Choose the listed size for the surface and coating, then clean or dispose of the applicator according to current product guidance.",,Painting Tools & Accessories > Tools,"foam brush, disposable paint brush, paint applicator, painting tool",Jen,CANPRO,https://raw.githubusercontent.com/kinggoff/NewSteelesImages/main/review-images/JEN-000000495-jen-2-inch-foam-brush.png?raw=true,Image Added,,,,,,,,,,,,,,,d08cf93486223b753205ed24e675227219a602b3885b2cd7c3dbb9b243a5169b,fa498405c5eb4be9de4bce90d0938f764628f4b8a7c4acf6b11e35338abfe270
simple,Wet Sanding Paper 1500 Grit,495,KLI-000000496,,"Wet Sanding Paper 1500 Grit from Klingspor is an abrasive product for levelling, smoothing or keying surfaces during staged preparation; the stated grit determines how aggressively it cuts. Match it to the surface, work progressively, and use suitable eye, hand and respiratory protection for the material being removed.",,Painting Tools & Accessories > Paint Prep & Repairs,"sandpaper, coated abrasive, surface preparation abrasive, sanding material, wet sandpaper",Klingspor,EAE01,https://raw.githubusercontent.com/kinggoff/NewSteelesImages/main/review-images/KLI-000000496-wet-sanding-paper-1500-grit.png?raw=true,Image Added,,,,,,,,,,,,,,,2730f0e8f3d7a9a2b8c0fe85e734030be0e51ab6f2e455365bd65dfd5746212f,1e41a4e7aa6ef6acc0ab25a3d247774248aa12ccc7a52a55e12f0a69c2b3e586
simple,50 Yrd Roll 100 Grit Sandpaper,496,KLI-000000497,,"50 Yrd Roll 100 Grit Sandpaper from Klingspor is an abrasive product for levelling, smoothing or keying surfaces during staged preparation; the stated grit determines how aggressively it cuts. Match it to the surface, work progressively, and use suitable eye, hand and respiratory protection for the material being removed.",,Painting Tools & Accessories > Paint Prep & Repairs,"sandpaper, coated abrasive, surface preparation abrasive, sanding material",Klingspor,EAE01,https://raw.githubusercontent.com/kinggoff/NewSteelesImages/main/review-images/KLI-000000497-498-red-sandpaper-roll-100-grit.png?raw=true,Images for Review,,,,,,,,,,,,,,,a8a58334b8028d4fe8a78112dea8ec4d343b9a38fa2999afb1a490bdbafe1f79,6f6c38dd006b225e2495359f4dc1048dbd9b35f6bcf28013296e1c19be23fa8a
simple,25 Yard Roll Red Sandpaper 100 Grit,497,KLI-000000498,,"25 Yard Roll Red Sandpaper 100 Grit from Klingspor is an abrasive product for levelling, smoothing or keying surfaces during staged preparation; the stated grit determines how aggressively it cuts. Match it to the surface, work progressively, and use suitable eye, hand and respiratory protection for the material being removed.",,Painting Tools & Accessories > Paint Prep & Repairs,"sandpaper, coated abrasive, surface preparation abrasive, sanding material",Klingspor,EAE01,https://raw.githubusercontent.com/kinggoff/NewSteelesImages/main/review-images/KLI-000000497-498-red-sandpaper-roll-100-grit.png?raw=true,Images for Review,,,,,,,,,,,,,,,a8a58334b8028d4fe8a78112dea8ec4d343b9a38fa2999afb1a490bdbafe1f79,be1e3b4e02b640e3a28c458d0e82aa6ab9ea951d16e07dede20d7a2652e104df
simple,Krylon Metallic Silver,498,KRY-000000499,,"Krylon Metallic Silver is an aerosol coating or treatment for the colour, effect or repair task stated in the product name on a compatible prepared surface. Confirm preparation, compatibility, application, coverage and recoat requirements in the current label or technical data sheet. Confirm the exact item and package before ordering.",,Paints > Aerosols,"metallic paint, decorative coating, specialty paint, metallic finish, spray paint, aerosol paint, specialty coating",Krylon,DIVERS,https://raw.githubusercontent.com/kinggoff/NewSteelesImages/main/review-images/26-kry-000000499-krylon-metallic-silver.png?raw=true,Image Added,,,,,,,,,Krylon Metallic Paint Chrome Aluminum - K01404777 / UPC 724504071976=https://raw.githubusercontent.com/kinggoff/NewSteelesImages/main/PDFs/SDS/krylon-Krylon-Metallic-Chrome-Aluminum-K01404777-SDS.pdf?raw=true,,Krylon Metallic Paint Chrome Aluminum - K01404777 / UPC 724504071976=https://raw.githubusercontent.com/kinggoff/NewSteelesImages/main/PDFs/SDS/krylon-Krylon-Metallic-Chrome-Aluminum-K01404777-SDS.pdf?raw=true,,,,6f8b034c4390d924318a9e9c9ea5814890a8b90599a2fecbdac543495867dbe3,081f043e1bcfa91f0eacf7c801de7b9e6f312ed327ae267d4be72cb376bcc8d7
simple,Krylon Fusion Satin Black,499,KRY-000000500,,"Krylon Fusion Satin Black is an aerosol coating or treatment for the colour, effect or repair task stated in the product name on a compatible prepared surface. Confirm preparation, compatibility, application, coverage and recoat requirements in the current label or technical data sheet. Confirm the exact item and package before ordering.",,Paints > Aerosols,"spray paint, aerosol paint, specialty coating, decorative coating",Krylon,DIVERS,https://raw.githubusercontent.com/kinggoff/NewSteelesImages/main/review-images/KRY-000000500-krylon-fusion-satin-black-k02732007.png?raw=true,Image Added,,,,,,,,,Fusion All-In-One Satin Black K02732007=https://raw.githubusercontent.com/kinggoff/NewSteelesImages/main/PDFs/SDS/krylon-Fusion-All-In-One-Satin-Black-K02732007-SDS.pdf?raw=true,Fusion All-In-One Satin Black K02732007=https://raw.githubusercontent.com/kinggoff/NewSteelesImages/main/PDFs/TDS/krylon-Fusion-All-In-One-Satin-Black-K02732007-PDS.pdf?raw=true,Fusion All-In-One Satin Black K02732007=https://raw.githubusercontent.com/kinggoff/NewSteelesImages/main/PDFs/SDS/krylon-Fusion-All-In-One-Satin-Black-K02732007-SDS.pdf?raw=true,,Fusion All-In-One Satin Black K02732007=https://raw.githubusercontent.com/kinggoff/NewSteelesImages/main/PDFs/TDS/krylon-Fusion-All-In-One-Satin-Black-K02732007-PDS.pdf?raw=true,,d412b3e68e5e270b870a8d51f610a9a25ae998577ace43ddd19828537368953f,a85b7d3112d08679c088271b8917c48457274a2e46c80c7ff51969555c3a2c48
simple,Krylon Fusion Metallic Gold,500,KRY-000000501,,"Krylon Fusion Metallic Gold is an aerosol coating or treatment for the colour, effect or repair task stated in the product name on a compatible prepared surface. Confirm preparation, compatibility, application, coverage and recoat requirements in the current label or technical data sheet. Confirm the exact item and package before ordering.",,Paints > Aerosols,"metallic paint, decorative coating, specialty paint, metallic finish, spray paint, aerosol paint, specialty coating",Krylon,DIVERS,https://raw.githubusercontent.com/kinggoff/NewSteelesImages/main/review-images/KRY-000000501-krylon-fusion-metallic-gold-k02770007.png?raw=true,Image Added,,,,,,,,,Fusion All-In-One Metallic Gold K02770007=https://raw.githubusercontent.com/kinggoff/NewSteelesImages/main/PDFs/SDS/krylon-Fusion-All-In-One-Metallic-Gold-K02770007-SDS.pdf?raw=true,,Fusion All-In-One Metallic Gold K02770007=https://raw.githubusercontent.com/kinggoff/NewSteelesImages/main/PDFs/SDS/krylon-Fusion-All-In-One-Metallic-Gold-K02770007-SDS.pdf?raw=true,,,,aaf3b77c6d8198a216f325fb04618d5e9e174a5744340b94c96775f61bf748af,6b209f2b7dfce224d36a78bdf0509fffeb3d30857e19c19878720e5adad4af54
simple,Krylon Fusion Gloss Black,501,KRY-000000502,,"Krylon Fusion Gloss Black is an aerosol coating or treatment for the colour, effect or repair task stated in the product name on a compatible prepared surface. Confirm preparation, compatibility, application, coverage and recoat requirements in the current label or technical data sheet. Confirm the exact item and package before ordering.",,Paints > Aerosols,"spray paint, aerosol paint, specialty coating, decorative coating",Krylon,DIVERS,https://raw.githubusercontent.com/kinggoff/NewSteelesImages/main/review-images/KRY-000000502-krylon-fusion-gloss-black-k02702007.png?raw=true,Image Added,,,,,,,,,Fusion All-In-One Gloss Black K02702007=https://raw.githubusercontent.com/kinggoff/NewSteelesImages/main/PDFs/SDS/krylon-Fusion-All-In-One-Gloss-Black-K02702007-SDS.pdf?raw=true,Fusion All-In-One Gloss Black K02702007=https://raw.githubusercontent.com/kinggoff/NewSteelesImages/main/PDFs/TDS/krylon-Fusion-All-In-One-Gloss-Black-K02702007-PDS.pdf?raw=true,Fusion All-In-One Gloss Black K02702007=https://raw.githubusercontent.com/kinggoff/NewSteelesImages/main/PDFs/SDS/krylon-Fusion-All-In-One-Gloss-Black-K02702007-SDS.pdf?raw=true,,Fusion All-In-One Gloss Black K02702007=https://raw.githubusercontent.com/kinggoff/NewSteelesImages/main/PDFs/TDS/krylon-Fusion-All-In-One-Gloss-Black-K02702007-PDS.pdf?raw=true,,d5bf916499659a671eac7fad9817a76c255d751cc32827e76c6e28f3c0eb1e13,f188377dbd44ebc09f8e3c04c9eb96b98555dc8e4cc00a166dc5c7d0214de140
simple,Krylon Fusion Flat Black,502,KRY-000000503,,"Krylon Fusion Flat Black is an aerosol coating or treatment for the colour, effect or repair task stated in the product name on a compatible prepared surface. Confirm preparation, compatibility, application, coverage and recoat requirements in the current label or technical data sheet. Confirm the exact item and package before ordering.",,Paints > Aerosols,"spray paint, aerosol paint, specialty coating, decorative coating",Krylon,DIVERS,https://raw.githubusercontent.com/kinggoff/NewSteelesImages/main/review-images/KRY-000000503-krylon-fusion-flat-black-k02728007.png?raw=true,Image Added,,,,,,,,,Fusion All-In-One Flat Black K02728007=https://raw.githubusercontent.com/kinggoff/NewSteelesImages/main/PDFs/SDS/krylon-Fusion-All-In-One-Flat-Black-K02728007-SDS.pdf?raw=true,Fusion All-In-One Flat Black K02728007=https://raw.githubusercontent.com/kinggoff/NewSteelesImages/main/PDFs/TDS/krylon-Fusion-All-In-One-Flat-Black-K02728007-PDS.pdf?raw=true,Fusion All-In-One Flat Black K02728007=https://raw.githubusercontent.com/kinggoff/NewSteelesImages/main/PDFs/SDS/krylon-Fusion-All-In-One-Flat-Black-K02728007-SDS.pdf?raw=true,,Fusion All-In-One Flat Black K02728007=https://raw.githubusercontent.com/kinggoff/NewSteelesImages/main/PDFs/TDS/krylon-Fusion-All-In-One-Flat-Black-K02728007-PDS.pdf?raw=true,,f4319759944d341dedcab9685fc23c6ffb5d7e105f86e2acff626c1ce3b085ca,24be84a0931447fb60675ed37562421ff11867e287638da04b7f9ea20fefce20
simple,Last N Last Satin Spar Varnish,503,LNL-000000504,,"Last N Last Satin Spar Varnish is a clear or translucent finish for building the sheen and protection appropriate to the compatible surface and coating system. Confirm preparation, compatibility, application, coverage and recoat requirements in the current label or technical data sheet. Confirm the exact item and package before ordering.",,Paints > Exterior,"spar varnish, exterior varnish, clear wood finish, oil-based wood finish",Last n Last,ABSOLUT,https://raw.githubusercontent.com/kinggoff/NewSteelesImages/main/review-images/LNL-000000504-last-n-last-satin-spar-varnish.png?raw=true,Image Added,,,,,,,,,Marine & Door Oil Spar Varnish Satin 50801/50804=https://raw.githubusercontent.com/kinggoff/NewSteelesImages/main/PDFs/SDS/last-n-last-Marine-Door-Oil-Spar-Varnish-Satin-50801-50804-SDS.pdf?raw=true,Marine & Door Oil Spar Varnish 50701-50804=https://raw.githubusercontent.com/kinggoff/NewSteelesImages/main/PDFs/TDS/last-n-last-Marine-Door-Oil-Spar-Varnish-50701-50804-TDS.pdf?raw=true,Marine & Door Oil Spar Varnish Satin 50801/50804=https://raw.githubusercontent.com/kinggoff/NewSteelesImages/main/PDFs/SDS/last-n-last-Marine-Door-Oil-Spar-Varnish-Satin-50801-50804-SDS.pdf?raw=true,,Marine & Door Oil Spar Varnish 50701-50804=https://raw.githubusercontent.com/kinggoff/NewSteelesImages/main/PDFs/TDS/last-n-last-Marine-Door-Oil-Spar-Varnish-50701-50804-TDS.pdf?raw=true,,7c14993783a998ea9fd28b9bc19997239be6676b3a2a41f6a7e51ff895c1c90d,4128b6675fc03877ae701018d356a7a1f5111d20941fc17b107fcc668d73cf33
simple,Last N Last Oil Gloss Urethane 350 Voc,504,LNL-000000505,,"Last N Last Oil Gloss Urethane 350 Voc is a coating formulated for the interior, exterior, specialty or industrial use indicated by its product name and category. Confirm preparation, compatibility, application, coverage and recoat requirements in the current label or technical data sheet. Confirm the exact item and package before ordering.",,Paints > Exterior,"oil-based polyurethane, clear wood finish, floor finish, gloss varnish",Last n Last,ABSOLUT,https://raw.githubusercontent.com/kinggoff/NewSteelesImages/main/review-images/LNL-000000505-last-n-last-gloss-urethane-350-voc.png?raw=true,Image Added,,,,,,,,,Clear Polyurethane Wood Finish Gloss 350 VOC 53501=https://raw.githubusercontent.com/kinggoff/NewSteelesImages/main/PDFs/SDS/last-n-last-Clear-Polyurethane-Wood-Finish-Gloss-350-VOC-53501-SDS.pdf?raw=true,,Clear Polyurethane Wood Finish Gloss 350 VOC 53501=https://raw.githubusercontent.com/kinggoff/NewSteelesImages/main/PDFs/SDS/last-n-last-Clear-Polyurethane-Wood-Finish-Gloss-350-VOC-53501-SDS.pdf?raw=true,,,,cddc5b5b80b1ca6a658926f15fbc6985deab4bab0302255ebbe3d592722db0d7,3a03e7b738e7a9fa9cec2b6a1d8a61696439722ed1a4923f407e3e37b27e104b
simple,Absco Polyurethane Wood Floor Finish Sat,505,LNL-000000506,,"Absco Polyurethane Wood Floor Finish Sat from Last n Last is a clear or translucent finish for building the sheen and protection appropriate to the compatible surface and coating system. Confirm preparation, compatibility, application, coverage and recoat requirements in the current label or technical data sheet.",,Paints > Stains & Varnishes,"floor varnish, wood floor finish, clear wood finish, protective coating",Last n Last,ABSOLUT,https://raw.githubusercontent.com/kinggoff/NewSteelesImages/main/review-images/LNL-000000506-absco-polyurethane-satin.png?raw=true,Image Added,,,,,,,,,Professional Polyurethane Satin 350 VOC 89511/89512/89515=https://raw.githubusercontent.com/kinggoff/NewSteelesImages/main/PDFs/SDS/last-n-last-Professional-Polyurethane-Satin-350-VOC-89511-89512-89515-SDS.pdf?raw=true,,Professional Polyurethane Satin 350 VOC 89511/89512/89515=https://raw.githubusercontent.com/kinggoff/NewSteelesImages/main/PDFs/SDS/last-n-last-Professional-Polyurethane-Satin-350-VOC-89511-89512-89515-SDS.pdf?raw=true,,,,48ff860706c787424927d887855175cd9a8003d999e4a943fc8701fd7b8bad83,090e797b22b33c96116014e83b0d7b40562444c73c2cfeffc756899c86fdca11
simple,Leaktite Multi-Purpose Mixing Pail,506,LEA-000000507,,"Leaktite Multi-Purpose Mixing Pail is a reusable work container for holding, measuring or mixing compatible paint and finishing materials during preparation and application. Review the listed format and current manufacturer instructions to confirm compatibility, safe use, cleaning and storage for the intended job.",,Painting Tools & Accessories > Tools,"paint pail, paint container, mixing container, painting accessory",Leaktite,LEAKTITE,https://raw.githubusercontent.com/kinggoff/NewSteelesImages/main/review-images/LEA-000000507-leaktite-multi-purpose-mixing-pail.png?raw=true,Images for Review,,,,,Variants,5 QUART | 2 1/2 QT | 1 QT,1,1,,,,,,,56a3ae2d8dd6d4319a46a53e40e550368fe02be47eeac1186bfd6b6a30a0b7e1,0e41123c257a61910e9e2bd44164af82c2b5e5831359ec6bd7fb5d3dd6aa0562
simple,Lemmer Pot Liners,507,LEM-000000508,,"Lemmer Pot Liners is disposable liners for compatible pressure or paint pots, helping simplify colour changes and cleanup. Selection should be based on the specific task, material, working conditions and compatible products in the complete system. Confirm model compatibility and pressure rating, then follow the equipment manual for setup, flushing, maintenance and safe operation.",,Spray Equipment Sales & Service > Lemmer,"paint container liner, disposable liner, painting accessory, paint pail accessory",Lemmer,LEM01,https://raw.githubusercontent.com/kinggoff/NewSteelesImages/main/review-images/LEM-000000508-lemmer-pot-liner.png?raw=true,Images for Review,,,,,,,,,,,,,,,b654caeabaa76fd53a8ce31f5c04c12b836756f58c93053d4e06e345bfa490a6,495b31c1853f761c6d8e5a5e5c9800704684fd8e37d1ee07d2ef459372ba9782
simple,Lemmer Gravity Gun Conv,508,LEM-000000509,,"Lemmer Gravity Gun Conv is a paint-spray gun or gun package for delivering compatible coatings through the specified spray system. Selection should be based on the specific task, material, working conditions and compatible products in the complete system. Confirm model compatibility and pressure rating, then follow the equipment manual for setup, flushing, maintenance and safe operation.",,Spray Equipment Sales & Service > Lemmer,"gravity-feed spray gun, paint spray gun, coating application equipment, pneumatic spray equipment",Lemmer,LEM01,https://raw.githubusercontent.com/kinggoff/NewSteelesImages/main/review-images/LEM-000000509-lemmer-a910g-gravity-gun-conventional.png?raw=true,Images for Review,,,,,,,,,,,,,,,a1897de0a8ea7f32cf1fdd8a781e56a8194e648ec2637bf7f5ed9e8f7cd8204f,a58e75233173c9080b3ba8d527f059b0f64e22e471d9837cd78a96fa394b7376
simple,"Lemmer Pot, Gun, Hose Complete",509,LEM-000000510,,"Lemmer Pot, Gun, Hose Complete is a paint-spray gun or gun package for delivering compatible coatings through the specified spray system. Selection should be based on the specific task, material, working conditions and compatible products in the complete system. Confirm model compatibility and pressure rating, then follow the equipment manual for setup, flushing, maintenance and safe operation.",,Spray Equipment Sales & Service > Lemmer,"pressure-feed spray system, paint spray gun, paint pressure pot, spray hose kit",Lemmer,LEM01,https://raw.githubusercontent.com/kinggoff/NewSteelesImages/main/review-images/LEM-000000510-lemmer-pressure-pot-gun-hose-complete.png?raw=true,Images for Review,,,,,,,,,,,,,,,025daa454e72e98ca34e65502e7df1a9ffe88f1bcfe3042d7cffd9293f854477,365a36e06fee318849141678af894070aa8256312a1a74fccb2517845e590944
simple,PC-Woody Wood Epoxy Paste,510,PC-000000511,,"PC-Woody Wood Epoxy Paste from PC Products is a repair material for filling, patching, glazing, rebuilding or stabilizing the compatible wood, drywall, window or masonry surface indicated by the product name. Prepare both surfaces and follow the label for mixing where required, open or working time, assembly, clamping and cure.",,Painting Tools & Accessories > Paint Prep & Repairs,"wood repair epoxy, wood filler, two-part epoxy, repair compound, epoxy paste, repair adhesive",PC Products,DOVER,https://raw.githubusercontent.com/kinggoff/NewSteelesImages/main/review-images/PC-000000511-pc-woody-6oz.png?raw=true,Images for Review,,,,,,,,,,,,,,,f19ccf89fffe0329b22db5c8e8bea5772be94e1c3f7abcd918a9d7eeb2cd31f8,397b13a080c9b23f799bc9237d73fa129c23da642e10b3876aaea9f712e9ea8f
simple,PC-Clear Liquid Epoxy,511,PC-000000512,,"PC-Clear Liquid Epoxy from PC Products is an epoxy coating or repair system for the compatible floor, concrete, wood or assembly application named in the product. Prepare both surfaces and follow the label for mixing where required, open or working time, assembly, clamping and cure. Confirm the exact item and package before ordering.",,Painting Tools & Accessories > Paint Prep & Repairs,"epoxy adhesive, two-part epoxy, repair adhesive, structural adhesive",PC Products,DOVER,https://raw.githubusercontent.com/kinggoff/NewSteelesImages/main/review-images/PC-000000512-pc-clear-1oz.png?raw=true,Images for Review,,,,,,,,,,,,,,,98d81fad419907302791412c8eae50efe4d723a660d3281b4d118dd09998c2bc,93dfb6f9300d52fc794a3eefcf11fca9bcd21bd0b558b31bb5ad99f4bdbbc6b9
simple,Pc Petrifier Wood Hardener,512,PC-000000513,,"Pc Petrifier Wood Hardener from PC Products is a repair material for filling, patching, glazing, rebuilding or stabilizing the compatible wood, drywall, window or masonry surface indicated by the product name. Review the listed format and current manufacturer instructions to confirm compatibility, safe use, cleaning and storage for the intended job.",,Painting Tools & Accessories > Paint Prep & Repairs,"wood hardener, wood consolidant, wood repair treatment, penetrating resin",PC Products,DOVER,https://raw.githubusercontent.com/kinggoff/NewSteelesImages/main/review-images/PC-000000513-pc-petrifier-8oz.png?raw=true,Images for Review,,,,,,,,,,,,,,,43580ddea594b4a6b5836199d50c0b1bd91bed69278e2cfc9d6e7385eb3f131d,250dcb1454ac8c98bee3074f22eff8980eb0f66368781c032c2f4e8594a1b5a9
simple,Pc Lumber,513,PC-000000514,,"Pc Lumber from PC Products is a repair material for filling, patching, glazing, rebuilding or stabilizing the compatible wood, drywall, window or masonry surface indicated by the product name. Review the listed format and current manufacturer instructions to confirm compatibility, safe use, cleaning and storage for the intended job.",,Painting Tools & Accessories > Paint Prep & Repairs,"wood repair epoxy, epoxy putty, wood filler, moldable repair compound",PC Products,DOVER,https://raw.githubusercontent.com/kinggoff/NewSteelesImages/main/review-images/PC-000000514-pc-lumber-1oz.png?raw=true,Images for Review,,,,,,,,,,,,,,,d45d465ae3dbe860f0d968b0bd83410604a2fb10daba6f8a17434628f5a3ee33,164e367c5af92bd4bc60ae08ba057c921c282cf2bfc8ad6b441242107b29b0a8
simple,Kilz Low Voc Spray Can,514,KIL-000000515,,"Kilz Low Voc Spray Can is an aerosol coating or treatment for the colour, effect or repair task stated in the product name on a compatible prepared surface. Confirm preparation, compatibility, application, coverage and recoat requirements in the current label or technical data sheet. Confirm the exact item and package before ordering.",,Paints > Aerosols,"spray primer, aerosol primer, low-voc primer, stain-blocking primer",KILZ,KILZ,https://raw.githubusercontent.com/kinggoff/NewSteelesImages/main/review-images/KIL-000000515-kilz-low-odor-spray-primer.png?raw=true,Images for Review,,,,,,,,,KILZ Original Low Odor Interior Primer Aerosol 1044=https://raw.githubusercontent.com/kinggoff/NewSteelesImages/main/PDFs/SDS/kilz-Original-Low-Odor-Interior-Primer-Aerosol-1044-SDS.pdf?raw=true,,,KILZ Original Low Odor Interior Primer Aerosol 1044=https://raw.githubusercontent.com/kinggoff/NewSteelesImages/main/PDFs/SDS/kilz-Original-Low-Odor-Interior-Primer-Aerosol-1044-SDS.pdf?raw=true,,,947261de24b954c533e980fcb625110557852a2a3fddf59df3366e3c3722f839,4072dce812ea0cfb1abe3623fb262b359995cf5e01aedb1081ce1db028e66d44
simple,Tonachino Firenze White,515,MEO-000000516,,"Tonachino Firenze White from Meoded is a decorative plaster, coating or system component for creating the texture and appearance identified in the product name on a properly prepared surface. Confirm preparation, compatibility, application, coverage and recoat requirements in the current label or technical data sheet.",,Specialty & Decorative Products > Meoded Plasters,"lime plaster, venetian plaster, decorative plaster, interior wall finish",Meoded,MEODED,https://raw.githubusercontent.com/kinggoff/NewSteelesImages/main/review-images/27-meo-000000516-tonachino-firenze-white.png?raw=true,Image Added,,,,,,,,,Tonachino Firenze=https://raw.githubusercontent.com/kinggoff/NewSteelesImages/main/PDFs/SDS/meoded-Tonachino-Firenze-SDS.pdf?raw=true,Tonachino Firenze=https://raw.githubusercontent.com/kinggoff/NewSteelesImages/main/PDFs/TDS/meoded-Tonachino-Firenze-TDS.pdf?raw=true,Tonachino Firenze=https://raw.githubusercontent.com/kinggoff/NewSteelesImages/main/PDFs/SDS/meoded-Tonachino-Firenze-SDS.pdf?raw=true,,Tonachino Firenze=https://raw.githubusercontent.com/kinggoff/NewSteelesImages/main/PDFs/TDS/meoded-Tonachino-Firenze-TDS.pdf?raw=true,,93928ebb2e5a428b03e18cb5a0b28343489d4666e0bff67fb03b62646bbca27e,a422d560a4a7dd8af522a642f0b05acfa081b314142f547d9a3d5739b2a09df0
simple,Stucco Lamundo,516,MEO-000000517,,"Stucco Lamundo from Meoded is a decorative plaster, coating or system component for creating the texture and appearance identified in the product name on a properly prepared surface. Confirm preparation, compatibility, application, coverage and recoat requirements in the current label or technical data sheet.",,Specialty & Decorative Products > Meoded Plasters,"lime plaster, venetian plaster, decorative plaster, polished wall finish",Meoded,MEODED,https://raw.githubusercontent.com/kinggoff/NewSteelesImages/main/review-images/28-meo-000000517-stucco-lamundo.png?raw=true,Image Added,,,,,,,,,Stucco Lamundo=https://raw.githubusercontent.com/kinggoff/NewSteelesImages/main/PDFs/SDS/meoded-Stucco-Lamundo-SDS.pdf?raw=true,Stucco Lamundo=https://raw.githubusercontent.com/kinggoff/NewSteelesImages/main/PDFs/TDS/meoded-Stucco-Lamundo-TDS.pdf?raw=true,Stucco Lamundo=https://raw.githubusercontent.com/kinggoff/NewSteelesImages/main/PDFs/SDS/meoded-Stucco-Lamundo-SDS.pdf?raw=true,,Stucco Lamundo=https://raw.githubusercontent.com/kinggoff/NewSteelesImages/main/PDFs/TDS/meoded-Stucco-Lamundo-TDS.pdf?raw=true,,0082217b3b7a2d395b8be94164923aa96b4039ba613add5e9d53cfc57ff1d5b1,4869d58aaee138f8524aec620e8518fe6f567de8843856b2ac69e490455b416b
simple,Meoded Stain Shield Sealer,517,MEO-000000518,,"Meoded Stain Shield Sealer is a wood-finishing product for colouring, conditioning or protecting the compatible interior or exterior wood surface named in the product. Confirm preparation, compatibility, application, coverage and recoat requirements in the current label or technical data sheet. Confirm the exact item and package before ordering.",,Specialty & Decorative Products > Meoded Plasters,"plaster sealer, protective clear coat, decorative finish sealer, interior wall coating",Meoded,MEODED,https://raw.githubusercontent.com/kinggoff/NewSteelesImages/main/review-images/MEO-000000518-meoded-stain-shield-quart.png?raw=true,Images for Review,,,,,,,,,Stain Shield Sealer=https://raw.githubusercontent.com/kinggoff/NewSteelesImages/main/PDFs/SDS/meoded-Stain-Shield-Sealer-SDS.pdf?raw=true,Stain Shield Sealer=https://raw.githubusercontent.com/kinggoff/NewSteelesImages/main/PDFs/TDS/meoded-Stain-Shield-Sealer-TDS.pdf?raw=true,Stain Shield Sealer=https://raw.githubusercontent.com/kinggoff/NewSteelesImages/main/PDFs/SDS/meoded-Stain-Shield-Sealer-SDS.pdf?raw=true,,Stain Shield Sealer=https://raw.githubusercontent.com/kinggoff/NewSteelesImages/main/PDFs/TDS/meoded-Stain-Shield-Sealer-TDS.pdf?raw=true,,31c04a33a300bb5a04577ed5d230fa9f448678c58805c48e77e23eaf36e06a79,4f466eaa302ecca52dba75da855923fb846d7c7ba31dfe971f34114bc974f01d
simple,Plaster Seal Plus 3 Part Quart,518,MEO-000000519,,"Plaster Seal Plus 3 Part Quart from Meoded is a decorative plaster, coating or system component for creating the texture and appearance identified in the product name on a properly prepared surface. Apply to a clean, sound surface and follow the label for mixing, layer depth, drying or cure, sanding and topcoating.",,Specialty & Decorative Products > Meoded Plasters,"plaster sealer, three-part sealer, decorative plaster finish, protective clear coat",Meoded,MEODED,https://raw.githubusercontent.com/kinggoff/NewSteelesImages/main/review-images/MEO-000000519-meoded-plasterseal-plus.png?raw=true,Image Added,,,,,,,,,PlasterSeal Plus Part A=https://raw.githubusercontent.com/kinggoff/NewSteelesImages/main/PDFs/SDS/meoded-PlasterSeal-Plus-Part-A-SDS.pdf?raw=true|PlasterSeal Plus Part B=https://raw.githubusercontent.com/kinggoff/NewSteelesImages/main/PDFs/SDS/meoded-PlasterSeal-Plus-Part-B-SDS.pdf?raw=true,PlasterSeal Plus System=https://raw.githubusercontent.com/kinggoff/NewSteelesImages/main/PDFs/TDS/meoded-PlasterSeal-Plus-System-TDS.pdf?raw=true,PlasterSeal Plus Part A=https://raw.githubusercontent.com/kinggoff/NewSteelesImages/main/PDFs/SDS/meoded-PlasterSeal-Plus-Part-A-SDS.pdf?raw=true|PlasterSeal Plus Part B=https://raw.githubusercontent.com/kinggoff/NewSteelesImages/main/PDFs/SDS/meoded-PlasterSeal-Plus-Part-B-SDS.pdf?raw=true,,PlasterSeal Plus System=https://raw.githubusercontent.com/kinggoff/NewSteelesImages/main/PDFs/TDS/meoded-PlasterSeal-Plus-System-TDS.pdf?raw=true,,73fc746066ae1d8b7f66493e9bb3f650e18fed161e51cfd9056afd219ec87162,4d516e424f20c17777ad4b362d4385fb1cf36f1dce159409d269a847134701d2
simple,Meoded Plaster Guard Sealer,519,MEO-000000520,,"Meoded Plaster Guard Sealer is a decorative plaster, coating or system component for creating the texture and appearance identified in the product name on a properly prepared surface. Apply to a clean, sound surface and follow the label for mixing, layer depth, drying or cure, sanding and topcoating.",,Specialty & Decorative Products > Meoded Plasters,"plaster sealer, protective clear coat, decorative finish sealer, interior wall coating, decorative plaster, textured wall finish, specialty finish",Meoded,MEODED,https://raw.githubusercontent.com/kinggoff/NewSteelesImages/main/review-images/MEO-000000520-meoded-plasterguard-satin.png?raw=true,Images for Review,Finishes,Gloss | Low Gloss | Satin,1,1,,,,,PlasterGuard Sealer=https://raw.githubusercontent.com/kinggoff/NewSteelesImages/main/PDFs/SDS/meoded-PlasterGuard-Sealer-SDS.pdf?raw=true,PlasterGuard Sealer=https://raw.githubusercontent.com/kinggoff/NewSteelesImages/main/PDFs/TDS/meoded-PlasterGuard-Sealer-TDS.pdf?raw=true,PlasterGuard Sealer=https://raw.githubusercontent.com/kinggoff/NewSteelesImages/main/PDFs/SDS/meoded-PlasterGuard-Sealer-SDS.pdf?raw=true,,PlasterGuard Sealer=https://raw.githubusercontent.com/kinggoff/NewSteelesImages/main/PDFs/TDS/meoded-PlasterGuard-Sealer-TDS.pdf?raw=true,,f3e88e8d11f72d600080390ada787d633f81239034a74df9466527463b6200c7,d51c6bfa48eb1321a68ef3ae987a4de3f164d1d48facb35db2979fc3feeca95f
simple,Pearlas Velvet White,520,MEO-000000521,,"Pearlas Velvet White from Meoded is a decorative plaster, coating or system component for creating the texture and appearance identified in the product name on a properly prepared surface. Confirm preparation, compatibility, application, coverage and recoat requirements in the current label or technical data sheet.",,Specialty & Decorative Products > Meoded Plasters,"suede paint, metallic suede paint, water-based decorative paint, interior wall coating",Meoded,MEODED,https://raw.githubusercontent.com/kinggoff/NewSteelesImages/main/review-images/MEO-000000521-meoded-pearlas-velvet-white.png?raw=true,Images for Review,,,,,,,,,Pearlas Velvet=https://raw.githubusercontent.com/kinggoff/NewSteelesImages/main/PDFs/SDS/meoded-Pearlas-Velvet-SDS.pdf?raw=true,Pearlas Velvet=https://raw.githubusercontent.com/kinggoff/NewSteelesImages/main/PDFs/TDS/meoded-Pearlas-Velvet-TDS.pdf?raw=true,Pearlas Velvet=https://raw.githubusercontent.com/kinggoff/NewSteelesImages/main/PDFs/SDS/meoded-Pearlas-Velvet-SDS.pdf?raw=true,,Pearlas Velvet=https://raw.githubusercontent.com/kinggoff/NewSteelesImages/main/PDFs/TDS/meoded-Pearlas-Velvet-TDS.pdf?raw=true,,e0f2eef8ba42edba18bc0ff50b1930bf8fe05c6d6f78750595c2021d54ae85a1,d3b3a13b1de956eb3b599548fa6c94fce35777bfa44acd2ec2bba7e72be95600
simple,Meoded Quartz Primer,521,MEO-000000522,,"Meoded Quartz Primer is a preparatory coating for the substrate or problem condition named in the product, helping create a more uniform surface for compatible topcoats. Confirm preparation, compatibility, application, coverage and recoat requirements in the current label or technical data sheet. Confirm the exact item and package before ordering.",,Specialty & Decorative Products > Meoded Plasters,"primer, primer sealer, surface preparation coating, basecoat, quartz primer, plaster bonding primer, textured primer, decorative finish basecoat",Meoded,MEODED,https://raw.githubusercontent.com/kinggoff/NewSteelesImages/main/review-images/29-meo-000000522-meoded-quartz-primer.png?raw=true,Image Added,,,,,,,,,Quartz Primer=https://raw.githubusercontent.com/kinggoff/NewSteelesImages/main/PDFs/SDS/meoded-Quartz-Primer-SDS.pdf?raw=true,Quartz Primer=https://raw.githubusercontent.com/kinggoff/NewSteelesImages/main/PDFs/TDS/meoded-Quartz-Primer-TDS.pdf?raw=true,Quartz Primer=https://raw.githubusercontent.com/kinggoff/NewSteelesImages/main/PDFs/SDS/meoded-Quartz-Primer-SDS.pdf?raw=true,,Quartz Primer=https://raw.githubusercontent.com/kinggoff/NewSteelesImages/main/PDFs/TDS/meoded-Quartz-Primer-TDS.pdf?raw=true,,6f3e9cbb91e68e2fd09bfe2b5df77d2f055300e518c1f201a31f5ee55c3d49e9,e73f8bd7b309c92185a2df16b227c587e6c95d51eaa712d88fdbdbe54d939b36
simple,Meoded Moroccan Clay,522,MEO-000000523,,"Meoded Moroccan Clay is a decorative plaster, coating or system component for creating the texture and appearance identified in the product name on a properly prepared surface. Confirm preparation, compatibility, application, coverage and recoat requirements in the current label or technical data sheet.",,Specialty & Decorative Products > Meoded Plasters,"clay plaster, natural wall plaster, decorative plaster, interior wall finish",Meoded,MEODED,https://raw.githubusercontent.com/kinggoff/NewSteelesImages/main/review-images/MEO-000000523-meoded-moroccan-clay.png?raw=true,Image Added,,,,,,,,,Moroccan Clay=https://raw.githubusercontent.com/kinggoff/NewSteelesImages/main/PDFs/SDS/meoded-Moroccan-Clay-SDS.pdf?raw=true,Moroccan Clay=https://raw.githubusercontent.com/kinggoff/NewSteelesImages/main/PDFs/TDS/meoded-Moroccan-Clay-TDS.pdf?raw=true,Moroccan Clay=https://raw.githubusercontent.com/kinggoff/NewSteelesImages/main/PDFs/SDS/meoded-Moroccan-Clay-SDS.pdf?raw=true,,Moroccan Clay=https://raw.githubusercontent.com/kinggoff/NewSteelesImages/main/PDFs/TDS/meoded-Moroccan-Clay-TDS.pdf?raw=true,,745d8f62fa9e968ee33b66ca1d464c25427106d2f38cc5200a4b6cc95ee20cbf,c5fba2c499be8bd11b05d74fc03a7b98bac03e509efe74d9bd8cf63153db3f5d
simple,Meoded Lime Wash,523,MEO-000000524,,"Meoded Lime Wash is a decorative plaster, coating or system component for creating the texture and appearance identified in the product name on a properly prepared surface. Confirm preparation, compatibility, application, coverage and recoat requirements in the current label or technical data sheet.",,Specialty & Decorative Products > Meoded Plasters,"limewash paint, mineral paint, decorative wall finish, matte wall coating",Meoded,MEODED,https://raw.githubusercontent.com/kinggoff/NewSteelesImages/main/review-images/30-meo-000000524-meoded-lime-wash.png?raw=true,Image Added,,,,,,,,,Lime Wash=https://raw.githubusercontent.com/kinggoff/NewSteelesImages/main/PDFs/SDS/meoded-Lime-Wash-SDS.pdf?raw=true,Lime Wash=https://raw.githubusercontent.com/kinggoff/NewSteelesImages/main/PDFs/TDS/meoded-Lime-Wash-TDS.pdf?raw=true,Lime Wash=https://raw.githubusercontent.com/kinggoff/NewSteelesImages/main/PDFs/SDS/meoded-Lime-Wash-SDS.pdf?raw=true,,Lime Wash=https://raw.githubusercontent.com/kinggoff/NewSteelesImages/main/PDFs/TDS/meoded-Lime-Wash-TDS.pdf?raw=true,,8e2b1ff02529afaa962c84fe6f2bb570974db1b66a4fb5d03717cd712b72876e,bc61e09a8d2cc203942e92d190002490a210b1859f2668e4e0db7ec85d1aba4f
simple,Marmorino Palladino,524,MEO-000000525,,"Marmorino Palladino from Meoded is a decorative plaster, coating or system component for creating the texture and appearance identified in the product name on a properly prepared surface. Confirm preparation, compatibility, application, coverage and recoat requirements in the current label or technical data sheet.",,Specialty & Decorative Products > Meoded Plasters,"lime plaster, venetian plaster, decorative plaster, interior wall finish",Meoded,MEODED,https://raw.githubusercontent.com/kinggoff/NewSteelesImages/main/review-images/31-meo-000000525-marmorino-palladino.png?raw=true,Image Added,,,,,,,,,Marmorino Palladino=https://raw.githubusercontent.com/kinggoff/NewSteelesImages/main/PDFs/SDS/meoded-Marmorino-Palladino-SDS.pdf?raw=true,Marmorino Palladino=https://raw.githubusercontent.com/kinggoff/NewSteelesImages/main/PDFs/TDS/meoded-Marmorino-Palladino-TDS.pdf?raw=true,Marmorino Palladino=https://raw.githubusercontent.com/kinggoff/NewSteelesImages/main/PDFs/SDS/meoded-Marmorino-Palladino-SDS.pdf?raw=true,,Marmorino Palladino=https://raw.githubusercontent.com/kinggoff/NewSteelesImages/main/PDFs/TDS/meoded-Marmorino-Palladino-TDS.pdf?raw=true,,9553aa0a1fda6a27f02a7286ef6e93cb190c504d74dea722b3531d334c1ca530,4c8c39d43505d8449253d03037344576c094319f76601cb3817dc95b173fbd6b
simple,Lime Wash Brush 50X150,525,MEO-000000526,,"Lime Wash Brush 50X150 from Meoded is a purpose-shaped brush for controlled application of compatible paint, stain or decorative coating; its filament style and profile suit the task named in the product. Choose the listed size for the surface and coating, then clean or dispose of the applicator according to current product guidance.",,Specialty & Decorative Products > Meoded Plasters,"limewash brush, masonry brush, paint applicator, painting tool",Meoded,MEODED,https://raw.githubusercontent.com/kinggoff/NewSteelesImages/main/review-images/MEO-000000526-meoded-box-brush.png?raw=true,Images for Review,,,,,,,,,,,,,,,2a0a429645d5748793a177aaf0206289ae6b4b121e8c782d6534374201a8b744,fa98fb5898694e953bc99bd4483bdda02ed164ff80cc11d24d90bbee2560f0b1
simple,Hydrowax Gallon Water Soluble Wax,526,MEO-000000527,,"Hydrowax Gallon Water Soluble Wax from Meoded is a clear or translucent finish for building the sheen and protection appropriate to the compatible surface and coating system. Confirm preparation, compatibility, application, coverage and recoat requirements in the current label or technical data sheet.",,Specialty & Decorative Products > Meoded Plasters,"decorative plaster wax, protective wax finish, wall finish sealer, decorative finishing product",Meoded,MEODED,https://raw.githubusercontent.com/kinggoff/NewSteelesImages/main/review-images/MEO-000000527-meoded-hydrowax.png?raw=true,Images for Review,,,,,,,,,Hydrowax=https://raw.githubusercontent.com/kinggoff/NewSteelesImages/main/PDFs/SDS/meoded-Hydrowax-SDS.pdf?raw=true,Hydrowax=https://raw.githubusercontent.com/kinggoff/NewSteelesImages/main/PDFs/TDS/meoded-Hydrowax-TDS.pdf?raw=true,Hydrowax=https://raw.githubusercontent.com/kinggoff/NewSteelesImages/main/PDFs/SDS/meoded-Hydrowax-SDS.pdf?raw=true,,Hydrowax=https://raw.githubusercontent.com/kinggoff/NewSteelesImages/main/PDFs/TDS/meoded-Hydrowax-TDS.pdf?raw=true,,c99fff7301c2b5dc1c1abcd78450d624c22678e2d63146ea55c75d24485ea037,343ecdbf3e71375bf6c82450d866f61f7632e2d84ff9b1ed3466406333c524b6
simple,Golmex Concrete Look,527,MEO-000000528,,"Golmex Concrete Look from Meoded is a decorative plaster, coating or system component for creating the texture and appearance identified in the product name on a properly prepared surface. Confirm preparation, compatibility, application, coverage and recoat requirements in the current label or technical data sheet.",,Specialty & Decorative Products > Meoded Plasters,"concrete-look plaster, decorative plaster, cement-look wall finish, interior wall coating",Meoded,MEODED,https://raw.githubusercontent.com/kinggoff/NewSteelesImages/main/review-images/32-meo-000000528-golmex-concrete-look.png?raw=true,Image Added,,,,,,,,,Golmex=https://raw.githubusercontent.com/kinggoff/NewSteelesImages/main/PDFs/SDS/meoded-Golmex-SDS.pdf?raw=true,Golmex=https://raw.githubusercontent.com/kinggoff/NewSteelesImages/main/PDFs/TDS/meoded-Golmex-TDS.pdf?raw=true,Golmex=https://raw.githubusercontent.com/kinggoff/NewSteelesImages/main/PDFs/SDS/meoded-Golmex-SDS.pdf?raw=true,,Golmex=https://raw.githubusercontent.com/kinggoff/NewSteelesImages/main/PDFs/TDS/meoded-Golmex-TDS.pdf?raw=true,,c59b50c4b5c74a6faaa5151974d0b57d12350082304ea36509a4f653925e19bb,77eb595c5539c1ca263f91afc1709e0d422750297c7a702b82acbc3f019496a6
simple,Crystal Brush White Base,528,MEO-000000529,,"Crystal Brush White Base from Meoded is a paint or decorative-finish brush whose stated shape, filament and size are intended to provide control for the named application. Choose the listed size for the surface and coating, then clean or dispose of the applicator according to current product guidance.",,Specialty & Decorative Products > Meoded Plasters,"decorative paint brush, specialty finish brush, paint applicator, painting tool",Meoded,MEODED,https://raw.githubusercontent.com/kinggoff/NewSteelesImages/main/review-images/MEO-000000529-meoded-crystal-brush-white-base.png?raw=true,Images for Review,,,,,,,,,Crystal Brush Glitter Paint=https://raw.githubusercontent.com/kinggoff/NewSteelesImages/main/PDFs/SDS/meoded-Crystal-Brush-Glitter-Paint-SDS.pdf?raw=true,Crystal Brush Glitter Paint=https://raw.githubusercontent.com/kinggoff/NewSteelesImages/main/PDFs/TDS/meoded-Crystal-Brush-Glitter-Paint-TDS.pdf?raw=true,Crystal Brush Glitter Paint=https://raw.githubusercontent.com/kinggoff/NewSteelesImages/main/PDFs/SDS/meoded-Crystal-Brush-Glitter-Paint-SDS.pdf?raw=true,,Crystal Brush Glitter Paint=https://raw.githubusercontent.com/kinggoff/NewSteelesImages/main/PDFs/TDS/meoded-Crystal-Brush-Glitter-Paint-TDS.pdf?raw=true,,d766f248f9099eb462d8a8789698b3c1022fe307f56fa3cbd3561699c2d7f24f,44ebbf85f93cc987c687e953b2839f6a703b975472f374524c440928f6cb4eb4
simple,Cristallo Clear Coat Matte,529,MEO-000000530,,"Cristallo Clear Coat Matte from Meoded is a clear or translucent finish for building the sheen and protection appropriate to the compatible surface and coating system. Confirm preparation, compatibility, application, coverage and recoat requirements in the current label or technical data sheet. Confirm the exact item and package before ordering.",,Specialty & Decorative Products > Meoded Plasters,"decorative plaster clear coat, matte clear finish, protective coating, interior wall finish",Meoded,MEODED,https://raw.githubusercontent.com/kinggoff/NewSteelesImages/main/review-images/MEO-000000530-meoded-cristallo-clear-matte.png?raw=true,Image Added,,,,,,,,,Cristallo Clear=https://raw.githubusercontent.com/kinggoff/NewSteelesImages/main/PDFs/SDS/meoded-Cristallo-Clear-SDS.pdf?raw=true,Cristallo Clear=https://raw.githubusercontent.com/kinggoff/NewSteelesImages/main/PDFs/TDS/meoded-Cristallo-Clear-TDS.pdf?raw=true,Cristallo Clear=https://raw.githubusercontent.com/kinggoff/NewSteelesImages/main/PDFs/SDS/meoded-Cristallo-Clear-SDS.pdf?raw=true,,Cristallo Clear=https://raw.githubusercontent.com/kinggoff/NewSteelesImages/main/PDFs/TDS/meoded-Cristallo-Clear-TDS.pdf?raw=true,,223a16f0215e1b787b193c7116fef36d8ec06532263397e68cd27864fd4e124e,ebd7bf9ba62540e40646fe94bdb9d143ba1df7e51b75de4460342904e31b7bbc
simple,Concretta Fs White,530,MEO-000000531,,"Concretta Fs White from Meoded is a decorative plaster, coating or system component for creating the texture and appearance identified in the product name on a properly prepared surface. Confirm preparation, compatibility, application, coverage and recoat requirements in the current label or technical data sheet.",,Specialty & Decorative Products > Meoded Plasters,"concrete-look plaster, decorative plaster, cement-look wall finish, interior wall coating",Meoded,MEODED,https://raw.githubusercontent.com/kinggoff/NewSteelesImages/main/review-images/MEO-000000531-meoded-concretta-fs-white.png?raw=true,Image Added,,,,,,,,,Concretta FS=https://raw.githubusercontent.com/kinggoff/NewSteelesImages/main/PDFs/SDS/meoded-Concretta-FS-SDS.pdf?raw=true,Concretta FS=https://raw.githubusercontent.com/kinggoff/NewSteelesImages/main/PDFs/TDS/meoded-Concretta-FS-TDS.pdf?raw=true,Concretta FS=https://raw.githubusercontent.com/kinggoff/NewSteelesImages/main/PDFs/SDS/meoded-Concretta-FS-SDS.pdf?raw=true,,Concretta FS=https://raw.githubusercontent.com/kinggoff/NewSteelesImages/main/PDFs/TDS/meoded-Concretta-FS-TDS.pdf?raw=true,,5cb7276893bcc0038d03099f7b0b91aefb235a9d32072924e9344877b2512f6e,55bab0642a751b7b1f08da9a07cad0f5499fae98cdb105339f8271c234ea2916
simple,Messmers UV Plus Natural,531,ME-000000532,,"Messmers UV Plus Natural from Messmer's is a wood-finishing product for colouring, conditioning or protecting the compatible interior or exterior wood surface named in the product. Confirm preparation, compatibility, application, coverage and recoat requirements in the current label or technical data sheet.",,Paints > Exterior,"exterior wood stain, penetrating wood finish, wood stain, exterior wood finish",Messmer's,YHD01,https://raw.githubusercontent.com/kinggoff/NewSteelesImages/main/review-images/ME-000000532-messmers-uv-plus-natural.png?raw=true,Images for Review,,,,,,,,,Messmer's UV Plus Natural - Standard/Federal VOC=https://raw.githubusercontent.com/kinggoff/NewSteelesImages/main/PDFs/SDS/messmer-s-Messmers-UV-Plus-Natural-Standard-SDS.pdf?raw=true,Messmer's UV Plus=https://raw.githubusercontent.com/kinggoff/NewSteelesImages/main/PDFs/TDS/messmer-s-Messmers-UV-Plus-TDS.pdf?raw=true,Messmer's UV Plus Natural - Standard/Federal VOC=https://raw.githubusercontent.com/kinggoff/NewSteelesImages/main/PDFs/SDS/messmer-s-Messmers-UV-Plus-Natural-Standard-SDS.pdf?raw=true,,Messmer's UV Plus=https://raw.githubusercontent.com/kinggoff/NewSteelesImages/main/PDFs/TDS/messmer-s-Messmers-UV-Plus-TDS.pdf?raw=true,,4ba2fc0c6d8b126cc709f5cbbab63541453a40d1fe2aeeb892443855aa89f507,c52b852c78a0a9bacfac67b2d0b208d2b6b53cc8288d0de82be74439f22682b3
simple,Metaltech Scaffold Aluminum,532,MET-000000533,,"Metaltech Scaffold Aluminum is jobsite access equipment for creating an elevated working position during painting, repair or maintenance tasks. Review the listed format and current manufacturer instructions to confirm compatibility, safe use, cleaning and storage for the intended job. Confirm the exact item and package before ordering.",,Painting Tools & Accessories > Tools,"scaffold, mobile scaffold, access equipment, jobsite equipment",Metaltech,METAL,https://raw.githubusercontent.com/kinggoff/NewSteelesImages/main/review-images/MET-000000533-metaltech-aluminum-scaffold.png?raw=true,Images for Review,,,,,,,,,,,,,,,ea5976826b7fbdc7d02b6cb95393c85d88771b2c73e88bfc423fe9a2170b3f4f,da6ab5186e81f6316bb18fa6dc42b8199316620185b0fc20eefac102ecb1034c
simple,Metaltech Yellow Baker Scaffold,533,MET-000000534,,"Metaltech Yellow Baker Scaffold is jobsite access equipment for creating an elevated working position during painting, repair or maintenance tasks. Review the listed format and current manufacturer instructions to confirm compatibility, safe use, cleaning and storage for the intended job. Confirm the exact item and package before ordering.",,Painting Tools & Accessories > Tools,"scaffold, mobile scaffold, access equipment, jobsite equipment",Metaltech,METAL,https://raw.githubusercontent.com/kinggoff/NewSteelesImages/main/review-images/MET-000000534-metaltech-yellow-baker-scaffold.png?raw=true,Images for Review,,,,,,,,,,,,,,,95b5ef9214c7a3b9321636759e9b280896e3f22372ad26d2a8e90c7ab736e578,13c478b404fba5d903ae9a6369f30a06eb08993869bb520d62be6a5226fff0e2
simple,Metaltech Portable Work Platform,534,MET-000000535,,"Metaltech Portable Work Platform is jobsite access equipment for creating an elevated working position during painting, repair or maintenance tasks. Review the listed format and current manufacturer instructions to confirm compatibility, safe use, cleaning and storage for the intended job. Confirm the exact item and package before ordering.",,Painting Tools & Accessories > Tools,"work platform, portable platform, access equipment, jobsite equipment",Metaltech,METAL,https://raw.githubusercontent.com/kinggoff/NewSteelesImages/main/review-images/MET-000000535-metaltech-portable-work-platform.png?raw=true,Images for Review,,,,,,,,,,,,,,,abe6e876d1bc04422cbc69dfecf00cebcba96624bd7235fe9f35a3e9e756d885,bb5e54d825bef3ac23a39f44c1cf92c6dfdee71a1680edf9946f3633f4e6a36a
simple,Metaltech Aluminum Step Ladder,535,MET-000000536,,"Metaltech Aluminum Step Ladder is jobsite access equipment for creating an elevated working position during painting, repair or maintenance tasks. Review the listed format and current manufacturer instructions to confirm compatibility, safe use, cleaning and storage for the intended job. Confirm the exact item and package before ordering.",,Painting Tools & Accessories > Tools,"step ladder, portable ladder, access equipment, jobsite equipment",Metaltech,METAL,https://raw.githubusercontent.com/kinggoff/NewSteelesImages/main/review-images/MET-000000536-metaltech-aluminum-step-ladder.png?raw=true,Images for Review,,,,,,,,,,,,,,,9e22400dcd2ccaa8f1ca521e6d57acae892b4db5ac8602f909d9cbb2cf5061dc,9d3a9a05bd238e476af03fa2322e81b3f4bbdcf703daa62dc082eef5aa1ba77d
simple,Minwax Wood Putty 910 Golden Oak,536,MIN-000000537,,"Minwax Wood Putty 910 Golden Oak is a repair material for filling, patching, glazing, rebuilding or stabilizing the compatible wood, drywall, window or masonry surface indicated by the product name. Apply to a clean, sound surface and follow the label for mixing, layer depth, drying or cure, sanding and topcoating.",,Painting Tools & Accessories > Paint Prep & Repairs,"wood filler, wood repair compound, grain filler, surface repair product",Minwax,DIVERS,https://raw.githubusercontent.com/kinggoff/NewSteelesImages/main/review-images/MIN-000000537-minwax-wood-putty-910-golden-oak.png?raw=true,Image Added,,,,,,,,,,,,,,,3c1a74eb65f24a37bb9bd3487ca45b4798bf9afcad3639d9ca33ba452a10068f,845f7ed434edf1b2bb282a514a6ad31c5b6944ccc4642c771e2c0f38a91609c9
simple,Minwax Wood Filler,537,MIN-000000538,,"Minwax Wood Filler is a repair material for filling, patching, glazing, rebuilding or stabilizing the compatible wood, drywall, window or masonry surface indicated by the product name. Apply to a clean, sound surface and follow the label for mixing, layer depth, drying or cure, sanding and topcoating.",,Paints > Stains & Varnishes,"wood filler, wood repair compound, grain filler, surface repair product",Minwax,DIVERS,https://raw.githubusercontent.com/kinggoff/NewSteelesImages/main/review-images/MIN-000000538-minwax-wood-filler.png?raw=true,Images for Review,,,,,,,,,,,,,,,7043115ec1d86e9f78f07d89cd4d8e9e0d36f919593853631b7c660d11802ce5,1a638e66c4a07a716cc1959fa9f718e1e5f8d9e37ba7b396fe14f29c494eb96d
simple,Minwax Wipe-On Poly,538,MIN-000000539,,"Minwax Wipe-On Poly is a clear or translucent finish for building the sheen and protection appropriate to the compatible surface and coating system. Colour and sheen can vary with wood species, porosity and preparation, so a representative test area is recommended. Confirm preparation, compatibility, application, coverage and recoat requirements in the current label or technical data sheet.",,Paints > Stains & Varnishes,"wipe-on polyurethane, polyurethane finish, clear wood finish, oil-based wood finish",Minwax,DIVERS,https://raw.githubusercontent.com/kinggoff/NewSteelesImages/main/review-images/33-min-000000539-minwax-wipe-on-poly.png?raw=true,Image Added,Finishes,Gloss | Satin,1,1,,,,,Minwax Wipe-On Poly Clear Gloss Quart=https://raw.githubusercontent.com/kinggoff/NewSteelesImages/main/PDFs/SDS/minwax-Minwax-Wipe-On-Poly-Clear-Gloss-Quart-SDS.pdf?raw=true|Minwax Wipe-On Poly Clear Satin Quart=https://raw.githubusercontent.com/kinggoff/NewSteelesImages/main/PDFs/SDS/minwax-Minwax-Wipe-On-Poly-Clear-Satin-Quart-SDS.pdf?raw=true,Minwax Wipe-On Poly Clear Gloss=https://raw.githubusercontent.com/kinggoff/NewSteelesImages/main/PDFs/TDS/minwax-Minwax-Wipe-On-Poly-Clear-Gloss-PDS.pdf?raw=true|Minwax Wipe-On Poly Clear Satin=https://raw.githubusercontent.com/kinggoff/NewSteelesImages/main/PDFs/TDS/minwax-Minwax-Wipe-On-Poly-Clear-Satin-PDS.pdf?raw=true,Minwax Wipe-On Poly Clear Gloss Quart=https://raw.githubusercontent.com/kinggoff/NewSteelesImages/main/PDFs/SDS/minwax-Minwax-Wipe-On-Poly-Clear-Gloss-Quart-SDS.pdf?raw=true|Minwax Wipe-On Poly Clear Satin Quart=https://raw.githubusercontent.com/kinggoff/NewSteelesImages/main/PDFs/SDS/minwax-Minwax-Wipe-On-Poly-Clear-Satin-Quart-SDS.pdf?raw=true,,Minwax Wipe-On Poly Clear Gloss=https://raw.githubusercontent.com/kinggoff/NewSteelesImages/main/PDFs/TDS/minwax-Minwax-Wipe-On-Poly-Clear-Gloss-PDS.pdf?raw=true|Minwax Wipe-On Poly Clear Satin=https://raw.githubusercontent.com/kinggoff/NewSteelesImages/main/PDFs/TDS/minwax-Minwax-Wipe-On-Poly-Clear-Satin-PDS.pdf?raw=true,,5e581aeb339a93732bf1aa61477b02951bb38e1324ac4e61619de2608e1d9c83,55d426344efac4b459ff425d70b2eb283611054b1f0c7bc5e2cc8ec5b5bb14e1
simple,Minwax Tung Oil,539,MIN-000000540,,"Minwax Tung Oil is a wood-finishing product for colouring, conditioning or protecting the compatible interior or exterior wood surface named in the product. Confirm preparation, compatibility, application, coverage and recoat requirements in the current label or technical data sheet. Confirm the exact item and package before ordering.",,Paints > Stains & Varnishes,"tung oil finish, drying oil, wood finish, oil-based finish",Minwax,DIVERS,https://raw.githubusercontent.com/kinggoff/NewSteelesImages/main/review-images/MIN-000000540-minwax-tung-oil-finish-1qt.png?raw=true,Images for Review,,,,,,,,,Minwax Tung Oil Finish Pint=https://raw.githubusercontent.com/kinggoff/NewSteelesImages/main/PDFs/SDS/minwax-Minwax-Tung-Oil-Finish-Pint-SDS.pdf?raw=true,Minwax Tung Oil Finish=https://raw.githubusercontent.com/kinggoff/NewSteelesImages/main/PDFs/TDS/minwax-Minwax-Tung-Oil-Finish-PDS.pdf?raw=true,Minwax Tung Oil Finish Pint=https://raw.githubusercontent.com/kinggoff/NewSteelesImages/main/PDFs/SDS/minwax-Minwax-Tung-Oil-Finish-Pint-SDS.pdf?raw=true,,Minwax Tung Oil Finish=https://raw.githubusercontent.com/kinggoff/NewSteelesImages/main/PDFs/TDS/minwax-Minwax-Tung-Oil-Finish-PDS.pdf?raw=true,,c08456e69a5ee23129af73c42ecb29f89532dd6ff45fe6a156a6d12049099822,25bc6e81c2d7799d949130083cc4d5ba9675423e854814ec17896835f3a93738
simple,Minwax Teak Oil,540,MIN-000000541,,"Minwax Teak Oil is a wood-finishing product for colouring, conditioning or protecting the compatible interior or exterior wood surface named in the product. Confirm preparation, compatibility, application, coverage and recoat requirements in the current label or technical data sheet. Confirm the exact item and package before ordering.",,Paints > Stains & Varnishes,"teak oil finish, penetrating oil finish, wood finish, oil-based finish",Minwax,DIVERS,https://raw.githubusercontent.com/kinggoff/NewSteelesImages/main/review-images/MIN-000000541-minwax-teak-oil.png?raw=true,Image Added,,,,,,,,,Minwax Helmsman Teak Oil Quart=https://raw.githubusercontent.com/kinggoff/NewSteelesImages/main/PDFs/SDS/minwax-Minwax-Helmsman-Teak-Oil-Quart-SDS.pdf?raw=true,,Minwax Helmsman Teak Oil Quart=https://raw.githubusercontent.com/kinggoff/NewSteelesImages/main/PDFs/SDS/minwax-Minwax-Helmsman-Teak-Oil-Quart-SDS.pdf?raw=true,,,,8c56797618fc4e0fb6a8f59f248f532e94b9325114596f2fc5bb57503a73945c,d428a64027ab5c0dbcdd220462bf3b80e05e0bfb383446df89c85bc2b88fa0eb
simple,Minwax Stainable Wood Filler,541,MIN-000000542,,"Minwax Stainable Wood Filler is a repair material for filling, patching, glazing, rebuilding or stabilizing the compatible wood, drywall, window or masonry surface indicated by the product name. Apply to a clean, sound surface and follow the label for mixing, layer depth, drying or cure, sanding and topcoating.",,Paints > Stains & Varnishes,"wood filler, wood repair compound, grain filler, surface repair product",Minwax,DIVERS,https://raw.githubusercontent.com/kinggoff/NewSteelesImages/main/review-images/MIN-000000542-minwax-stainable-wood-filler-16oz.png?raw=true,Images for Review,,,,,,,,,,,,,,,076ffdbb46f31323368b64a2a4953702dca1d34f5403824972191088474128da,8b7d7ac7d52d5969d25dbbdf68e766ec4f1d6b0380d50dabb4b99fca487968d8
simple,Minwax Paste Wax,542,MIN-000000543,,"Minwax Paste Wax is a clear or translucent finish for building the sheen and protection appropriate to the compatible surface and coating system. Colour and sheen can vary with wood species, porosity and preparation, so a representative test area is recommended. Confirm preparation, compatibility, application, coverage and recoat requirements in the current label or technical data sheet.",,Paints > Stains & Varnishes,"paste wax, wood wax, wood finish, protective wax finish",Minwax,DIVERS,https://raw.githubusercontent.com/kinggoff/NewSteelesImages/main/review-images/MIN-000000543-minwax-paste-wax.png?raw=true,Image Added,,,,,,,,,Minwax Paste Finishing Wax Natural=https://raw.githubusercontent.com/kinggoff/NewSteelesImages/main/PDFs/SDS/minwax-Minwax-Paste-Finishing-Wax-Natural-SDS.pdf?raw=true,Minwax Paste Finishing Wax Natural=https://raw.githubusercontent.com/kinggoff/NewSteelesImages/main/PDFs/TDS/minwax-Minwax-Paste-Finishing-Wax-Natural-PDS.pdf?raw=true,Minwax Paste Finishing Wax Natural=https://raw.githubusercontent.com/kinggoff/NewSteelesImages/main/PDFs/SDS/minwax-Minwax-Paste-Finishing-Wax-Natural-SDS.pdf?raw=true,,Minwax Paste Finishing Wax Natural=https://raw.githubusercontent.com/kinggoff/NewSteelesImages/main/PDFs/TDS/minwax-Minwax-Paste-Finishing-Wax-Natural-PDS.pdf?raw=true,,63eeab1177af3b71bc310228ac839a134f161dbccd9ce18c8b940518ae3fd24b,17a5cb1fd6fa06dc5f9ab2669b778d0d4c8d6c193c3a88adcd797603244eb38f
simple,Minwax Wood Finish Stain - Golden Oak,543,MIN-000000544,,"Minwax Wood Finish Stain - Golden Oak is a wood-finishing product for colouring, conditioning or protecting the compatible interior or exterior wood surface named in the product. Confirm preparation, compatibility, application, coverage and recoat requirements in the current label or technical data sheet.",,Paints > Stains & Varnishes,"oil-based wood stain, wood stain, wood finish, penetrating finish",Minwax,DIVERS,https://raw.githubusercontent.com/kinggoff/NewSteelesImages/main/review-images/34-min-000000544-minwax-wood-finish-stain---golden-oak.png?raw=true,Image Added,,,,,,,,,Minwax Wood Finish Golden Oak 210B Quart=https://raw.githubusercontent.com/kinggoff/NewSteelesImages/main/PDFs/SDS/minwax-Minwax-Wood-Finish-Golden-Oak-210B-Quart-SDS.pdf?raw=true,Minwax Wood Finish Golden Oak 210B=https://raw.githubusercontent.com/kinggoff/NewSteelesImages/main/PDFs/TDS/minwax-Minwax-Wood-Finish-Golden-Oak-210B-PDS.pdf?raw=true,Minwax Wood Finish Golden Oak 210B Quart=https://raw.githubusercontent.com/kinggoff/NewSteelesImages/main/PDFs/SDS/minwax-Minwax-Wood-Finish-Golden-Oak-210B-Quart-SDS.pdf?raw=true,,Minwax Wood Finish Golden Oak 210B=https://raw.githubusercontent.com/kinggoff/NewSteelesImages/main/PDFs/TDS/minwax-Minwax-Wood-Finish-Golden-Oak-210B-PDS.pdf?raw=true,,1d90f74e1b5c16b015474ebbe23ad7be5cd8d49addc73310c339b5810dd5740e,e6b14492350c3e90b417f194f11b1ad06405082cf0da4a416227f4a62d8d502d
simple,Antique Oil Finish,544,MIN-000000545,,"Antique Oil Finish from Minwax is a clear or translucent finish for building the sheen and protection appropriate to the compatible surface and coating system. Confirm preparation, compatibility, application, coverage and recoat requirements in the current label or technical data sheet. Confirm the exact item and package before ordering.",,Paints > Stains & Varnishes,"oil-based wood stain, wood stain, wood finish, penetrating finish",Minwax,DIVERS,https://raw.githubusercontent.com/kinggoff/NewSteelesImages/main/review-images/MIN-000000545-minwax-antique-oil-finish.png?raw=true,Image Added,,,,,,,,,Minwax Antique Oil Finish Natural 1 Quart - UPC 027426670006=https://raw.githubusercontent.com/kinggoff/NewSteelesImages/main/PDFs/SDS/minwax-Minwax-Antique-Oil-Finish-027426670006-SDS.pdf?raw=true,Minwax Antique Oil Finish Natural 1 Quart - UPC 027426670006=https://raw.githubusercontent.com/kinggoff/NewSteelesImages/main/PDFs/TDS/minwax-Minwax-Antique-Oil-Finish-027426670006-TDS.pdf?raw=true,Minwax Antique Oil Finish Natural 1 Quart - UPC 027426670006=https://raw.githubusercontent.com/kinggoff/NewSteelesImages/main/PDFs/SDS/minwax-Minwax-Antique-Oil-Finish-027426670006-SDS.pdf?raw=true,,Minwax Antique Oil Finish Natural 1 Quart - UPC 027426670006=https://raw.githubusercontent.com/kinggoff/NewSteelesImages/main/PDFs/TDS/minwax-Minwax-Antique-Oil-Finish-027426670006-TDS.pdf?raw=true,,61240448387e07b174e3d7b1b93e9b155e6db538e693b562cb5abba3e245c824,24a27457978b450fe695c467b1667f33f28f0de66df2807845ec5cf69ce8685a
simple,Minwax Pre-Stain Wood Conditioner,545,MIN-000000546,,"Minwax Pre-Stain Wood Conditioner is a wood-finishing product for colouring, conditioning or protecting the compatible interior or exterior wood surface named in the product. Confirm preparation, compatibility, application, coverage and recoat requirements in the current label or technical data sheet.",,Paints > Stains & Varnishes,"wood conditioner, pre-stain treatment, wood preparation product, wood finishing basecoat",Minwax,DIVERS,https://raw.githubusercontent.com/kinggoff/NewSteelesImages/main/review-images/MIN-000000546-minwax-pre-stain-wood-conditioner-1qt.png?raw=true,Images for Review,,,,,,,,,Minwax Oil-Based Pre-Stain Wood Conditioner Quart=https://raw.githubusercontent.com/kinggoff/NewSteelesImages/main/PDFs/SDS/minwax-Minwax-Oil-Based-Pre-Stain-Wood-Conditioner-Quart-SDS.pdf?raw=true,Minwax Oil-Based Pre-Stain Wood Conditioner=https://raw.githubusercontent.com/kinggoff/NewSteelesImages/main/PDFs/TDS/minwax-Minwax-Oil-Based-Pre-Stain-Wood-Conditioner-PDS.pdf?raw=true,Minwax Oil-Based Pre-Stain Wood Conditioner Quart=https://raw.githubusercontent.com/kinggoff/NewSteelesImages/main/PDFs/SDS/minwax-Minwax-Oil-Based-Pre-Stain-Wood-Conditioner-Quart-SDS.pdf?raw=true,,Minwax Oil-Based Pre-Stain Wood Conditioner=https://raw.githubusercontent.com/kinggoff/NewSteelesImages/main/PDFs/TDS/minwax-Minwax-Oil-Based-Pre-Stain-Wood-Conditioner-PDS.pdf?raw=true,,b0dd77a4ee070d4c177b41fb9e01e9426cea65aa86cb3952cbb0b92867e12c7c,d96227207706aebd23437f333a7a66c0d26cb89bb41eac1ef5672c8e298faa7f
simple,Modern Masters Metallic Paint - Flash Gold,546,MM-000000547,,"Modern Masters Metallic Paint - Flash Gold is an aerosol coating or treatment for the colour, effect or repair task stated in the product name on a compatible prepared surface. Confirm preparation, compatibility, application, coverage and recoat requirements in the current label or technical data sheet.",,Specialty & Decorative Products > Modern Masters,"metallic paint, decorative coating, specialty paint, metallic finish",Modern Masters,FLE01-S,https://raw.githubusercontent.com/kinggoff/NewSteelesImages/main/review-images/MM-000000547-modern-masters-flash-gold-me164-6oz.png?raw=true,Images for Review,,,,,Variants,Gallon | 6oz,1,1,Modern Masters Metallic Paint Flash Gold ME16406 6 oz=https://raw.githubusercontent.com/kinggoff/NewSteelesImages/main/PDFs/SDS/modern-masters-Modern-Masters-Metallic-Paint-Flash-Gold-ME16406-SDS.pdf?raw=true,Modern Masters Metallic Paint Collection Satin=https://raw.githubusercontent.com/kinggoff/NewSteelesImages/main/PDFs/TDS/modern-masters-Modern-Masters-Metallic-Paint-Collection-Satin-TDS.pdf?raw=true,Modern Masters Metallic Paint Flash Gold ME16406 6 oz=https://raw.githubusercontent.com/kinggoff/NewSteelesImages/main/PDFs/SDS/modern-masters-Modern-Masters-Metallic-Paint-Flash-Gold-ME16406-SDS.pdf?raw=true,,Modern Masters Metallic Paint Collection Satin=https://raw.githubusercontent.com/kinggoff/NewSteelesImages/main/PDFs/TDS/modern-masters-Modern-Masters-Metallic-Paint-Collection-Satin-TDS.pdf?raw=true,,83211b52c28a8ba150118f0318b32d2061e8895c517be95631303462e912078f,4099fb2cef4698c1714b182b7c9595aaac47bd279c91458638c452b629416a4b
simple,Master Clear Supreme Satin Acrylic,547,MM-000000548,,"Master Clear Supreme Satin Acrylic from Modern Masters is a clear or translucent finish for building the sheen and protection appropriate to the compatible surface and coating system. Confirm preparation, compatibility, application, coverage and recoat requirements in the current label or technical data sheet.",,Specialty & Decorative Products > Modern Masters,"clear acrylic coating, satin clear coat, decorative finish topcoat, protective coating",Modern Masters,FLE01-S,https://raw.githubusercontent.com/kinggoff/NewSteelesImages/main/review-images/MM-000000548-modern-masters-masterclear-supreme-satin-gallon.png?raw=true,Images for Review,,,,,,,,,Modern Masters MasterClear Supreme Satin MCS902GAL=https://raw.githubusercontent.com/kinggoff/NewSteelesImages/main/PDFs/SDS/modern-masters-Modern-Masters-MasterClear-Supreme-Satin-MCS902GAL-SDS.pdf?raw=true,Modern Masters MasterClear Supreme=https://raw.githubusercontent.com/kinggoff/NewSteelesImages/main/PDFs/TDS/modern-masters-Modern-Masters-MasterClear-Supreme-TDS.pdf?raw=true,Modern Masters MasterClear Supreme Satin MCS902GAL=https://raw.githubusercontent.com/kinggoff/NewSteelesImages/main/PDFs/SDS/modern-masters-Modern-Masters-MasterClear-Supreme-Satin-MCS902GAL-SDS.pdf?raw=true,,Modern Masters MasterClear Supreme=https://raw.githubusercontent.com/kinggoff/NewSteelesImages/main/PDFs/TDS/modern-masters-Modern-Masters-MasterClear-Supreme-TDS.pdf?raw=true,,0a00e03f55900aec17ec16b65ff33c41eb4b689af9698bab74b7512c3d002f51,9a7da9be9a27eca829766beb674487fb072ed1e9afa3215f37f60f520b3b90d3
simple,Ptc Pro Tint Medium Yellow,548,DYN-000000549,,"Ptc Pro Tint Medium Yellow from Dynamic is a medium-yellow tinting colourant for use only in compatible professional coating or colour-matching systems. Review the listed format and current manufacturer instructions to confirm compatibility, safe use, cleaning and storage for the intended job. Confirm the exact item and package before ordering.",,Painting Tools & Accessories > Paint Prep & Repairs,"paint colourant, tinting colour, coating pigment, colour-matching additive",Dynamic,MUM01,https://raw.githubusercontent.com/kinggoff/NewSteelesImages/main/review-images/DYN-000000549-ptc-pro-tint-medium-yellow-74303.png?raw=true,Images for Review,,,,,,,,,,,,,,,d36afd93c6e340c14d8e6d6368efea446332efd0042bb4932a1375d685b67b54,7a900bb3cd37ac3525549beecae76539a9c9349ab25dc3e103a125852bfa6048
simple,Klenks Epoxy White,549,KS-000000550,,"Klenks Epoxy White from Klenk's is an epoxy coating or repair system for the compatible floor, concrete, wood or assembly application named in the product. The final appearance and service performance depend on the substrate, preparation, film build and complete coating system. Prepare both surfaces and follow the label for mixing where required, open or working time, assembly, clamping and cure.",,Paints > Epoxy,"tub and tile epoxy, epoxy enamel, two-part refinishing coating, bathroom fixture coating",Klenk's,TOO01,https://raw.githubusercontent.com/kinggoff/NewSteelesImages/main/review-images/KS-000000550-klenks-815201-white-epoxy-enamel-1l.png?raw=true,Images for Review,,,,,,,,,Klenk's Epoxy Enamel Gloss White 815201=https://raw.githubusercontent.com/kinggoff/NewSteelesImages/main/PDFs/SDS/klenk-s-Klenks-Epoxy-Enamel-Gloss-White-815201-SDS.pdf?raw=true,Klenk's Epoxy Enamel=https://raw.githubusercontent.com/kinggoff/NewSteelesImages/main/PDFs/TDS/klenk-s-Klenks-Epoxy-Enamel-Directions-TDS.pdf?raw=true,,Klenk's Epoxy Enamel Gloss White 815201=https://raw.githubusercontent.com/kinggoff/NewSteelesImages/main/PDFs/SDS/klenk-s-Klenks-Epoxy-Enamel-Gloss-White-815201-SDS.pdf?raw=true,Klenk's Epoxy Enamel=https://raw.githubusercontent.com/kinggoff/NewSteelesImages/main/PDFs/TDS/klenk-s-Klenks-Epoxy-Enamel-Directions-TDS.pdf?raw=true,,6c3c4df095a514126f95be8ce55eb90ce0106af11b23df3fa32c84534d606029,0d913096dba4e45a299fd8373a6126b575ba81548df816a2a69559390d6b6765
simple,Homax Spray Texture,550,HOM-000000551,,"Homax Spray Texture is an aerosol coating or treatment for the colour, effect or repair task stated in the product name on a compatible prepared surface. Review the listed format and current manufacturer instructions to confirm compatibility, safe use, cleaning and storage for the intended job. Confirm the exact item and package before ordering.",,Painting Tools & Accessories > Paint Prep & Repairs,"spray texture, aerosol wall texture, wall repair coating, textured finish",Homax,YHD01,https://raw.githubusercontent.com/kinggoff/NewSteelesImages/main/review-images/HOM-000000551-homax-4092-orange-peel-spray-texture-20oz.png?raw=true,Images for Review,,,,,,,,,,,,,,,066aabea5f02f29b1d800b436bafcd27706e324390d14c5fc601e6425eae02b4,096f2660c6ab6f34c18e05631d33efeed0ad6190a1515b6d008567a77cae7f43
simple,Homax 4175 Pro Popcorn Ceiling Texture,551,HOM-000000552,,"Homax 4175 Pro Popcorn Ceiling Texture is an aerosol or spray-applied texture for repairing and blending compatible popcorn-style acoustic ceiling finishes. Review the listed format and current manufacturer instructions to confirm compatibility, safe use, cleaning and storage for the intended job. Confirm the exact item and package before ordering.",,Painting Tools & Accessories > Paint Prep & Repairs,"popcorn ceiling texture, spray texture, ceiling repair coating, acoustical ceiling finish",Homax,MUM01,https://raw.githubusercontent.com/kinggoff/NewSteelesImages/main/review-images/HOM-000000552-homax-4575-pro-popcorn-ceiling-texture.png?raw=true,Images for Review,,,,,,,,,,,,,,,92c90552d79fb69093a2560792f741ac13332df40e4dcea28cbd41a68a8ffbb8,7910d6fc0f1c2c0b8925c4450ed15e86776d94cc9f9f0b28d90de99301e07739
simple,Goof Off Ultimate Remover,552,GO-000000553,,"Goof Off Ultimate Remover is a surface-preparation or cleanup product for removing the residue named in the product from compatible materials before refinishing. Its role is to leave the surface ready for the next repair or coating step without assuming compatibility with every material. Test first, then follow the label for dilution, dwell time, rinsing, ventilation and protective equipment.",,Painting Tools & Accessories > Cleaners & Removers,"spot remover, adhesive remover, solvent cleaner, surface cleaning product",Goof Off,MUM01,https://raw.githubusercontent.com/kinggoff/NewSteelesImages/main/review-images/GO-000000553-goof-off-ultimate-remover-fg653-16oz.png?raw=true,Images for Review,,,,,,,,,,,,,,,6565a6901ef7e1624608320e830c55894ea1fa35c2dff6645bf6070aca5fefcf,d923730e3146329eca72e431894145f8d34bb442885f55fdbd5115933626f9d5
simple,Goof Off 2 Cleaner Spray,553,GO-000000554,,"Goof Off 2 Cleaner Spray is a surface-preparation or cleanup product for removing the residue named in the product from compatible materials before refinishing. Its role is to leave the surface ready for the next repair or coating step without assuming compatibility with every material. Test first, then follow the label for dilution, dwell time, rinsing, ventilation and protective equipment.",,Painting Tools & Accessories > Cleaners & Removers,"spot remover, adhesive remover, solvent cleaner, surface cleaning product",Goof Off,MUM01,https://raw.githubusercontent.com/kinggoff/NewSteelesImages/main/review-images/GO-000000554-goof-off-2-low-odor-remover-6oz.png?raw=true,Images for Review,,,,,,,,,,,,,,,ef0614eac62367edb6f277b1f9e40cf718ae1298615c3991309043f2c89f9013,a7cbc47b49287f9e93cbe03a19cb053ef55f15633e7446c4d039c43de9be3278
simple,Goof Off,554,GO-000000555,,"Goof Off is a surface-preparation or cleanup product for removing the residue named in the product from compatible materials before refinishing. Review the listed format and current manufacturer instructions to confirm compatibility, safe use, cleaning and storage for the intended job. Confirm the exact item and package before ordering.",,Painting Tools & Accessories > Cleaners & Removers,"spot remover, adhesive remover, solvent cleaner, surface cleaning product",Goof Off,MUM01,https://raw.githubusercontent.com/kinggoff/NewSteelesImages/main/review-images/GO-000000555-goof-off-fg654-professional-strength-16oz.png?raw=true,Images for Review,,,,,,,,,,,,,,,c0d5977134a8f2b0a1dcc674c7a1c5c4c2b0686f720c81d348173a249dc6868d,513356d816cb38fadab2382ebff50c18d53e4b6eef030469d1daec334e813334
simple,Dynamic Chomp Degreaser Spray,555,DYN-000000556,,"Dynamic Chomp Degreaser Spray is a surface-preparation or cleanup product for removing the residue named in the product from compatible materials before refinishing. Its role is to leave the surface ready for the next repair or coating step without assuming compatibility with every material. Test first, then follow the label for dilution, dwell time, rinsing, ventilation and protective equipment.",,Painting Tools & Accessories > Cleaners & Removers,"degreaser, heavy-duty cleaner, surface preparation cleaner, concentrated cleaner",Dynamic,MUM01,https://raw.githubusercontent.com/kinggoff/NewSteelesImages/main/review-images/DYN-000000556-dynamic-chomp-cleaner-degreaser-946ml.png?raw=true,Images for Review,,,,,,,,,,,,,,,10881c88ca9b5f957184d550f9c7337fec12ce9272365fd3007df72d2092aad1,67a4c594ccf5ff114583e8348c43d48e1e7f282239eca99446370e1dc9ff9435
simple,Circa Wallpaper Prep-Coat Gal,556,CI-000000557,,"Circa Wallpaper Prep-Coat Gal from Circa 1850 is a wallcovering preparation, primer, adhesive or removal product for the installation stage identified in the product name. Review the listed format and current manufacturer instructions to confirm compatibility, safe use, cleaning and storage for the intended job.",,Painting Tools & Accessories > Paint Prep & Repairs,"wallcovering primer, wall preparation coating, primer sealer, interior primer",Circa 1850,YHD01,https://raw.githubusercontent.com/kinggoff/NewSteelesImages/main/review-images/CI-000000557-circa-1850-wallpaper-prep-coat-1l.png?raw=true,Images for Review,,,,,,,,,,,,,,,930e8fd0f8740b20783216b54c22354a2c265c7a9770678dd2ed2ef264eb71f6,477822cbdd43ad3cc3a43858b50950fc969a7785a3446b80935c7dc325e37ce5
simple,Goo Gone Cleaner,557,GG-000000558,,"Goo Gone Cleaner is a surface-preparation or cleanup product for removing the residue named in the product from compatible materials before refinishing. Its role is to leave the surface ready for the next repair or coating step without assuming compatibility with every material. Test first, then follow the label for dilution, dwell time, rinsing, ventilation and protective equipment.",,Painting Tools & Accessories > Cleaners & Removers,"adhesive remover, residue cleaner, solvent cleaner, surface cleaning product",Goo Gone,MUM01,https://raw.githubusercontent.com/kinggoff/NewSteelesImages/main/review-images/GG-000000558-goo-gone-gg66-all-purpose-cleaner-24oz.png?raw=true,Images for Review,,,,,,,,,,,,,,,b826c7a5a4d2c73a1e2d615e0cc09c747a95611eea39fe1f2fd256e2e4c7ed21,e6b6cffc336470a470322761f8fef74582c8d4efc36eff1ed8eda91392bcfa72
simple,Super Lid With Spout Dynamic,558,DYN-000000559,,"Super Lid With Spout Dynamic from Dynamic is a container accessory that helps direct paint or liquid during pouring and reduces drips around the rim. Review the listed format and current manufacturer instructions to confirm compatibility, safe use, cleaning and storage for the intended job. Confirm the exact item and package before ordering.",,Painting Tools & Accessories > Tools,"paint can spout, pouring accessory, paint container accessory, painting tool",Dynamic,MUM01,https://raw.githubusercontent.com/kinggoff/NewSteelesImages/main/review-images/DYN-000000559-dynamic-kz00sl96-super-lid-with-spout.png?raw=true,Images for Review,,,,,,,,,,,,,,,f311bbd469e11337f1b09d2d4eb36d5e6a6b560d28dc03ac36358f58819a2102,67b198d4a35711f1179fd32c96e0a957ce8b518b3bc8dc59025bab2609428862
simple,Staining Pad,559,DYN-000000560,,"Staining Pad from Dynamic is a wood-finishing product for colouring, conditioning or protecting the compatible interior or exterior wood surface named in the product. Review the listed format and current manufacturer instructions to confirm compatibility, safe use, cleaning and storage for the intended job.",,Painting Tools & Accessories > Tools,"paint pad, flat paint applicator, painting tool, coating applicator",Dynamic,MUM01,https://raw.githubusercontent.com/kinggoff/NewSteelesImages/main/review-images/DYN-000000560-dynamic-az002882-staining-pad.png?raw=true,Images for Review,,,,,,,,,,,,,,,9b229509b34dfebd80f87456a80c1f7c38cc7e0eed7d1fe7394bd7fe1f808f91,e06e65cbc0f471da1198040d0f4d825d398dcb5b8f6eabd52ba253ab4c7fb0cc
simple,Spring Tools Nail Set,560,ST-000000561,,"Spring Tools Nail Set is a hand tool for driving nail heads below the surface before filling, sanding and finishing woodwork. Selection should be based on the specific task, material, working conditions and compatible products in the complete system. Review the listed format and current manufacturer instructions to confirm compatibility, safe use, cleaning and storage for the intended job.",,Painting Tools & Accessories > Tools,"nail set, spring-loaded punch, hand tool, finishing tool",Spring Tools,MUM01,https://raw.githubusercontent.com/kinggoff/NewSteelesImages/main/review-images/ST-000000561-spring-tools-32r12-combo-nail-set.png?raw=true,Images for Review,,,,,,,,,,,,,,,863727147f2122f96ef7e3cf930729e98c5d4b941bf2bdab4c025d266b9eb1df,c0d7ccc41c04d301c9a7bd6fdc58baf78f9470087455f1d1167fb9b393be20f9
simple,Siligun Pro Compact Caulking Gun,561,SIL-000000562,,"Siligun Pro Compact Caulking Gun is a manual caulking gun for dispensing compatible cartridge sealants and adhesives with controlled pressure at joints, gaps and seams. Use on clean, compatible joints and follow the label for gap size, tooling, cure, moisture exposure and paintability. Confirm the exact item and package before ordering.",,Painting Tools & Accessories > Tools,"caulking gun, sealant applicator, cartridge applicator, hand tool",SiliGun,MUM01,https://raw.githubusercontent.com/kinggoff/NewSteelesImages/main/review-images/35-sil-000000562-siligun-pro-compact-caulking-gun.webp?raw=true,Image Added,,,,,,,,,,,,,,,78266ba7cad669058cf0bc357f65ee18a47faf1846c7a7671ad6347f33af48f2,a5da3d04a2e8938795fc04fee3512cd4f4378284fae2d9c388ffab960f4ac683
simple,Rhodes Steel Wool #1 (12 Pads),562,RHO-000000563,,"Rhodes Steel Wool #1 (12 Pads) is a hand or machine surface-preparation abrasive for scuffing, cleaning, smoothing or finishing compatible materials. Match it to the surface, work progressively, and use suitable eye, hand and respiratory protection for the material being removed. Confirm the exact item and package before ordering.",,Painting Tools & Accessories > Paint Prep & Repairs,"steel wool, metal abrasive, surface preparation material, finishing pad",Rhodes,MUM01,https://raw.githubusercontent.com/kinggoff/NewSteelesImages/main/review-images/RHO-000000563-rhodes-american-grade-1-steel-wool-12-pack.png?raw=true,Image Added,,,,,,,,,,,,,,,f83d4edc385a7503da742dd2892277dd6e06b1c8d31b5e77ac2de7275b9c289c,484ea351ede097a21a143efb72243a4ed9a97fa0243ad0e18b53ff8c0586ae58
simple,Qt. Dyna Patch Pro,563,DYN-000000564,,"Qt. Dyna Patch Pro from Dynamic is a repair material for filling, patching, glazing, rebuilding or stabilizing the compatible wood, drywall, window or masonry surface indicated by the product name. Apply to a clean, sound surface and follow the label for mixing, layer depth, drying or cure, sanding and topcoating.",,Painting Tools & Accessories > Paint Prep & Repairs,"spackling compound, wall repair filler, patching compound, surface repair product",Dynamic,MUM01,https://raw.githubusercontent.com/kinggoff/NewSteelesImages/main/review-images/DYN-000000564-dynamic-dyna-patch-pro-860ml.png?raw=true,Images for Review,,,,,,,,,,,,,,,add6305eff78723facde56d4f2ce8776b47e8163c2bf9635bbc310bb571da6d2,6ec5a9152c88105f8886290665af4d64f159296612651dbc9fe3e87b8263e9db
simple,Preval Sprayer,564,PRE-000000565,,"Preval Sprayer is a portable sprayer for applying compatible liquid materials in a controlled pattern; seals, nozzle and pressure range must suit the product being sprayed. Review the listed format and current manufacturer instructions to confirm compatibility, safe use, cleaning and storage for the intended job.",,Painting Tools & Accessories > Tools,"portable spray system, aerosol spray unit, paint sprayer, coating application equipment",Preval,MUM01,https://raw.githubusercontent.com/kinggoff/NewSteelesImages/main/review-images/36-pre-000000565-preval-sprayer.png?raw=true,Image Added,,,,,,,,,,,,,,,1e539bd81df66a7a61703196fc0a543fb977cd3de4a279a39eff5fd57d7d113e,45d2f1eb5a59aad21248c829cf4caa919b029d0b761743a7767de83705c5bf41
simple,Preval Power Unit,565,PRE-000000566,,"Preval Power Unit is a replacement aerosol power unit for the compatible Preval Sprayer, providing the propellant and valve used to atomize material from the reservoir. Review the listed format and current manufacturer instructions to confirm compatibility, safe use, cleaning and storage for the intended job.",,Painting Tools & Accessories > Tools,"sprayer power unit, aerosol propellant unit, paint sprayer accessory, replacement spray unit",Preval,MUM01,https://raw.githubusercontent.com/kinggoff/NewSteelesImages/main/review-images/PRE-000000566-preval-0268-power-unit.png?raw=true,Images for Review,,,,,,,,,,,,,,,4ae19e14fac4e81a9a173c3d83789134039d2a8691c5e92190ea1ce09ff9dd52,ae9c0e4a99cadeab6e0ac6365772e9829ed5a7e7bff0a88e7dab25bfd3cc8df7
simple,Picasso Oval Angled Brush,566,PIC-000000567,,"Picasso Oval Angled Brush is a purpose-shaped brush for controlled application of compatible paint, stain or decorative coating; its filament style and profile suit the task named in the product. Choose the listed size for the surface and coating, then clean or dispose of the applicator according to current product guidance.",,Painting Tools & Accessories > Tools,"angled paint brush, sash brush, paint applicator, painting tool",Picasso,MUM01,https://raw.githubusercontent.com/kinggoff/NewSteelesImages/main/review-images/PIC-000000567-proform-pic1-picasso-oval-angled-brush.png?raw=true,Images for Review,,,,,,,,,,,,,,,78c1446431263eb3872293bdcfe9a8f4916fe496d03625ef1b582e90026eedbf,df6dbe38451baaf970d714382adfb9ca88519683c428d3a241355451ac093286
simple,Glue Buster Adhesive Remover Gal,567,GB-000000568,,"Glue Buster Adhesive Remover Gal is an adhesive or repair compound for joining compatible materials; bond strength depends on surface preparation, fit, cure and the specific substrates involved. Test first, then follow the label for dilution, dwell time, rinsing, ventilation and protective equipment.",,Painting Tools & Accessories > Cleaners & Removers,"adhesive remover, residue cleaner, solvent cleaner, surface cleaning product",Glue Buster,MUM01,https://raw.githubusercontent.com/kinggoff/NewSteelesImages/main/review-images/GB-000000568-dynamic-glue-buster-adhesive-remover-3-78l.png?raw=true,Image Added,,,,,,,,,,,,,,,6f30cccc318d9067650a561c6d2cf9020fe6cb786bfbac152860e46359f818f2,26690b24f2a8a8a9f20653aedef360e7d47236e7661862a728ef5dccd30dec6a
simple,Dynamic Brush&Roller Spinner Cleaner,568,DYN-000000569,,"Dynamic Brush&Roller Spinner Cleaner is a paint or decorative-finish brush whose stated shape, filament and size are intended to provide control for the named application. Choose the listed size for the surface and coating, then clean or dispose of the applicator according to current product guidance.",,Painting Tools & Accessories > Tools,"brush and roller cleaner, paint applicator cleaning tool, roller spinner, painting tool",Dynamic,MUM01,https://raw.githubusercontent.com/kinggoff/NewSteelesImages/main/review-images/DYN-000000569-dynamic-11174-brush-roller-spinner-cleaner.png?raw=true,Image Added,,,,,,,,,,,,,,,1b8e799efb49528218c6a2640b403a1cb3b88b48e5f15f6311d287f1a4c10c9c,7cbb61c7d2c739a2027d58ae1ea88275f7270117c51ab6ea503d271bf32b9748
simple,Crocodile Cloth Original,569,CC-000000570,,"Crocodile Cloth Original is a wiping material for removing dust, grime or light jobsite residue during surface preparation and cleanup. Review the listed format and current manufacturer instructions to confirm compatibility, safe use, cleaning and storage for the intended job. Confirm the exact item and package before ordering.",,Painting Tools & Accessories > Cleaners & Removers,"cleaning wipes, multi-purpose wipes, surface cleaning product, pre-moistened wipes",Crocodile Cloth,MUM01,https://raw.githubusercontent.com/kinggoff/NewSteelesImages/main/review-images/CC-000000570-crocodile-cloth-original.png?raw=true,Images for Review,,,,,,,,,,,,,,,421d8dd0b6a34fc345a174d2890bf90c41f43a272a92924788a6e592c2faefdd,47ad8dae480e02e7d3e0d0dde80f1c515245259f9355ea0a0100a952c4fa523f
simple,Measuring Bucket,570,DYN-000000571,,"Measuring Bucket from Dynamic is a reusable work container for holding, measuring or mixing compatible paint and finishing materials during preparation and application. Review the listed format and current manufacturer instructions to confirm compatibility, safe use, cleaning and storage for the intended job.",,Painting Tools & Accessories > Tools,"paint pail, paint container, mixing container, painting accessory",Dynamic,MUM01,https://raw.githubusercontent.com/kinggoff/NewSteelesImages/main/review-images/DYN-000000571-dynamic-measuring-bucket.png?raw=true,Images for Review,,,,,,,,,,,,,,,945c12becb38eb3aa90767cf167e06d45d45948c173e104da7239c4e6389af1a,665a3be5865db494218b6ee26bcd482719b28c8afc955ae0c827bf16c3298405
simple,1000+ Stain Remover,571,DYN-000000572,,"1000+ Stain Remover from Dynamic is a surface-preparation or cleanup product for removing the residue named in the product from compatible materials before refinishing. Test first, then follow the label for dilution, dwell time, rinsing, ventilation and protective equipment. Confirm the exact item and package before ordering.",,Painting Tools & Accessories > Cleaners & Removers,"stain remover, spot cleaner, surface cleaning product, specialty cleaner",Dynamic,MUM01,https://raw.githubusercontent.com/kinggoff/NewSteelesImages/main/review-images/DYN-000000572-1000-plus-stain-remover-909ml.png?raw=true,Images for Review,,,,,,,,,,,,,,,f63e30f16593194a0c6fc51573fa62b98c36562f5153b3e46e5c17590e8b33b9,2f5148cf61d3e62f053caa217fa9739b3790a959c558ed63c86896493542c354
simple,Recochem Boiled Linseed Oil Dynamic,572,REC-000000573,,"Recochem Boiled Linseed Oil Dynamic is a wood-finishing product for colouring, conditioning or protecting the compatible interior or exterior wood surface named in the product. Confirm preparation, compatibility, application, coverage and recoat requirements in the current label or technical data sheet.",,Paints > Stains & Varnishes,"boiled linseed oil, drying oil, wood finish, oil-based finish",Recochem,MUM01,https://raw.githubusercontent.com/kinggoff/NewSteelesImages/main/review-images/REC-000000573-recochem-solvable-boiled-linseed-oil.png?raw=true,Images for Review,,,,,,,,,Solvable Boiled Linseed Oil 53-404=https://raw.githubusercontent.com/kinggoff/NewSteelesImages/main/PDFs/SDS/recochem-Solvable-Boiled-Linseed-Oil-53-404-SDS.pdf?raw=true,Solvable Boiled Linseed Oil=https://raw.githubusercontent.com/kinggoff/NewSteelesImages/main/PDFs/TDS/recochem-Solvable-Boiled-Linseed-Oil-Application-Brochure-TDS.pdf?raw=true,Solvable Boiled Linseed Oil 53-404=https://raw.githubusercontent.com/kinggoff/NewSteelesImages/main/PDFs/SDS/recochem-Solvable-Boiled-Linseed-Oil-53-404-SDS.pdf?raw=true,,Solvable Boiled Linseed Oil=https://raw.githubusercontent.com/kinggoff/NewSteelesImages/main/PDFs/TDS/recochem-Solvable-Boiled-Linseed-Oil-Application-Brochure-TDS.pdf?raw=true,,8bd5eea5919533021d6725da06bec87c1519a56f08af96f2db8deedfa84b96b7,25fc96bbdd971fa220be8cdac84fdf8a8c2aaade62cec2e1018d922b3f21f7d6
simple,Penofin Ultra Premium Red Label - Sable,573,PEN-000000574,,"Penofin Ultra Premium Red Label - Sable is a coating formulated for the interior, exterior, specialty or industrial use indicated by its product name and category. Confirm preparation, compatibility, application, coverage and recoat requirements in the current label or technical data sheet. Confirm the exact item and package before ordering.",,Paints > Stains & Varnishes,"exterior wood stain, penetrating wood finish, wood stain, exterior wood finish",Penofin,MUM01,https://raw.githubusercontent.com/kinggoff/NewSteelesImages/main/review-images/PEN-000000574-penofin-red-label-sable-gallon.png?raw=true,Images for Review,,,,,,,,,Penofin Ultra Premium Red Label Sable - 550 VOC=https://raw.githubusercontent.com/kinggoff/NewSteelesImages/main/PDFs/SDS/penofin-Penofin-Ultra-Premium-Red-Label-Sable-550-VOC-SDS.pdf?raw=true,Penofin Ultra Premium Red Label=https://raw.githubusercontent.com/kinggoff/NewSteelesImages/main/PDFs/TDS/penofin-Penofin-Ultra-Premium-Red-Label-TDS.pdf?raw=true,Penofin Ultra Premium Red Label Sable - 550 VOC=https://raw.githubusercontent.com/kinggoff/NewSteelesImages/main/PDFs/SDS/penofin-Penofin-Ultra-Premium-Red-Label-Sable-550-VOC-SDS.pdf?raw=true,,Penofin Ultra Premium Red Label=https://raw.githubusercontent.com/kinggoff/NewSteelesImages/main/PDFs/TDS/penofin-Penofin-Ultra-Premium-Red-Label-TDS.pdf?raw=true,,9af415eeb3fa010fbe542429e0eeeafcca8fc748da8994922c4a38add3fea7d3,d894f89c549e84a961fd6e12779008dfa1178310551ea3197449044dd0e4eece
simple,Penofin Tsf Teak Satin Finish,574,PEN-000000575,,"Penofin Tsf Teak Satin Finish is a coating formulated for the interior, exterior, specialty or industrial use indicated by its product name and category. Confirm preparation, compatibility, application, coverage and recoat requirements in the current label or technical data sheet. Confirm the exact item and package before ordering.",,Paints > Stains & Varnishes,"teak wood finish, satin wood finish, penetrating oil finish, exterior wood finish",Penofin,MUM01,https://raw.githubusercontent.com/kinggoff/NewSteelesImages/main/review-images/PEN-000000575-penofin-tsf-hardwood-satin-finish.png?raw=true,Images for Review,,,,,,,,,Penofin Architectural Grade TSF Hardwood - Natural=https://raw.githubusercontent.com/kinggoff/NewSteelesImages/main/PDFs/SDS/penofin-Penofin-Architectural-Grade-TSF-Hardwood-Natural-SDS.pdf?raw=true|Penofin Architectural Grade TSF Hardwood - Ipe=https://raw.githubusercontent.com/kinggoff/NewSteelesImages/main/PDFs/SDS/penofin-Penofin-Architectural-Grade-TSF-Hardwood-Ipe-SDS.pdf?raw=true,Penofin Architectural Grade TSF Hardwood=https://raw.githubusercontent.com/kinggoff/NewSteelesImages/main/PDFs/TDS/penofin-Penofin-Architectural-Grade-TSF-Hardwood-TDS.pdf?raw=true,Penofin Architectural Grade TSF Hardwood - Natural=https://raw.githubusercontent.com/kinggoff/NewSteelesImages/main/PDFs/SDS/penofin-Penofin-Architectural-Grade-TSF-Hardwood-Natural-SDS.pdf?raw=true|Penofin Architectural Grade TSF Hardwood - Ipe=https://raw.githubusercontent.com/kinggoff/NewSteelesImages/main/PDFs/SDS/penofin-Penofin-Architectural-Grade-TSF-Hardwood-Ipe-SDS.pdf?raw=true,,Penofin Architectural Grade TSF Hardwood=https://raw.githubusercontent.com/kinggoff/NewSteelesImages/main/PDFs/TDS/penofin-Penofin-Architectural-Grade-TSF-Hardwood-TDS.pdf?raw=true,,d328a91ea95c31338e3e867d8415f78f4c8ddc2f61d28df8f701f7864553b262,c4e35e2b3c746c37953e62c3a4d1ff4cc7d50c324dd071df8d182e565c6c7993
simple,Penofin Exterior Exotic Hardwood Finish,575,PEN-000000576,,"Penofin Exterior Exotic Hardwood Finish is a wood-finishing product for colouring, conditioning or protecting the compatible interior or exterior wood surface named in the product. Confirm preparation, compatibility, application, coverage and recoat requirements in the current label or technical data sheet.",,Paints > Stains & Varnishes,"exterior wood finish, hardwood finish, penetrating wood finish, wood oil finish",Penofin,YHD01,https://raw.githubusercontent.com/kinggoff/NewSteelesImages/main/review-images/PEN-000000576-penofin-exterior-hardwood-formula-quart.png?raw=true,Image Added,,,,,Variants,Quart | Gallon,1,1,Penofin Exterior Hardwood Formula - 550 VOC=https://raw.githubusercontent.com/kinggoff/NewSteelesImages/main/PDFs/SDS/penofin-Penofin-Exterior-Hardwood-Formula-550-VOC-SDS.pdf?raw=true,Penofin Exterior Hardwood Formula=https://raw.githubusercontent.com/kinggoff/NewSteelesImages/main/PDFs/TDS/penofin-Penofin-Exterior-Hardwood-Formula-TDS.pdf?raw=true,Penofin Exterior Hardwood Formula - 550 VOC=https://raw.githubusercontent.com/kinggoff/NewSteelesImages/main/PDFs/SDS/penofin-Penofin-Exterior-Hardwood-Formula-550-VOC-SDS.pdf?raw=true,,Penofin Exterior Hardwood Formula=https://raw.githubusercontent.com/kinggoff/NewSteelesImages/main/PDFs/TDS/penofin-Penofin-Exterior-Hardwood-Formula-TDS.pdf?raw=true,,9a1ff0d0e7c8d1e30f843326d1193db55a60b69b647062ae8cf618a92269358f,19ffaf1319dcbe99fa7fd4b8130f5b1a16eff150ac4c5d35bb6418b93e5f88eb
simple,Siligun Compact Caulking Gun,576,SIL-000000577,,"Siligun Compact Caulking Gun is a manual caulking gun for dispensing compatible cartridge sealants and adhesives with controlled pressure at joints, gaps and seams. Use on clean, compatible joints and follow the label for gap size, tooling, cure, moisture exposure and paintability. Confirm the exact item and package before ordering.",,Painting Tools & Accessories > Tools,"caulking gun, sealant applicator, cartridge applicator, hand tool",SiliGun,MUM01,https://raw.githubusercontent.com/kinggoff/NewSteelesImages/main/review-images/37-sil-000000577-siligun-compact-caulking-gun.webp?raw=true,Image Added,,,,,,,,,,,,,,,0a88ce11f2168d089340c2c8603f38d63408028328a39ae58006e22cfc8341e2,e0f43644fa121a4aa171ffec17c244d27ed7e818ebbf5a0f9656609537dbbdd9
simple,Monkey Rung Spin Pro Mini Roller Cleaner,577,DYN-000000578,,"Monkey Rung Spin Pro Mini Roller Cleaner from Dynamic is a surface-preparation or cleanup product for removing the residue named in the product from compatible materials before refinishing. Choose the listed size for the surface and coating, then clean or dispose of the applicator according to current product guidance.",,Painting Tools & Accessories > Tools,"brush and roller cleaner, paint applicator cleaning tool, roller spinner, painting tool",Dynamic,MUM01,https://raw.githubusercontent.com/kinggoff/NewSteelesImages/main/review-images/DYN-000000578-monkey-rung-spin-pro-mini.png?raw=true,Image Added,,,,,,,,,,,,,,,aed06d682983b44fb0367b1e50aca0e104c1ed7865ab11de7e36e34d5037087f,b559c04df4f4ffb2d4f3ea8e6a05f343ef1c43f67d759f7884796122edb60dbe
simple,Norton Sanding Pads 150 Grit,578,NOR-000000579,,"Norton Sanding Pads 150 Grit is a hand or machine surface-preparation abrasive for scuffing, cleaning, smoothing or finishing compatible materials. Match it to the surface, work progressively, and use suitable eye, hand and respiratory protection for the material being removed. Confirm the exact item and package before ordering.",,Painting Tools & Accessories > Paint Prep & Repairs,"sandpaper, coated abrasive, surface preparation abrasive, sanding material",Norton,SAINT-G,https://raw.githubusercontent.com/kinggoff/NewSteelesImages/main/review-images/NOR-000000579-norton-wallsand-pad-150-grit.png?raw=true,Images for Review,,,,,,,,,,,,,,,1bc71d73687dc21b000c73a084dce2039b1863de4b4127f74a61a63f11a1d6f7,055c7439d31656817bf220bfa3c2478b637f5a0df0cb0cc85655d3dc40c386a3
simple,Norton 3X Sandpaper 180,579,NOR-000000580,,"Norton 3X Sandpaper 180 is an abrasive product for levelling, smoothing or keying surfaces during staged preparation; the stated grit determines how aggressively it cuts. Match it to the surface, work progressively, and use suitable eye, hand and respiratory protection for the material being removed.",,Painting Tools & Accessories > Paint Prep & Repairs,"sandpaper, coated abrasive, surface preparation abrasive, sanding material",Norton,SAINT-G,https://raw.githubusercontent.com/kinggoff/NewSteelesImages/main/review-images/NOR-000000580-norton-3x-sandpaper-180-grit.png?raw=true,Images for Review,,,,,,,,,,,,,,,469aa397095c578e36cc82c81af98626b0ff15ce5492e0182ef7c13d7b190dcd,8393be0fd073bc780cfedb5168584ca1001abea67c4bd20726431f9e5a871ff0
simple,Norton 3X Sandpaper 100,580,NOR-000000581,,"Norton 3X Sandpaper 100 is an abrasive product for levelling, smoothing or keying surfaces during staged preparation; the stated grit determines how aggressively it cuts. Match it to the surface, work progressively, and use suitable eye, hand and respiratory protection for the material being removed.",,Painting Tools & Accessories > Paint Prep & Repairs,"sandpaper, coated abrasive, surface preparation abrasive, sanding material",Norton,SAINT-G,https://raw.githubusercontent.com/kinggoff/NewSteelesImages/main/review-images/NOR-000000581-norton-3x-sandpaper-100-grit.png?raw=true,Image Added,,,,,Variants,3PK | 20PK,1,1,,,,,,,2c4367f5317b85e652875430b91ce9d7ffad3c8e53583f048efe2a488979f9e4,a26573482174463c4ba5b9ec9dca681c2ca374cfe2b11867d36d1dcfd64236c7
simple,12X18 Buffing Pads Thick Red,581,NOR-000000582,,"12X18 Buffing Pads Thick Red from Norton is a hand or machine surface-preparation abrasive for scuffing, cleaning, smoothing or finishing compatible materials. Review the listed format and current manufacturer instructions to confirm compatibility, safe use, cleaning and storage for the intended job.",,Painting Tools & Accessories > Paint Prep & Repairs,"buffing pad, floor polishing pad, abrasive pad, surface finishing accessory",Norton,SAINT-G,https://raw.githubusercontent.com/kinggoff/NewSteelesImages/main/review-images/NOR-000000582-norton-12x18-red-buffing-pad.png?raw=true,Images for Review,,,,,,,,,,,,,,,37fee2698ba7366396dff37f5d83a72f157c6318d2c6cd2c2fa4ce798ecca7c4,d9e0133c4bb26e614ccb113f4faa6901b5db49ee19d89cd0adab7160815d4eb5
simple,12X18 60 Grit Adhesive Back Sandpaper,582,NOR-000000583,,"12X18 60 Grit Adhesive Back Sandpaper from Norton is an abrasive product for levelling, smoothing or keying surfaces during staged preparation; the stated grit determines how aggressively it cuts. Match it to the surface, work progressively, and use suitable eye, hand and respiratory protection for the material being removed.",,Painting Tools & Accessories > Paint Prep & Repairs,"sandpaper, coated abrasive, surface preparation abrasive, sanding material",Norton,SAINT-G,https://raw.githubusercontent.com/kinggoff/NewSteelesImages/main/review-images/NOR-000000583-norton-12x18-60-grit-adhesive-sheets.png?raw=true,Images for Review,,,,,,,,,,,,,,,e4e4fe48c56569ce381a577b4115b1d623b28272f3eca4a0da82257d0690070b,699b59243608486185ef88bd65f0731abcbf20bb11a3ac6f5f6f14cc9a667dfa
simple,Nour Lime Wash Brush 100 mm,583,NO-000000584,,"Nour Lime Wash Brush 100 mm is a purpose-shaped brush for controlled application of compatible paint, stain or decorative coating; its filament style and profile suit the task named in the product. Choose the listed size for the surface and coating, then clean or dispose of the applicator according to current product guidance.",,Painting Tools & Accessories > Tools,"limewash brush, masonry brush, paint applicator, painting tool",Nour,NOUR,https://raw.githubusercontent.com/kinggoff/NewSteelesImages/main/review-images/NO-000000584-nour-32-100nlw-limewash-brush.png?raw=true,Image Added,,,,,,,,,,,,,,,10c6a63394c4e1103d978f9e067168e12dc41d85677dcdb6b5828c2de064bb2f,dad4a2f82537ff457024c30ce69fe2a45e48553a4b8a35186cd7d3b3253354c8
simple,"Nour Polylamb Roller Refill 1/2""",584,NO-000000585,,"Nour Polylamb Roller Refill 1/2"" is a paint-roller cover or refill for applying compatible coatings; its stated fabric, width and nap help determine finish texture, loading and surface reach. Choose the listed size for the surface and coating, then clean or dispose of the applicator according to current product guidance.",,Painting Tools & Accessories > Tools,"paint roller cover, paint roller refill, paint applicator, painting tool, lambswool roller cover",Nour,NOUR,https://raw.githubusercontent.com/kinggoff/NewSteelesImages/main/review-images/NO-000000585-nour-polylamb-roller-refill.png?raw=true,Images for Review,,,,,,,,,,,,,,,e27ca7a481cd973421eb458cba6f626281db372209be0afb348c8178dffd7845,2ce9732579620c34fc9c1ff77ea89f0e8f955f03f9342c16d167bb3d72e79d25
simple,"AllPro Silver Series 2 1/2"" Polyester Brush",585,AP-000000586,,"AllPro Silver Series 2 1/2"" Polyester Brush is a paint or decorative-finish brush whose stated shape, filament and size are intended to provide control for the named application. Choose the listed size for the surface and coating, then clean or dispose of the applicator according to current product guidance.",,Painting Tools & Accessories > Tools,"paint brush, paint applicator, painting tool, bristle brush",AllPro,NOUR,https://raw.githubusercontent.com/kinggoff/NewSteelesImages/main/review-images/AP-000000586-allpro-silver-series-2-5-polyester-brush.png?raw=true,Image Added,,,,,,,,,,,,,,,8ee6326be76592d573e104bd51451e8e7c656464fef084c84dec7e3b49a86b73,8c38986057f36324cd8ca41240e0ab8ddece8cb0e0459a2873e9b1cba761aa50
simple,"AllPro Microfiber Roller Refill 9"" x 5/8""",586,AP-000000587,,"AllPro Microfiber Roller Refill 9"" x 5/8"" is a paint-roller cover or refill for applying compatible coatings; its stated fabric, width and nap help determine finish texture, loading and surface reach. Choose the listed size for the surface and coating, then clean or dispose of the applicator according to current product guidance.",,Painting Tools & Accessories > Tools,"paint roller cover, paint roller refill, paint applicator, painting tool, microfiber roller cover",AllPro,NOUR,https://raw.githubusercontent.com/kinggoff/NewSteelesImages/main/review-images/AP-000000587-allpro-microfiber-roller-9x5-8.png?raw=true,Image Added,,,,,,,,,,,,,,,6b3d0d26325a67cdd46401a8b76f0d67fdf81e597fc8f6030a882521577bb4e5,7f4624f12c156166bc7a545b42076b99132e552ef27e549d9c92dd03310cd73d
simple,OLFA Stainless Steel Auto-Lock Utility K,587,OLF-000000588,,"OLFA Stainless Steel Auto-Lock Utility K is a wood-finishing product for colouring, conditioning or protecting the compatible interior or exterior wood surface named in the product. Review the listed format and current manufacturer instructions to confirm compatibility, safe use, cleaning and storage for the intended job.",,Painting Tools & Accessories > Tools,"utility knife, cutting tool, hand tool, snap-off knife",OLFA,OLF01,https://raw.githubusercontent.com/kinggoff/NewSteelesImages/main/review-images/38-olf-000000588-olfa-stainless-steel-auto-lock-utility-k.png?raw=true,Image Added,,,,,,,,,,,,,,,b345d8e13598df3b85fc8605e38cd4c96f2d77b418eac72ed3b171b90f2abc9a,9f93a57c4c4632fa1d50b42528e89dce116ffc3ed66761536700b250838ceb8d
simple,OLFA Small Snap-Off Black Blade,588,OLF-000000589,,"OLFA Small Snap-Off Black Blade is a replacement cutting or scraping blade for the compatible hand tool named in the product; blade style and size should match the holder and task. Match it to the surface, work progressively, and use suitable eye, hand and respiratory protection for the material being removed.",,Painting Tools & Accessories > Tools,"replacement blade, scraper blade, cutting accessory, hand tool accessory",OLFA,OLF01,https://raw.githubusercontent.com/kinggoff/NewSteelesImages/main/review-images/OLF-000000589-olfa-abb50b-black-9mm-blades.png?raw=true,Image Added,,,,,Variants,50PK | 10PK,1,1,,,,,,,ec2d0091e79b0e6acc297b77f4c1d6a4ee05607912958eecab8ae281677438d1,60d508a60a54c07f21c4e6f9a02c062bee536384106d7e401cfa76b6ac396d0a
simple,OLFA Rubber Inset Utility Knife,589,OLF-000000590,,"OLFA Rubber Inset Utility Knife is a hand-cutting tool for trimming masking film, wallcovering, cardboard and other compatible jobsite materials with the correct replacement blade. Match it to the surface, work progressively, and use suitable eye, hand and respiratory protection for the material being removed.",,Painting Tools & Accessories > Tools,"utility knife, cutting tool, hand tool, snap-off knife",OLFA,OLF01,https://raw.githubusercontent.com/kinggoff/NewSteelesImages/main/review-images/39-olf-000000590-olfa-rubber-inset-utility-knife.png?raw=true,Image Added,,,,,,,,,,,,,,,bb66070fad03cbd727ef5bfb1210e2e0b15ce67f52cae7859a7e1bf05b0e7870,f302a03a124bcd4e416cab45badc072b2051ae901ff0be0108f77d8630f19ee7
simple,OLFA Rubber Grip Utility Knife,590,OLF-000000591,,"OLFA Rubber Grip Utility Knife is a hand-cutting tool for trimming masking film, wallcovering, cardboard and other compatible jobsite materials with the correct replacement blade. Match it to the surface, work progressively, and use suitable eye, hand and respiratory protection for the material being removed.",,Painting Tools & Accessories > Tools,"utility knife, cutting tool, hand tool, snap-off knife",OLFA,OLF01,https://raw.githubusercontent.com/kinggoff/NewSteelesImages/main/review-images/40-olf-000000591-olfa-rubber-grip-utility-knife.png?raw=true,Image Added,,,,,,,,,,,,,,,73b0605bd92832b9dd81afa0e99cb63ade7f4b8a4b911d9120fbd8b6a0b28784,2851cb4d8034aa23591a8aa73ccd3e144c2238a5ae51e2364c6c8aa87af4c098
simple,OLFA Large Snap-Off Black Blade,591,OLF-000000592,,"OLFA Large Snap-Off Black Blade is a replacement cutting or scraping blade for the compatible hand tool named in the product; blade style and size should match the holder and task. Match it to the surface, work progressively, and use suitable eye, hand and respiratory protection for the material being removed.",,Painting Tools & Accessories > Tools,"replacement blade, scraper blade, cutting accessory, hand tool accessory",OLFA,OLF01,https://raw.githubusercontent.com/kinggoff/NewSteelesImages/main/review-images/OLF-000000592-olfa-lbb50b-black-18mm-blades.png?raw=true,Image Added,,,,,Variants,50PK | 10PK,1,1,,,,,,,c227e52ee2f014facdcecc5e33f1d4db621e3fce175b9bb8e53f91f5eeb75f92,a0bc158c4edf94938e366618fce6691db01c57895a2612a8217b18d3b6bbe425
simple,OLFA Multi-Blade Auto-Load Utility Knife,592,OLF-000000593,,"OLFA Multi-Blade Auto-Load Utility Knife is a replacement cutting or scraping blade for the compatible hand tool named in the product; blade style and size should match the holder and task. Match it to the surface, work progressively, and use suitable eye, hand and respiratory protection for the material being removed.",,Painting Tools & Accessories > Tools,"utility knife, cutting tool, hand tool, snap-off knife",OLFA,OLF01,https://raw.githubusercontent.com/kinggoff/NewSteelesImages/main/review-images/41-olf-000000593-olfa-multi-blade-auto-load-utility-knife.png?raw=true,Image Added,,,,,,,,,,,,,,,b9821edc26602d526f2fcba296f114d3f220807acab74565098ad459733a0d0d,b5ed46f91b8c0caffed1ede226af4af1bee5828cbf4a387b46bb70cb1910f9f1
simple,Olympic Rescue It! Wood & Concrete Resur,593,OLY-000000594,,"Olympic Rescue It! Wood & Concrete Resur is a coating formulated for the interior, exterior, specialty or industrial use indicated by its product name and category. Confirm preparation, compatibility, application, coverage and recoat requirements in the current label or technical data sheet. Confirm the exact item and package before ordering.",,Paints > Stains & Varnishes,"deck resurfacer, concrete resurfacer, thick-texture coating, exterior repair coating",Olympic,PPG,https://raw.githubusercontent.com/kinggoff/NewSteelesImages/main/review-images/OLY-000000594-olympic-rescue-it.png?raw=true,Image Added,,,,,,,,,Olympic Rescue It Moderate Restoration 79705 Five Gallon=https://raw.githubusercontent.com/kinggoff/NewSteelesImages/main/PDFs/SDS/olympic-Olympic-Rescue-It-Moderate-Restoration-79705-Five-Gallon-SDS.pdf?raw=true,Olympic Rescue It Moderate Restoration 79705 Five Gallon=https://raw.githubusercontent.com/kinggoff/NewSteelesImages/main/PDFs/TDS/olympic-Olympic-Rescue-It-Moderate-Restoration-79705-Five-Gallon-TDS.pdf?raw=true,Olympic Rescue It Moderate Restoration 79705 Five Gallon=https://raw.githubusercontent.com/kinggoff/NewSteelesImages/main/PDFs/SDS/olympic-Olympic-Rescue-It-Moderate-Restoration-79705-Five-Gallon-SDS.pdf?raw=true,,Olympic Rescue It Moderate Restoration 79705 Five Gallon=https://raw.githubusercontent.com/kinggoff/NewSteelesImages/main/PDFs/TDS/olympic-Olympic-Rescue-It-Moderate-Restoration-79705-Five-Gallon-TDS.pdf?raw=true,,03c8148606c4f35f1a8a2d9936bff9332ece66654114cab158faa09bc7b2846b,bed0690060bd0b211242ea51a1d246f23eb2141e7ece7270befe4a515e034e77
simple,Olympic Maximum Semi Trans Hybrid Stain Neu,594,OLY-000000595,,"Olympic Maximum Semi Trans Hybrid Stain Neu is a wood-finishing product for colouring, conditioning or protecting the compatible interior or exterior wood surface named in the product. Confirm preparation, compatibility, application, coverage and recoat requirements in the current label or technical data sheet.",,Paints > Stains & Varnishes,"exterior wood stain, penetrating wood finish, wood stain, exterior wood finish",Olympic,PPG,https://raw.githubusercontent.com/kinggoff/NewSteelesImages/main/review-images/OLY-000000595-olympic-maximum-semi-transparent-neutral.png?raw=true,Images for Review,,,,,,,,,Olympic Maximum Semi-Transparent Neutral Base 79560C Five Gallon=https://raw.githubusercontent.com/kinggoff/NewSteelesImages/main/PDFs/SDS/olympic-Olympic-Maximum-Semi-Transparent-Neutral-79560C-Five-Gallon-SDS.pdf?raw=true,Olympic Maximum Semi-Transparent Neutral Base 79560C Five Gallon=https://raw.githubusercontent.com/kinggoff/NewSteelesImages/main/PDFs/TDS/olympic-Olympic-Maximum-Semi-Transparent-Neutral-79560C-Five-Gallon-TDS.pdf?raw=true,Olympic Maximum Semi-Transparent Neutral Base 79560C Five Gallon=https://raw.githubusercontent.com/kinggoff/NewSteelesImages/main/PDFs/SDS/olympic-Olympic-Maximum-Semi-Transparent-Neutral-79560C-Five-Gallon-SDS.pdf?raw=true,,Olympic Maximum Semi-Transparent Neutral Base 79560C Five Gallon=https://raw.githubusercontent.com/kinggoff/NewSteelesImages/main/PDFs/TDS/olympic-Olympic-Maximum-Semi-Transparent-Neutral-79560C-Five-Gallon-TDS.pdf?raw=true,,c2f179ae14fc40dafd3a0258d29b313f0bd31383d449fe190fe1210378a71ae6,b312dec5f30f470a73876217d9d616242c48c7612aa0aa965b7a813412033907
simple,OMC Painter'S Plastic,595,OMC-000000596,,"OMC Painter'S Plastic is a temporary surface-protection material for covering floors, furniture or adjacent areas against dust, drips and ordinary painting debris. Lay it over a clean, dry area, secure the edges safely, and confirm that any adhesive or film suits the underlying finish. Confirm the exact item and package before ordering.",,Painting Tools & Accessories > Tools,"drop cloth, surface protection, painting cover, painting accessory",OMC,OMC,https://raw.githubusercontent.com/kinggoff/NewSteelesImages/main/review-images/OMC-000000596-painters-plastic.png?raw=true,Images for Review,,,,,,,,,,,,,,,8fd9b451f7b92db667f94fa6405ba4f02b40620a6bbf5dfc53e5847760a3ebd6,5a7ad65b7d111cf6106a009dbf55885075a02dccb7f5f3f0915b075c1c3b095c
simple,OMC Fiberglass Drywall Tape,596,OMC-000000597,,"OMC Fiberglass Drywall Tape is a drywall reinforcing tape for embedding in compatible joint compound over flat seams, repairs or corners as indicated by the product name. Review the listed format and current manufacturer instructions to confirm compatibility, safe use, cleaning and storage for the intended job.",,Painting Tools & Accessories > Tools,"drywall tape, joint reinforcement tape, drywall repair material, fiberglass mesh tape",OMC,OMC,https://raw.githubusercontent.com/kinggoff/NewSteelesImages/main/review-images/OMC-000000597-fiberglass-drywall-tape.png?raw=true,Image Added,,,,,,,,,,,,,,,034243bfd3b7d2221b537b3d9c7956cdd8988fc8b7bfec544869ed983cf2adfc,f1276225ebb38f0b4cc8cff0868c6c3a576f93b8246c42130ffa150af2b50673
simple,OMC Drywall Paper Tape,597,OMC-000000598,,"OMC Drywall Paper Tape is a drywall reinforcing tape for embedding in compatible joint compound over flat seams, repairs or corners as indicated by the product name. Review the listed format and current manufacturer instructions to confirm compatibility, safe use, cleaning and storage for the intended job.",,Painting Tools & Accessories > Tools,"drywall paper tape, joint reinforcement tape, drywall repair material, paper joint tape",OMC,OMC,https://raw.githubusercontent.com/kinggoff/NewSteelesImages/main/review-images/OMC-000000598-drywall-paper-tape.png?raw=true,Image Added,,,,,,,,,,,,,,,a9763ac5530f8eed822629bf38ac465903fb87a0fe6d578f5623f26de16b22be,dbca12a7ed7e448782408f8f77e2bdd195ce248ad70fc3f0ca2f1ce5eb410d18
simple,OMC Drywall Corner Tape,598,OMC-000000599,,"OMC Drywall Corner Tape is a drywall reinforcing tape for embedding in compatible joint compound over flat seams, repairs or corners as indicated by the product name. Review the listed format and current manufacturer instructions to confirm compatibility, safe use, cleaning and storage for the intended job.",,Painting Tools & Accessories > Tools,"drywall corner tape, corner reinforcement tape, drywall repair material, joint finishing tape",OMC,OMC,https://raw.githubusercontent.com/kinggoff/NewSteelesImages/main/review-images/OMC-000000599-drywall-corner-tape.png?raw=true,Images for Review,,,,,,,,,,,,,,,661cb0e49c3d2af76f2426e787524a3630e51816977d7ce0002037efcc87df96,21389af099da5c2f4cddadf263c0687df1367240263e4fa61caab31ef37c4e51
simple,OMC Pre-Taped Plastic Drop Cloth,599,OMC-000000600,,"OMC Pre-Taped Plastic Drop Cloth is a temporary surface-protection material for covering floors, furniture or adjacent areas against dust, drips and ordinary painting debris. Lay it over a clean, dry area, secure the edges safely, and confirm that any adhesive or film suits the underlying finish. Confirm the exact item and package before ordering.",,Painting Tools & Accessories > Tools,"drop cloth, surface protection, painting cover, painting accessory",OMC,OMC,https://raw.githubusercontent.com/kinggoff/NewSteelesImages/main/review-images/OMC-000000600-pre-taped-plastic-drop-cloth.png?raw=true,Images for Review,,,,,Variants,"68""X66' | 22""X108' | 108""X66'",1,1,,,,,,,3b070b7c8e42ca591d6ee32f530e0f4c382008272480b778166b5e5eb4f50e7f,211fc44c0f002f3adb2cb7b904481b4fecf147a3160efe1afee69ff1e299d2bc
simple,"Pintar Trim Roller 3"" x 5 mm",600,PI-000000601,,"Pintar Trim Roller 3"" x 5 mm is a shaped paint roller for coating corners, pipes, trim or other areas that are awkward to reach with a standard wall roller. Choose the listed size for the surface and coating, then clean or dispose of the applicator according to current product guidance. Confirm the exact item and package before ordering.",,Painting Tools & Accessories > Tools,"paint roller cover, paint roller refill, paint applicator, painting tool",Pintar,PIN02-S,https://raw.githubusercontent.com/kinggoff/NewSteelesImages/main/review-images/PI-000000601-trim-roller-3x5mm.png?raw=true,Images for Review,,,,,,,,,,,,,,,e3edcf6d3c8931a968e4c2e54170883b38ce00c70a4cd798e4844cf4e36f0f49,5ae8ae290dc3305632e75593e694da1ff67df8aeee6e65f56e6132e8890a351f
simple,Slit Foam Refill,601,PI-000000602,,"Slit Foam Refill from Pintar is a paint-roller cover or refill for applying compatible coatings; its stated fabric, width and nap help determine finish texture, loading and surface reach. Review the listed format and current manufacturer instructions to confirm compatibility, safe use, cleaning and storage for the intended job.",,Painting Tools & Accessories > Tools,"foam roller cover, paint roller refill, slit foam applicator, painting tool",Pintar,PIN02-S,https://raw.githubusercontent.com/kinggoff/NewSteelesImages/main/review-images/PI-000000602-pintar-slit-foam-refill.png?raw=true,Images for Review,,,,,,,,,,,,,,,7fd0cb58898cf89cd0099fb9c139541e9ee7eae04ba68414606bbb8dc9c65a8c,a7aaccdbbc6a3490aeb5cc1d273ced004fe4bb07894524df364502d9bd93ec29
simple,Pre-Caulking Filler Rope,602,PI-000000603,,"Pre-Caulking Filler Rope from Pintar is a gap-filling sealant for compatible joints and seams; substrate, movement, moisture exposure and paintability should be checked for the application. Use on clean, compatible joints and follow the label for gap size, tooling, cure, moisture exposure and paintability.",,Painting Tools & Accessories > Tools,"caulk backing rod, foam filler rope, joint filler, sealant accessory",Pintar,PIN02-S,https://raw.githubusercontent.com/kinggoff/NewSteelesImages/main/review-images/PI-000000603-pre-caulking-filler-rope.png?raw=true,Images for Review,,,,,,,,,,,,,,,59e140af299cfed727c1d07d8f580cd0cd351dc6c82a459df5ce4e32194a25a9,0801ed0b8cbf95de62a9cfec1aeb628ce350d3ceb63d8bb7b4c06102579e38f4
simple,Pintar Pipe Roller,603,PI-000000604,,"Pintar Pipe Roller is a shaped paint roller for coating corners, pipes, trim or other areas that are awkward to reach with a standard wall roller. It is intended to give the applicator practical control over loading, placement and finish on the matching surface area. Choose the listed size for the surface and coating, then clean or dispose of the applicator according to current product guidance.",,Painting Tools & Accessories > Tools,"pipe paint roller, specialty paint roller, paint applicator, painting tool",Pintar,PIN02-S,https://raw.githubusercontent.com/kinggoff/NewSteelesImages/main/review-images/PI-000000604-pipe-roller.png?raw=true,Images for Review,,,,,,,,,,,,,,,ab2492a6304ef68ded04de9cf03ab05576dbc4b2427d0951aec3c32e46eb5301,fc76483ed2b793f2f3d4488c3a37ef94a5f4684bbf5aead8d304dd1583a7518f
simple,Pintar Lint-Free Roller Refill,604,PI-000000605,,"Pintar Lint-Free Roller Refill is a paint-roller cover or refill for applying compatible coatings; its stated fabric, width and nap help determine finish texture, loading and surface reach. Choose the listed size for the surface and coating, then clean or dispose of the applicator according to current product guidance.",,Painting Tools & Accessories > Tools,"paint roller cover, paint roller refill, paint applicator, painting tool",Pintar,PIN02-S,https://raw.githubusercontent.com/kinggoff/NewSteelesImages/main/review-images/PI-000000605-pintar-lint-free-roller-refill.png?raw=true,Images for Review,,,,,Variants,"18"" 5MM | 7 1/2"" 13 MM | CONTRACTOR PK 15MM",1,1,,,,,,,49a244c351fde788dbb6ffe990f31b25ae6e5335963e0b7c81d6ee6f53838651,bbe3d31d3236cc30d7593845ee961bcb3d10158be5a8a6d2860db50ad2bd6bc7
simple,Pintar Lambskin Block Applicator,605,PI-000000606,,"Pintar Lambskin Block Applicator is a pad-style applicator for spreading compatible paint, stain or finish across flat surfaces with direct hand control. Choose the listed size for the surface and coating, then clean or dispose of the applicator according to current product guidance. Confirm the exact item and package before ordering.",,Painting Tools & Accessories > Tools,"lambskin block applicator, floor finish applicator, wood finish applicator, painting tool",Pintar,PIN02-S,https://raw.githubusercontent.com/kinggoff/NewSteelesImages/main/review-images/PI-000000606-pintar-lambskin-block-applicator.png?raw=true,Images for Review,,,,,,,,,,,,,,,e7d8ac0a6854d6b64916a85e5e1d64c87cda4954f0e1fb225817a08f3d5244eb,11a27069089b7ea7ddadf033e9e6937b0674015ad8af702639ee5a1c670c03fe
simple,"Pintar 10"" Synthetic Water Wiz Pad with Block",606,PI-000000607,,"Pintar 10"" Synthetic Water Wiz Pad with Block is a pad-style applicator for spreading compatible paint, stain or finish across flat surfaces with direct hand control. Review the listed format and current manufacturer instructions to confirm compatibility, safe use, cleaning and storage for the intended job.",,Painting Tools & Accessories > Tools,"paint pad, flat paint applicator, painting tool, coating applicator",Pintar,PIN02-S,https://raw.githubusercontent.com/kinggoff/NewSteelesImages/main/review-images/PI-000000607-water-wiz-pad-with-block.png?raw=true,Images for Review,,,,,,,,,,,,,,,9c0483ce79046666cc7ee9fc608c8975115440aa8c64d2ee5acd370c7512fa87,da67dc1fc8a863264c279fa12a4e0268a813f8c337ae25544d6459c002f8f2bb
simple,Pintar Microfiber Pad W/Block,607,PI-000000608,,"Pintar Microfiber Pad W/Block is a pad-style applicator for spreading compatible paint, stain or finish across flat surfaces with direct hand control. Review the listed format and current manufacturer instructions to confirm compatibility, safe use, cleaning and storage for the intended job. Confirm the exact item and package before ordering.",,Painting Tools & Accessories > Tools,"paint pad, flat paint applicator, painting tool, coating applicator",Pintar,PIN02-S,https://raw.githubusercontent.com/kinggoff/NewSteelesImages/main/review-images/PI-000000608-microfiber-pad-with-block.png?raw=true,Images for Review,,,,,,,,,,,,,,,f8e321cdd693f2044cbab1c2e2bbd719223393bf6b062dacf56bdebd6ebe8fc5,81bfbfa5ef4bba87d366891500ce362bf46d0e6826295617118757083c693349
simple,Olympian Stain Brush,608,OLY-000000609,,"Olympian Stain Brush is a purpose-shaped brush for controlled application of compatible paint, stain or decorative coating; its filament style and profile suit the task named in the product. Choose the listed size for the surface and coating, then clean or dispose of the applicator according to current product guidance.",,Painting Tools & Accessories > Tools,"stain brush, wood finish applicator, paint brush, painting tool",Olympian,PIN02-S,https://raw.githubusercontent.com/kinggoff/NewSteelesImages/main/review-images/OLY-000000609-olympian-bristlex-stain-brush-4in.png?raw=true,Images for Review,,,,,,,,,,,,,,,b276d0cfa7ef51c8be41a4ded49864efc4f944e60bba93c01868d3d37db04394,9d73eba719c116928b4e40f390ce6f75bf2048730f6d52f66135e2e2a3d811b6
simple,Lexel Sealant Clear Squeeze Tube,609,LEX-000000610,,"Lexel Sealant Clear Squeeze Tube is a gap-filling sealant for compatible joints and seams; substrate, movement, moisture exposure and paintability should be checked for the application. Use on clean, compatible joints and follow the label for gap size, tooling, cure, moisture exposure and paintability.",,Painting Tools & Accessories > Tools,"sealant, caulk, joint sealant, gap-filling compound",Lexel,PIN02-S,https://raw.githubusercontent.com/kinggoff/NewSteelesImages/main/review-images/LEX-000000610-lexel-clear-squeeze-tube.png?raw=true,Image Added,,,,,,,,,,,,,,,6ae380453e8735ad50485d3a57bbfc7fcf4cd43fc71205af96f859e15b2f977d,d6f76fb02e5864ac489e9a97311916664887875e0c8c6123ddbf73a029cc2086
simple,Lexel Sealant Clear,610,LEX-000000611,,"Lexel Sealant Clear is a gap-filling sealant for compatible joints and seams; substrate, movement, moisture exposure and paintability should be checked for the application. Use on clean, compatible joints and follow the label for gap size, tooling, cure, moisture exposure and paintability. Confirm the exact item and package before ordering.",,Painting Tools & Accessories > Tools,"sealant, caulk, joint sealant, gap-filling compound",Lexel,PIN02-S,https://raw.githubusercontent.com/kinggoff/NewSteelesImages/main/review-images/LEX-000000611-lexel-clear-sealant.png?raw=true,Image Added,,,,,,,,,,,,,,,4e29b5e3799d636d7baeb6a8bae6bb4cbadb899c4479e2921319f7628dcd0f2e,db8fd2b90d82ff839f3c8fd59fb575b0f44f5f2e109124f159309bd91365b9d9
simple,"Pintar Heavy-Duty 18"" Roller Frame",611,PI-000000612,,"Pintar Heavy-Duty 18"" Roller Frame is a reusable roller frame or handle for mounting a compatible cover and applying paint to the intended surface area. Choose the listed size for the surface and coating, then clean or dispose of the applicator according to current product guidance. Confirm the exact item and package before ordering.",,Painting Tools & Accessories > Tools,"paint roller frame, roller handle, paint applicator, painting tool",Pintar,PIN02-S,https://raw.githubusercontent.com/kinggoff/NewSteelesImages/main/review-images/PI-000000612-pintar-heavy-duty-18in-roller-frame.png?raw=true,Image Added,,,,,,,,,,,,,,,21bb270498390e07107d2a237fa03ec4e3e46a7ba628498f4f401a7311366acc,849abe073e743bc4bec1a6fc8c96fe8be556e1b9bea2167e3049be9c16b6b87b
simple,Gallon Metal Tray,612,PI-000000613,,"Gallon Metal Tray from Pintar is a paint tray or tray set for loading rollers and holding a practical working quantity of coating during application. Choose the listed size for the surface and coating, then clean or dispose of the applicator according to current product guidance. Confirm the exact item and package before ordering.",,Painting Tools & Accessories > Tools,"paint tray, paint container, painting accessory, paint roller tray",Pintar,PIN02-S,https://raw.githubusercontent.com/kinggoff/NewSteelesImages/main/review-images/PI-000000613-pintar-4l-jumbo-metal-tray.png?raw=true,Image Added,,,,,,,,,,,,,,,c47cac95601ebbbe24872c2d1fb6775ab4c14c7e11104075bc2648d8c6d5489f,c07858c9e461928a15ab1360cc1cb0eb4eebbf4675aa7a5e7969722035c4f59f
simple,CanPro Premium Microfibre Refill,613,CAN-000000614,,"CanPro Premium Microfibre Refill is a paint-roller cover or refill for applying compatible coatings; its stated fabric, width and nap help determine finish texture, loading and surface reach. Review the listed format and current manufacturer instructions to confirm compatibility, safe use, cleaning and storage for the intended job.",,Painting Tools & Accessories > Tools,"paint roller cover, paint roller refill, paint applicator, painting tool, microfiber roller cover",CanPro,PIN02-S,https://raw.githubusercontent.com/kinggoff/NewSteelesImages/main/review-images/CAN-000000614-canpro-microfiber-roller-refill.png?raw=true,Images for Review,,,,,,,,,,,,,,,c838371dd9cc4cb32224719e9762c90dc01a0a20e82c17ec3cfb5f6f523a0ba9,0be68d29ff8e48559eb441c939445183325dea1f1b1eadf9f5805461e4f78e86
simple,Allway Scraper Set W/6 Blades,614,ALL-000000615,,"Allway Scraper Set W/6 Blades is a hand scraper for removing loose paint, adhesive residue, coatings or surface buildup during preparation and cleanup. Match it to the surface, work progressively, and use suitable eye, hand and respiratory protection for the material being removed. Confirm the exact item and package before ordering.",,Painting Tools & Accessories > Tools,"scraper, surface preparation tool, hand tool, painting tool",Allway,PIN02-S,https://raw.githubusercontent.com/kinggoff/NewSteelesImages/main/review-images/ALL-000000615-allway-contour-scraper-six-blades.png?raw=true,Image Added,,,,,,,,,,,,,,,18e3022af17ef7240a288ffc34a8870d566b3ab911b13dd9f9fd6ef0632088bd,f0edc4e2453f4d402233642470b9d2e2b1e0042f4cd6a4851f332cb5aa285a3f
simple,Allway Pour Spout,615,ALL-000000616,,"Allway Pour Spout is a container accessory that helps direct paint or liquid during pouring and reduces drips around the rim. Selection should be based on the specific task, material, working conditions and compatible products in the complete system. Review the listed format and current manufacturer instructions to confirm compatibility, safe use, cleaning and storage for the intended job.",,Painting Tools & Accessories > Tools,"paint can spout, pouring accessory, paint container accessory, painting tool",Allway,PIN02-S,https://raw.githubusercontent.com/kinggoff/NewSteelesImages/main/review-images/ALL-000000616-allway-five-gallon-pour-spout.png?raw=true,Images for Review,,,,,,,,,,,,,,,5d7c4f31ef88b8e3f6afd40e6c6e02541837259396618600e87d0e51c90f44a6,3ad692123c94f0d1ce51c0b591bd313d277cd91067b1715ae37846b693e36d24
simple,"AllPro Washi Tape 1 1/2""",616,AP-000000617,,"AllPro Washi Tape 1 1/2"" is a masking or project tape for defining paint lines, securing protection or joining compatible materials during preparation and finishing work. Review the listed format and current manufacturer instructions to confirm compatibility, safe use, cleaning and storage for the intended job.",,Painting Tools & Accessories > Tools,"masking tape, painter's tape, pressure-sensitive tape, painting accessory",AllPro,PIN02-S,https://raw.githubusercontent.com/kinggoff/NewSteelesImages/main/review-images/AP-000000617-allpro-washi-tape.png?raw=true,Images for Review,,,,,,,,,,,,,,,7550b44cbe17d20ad32f51ce0dd5119873a36f22ed30c1f29926f0c765a0add8,abded314b866241f3cf1a83aa799ba265bb37c0bb9f1bcd0fa7a34a997a17db7
simple,AllPro Microfiber Roller Refill 15 mm,617,AP-000000618,,"AllPro Microfiber Roller Refill 15 mm is a paint-roller cover or refill for applying compatible coatings; its stated fabric, width and nap help determine finish texture, loading and surface reach. Choose the listed size for the surface and coating, then clean or dispose of the applicator according to current product guidance.",,Painting Tools & Accessories > Tools,"paint roller cover, paint roller refill, paint applicator, painting tool, microfiber roller cover",AllPro,PIN02-S,https://raw.githubusercontent.com/kinggoff/NewSteelesImages/main/review-images/AP-000000618-allpro-microfiber-roller-refill-15mm.png?raw=true,Image Added,,,,,,,,,,,,,,,269ac3f124a73bf1621e9b112ef51ce3dd39cce64e11de54f301836cc43b5f83,97ce4c9fa239d40ed57b9cf7b89a14c5ca1ad658424cb5d9d12d3924386f284c
simple,"Pintar Foam Roller Refill 9 1/2""",618,PI-000000619,,"Pintar Foam Roller Refill 9 1/2"" is a paint-roller cover or refill for applying compatible coatings; its stated fabric, width and nap help determine finish texture, loading and surface reach. Choose the listed size for the surface and coating, then clean or dispose of the applicator according to current product guidance.",,Painting Tools & Accessories > Tools,"paint roller cover, paint roller refill, paint applicator, painting tool, foam roller cover",Pintar,PIN02-S,https://raw.githubusercontent.com/kinggoff/NewSteelesImages/main/review-images/PI-000000619-pintar-foam-roller-refill-9-5in.png?raw=true,Image Added,,,,,,,,,,,,,,,1bf11713b4357b9a2cacd59763915d9a72023d09043571859bfaec0ece8d4fa6,b13db7cc20a1b85ba43033424033fcf570a188acd1f47c8fe69815ddaa22075a
simple,Pintar Mini Cage Roller Frame,619,PI-000000620,,"Pintar Mini Cage Roller Frame is a reusable roller frame or handle for mounting a compatible cover and applying paint to the intended surface area. It is intended to give the applicator practical control over loading, placement and finish on the matching surface area. Choose the listed size for the surface and coating, then clean or dispose of the applicator according to current product guidance.",,Painting Tools & Accessories > Tools,"paint roller frame, roller handle, paint applicator, painting tool",Pintar,PIN02-S,https://raw.githubusercontent.com/kinggoff/NewSteelesImages/main/review-images/PI-000000620-pintar-mini-cage-roller-frame.png?raw=true,Images for Review,,,,,Variants,"3"" | 4""",1,1,,,,,,,43315c5c2236b78d9327d0f47a113528c6eac322cc106bc078e1686c53069c88,4d572a70aadbcd526c8a2975ec6fd05fec3cd7caa97eab393eeff5679fa40f85
simple,Pintar High-Pile Roller Refill,620,PI-000000621,,"Pintar High-Pile Roller Refill is a paint-roller cover or refill for applying compatible coatings; its stated fabric, width and nap help determine finish texture, loading and surface reach. Choose the listed size for the surface and coating, then clean or dispose of the applicator according to current product guidance.",,Painting Tools & Accessories > Tools,"paint roller cover, paint roller refill, paint applicator, painting tool",Pintar,PIN02-S,https://raw.githubusercontent.com/kinggoff/NewSteelesImages/main/review-images/PI-000000605-pintar-lint-free-roller-refill.png?raw=true,Images for Review,,,,,Variants,"3"" | 4""",1,1,,,,,,,49a244c351fde788dbb6ffe990f31b25ae6e5335963e0b7c81d6ee6f53838651,145f2f5496ff2b0a0811ae8143b739fa286240de0906582f8356b9e2cb538121
simple,"Pintar Stain & Paint Brush 4""",621,PI-000000622,,"Pintar Stain & Paint Brush 4"" is a purpose-shaped brush for controlled application of compatible paint, stain or decorative coating; its filament style and profile suit the task named in the product. Choose the listed size for the surface and coating, then clean or dispose of the applicator according to current product guidance.",,Painting Tools & Accessories > Tools,"paint brush, paint applicator, painting tool, bristle brush",Pintar,PIN02-S,https://raw.githubusercontent.com/kinggoff/NewSteelesImages/main/review-images/PI-000000622-pintar-stain-paint-brush-4in.png?raw=true,Image Added,,,,,,,,,,,,,,,20d8610857d681aeb48e9cbf6099ca995940eb47ac2b6b63e0a516d4c0a49edb,28c446f7a03d244969bbc995a2d539a2e8d7c57875de4ffd377484f21de63bcc
simple,"Pintar Stain Brush 3""",622,PI-000000623,,"Pintar Stain Brush 3"" is a purpose-shaped brush for controlled application of compatible paint, stain or decorative coating; its filament style and profile suit the task named in the product. Choose the listed size for the surface and coating, then clean or dispose of the applicator according to current product guidance.",,Painting Tools & Accessories > Tools,"stain brush, wood finish applicator, paint brush, painting tool",Pintar,PIN02-S,https://raw.githubusercontent.com/kinggoff/NewSteelesImages/main/review-images/PI-000000623-pintar-stain-brush-3in.png?raw=true,Image Added,,,,,,,,,,,,,,,9ae10aba748803430f84fa484a2a6a5313d37cabc39ef4d002a4f72b31a38b05,02b294eaa74b879a0c69a06ff8a2f0f8717c35eb2cba4a32c1abe3373cccfed4
simple,Metal Tray,623,PI-000000624,,"Metal Tray from Pintar is a paint tray or tray set for loading rollers and holding a practical working quantity of coating during application. Selection should be based on the specific task, material, working conditions and compatible products in the complete system. Choose the listed size for the surface and coating, then clean or dispose of the applicator according to current product guidance.",,Painting Tools & Accessories > Tools,"paint tray, paint container, painting accessory, paint roller tray",Pintar,PIN02-S,https://raw.githubusercontent.com/kinggoff/NewSteelesImages/main/review-images/PI-000000613-pintar-4l-jumbo-metal-tray.png?raw=true,Images for Review,,,,,,,,,,,,,,,c47cac95601ebbbe24872c2d1fb6775ab4c14c7e11104075bc2648d8c6d5489f,53dd4eb232299a01bff4250831f5443726cbe000242f04930478a24f452e5d82
simple,Jumbo Refill,624,PI-000000625,,"Jumbo Refill from Pintar is a paint-roller cover or refill for applying compatible coatings; its stated fabric, width and nap help determine finish texture, loading and surface reach. Review the listed format and current manufacturer instructions to confirm compatibility, safe use, cleaning and storage for the intended job.",,Painting Tools & Accessories > Tools,"paint roller cover, paint roller refill, paint applicator, painting tool",Pintar,PIN02-S,https://raw.githubusercontent.com/kinggoff/NewSteelesImages/main/review-images/PI-000000625-jumbo-roller-refill.png?raw=true,Images for Review,,,,,,,,,,,,,,,09bff4e11ab408398f5879c511bb325cd99ca4565fe5f109fcffc4b31f1633f0,048d3aabac7ec4e9d9845a890ac9850e8315fd987294a396ff2517a5aa41d83f
simple,"Polytarp Lightweight Plastic Sheeting 20' x 100' (2,000 sq ft)",625,POL-000000626,,"Polytarp Lightweight Plastic Sheeting 20' x 100' (2,000 sq ft) is a temporary surface-protection material for covering floors, furniture or adjacent areas against dust, drips and ordinary painting debris. Lay it over a clean, dry area, secure the edges safely, and confirm that any adhesive or film suits the underlying finish.",,Painting Tools & Accessories > Tools,"drop cloth, surface protection, painting cover, painting accessory",Polytarp,POL02,https://raw.githubusercontent.com/kinggoff/NewSteelesImages/main/review-images/POL-000000628-polytarp-lightweight-plastic-500sqft.png?raw=true,Images for Review,,,,,,,,,,,,,,,bcc552d8c747adb9cd1ec274fd63a38526d45c84ffa7730769da414aa0add68b,dcb48e646170a607a1da879045ee5ff571539c57847235669f7c447ea510d2df
simple,1500 Sq.Ft Plastic Economy,626,POL-000000627,,"1500 Sq.Ft Plastic Economy from Polytarp is a temporary surface-protection material for covering floors, furniture or adjacent areas against dust, drips and ordinary painting debris. Lay it over a clean, dry area, secure the edges safely, and confirm that any adhesive or film suits the underlying finish.",,Painting Tools & Accessories > Tools,"drop cloth, surface protection, painting cover, painting accessory",Polytarp,POL02,https://raw.githubusercontent.com/kinggoff/NewSteelesImages/main/review-images/POL-000000627-polytarp-plastic-economy-1500sqft.png?raw=true,Image Added,,,,,,,,,,,,,,,e685a99218cb9e5c7660871c58122dbd9148f2dd61bb5bc7a35992e3cb0326c3,f228663f4264a1295fe5812f3389cc7e3f901ba9faa121b23082e19270c84086
simple,Light Weight Plastic 500 Sq Ft,627,POL-000000628,,"Light Weight Plastic 500 Sq Ft from Polytarp is a temporary surface-protection material for covering floors, furniture or adjacent areas against dust, drips and ordinary painting debris. Lay it over a clean, dry area, secure the edges safely, and confirm that any adhesive or film suits the underlying finish.",,Painting Tools & Accessories > Tools,"drop cloth, surface protection, painting cover, painting accessory",Polytarp,POL02,https://raw.githubusercontent.com/kinggoff/NewSteelesImages/main/review-images/POL-000000628-polytarp-lightweight-plastic-500sqft.png?raw=true,Image Added,,,,,,,,,,,,,,,3d81442a7ccb2ac9f259a34139250aa9e5523423517565572f7b94084ce1684a,b72872e9df46bebc86f03c7475225483127d26fb169174aa6edd0d5fb8c7612f
simple,ProDec Titan Roller Frame,628,PRO-000000629,,"ProDec Titan Roller Frame is a reusable roller frame or handle for mounting a compatible cover and applying paint to the intended surface area. It is intended to give the applicator practical control over loading, placement and finish on the matching surface area. Choose the listed size for the surface and coating, then clean or dispose of the applicator according to current product guidance.",,Painting Tools & Accessories > Tools,"paint roller frame, roller handle, paint applicator, painting tool",ProDec,CANPRO,https://raw.githubusercontent.com/kinggoff/NewSteelesImages/main/review-images/42-pro-000000629-prodec-titan-roller-frame.png?raw=true,Image Added,,,,,,,,,,,,,,,b9c49a83fa8af3d3b3d3caf3d21250977cecb589324d83e49d4709aa70d36b94,73401a980a7f2e94f24879b8d2a485108c25e295692465c90fa67c4ab375239a
simple,ProDec Mini Roller Frame,629,PRO-000000630,,"ProDec Mini Roller Frame is a reusable roller frame or handle for mounting a compatible cover and applying paint to the intended surface area. It is intended to give the applicator practical control over loading, placement and finish on the matching surface area. Choose the listed size for the surface and coating, then clean or dispose of the applicator according to current product guidance.",,Painting Tools & Accessories > Tools,"paint roller frame, roller handle, paint applicator, painting tool",ProDec,CANPRO,https://raw.githubusercontent.com/kinggoff/NewSteelesImages/main/review-images/PRO-000000630-prodec-mini-roller-frame.png?raw=true,Image Added,,,,,,,,,,,,,,,e6af2e1a3fd78622412a96e0366999f4b18c0e749d48cccfd056273f7b372aab,4dafb02a794cff3e571ab634a81a78098ec591f855edd70504616819ee1f8fd1
simple,"ProDec Ice Fusion 2 1/2"" Cutting-In Brush",630,PRO-000000631,,"ProDec Ice Fusion 2 1/2"" Cutting-In Brush is a purpose-shaped brush for controlled application of compatible paint, stain or decorative coating; its filament style and profile suit the task named in the product. Choose the listed size for the surface and coating, then clean or dispose of the applicator according to current product guidance.",,Painting Tools & Accessories > Tools,"angled paint brush, sash brush, paint applicator, painting tool",ProDec,CANPRO,https://raw.githubusercontent.com/kinggoff/NewSteelesImages/main/review-images/PRO-000000631-prodec-ice-fusion-cutting-in-brush-2-5in.png?raw=true,Images for Review,,,,,,,,,,,,,,,0a33192c9d7b575927c14acc23aa3ed6dcdc3239a785599709b84a7efdd0ea13,4782ccfdcac38557d0f3c4ea8ebe87a8a815dcd6ead896341fdf61cd0a9b7676
simple,"ProDec Ice Fusion 2 1/2"" Angle Oval Brush",631,PRO-000000632,,"ProDec Ice Fusion 2 1/2"" Angle Oval Brush is a paint or decorative-finish brush whose stated shape, filament and size are intended to provide control for the named application. Choose the listed size for the surface and coating, then clean or dispose of the applicator according to current product guidance.",,Painting Tools & Accessories > Tools,"oval paint brush, paint applicator, paint brush, painting tool",ProDec,CANPRO,https://raw.githubusercontent.com/kinggoff/NewSteelesImages/main/review-images/PRO-000000632-prodec-ice-fusion-angle-oval-brush.png?raw=true,Images for Review,,,,,,,,,,,,,,,13d29137f71e3566248b150610ad90e357f2f81ec4bf258033c386427b5cf7e5,4ca2424750ed766947e01c46d8eb28b07c855d7e5035ada698e56f29a2558c95
simple,ProDec Ice Fusion Roller Cover,632,PRO-000000633,,"ProDec Ice Fusion Roller Cover is a paint-roller cover or refill for applying compatible coatings; its stated fabric, width and nap help determine finish texture, loading and surface reach. Choose the listed size for the surface and coating, then clean or dispose of the applicator according to current product guidance.",,Painting Tools & Accessories > Tools,"paint roller cover, paint roller refill, paint applicator, painting tool",ProDec,CANPRO,https://raw.githubusercontent.com/kinggoff/NewSteelesImages/main/review-images/43-pro-000000633-prodec-ice-fusion-roller-cover.png?raw=true,Image Added,,,,,,,,,,,,,,,764d31c718afd1f08f9c0825faa7d8e3cb737d46d670b2af3202e5e04e262009,56240381e45dcfb77d538235db4a9641eeae5aa84510b3f36cca3ffb944511f8
simple,ProDec Sabre Pole,633,PRO-000000634,,"ProDec Sabre Pole is an extension pole for increasing the reach of compatible rollers, sanding heads or other threaded painting tools. Selection should be based on the specific task, material, working conditions and compatible products in the complete system. Choose the listed size for the surface and coating, then clean or dispose of the applicator according to current product guidance.",,Painting Tools & Accessories > Tools,"paint roller extension pole, telescoping pole, paint applicator accessory, painting tool",ProDec,CANPRO,https://raw.githubusercontent.com/kinggoff/NewSteelesImages/main/review-images/PRO-000000634-prodec-saber-extension-pole.png?raw=true,Images for Review,,,,,,,,,,,,,,,25b274ab41718afb834cb288500580d90c82e7681449efb70a65599de759b7dd,626161f1d9a3a655c41dfa685f47003d0b83dcc37178dd1c012fd2ccaea6ff8d
simple,Waterbased Varnish Zero Gloss Texturelin,634,PRO-000000635,,"Waterbased Varnish Zero Gloss Texturelin from ProTek is a clear or translucent finish for building the sheen and protection appropriate to the compatible surface and coating system. Confirm preparation, compatibility, application, coverage and recoat requirements in the current label or technical data sheet.",,Specialty & Decorative Products > Textureline,"water-based varnish, matte clear coat, decorative plaster topcoat, protective wall finish",ProTek,PROTEK,https://raw.githubusercontent.com/kinggoff/NewSteelesImages/main/review-images/PRO-000000635-waterbased-varnish-zero-gloss.png?raw=true,Images for Review,,,,,,,,,ProTek Zero Gloss Varnish=https://raw.githubusercontent.com/kinggoff/NewSteelesImages/main/PDFs/SDS/protek-ProTek-Zero-Gloss-Varnish-SDS.pdf?raw=true,ProTek Zero Gloss Varnish=https://raw.githubusercontent.com/kinggoff/NewSteelesImages/main/PDFs/TDS/protek-ProTek-Zero-Gloss-Varnish-Application-TDS.pdf?raw=true,ProTek Zero Gloss Varnish=https://raw.githubusercontent.com/kinggoff/NewSteelesImages/main/PDFs/SDS/protek-ProTek-Zero-Gloss-Varnish-SDS.pdf?raw=true,,ProTek Zero Gloss Varnish=https://raw.githubusercontent.com/kinggoff/NewSteelesImages/main/PDFs/TDS/protek-ProTek-Zero-Gloss-Varnish-Application-TDS.pdf?raw=true,,f067b7278b2b6f809ca31f13f1111fcb5cb5ccc29c847d60a179ba4a2b21e7de,fa7de4bcb6aad741682101f155ab0a551c7b60f63d98f0baa6ddbba37b77d07b
simple,Textureline Flat Wax,635,TEX-000000636,,"Textureline Flat Wax is a decorative plaster, coating or system component for creating the texture and appearance identified in the product name on a properly prepared surface. Confirm preparation, compatibility, application, coverage and recoat requirements in the current label or technical data sheet.",,Specialty & Decorative Products > Textureline,"decorative plaster wax, protective wax finish, wall finish sealer, decorative finishing product",Textureline,PROTEK,https://raw.githubusercontent.com/kinggoff/NewSteelesImages/main/review-images/TEX-000000636-textureline-flat-wax.png?raw=true,Image Added,,,,,,,,,ProTek Texturtop Flat Wax Topcoat=https://raw.githubusercontent.com/kinggoff/NewSteelesImages/main/PDFs/SDS/textureline-ProTek-Texturtop-Flat-Wax-Topcoat-SDS.pdf?raw=true,ProTek Flat Wax - Acrylic Venetian Plaster System=https://raw.githubusercontent.com/kinggoff/NewSteelesImages/main/PDFs/TDS/textureline-ProTek-Acrylic-Venetian-Plaster-System-TDS.pdf?raw=true,ProTek Texturtop Flat Wax Topcoat=https://raw.githubusercontent.com/kinggoff/NewSteelesImages/main/PDFs/SDS/textureline-ProTek-Texturtop-Flat-Wax-Topcoat-SDS.pdf?raw=true,,ProTek Flat Wax - Acrylic Venetian Plaster System=https://raw.githubusercontent.com/kinggoff/NewSteelesImages/main/PDFs/TDS/textureline-ProTek-Acrylic-Venetian-Plaster-System-TDS.pdf?raw=true,,ecdcfd18c79faf86c5c2118425925ca6717623e1e8032522473d334d2d81db68,d5705e907ec544de852ecadcacc7e3f73311abe2e5aa4be7e4449557b761f02d
simple,Textureline Venetian Pastel Basecoat,636,TEX-000000637,,"Textureline Venetian Pastel Basecoat is a decorative plaster, coating or system component for creating the texture and appearance identified in the product name on a properly prepared surface. Confirm preparation, compatibility, application, coverage and recoat requirements in the current label or technical data sheet.",,Specialty & Decorative Products > Textureline,"decorative basecoat, plaster basecoat, tinted basecoat, interior wall coating",Textureline,PROTEK,https://raw.githubusercontent.com/kinggoff/NewSteelesImages/main/review-images/TEX-000000637-textureline-venetian-pastel-basecoat.png?raw=true,Images for Review,,,,,,,,,ProTek Texturbase White=https://raw.githubusercontent.com/kinggoff/NewSteelesImages/main/PDFs/SDS/textureline-ProTek-Texturbase-White-SDS.pdf?raw=true|ProTek Texturbase Neutral=https://raw.githubusercontent.com/kinggoff/NewSteelesImages/main/PDFs/SDS/textureline-ProTek-Texturbase-Neutral-SDS.pdf?raw=true,ProTek Acrylic Venetian Plaster=https://raw.githubusercontent.com/kinggoff/NewSteelesImages/main/PDFs/TDS/textureline-ProTek-Acrylic-Venetian-Plaster-System-TDS.pdf?raw=true,ProTek Texturbase White=https://raw.githubusercontent.com/kinggoff/NewSteelesImages/main/PDFs/SDS/textureline-ProTek-Texturbase-White-SDS.pdf?raw=true|ProTek Texturbase Neutral=https://raw.githubusercontent.com/kinggoff/NewSteelesImages/main/PDFs/SDS/textureline-ProTek-Texturbase-Neutral-SDS.pdf?raw=true,,ProTek Acrylic Venetian Plaster=https://raw.githubusercontent.com/kinggoff/NewSteelesImages/main/PDFs/TDS/textureline-ProTek-Acrylic-Venetian-Plaster-System-TDS.pdf?raw=true,,edd5c2a241370e1e0d5b3f6cbe8d4bf7d63cb30048c298b1ea31b723c4bb19f1,f9e8a3163a631f576e25b7458395afcb69979eba8e6f1ba0916f66ab1eb3d43b
simple,Textureline Metaltech Silver Base,637,TEX-000000638,,"Textureline Metaltech Silver Base is a decorative plaster, coating or system component for creating the texture and appearance identified in the product name on a properly prepared surface. Confirm preparation, compatibility, application, coverage and recoat requirements in the current label or technical data sheet.",,Specialty & Decorative Products > Textureline,"metallic plaster base, decorative wall coating, metallic effect finish, interior wall finish",Textureline,PROTEK,https://raw.githubusercontent.com/kinggoff/NewSteelesImages/main/review-images/TEX-000000638-textureline-metaltech-base.png?raw=true,Images for Review,,,,,,,,,ProTek Metaltech Silver T-27301 to T-27304=https://raw.githubusercontent.com/kinggoff/NewSteelesImages/main/PDFs/SDS/textureline-ProTek-Metaltech-Silver-SDS.pdf?raw=true,ProTek Metaltech Metallic=https://raw.githubusercontent.com/kinggoff/NewSteelesImages/main/PDFs/TDS/textureline-ProTek-Metaltech-Metallic-TDS.pdf?raw=true,ProTek Metaltech Silver T-27301 to T-27304=https://raw.githubusercontent.com/kinggoff/NewSteelesImages/main/PDFs/SDS/textureline-ProTek-Metaltech-Silver-SDS.pdf?raw=true,,ProTek Metaltech Metallic=https://raw.githubusercontent.com/kinggoff/NewSteelesImages/main/PDFs/TDS/textureline-ProTek-Metaltech-Metallic-TDS.pdf?raw=true,,0f047df71beae9eb3eabe63833f4725433e4af29b083ed2a3a9c354d62b0bd20,2f87b75ac2300a79fa07bb42c59fb098302f01b7af536f6ac24f0183ef1a5c32
simple,Textureline Metaltech Pearl Base,638,TEX-000000639,,"Textureline Metaltech Pearl Base is a decorative plaster, coating or system component for creating the texture and appearance identified in the product name on a properly prepared surface. Confirm preparation, compatibility, application, coverage and recoat requirements in the current label or technical data sheet.",,Specialty & Decorative Products > Textureline,"metallic plaster base, decorative wall coating, metallic effect finish, interior wall finish",Textureline,PROTEK,https://raw.githubusercontent.com/kinggoff/NewSteelesImages/main/review-images/TEX-000000638-textureline-metaltech-base.png?raw=true,Images for Review,,,,,,,,,ProTek Metaltech Pearl T-27001 to T-27004=https://raw.githubusercontent.com/kinggoff/NewSteelesImages/main/PDFs/SDS/textureline-ProTek-Metaltech-Pearl-SDS.pdf?raw=true,ProTek Metaltech Metallic=https://raw.githubusercontent.com/kinggoff/NewSteelesImages/main/PDFs/TDS/textureline-ProTek-Metaltech-Metallic-TDS.pdf?raw=true,ProTek Metaltech Pearl T-27001 to T-27004=https://raw.githubusercontent.com/kinggoff/NewSteelesImages/main/PDFs/SDS/textureline-ProTek-Metaltech-Pearl-SDS.pdf?raw=true,,ProTek Metaltech Metallic=https://raw.githubusercontent.com/kinggoff/NewSteelesImages/main/PDFs/TDS/textureline-ProTek-Metaltech-Metallic-TDS.pdf?raw=true,,0f047df71beae9eb3eabe63833f4725433e4af29b083ed2a3a9c354d62b0bd20,c8a47c27e7d30c5c59c58b01df583fc1b9cb95f608cf2358ecc645cbda0e0b93
simple,Textureline Metaltech Gold Base,639,TEX-000000640,,"Textureline Metaltech Gold Base is a decorative plaster, coating or system component for creating the texture and appearance identified in the product name on a properly prepared surface. Confirm preparation, compatibility, application, coverage and recoat requirements in the current label or technical data sheet.",,Specialty & Decorative Products > Textureline,"metallic plaster base, decorative wall coating, metallic effect finish, interior wall finish",Textureline,PROTEK,https://raw.githubusercontent.com/kinggoff/NewSteelesImages/main/review-images/TEX-000000638-textureline-metaltech-base.png?raw=true,Images for Review,,,,,,,,,ProTek Metaltech Gold T-27251 to T-27254=https://raw.githubusercontent.com/kinggoff/NewSteelesImages/main/PDFs/SDS/textureline-ProTek-Metaltech-Gold-SDS.pdf?raw=true,ProTek Metaltech Metallic=https://raw.githubusercontent.com/kinggoff/NewSteelesImages/main/PDFs/TDS/textureline-ProTek-Metaltech-Metallic-TDS.pdf?raw=true,ProTek Metaltech Gold T-27251 to T-27254=https://raw.githubusercontent.com/kinggoff/NewSteelesImages/main/PDFs/SDS/textureline-ProTek-Metaltech-Gold-SDS.pdf?raw=true,,ProTek Metaltech Metallic=https://raw.githubusercontent.com/kinggoff/NewSteelesImages/main/PDFs/TDS/textureline-ProTek-Metaltech-Metallic-TDS.pdf?raw=true,,0f047df71beae9eb3eabe63833f4725433e4af29b083ed2a3a9c354d62b0bd20,a61863c3678fda694017542d043a7c542b1c271c86e312422a0b672d21688c0b
simple,Textureline Marmorino Classic,640,TEX-000000641,,"Textureline Marmorino Classic is a decorative plaster, coating or system component for creating the texture and appearance identified in the product name on a properly prepared surface. Confirm preparation, compatibility, application, coverage and recoat requirements in the current label or technical data sheet.",,Specialty & Decorative Products > Textureline,"venetian plaster, lime plaster, decorative plaster, interior wall finish, textured wall finish, interior wall coating, specialty finish",Textureline,PROTEK,https://raw.githubusercontent.com/kinggoff/NewSteelesImages/main/review-images/TEX-000000641-textureline-marmorino-classic.png?raw=true,Images for Review,,,,,,,,,ProTek Marmorino Classico=https://raw.githubusercontent.com/kinggoff/NewSteelesImages/main/PDFs/SDS/textureline-ProTek-Marmorino-Classico-SDS.pdf?raw=true,ProTek Marmorino Classico Venetian Plaster=https://raw.githubusercontent.com/kinggoff/NewSteelesImages/main/PDFs/TDS/textureline-ProTek-Marmorino-Classico-Venetian-Plaster-TDS.pdf?raw=true,ProTek Marmorino Classico=https://raw.githubusercontent.com/kinggoff/NewSteelesImages/main/PDFs/SDS/textureline-ProTek-Marmorino-Classico-SDS.pdf?raw=true,,ProTek Marmorino Classico Venetian Plaster=https://raw.githubusercontent.com/kinggoff/NewSteelesImages/main/PDFs/TDS/textureline-ProTek-Marmorino-Classico-Venetian-Plaster-TDS.pdf?raw=true,,eabf551fce469161c8ffbfa1395e0cdd51cb94f06f3b774ffe32b32bfdb44cc9,0fba5ff64a6214a8739ea5491f656c7b2460d8507e0efbe5b3517c66e8bab14c
simple,Textureline Carolina Sandstone,641,TEX-000000642,,"Textureline Carolina Sandstone is a decorative plaster, coating or system component for creating the texture and appearance identified in the product name on a properly prepared surface. Confirm preparation, compatibility, application, coverage and recoat requirements in the current label or technical data sheet.",,Specialty & Decorative Products > Textureline,"textured wall coating, sandstone finish, decorative plaster, interior wall finish",Textureline,PROTEK,https://raw.githubusercontent.com/kinggoff/NewSteelesImages/main/review-images/TEX-000000642-textureline-carolina-sandstone.png?raw=true,Images for Review,,,,,,,,,ProTek Carolina Sandstone Spatula=https://raw.githubusercontent.com/kinggoff/NewSteelesImages/main/PDFs/SDS/textureline-ProTek-Carolina-Sandstone-SDS.pdf?raw=true,ProTek Carolina Sandstone Acrylic Plaster=https://raw.githubusercontent.com/kinggoff/NewSteelesImages/main/PDFs/TDS/textureline-ProTek-Carolina-Sandstone-Acrylic-Plaster-TDS.pdf?raw=true,ProTek Carolina Sandstone Spatula=https://raw.githubusercontent.com/kinggoff/NewSteelesImages/main/PDFs/SDS/textureline-ProTek-Carolina-Sandstone-SDS.pdf?raw=true,,ProTek Carolina Sandstone Acrylic Plaster=https://raw.githubusercontent.com/kinggoff/NewSteelesImages/main/PDFs/TDS/textureline-ProTek-Carolina-Sandstone-Acrylic-Plaster-TDS.pdf?raw=true,,51e54fea9ba2aaeb20c147401441737fb9ffd3777f1772aa1730e1528dcacd10,721f15169f4e4bf60d71d3a62db9cdfe9f65b94c8eed20186df89c3067c83369
simple,Textureline Burnishing Wax Gallon,642,TEX-000000643,,"Textureline Burnishing Wax Gallon is a decorative plaster, coating or system component for creating the texture and appearance identified in the product name on a properly prepared surface. Confirm preparation, compatibility, application, coverage and recoat requirements in the current label or technical data sheet.",,Specialty & Decorative Products > Textureline,"decorative plaster wax, protective wax finish, wall finish sealer, decorative finishing product",Textureline,PROTEK,https://raw.githubusercontent.com/kinggoff/NewSteelesImages/main/review-images/TEX-000000643-textureline-burnishing-wax.png?raw=true,Image Added,,,,,,,,,,ProTek Burnishing Wax - Acrylic Venetian Plaster System=https://raw.githubusercontent.com/kinggoff/NewSteelesImages/main/PDFs/TDS/textureline-ProTek-Acrylic-Venetian-Plaster-System-TDS.pdf?raw=true,,,ProTek Burnishing Wax - Acrylic Venetian Plaster System=https://raw.githubusercontent.com/kinggoff/NewSteelesImages/main/PDFs/TDS/textureline-ProTek-Acrylic-Venetian-Plaster-System-TDS.pdf?raw=true,,87ea8d49e85a9f133ea445f87b5946e7ab1d126eaed780d87ddd9c7108f3c433,9a2d8817443e635c40ec79fdc9a140db27a6df6d0454d25045aab846814ede3d
simple,Texturebase Coat Pastel Base,643,PRO-000000644,,"Texturebase Coat Pastel Base from ProTek is a decorative plaster, coating or system component for creating the texture and appearance identified in the product name on a properly prepared surface. Confirm preparation, compatibility, application, coverage and recoat requirements in the current label or technical data sheet.",,Specialty & Decorative Products > Textureline,"decorative basecoat, plaster basecoat, tinted basecoat, interior wall coating",ProTek,PROTEK,https://raw.githubusercontent.com/kinggoff/NewSteelesImages/main/review-images/TEX-000000637-textureline-venetian-pastel-basecoat.png?raw=true,Images for Review,,,,,,,,,ProTek Texturbase White=https://raw.githubusercontent.com/kinggoff/NewSteelesImages/main/PDFs/SDS/textureline-ProTek-Texturbase-White-SDS.pdf?raw=true|ProTek Texturbase Neutral=https://raw.githubusercontent.com/kinggoff/NewSteelesImages/main/PDFs/SDS/textureline-ProTek-Texturbase-Neutral-SDS.pdf?raw=true,ProTek Acrylic Venetian Plaster=https://raw.githubusercontent.com/kinggoff/NewSteelesImages/main/PDFs/TDS/textureline-ProTek-Acrylic-Venetian-Plaster-System-TDS.pdf?raw=true,ProTek Texturbase White=https://raw.githubusercontent.com/kinggoff/NewSteelesImages/main/PDFs/SDS/textureline-ProTek-Texturbase-White-SDS.pdf?raw=true|ProTek Texturbase Neutral=https://raw.githubusercontent.com/kinggoff/NewSteelesImages/main/PDFs/SDS/textureline-ProTek-Texturbase-Neutral-SDS.pdf?raw=true,,ProTek Acrylic Venetian Plaster=https://raw.githubusercontent.com/kinggoff/NewSteelesImages/main/PDFs/TDS/textureline-ProTek-Acrylic-Venetian-Plaster-System-TDS.pdf?raw=true,,edd5c2a241370e1e0d5b3f6cbe8d4bf7d63cb30048c298b1ea31b723c4bb19f1,27225c224be8bd0a15838563a17038f4df2f9dabbdeb828673754026ce270030
simple,Sheffield Red Hot Aluminum Gal,644,PRO-000000645,,"Sheffield Red Hot Aluminum Gal from ProTek is a coating formulated for the interior, exterior, specialty or industrial use indicated by its product name and category. Confirm preparation, compatibility, application, coverage and recoat requirements in the current label or technical data sheet. Confirm the exact item and package before ordering.",,Paints > Specialty Paints,"heat-resistant paint, aluminum paint, metallic coating, high-temperature coating",ProTek,PROTEK,https://raw.githubusercontent.com/kinggoff/NewSteelesImages/main/review-images/PRO-000000645-sheffield-red-hot-aluminum.png?raw=true,Images for Review,,,,,,,,,,,,,,,57cbcd11a9a49f579273785ef8d01833aba9d58c6e137b151ae04adc355a9204,1aec89c019a80ef3f02c594b797615d9e2799bb3a8b3d3368bf762c4c9372cf1
simple,Marmorino Classic Venetian Plaster,645,PRO-000000646,,"Marmorino Classic Venetian Plaster from ProTek is a decorative plaster, coating or system component for creating the texture and appearance identified in the product name on a properly prepared surface. Apply to a clean, sound surface and follow the label for mixing, layer depth, drying or cure, sanding and topcoating.",,Specialty & Decorative Products > Textureline,"venetian plaster, lime plaster, decorative plaster, interior wall finish, textured wall finish, interior wall coating, specialty finish",ProTek,PROTEK,https://raw.githubusercontent.com/kinggoff/NewSteelesImages/main/review-images/TEX-000000641-textureline-marmorino-classic.png?raw=true,Images for Review,,,,,,,,,ProTek Marmorino Classico=https://raw.githubusercontent.com/kinggoff/NewSteelesImages/main/PDFs/SDS/textureline-ProTek-Marmorino-Classico-SDS.pdf?raw=true,ProTek Marmorino Classico Venetian Plaster=https://raw.githubusercontent.com/kinggoff/NewSteelesImages/main/PDFs/TDS/textureline-ProTek-Marmorino-Classico-Venetian-Plaster-TDS.pdf?raw=true,ProTek Marmorino Classico=https://raw.githubusercontent.com/kinggoff/NewSteelesImages/main/PDFs/SDS/textureline-ProTek-Marmorino-Classico-SDS.pdf?raw=true,,ProTek Marmorino Classico Venetian Plaster=https://raw.githubusercontent.com/kinggoff/NewSteelesImages/main/PDFs/TDS/textureline-ProTek-Marmorino-Classico-Venetian-Plaster-TDS.pdf?raw=true,,eabf551fce469161c8ffbfa1395e0cdd51cb94f06f3b774ffe32b32bfdb44cc9,2862cd67561153b4d778a6f2ab641d08e0b764d2a28453db88c22c750d24e43f
simple,Stucco Veneziano Scraper,646,PRO-000000647,,"Stucco Veneziano Scraper from ProTek is a hand scraper for removing loose paint, adhesive residue, coatings or surface buildup during preparation and cleanup. Match it to the surface, work progressively, and use suitable eye, hand and respiratory protection for the material being removed. Confirm the exact item and package before ordering.",,Painting Tools & Accessories > Tools,"decorative finish scraper, venetian plaster tool, surface texture tool, finishing hand tool",ProTek,PROTEK,https://raw.githubusercontent.com/kinggoff/NewSteelesImages/main/review-images/PRO-000000647-stucco-veneziano-scraper.png?raw=true,Images for Review,,,,,,,,,,,,,,,acd22ae1e1c2060ef13d45abf72157c79ab66afe7c06258b24f3200b36059f47,46114bb40e4fef600c03e582e211ce545b3986b6543873c7d6555934e757882d
simple,Come Bianko Classic Trowel 240X80,647,PRO-000000648,,"Come Bianko Classic Trowel 240X80 from ProTek is a finishing trowel for applying and burnishing compatible Venetian plaster, microcement or decorative coating materials. Confirm preparation, compatibility, application, coverage and recoat requirements in the current label or technical data sheet. Confirm the exact item and package before ordering.",,Specialty & Decorative Products > Textureline,"venetian plaster trowel, finishing trowel, plastering tool, decorative finishing tool",ProTek,PROTEK,https://raw.githubusercontent.com/kinggoff/NewSteelesImages/main/review-images/PRO-000000648-come-bianko-trowel.png?raw=true,Images for Review,,,,,,,,,,,,,,,cc77eff40caa1fd6874ed7f6add3bc0e91b4788b60a510c870a868ef5085020b,18cbbecb06f5b244a8c8ee13a6013c24de0a0d5061a285474ce0c2afcd689f0e
simple,Come 310Lu Trowel 240X100,648,PRO-000000649,,"Come 310Lu Trowel 240X100 from ProTek is a finishing trowel for applying and burnishing compatible Venetian plaster, microcement or decorative coating materials. Confirm preparation, compatibility, application, coverage and recoat requirements in the current label or technical data sheet. Confirm the exact item and package before ordering.",,Specialty & Decorative Products > Textureline,"venetian plaster trowel, finishing trowel, plastering tool, decorative finishing tool",ProTek,PROTEK,https://raw.githubusercontent.com/kinggoff/NewSteelesImages/main/review-images/PRO-000000649-come-310lu-trowel.png?raw=true,Image Added,,,,,,,,,,,,,,,6514e2a2a6312cc38c14386f2764ab5aeac0cead910ca05c9d80468aad9f97e3,17f73184a3b099d7eb62ef3cb674179db93471e7f672ebfaa2f574694d309da3
simple,Stucco Antico Applicators,649,PC-000000650,,"Stucco Antico Applicators from PC Products is a decorative plaster, coating or system component for creating the texture and appearance identified in the product name on a properly prepared surface. Choose the listed size for the surface and coating, then clean or dispose of the applicator according to current product guidance.",,Painting Tools & Accessories > Tools,"decorative plaster applicator, plastering tool, finishing applicator, decorative finishing tool",PC Products,PROTEK,https://raw.githubusercontent.com/kinggoff/NewSteelesImages/main/review-images/PC-000000650-stucco-antico-applicators.png?raw=true,Images for Review,,,,,,,,,,,,,,,9246c77a7e159f81fce2969bb1a34c7649af8df747378fca15b359f254452617,6a42dc261205fe5d38e36d7166082eae385be1396311ff366f2c93ae0134c1af
simple,310LI COME WOOD HANDLE 240X100 mm,650,PRO-000000651,,"310LI COME WOOD HANDLE 240X100 mm from ProTek is a wood-handled finishing trowel for applying and burnishing compatible Venetian plaster or decorative coating materials. Confirm preparation, compatibility, application, coverage and recoat requirements in the current label or technical data sheet. Confirm the exact item and package before ordering.",,Specialty & Decorative Products > Textureline,"venetian plaster trowel, finishing trowel, plastering tool, decorative finishing tool",ProTek,PROTEK,https://raw.githubusercontent.com/kinggoff/NewSteelesImages/main/review-images/PRO-000000651-come-310li-trowel.png?raw=true,Image Added,,,,,,,,,,,,,,,6514e2a2a6312cc38c14386f2764ab5aeac0cead910ca05c9d80468aad9f97e3,ade1bb0c71cd72d9565a97ea5701633ea3ab7f4269740c1be155c073250ef5f6
simple,Create A Color Standard Caulk Mixer,651,RD-000000652,,"Create A Color Standard Caulk Mixer from Red Devil is a mixing accessory for blending compatible paint, compound or sealant to a more uniform consistency before application. Match it to the surface, work progressively, and use suitable eye, hand and respiratory protection for the material being removed.",,Painting Tools & Accessories > Tools,"caulk mixer, colour mixing tool, sealant accessory, painting tool",Red Devil,DEVIL,https://raw.githubusercontent.com/kinggoff/NewSteelesImages/main/review-images/RD-000000652-create-a-color-standard-caulk-mixer.png?raw=true,Image Added,,,,,,,,,,,,,,,f64838f1f83d6caa33e104a350e9770ee5ade51eeef77df81a2a855db6a0c0f4,b90c82201f97aee08cecffdbff7eb2f9afe3820d450d961db67834c0253d0d17
simple,Create A Color Pro Caulk Mixer,652,RD-000000653,,"Create A Color Pro Caulk Mixer from Red Devil is a mixing accessory for blending compatible paint, compound or sealant to a more uniform consistency before application. Match it to the surface, work progressively, and use suitable eye, hand and respiratory protection for the material being removed. Confirm the exact item and package before ordering.",,Painting Tools & Accessories > Tools,"caulk mixer, colour mixing tool, sealant accessory, painting tool",Red Devil,DEVIL,https://raw.githubusercontent.com/kinggoff/NewSteelesImages/main/review-images/RD-000000653-create-a-color-pro-caulk-mixer.png?raw=true,Image Added,,,,,,,,,,,,,,,a7fc1c338c4ea0bb166b77e6307ff77b561c5f79c1ef54da9864ed61117da1ac,97a9c549b9ca20b7824cac3c913b75fd57a4efc8862dd229ea892ef249ffa850
simple,Roman Ultra Premium Clear Glue Gallon,653,ROM-000000654,,"Roman Ultra Premium Clear Glue Gallon is a wallcovering preparation, primer, adhesive or removal product for the installation stage identified in the product name. Prepare both surfaces and follow the label for mixing where required, open or working time, assembly, clamping and cure. Confirm the exact item and package before ordering.",,Specialty & Decorative Products > Wallpaper Adhesives,"wallpaper adhesive, wallcovering paste, installation adhesive, interior adhesive",Roman,ROMAN-S,https://raw.githubusercontent.com/kinggoff/NewSteelesImages/main/review-images/ROM-000000654-roman-pro-880-ultra-clear-gallon.png?raw=true,Image Added,,,,,,,,,,,,,,,1be84f39d9c00f7af8f4d1482a64fb90b845f3f8e0e1055ce6e7efd5715e0532,98ecede10baad71df0445b5b7293bbe7134c6d42fa2d8d3b51519647f4ac4a45
simple,Roman RX-35 Drywall Repair Primer,654,ROM-000000655,,"Roman RX-35 Drywall Repair Primer is a preparatory coating for the substrate or problem condition named in the product, helping create a more uniform surface for compatible topcoats. Confirm preparation, compatibility, application, coverage and recoat requirements in the current label or technical data sheet.",,Specialty & Decorative Products > Wallpaper Adhesives,"drywall repair primer, problem-surface sealer, porous-surface primer, wall preparation coating",Roman,ROMAN-S,https://raw.githubusercontent.com/kinggoff/NewSteelesImages/main/review-images/ROM-000000655-roman-pro-999-rx35-primer.png?raw=true,Image Added,,,,,,,,,ROMAN PRO-999 Rx-35 Sealer/Primer=https://raw.githubusercontent.com/kinggoff/NewSteelesImages/main/PDFs/SDS/roman-ROMAN-PRO-999-Rx-35-Sealer-Primer-SDS.pdf?raw=true,ROMAN PRO-999 Rx-35 Sealer/Primer=https://raw.githubusercontent.com/kinggoff/NewSteelesImages/main/PDFs/TDS/roman-ROMAN-PRO-999-Rx-35-Sealer-Primer-TDS.pdf?raw=true,ROMAN PRO-999 Rx-35 Sealer/Primer=https://raw.githubusercontent.com/kinggoff/NewSteelesImages/main/PDFs/SDS/roman-ROMAN-PRO-999-Rx-35-Sealer-Primer-SDS.pdf?raw=true,,ROMAN PRO-999 Rx-35 Sealer/Primer=https://raw.githubusercontent.com/kinggoff/NewSteelesImages/main/PDFs/TDS/roman-ROMAN-PRO-999-Rx-35-Sealer-Primer-TDS.pdf?raw=true,,09660fd2ea93a1ca505be50590f7b88ea39c81f3e43d136695bc76bb29c1a58a,4d0c45d96c82374ab37ae5aaa8439bae29ac51c67e65e821844903bede3982bf
simple,Roman Pro 977 Ultra Prime Pigmented Wall,655,ROM-000000656,,"Roman Pro 977 Ultra Prime Pigmented Wall is a wallcovering preparation, primer, adhesive or removal product for the installation stage identified in the product name. Confirm preparation, compatibility, application, coverage and recoat requirements in the current label or technical data sheet. Confirm the exact item and package before ordering.",,Specialty & Decorative Products > Wallpaper Adhesives,"wallcovering primer, primer sealer, wall preparation coating, interior primer",Roman,ROMAN-S,https://raw.githubusercontent.com/kinggoff/NewSteelesImages/main/review-images/ROM-000000656-roman-pro-977-ultra-prime.png?raw=true,Image Added,,,,,,,,,ROMAN PRO-977 Ultra Prime - Canada English=https://raw.githubusercontent.com/kinggoff/NewSteelesImages/main/PDFs/SDS/roman-ROMAN-PRO-977-Ultra-Prime-CA-EN-SDS.pdf?raw=true,ROMAN PRO-977 Ultra Prime=https://raw.githubusercontent.com/kinggoff/NewSteelesImages/main/PDFs/TDS/roman-ROMAN-PRO-977-Ultra-Prime-TDS.pdf?raw=true,ROMAN PRO-977 Ultra Prime - Canada English=https://raw.githubusercontent.com/kinggoff/NewSteelesImages/main/PDFs/SDS/roman-ROMAN-PRO-977-Ultra-Prime-CA-EN-SDS.pdf?raw=true,,ROMAN PRO-977 Ultra Prime=https://raw.githubusercontent.com/kinggoff/NewSteelesImages/main/PDFs/TDS/roman-ROMAN-PRO-977-Ultra-Prime-TDS.pdf?raw=true,,ac50bf26b0275886019a8df110fe81547ed298558e24432eba370589226e3aa1,13b9f5725698f0c9aa7a925db0b0f41f1ba0a36947277d88019d6b8c95381ca5
simple,Roman H.D. Strippable Clear,656,ROM-000000657,,"Roman H.D. Strippable Clear is a clear, strippable wallcovering adhesive for hanging compatible wallpaper over a properly prepared and primed wall surface. Confirm preparation, compatibility, application, coverage and recoat requirements in the current label or technical data sheet. Confirm the exact item and package before ordering.",,Specialty & Decorative Products > Wallpaper Adhesives,"wallpaper adhesive, wallcovering paste, installation adhesive, interior adhesive",Roman,ROMAN-S,https://raw.githubusercontent.com/kinggoff/NewSteelesImages/main/review-images/ROM-000000657-roman-780-heavy-duty-strippable-clear.png?raw=true,Images for Review,,,,,,,,,,,,,,,44156ae21d33c6ee362dc63997a5b0a239f881ea1a177d34a3ef3e12964dc772,255c537cdf05d9cfc5b3cfdeefccdbcc61533b227ee8173ea343be5d79deef62
simple,Roman Extreme Tack Adhesive,657,ROM-000000658,,"Roman Extreme Tack Adhesive is an adhesive or repair compound for joining compatible materials; bond strength depends on surface preparation, fit, cure and the specific substrates involved. Prepare both surfaces and follow the label for mixing where required, open or working time, assembly, clamping and cure.",,Specialty & Decorative Products > Wallpaper Adhesives,"wallpaper adhesive, wallcovering paste, installation adhesive, interior adhesive",Roman,ROMAN-S,https://raw.githubusercontent.com/kinggoff/NewSteelesImages/main/review-images/ROM-000000658-roman-pro-555-extreme-tack.png?raw=true,Image Added,,,,,,,,,,,,,,,2a560bc4d30e0e236ec56715c82fa71189d2fe3c763603ba03c8e47379c6ae0e,e82bdec1578cd98118a3047c1e04854b9fef91c16ffe13896b872cb2dc36b025
simple,Video Projection Screen Paint White Qt,658,ROS-000000659,,"Video Projection Screen Paint White Qt from Rosco is a coating formulated for the interior, exterior, specialty or industrial use indicated by its product name and category. Confirm preparation, compatibility, application, coverage and recoat requirements in the current label or technical data sheet.",,Paints > Specialty Paints,"scenic paint, projection screen paint, studio coating, specialty paint",Rosco,ROS01-S,https://raw.githubusercontent.com/kinggoff/NewSteelesImages/main/review-images/ROS-000000659-rosco-projection-screen-paint.png?raw=true,Image Added,,,,,,,,,Rosco Video Screen Paint RF7900=https://raw.githubusercontent.com/kinggoff/NewSteelesImages/main/PDFs/SDS/rosco-Rosco-Video-Screen-Paint-RF7900-SDS.pdf?raw=true,,Rosco Video Screen Paint RF7900=https://raw.githubusercontent.com/kinggoff/NewSteelesImages/main/PDFs/SDS/rosco-Rosco-Video-Screen-Paint-RF7900-SDS.pdf?raw=true,,,,97d61d37e50cf69e3e34f2cba0bd65e2d2365319378151635f04824fad6d4746,1b421faa7de96b94dc1d041e59e7ce438c9f512e6894988071506c6b854be1a5
simple,Rosco Video Paint Chroma Key Green,659,ROS-000000660,,"Rosco Video Paint Chroma Key Green is a coating formulated for the interior, exterior, specialty or industrial use indicated by its product name and category. Confirm preparation, compatibility, application, coverage and recoat requirements in the current label or technical data sheet. Confirm the exact item and package before ordering.",,Paints > Specialty Paints,"scenic paint, projection screen paint, studio coating, specialty paint",Rosco,ROS01-S,https://raw.githubusercontent.com/kinggoff/NewSteelesImages/main/review-images/ROS-000000660-rosco-chroma-key-green.png?raw=true,Image Added,,,,,,,,,Rosco Chroma Key Green 5711=https://raw.githubusercontent.com/kinggoff/NewSteelesImages/main/PDFs/SDS/rosco-Rosco-Chroma-Key-Green-5711-SDS.pdf?raw=true,Rosco Chroma Key Paint Application Guide=https://raw.githubusercontent.com/kinggoff/NewSteelesImages/main/PDFs/TDS/rosco-Rosco-Chroma-Key-Paint-Application-Guide-TDS.pdf?raw=true,Rosco Chroma Key Green 5711=https://raw.githubusercontent.com/kinggoff/NewSteelesImages/main/PDFs/SDS/rosco-Rosco-Chroma-Key-Green-5711-SDS.pdf?raw=true,,Rosco Chroma Key Paint Application Guide=https://raw.githubusercontent.com/kinggoff/NewSteelesImages/main/PDFs/TDS/rosco-Rosco-Chroma-Key-Paint-Application-Guide-TDS.pdf?raw=true,,c73625802f5c8830ef5da32511c22e44cd68ea76ca7ebf53293d5ea15c2bf7d8,65233e0c244cbeded1b9658f212ff7af1663a400873df4b8a161c28f0c13266b
simple,Rosco Video Paint Chroma Key Blue,660,ROS-000000661,,"Rosco Video Paint Chroma Key Blue is a coating formulated for the interior, exterior, specialty or industrial use indicated by its product name and category. Confirm preparation, compatibility, application, coverage and recoat requirements in the current label or technical data sheet. Confirm the exact item and package before ordering.",,Paints > Specialty Paints,"scenic paint, projection screen paint, studio coating, specialty paint",Rosco,ROS01-S,https://raw.githubusercontent.com/kinggoff/NewSteelesImages/main/review-images/ROS-000000661-rosco-chroma-key-blue.png?raw=true,Image Added,,,,,,,,,Rosco Chroma Key Blue 5710=https://raw.githubusercontent.com/kinggoff/NewSteelesImages/main/PDFs/SDS/rosco-Rosco-Chroma-Key-Blue-5710-SDS.pdf?raw=true,Rosco Chroma Key Paint Application Guide=https://raw.githubusercontent.com/kinggoff/NewSteelesImages/main/PDFs/TDS/rosco-Rosco-Chroma-Key-Paint-Application-Guide-TDS.pdf?raw=true,Rosco Chroma Key Blue 5710=https://raw.githubusercontent.com/kinggoff/NewSteelesImages/main/PDFs/SDS/rosco-Rosco-Chroma-Key-Blue-5710-SDS.pdf?raw=true,,Rosco Chroma Key Paint Application Guide=https://raw.githubusercontent.com/kinggoff/NewSteelesImages/main/PDFs/TDS/rosco-Rosco-Chroma-Key-Paint-Application-Guide-TDS.pdf?raw=true,,12322b6fb0874925eb6da05aa7dc7b2b2b41fe974c89cd7a8b91acff357ae965,97d87b6635ed7c485da4b9dcaa4767da4065061f10c912080287042644536de5
simple,Rosco Tv White,661,ROS-000000662,,"Rosco Tv White is a coating formulated for the interior, exterior, specialty or industrial use indicated by its product name and category. The final appearance and service performance depend on the substrate, preparation, film build and complete coating system. Confirm preparation, compatibility, application, coverage and recoat requirements in the current label or technical data sheet.",,Paints > Specialty Paints,"scenic paint, projection screen paint, studio coating, specialty paint",Rosco,ROS01-S,https://raw.githubusercontent.com/kinggoff/NewSteelesImages/main/review-images/44-ros-000000662-rosco-tv-white.png?raw=true,Image Added,,,,,,,,,Rosco TV Paint White 5735=https://raw.githubusercontent.com/kinggoff/NewSteelesImages/main/PDFs/SDS/rosco-Rosco-TV-Paint-White-5735-SDS.pdf?raw=true,,Rosco TV Paint White 5735=https://raw.githubusercontent.com/kinggoff/NewSteelesImages/main/PDFs/SDS/rosco-Rosco-TV-Paint-White-5735-SDS.pdf?raw=true,,,,765eb042e57c714610bc0a3f53bd5f754bef8819a5c752c513939aff7c4911fb,fbbb5d85aa58f75a5183bc80f864d2f2043444c5227aef98d8d60613017bd1fd
simple,Rosco Tv Black,662,ROS-000000663,,"Rosco Tv Black is a coating formulated for the interior, exterior, specialty or industrial use indicated by its product name and category. The final appearance and service performance depend on the substrate, preparation, film build and complete coating system. Confirm preparation, compatibility, application, coverage and recoat requirements in the current label or technical data sheet.",,Paints > Specialty Paints,"scenic paint, projection screen paint, studio coating, specialty paint",Rosco,ROS01-S,https://raw.githubusercontent.com/kinggoff/NewSteelesImages/main/review-images/ROS-000000663-rosco-tv-black.png?raw=true,Image Added,,,,,,,,,Rosco TV Paint Black 5740=https://raw.githubusercontent.com/kinggoff/NewSteelesImages/main/PDFs/SDS/rosco-Rosco-TV-Paint-Black-5740-SDS.pdf?raw=true,,Rosco TV Paint Black 5740=https://raw.githubusercontent.com/kinggoff/NewSteelesImages/main/PDFs/SDS/rosco-Rosco-TV-Paint-Black-5740-SDS.pdf?raw=true,,,,0191cd9eb280fee97fa7e300bcdf3ad509c1864e7d14d9384be71562eaddbb41,56082a34bd2c2be3372cc5ffb152ecab4923914c2fbed788859b082acb59e8ce
simple,Fire Retardant Paint Additive,663,ROS-000000664,,"Fire Retardant Paint Additive from Rosco is a coating formulated for the interior, exterior, specialty or industrial use indicated by its product name and category. Confirm preparation, compatibility, application, coverage and recoat requirements in the current label or technical data sheet. Confirm the exact item and package before ordering.",,Paints > Specialty Paints,"paint additive, fire-retardant additive, coating additive, powder additive",Rosco,ROS01-S,https://raw.githubusercontent.com/kinggoff/NewSteelesImages/main/review-images/ROS-000000664-roscoflamex-pa.png?raw=true,Image Added,,,,,,,,,Roscoflamex PA Paint Additive=https://raw.githubusercontent.com/kinggoff/NewSteelesImages/main/PDFs/SDS/rosco-Roscoflamex-PA-Paint-Additive-SDS.pdf?raw=true,Roscoflamex PA Paint Additive=https://raw.githubusercontent.com/kinggoff/NewSteelesImages/main/PDFs/TDS/rosco-Roscoflamex-PA-Paint-Additive-Specification-TDS.pdf?raw=true,Roscoflamex PA Paint Additive=https://raw.githubusercontent.com/kinggoff/NewSteelesImages/main/PDFs/SDS/rosco-Roscoflamex-PA-Paint-Additive-SDS.pdf?raw=true,,Roscoflamex PA Paint Additive=https://raw.githubusercontent.com/kinggoff/NewSteelesImages/main/PDFs/TDS/rosco-Roscoflamex-PA-Paint-Additive-Specification-TDS.pdf?raw=true,,d8ec31515bdd90e7ceb9f5cb36e07273fd6aca25975b34b686a7a0a25c62b89c,4a5ef92c64c123b353a9ffca50e31622726636310e378640c0b93cdedc18ce70
simple,Sheetrock 90,664,CS-000000665,,"Sheetrock 90 from CGC Sheetrock is a repair material for filling, patching, glazing, rebuilding or stabilizing the compatible wood, drywall, window or masonry surface indicated by the product name. Review the listed format and current manufacturer instructions to confirm compatibility, safe use, cleaning and storage for the intended job.",,Painting Tools & Accessories > Paint Prep & Repairs,"drywall joint compound, wall repair compound, drywall finishing material, patching compound",CGC Sheetrock,RBS01,https://raw.githubusercontent.com/kinggoff/NewSteelesImages/main/review-images/CS-000000665-cgc-sheetrock-90.png?raw=true,Image Added,,,,,,,,,,,,,,,e6f71f3a42083797fc0dd269787f2149c01716fede9dfd9121003cbef1789358,26aa4e288911c5178bd834b421148e40f550300296c83d614736fa5af5c6c4a1
simple,Cgc Joint Compound,665,CS-000000666,,"Cgc Joint Compound from CGC Sheetrock is a repair material for filling, patching, glazing, rebuilding or stabilizing the compatible wood, drywall, window or masonry surface indicated by the product name. Apply to a clean, sound surface and follow the label for mixing, layer depth, drying or cure, sanding and topcoating.",,Painting Tools & Accessories > Paint Prep & Repairs,"drywall joint compound, wall repair compound, drywall finishing material, patching compound",CGC Sheetrock,RBS01,https://raw.githubusercontent.com/kinggoff/NewSteelesImages/main/review-images/CS-000000666-cgc-all-purpose-joint-compound-12l.png?raw=true,Images for Review,,,,,Variants,7KG | 3KG | 20KG,1,1,,,,,,,ecfaa6ab6366ff67455a05feef08409719fb190512dcbe884748e9f41b2da46f,bc65bcf91543b3df010773c554dd0ed4406bc2b8bfa610f80e07c46beb280cf4
simple,Cgc Dust Control Pail Compound 12L,666,CS-000000667,,"Cgc Dust Control Pail Compound 12L from CGC Sheetrock is a repair material for filling, patching, glazing, rebuilding or stabilizing the compatible wood, drywall, window or masonry surface indicated by the product name. Apply to a clean, sound surface and follow the label for mixing, layer depth, drying or cure, sanding and topcoating.",,Painting Tools & Accessories > Paint Prep & Repairs,"drywall joint compound, wall repair compound, drywall finishing material, patching compound",CGC Sheetrock,RBS01,https://raw.githubusercontent.com/kinggoff/NewSteelesImages/main/review-images/CS-000000667-cgc-dust-control-compound-12l.png?raw=true,Image Added,,,,,,,,,,,,,,,116cb9085c39f9362af92be90de870df0852c7b8e0e56b89645eb54592a070b9,ec99f79fe57ad484d56870090c4bd052b597e0867bdc266620c762ba0f9dc401
simple,Cgc Dust Control Box Compound 17L,667,CS-000000668,,"Cgc Dust Control Box Compound 17L from CGC Sheetrock is a repair material for filling, patching, glazing, rebuilding or stabilizing the compatible wood, drywall, window or masonry surface indicated by the product name. Apply to a clean, sound surface and follow the label for mixing, layer depth, drying or cure, sanding and topcoating.",,Painting Tools & Accessories > Paint Prep & Repairs,"drywall joint compound, wall repair compound, drywall finishing material, patching compound",CGC Sheetrock,RBS01,https://raw.githubusercontent.com/kinggoff/NewSteelesImages/main/review-images/CS-000000668-cgc-dust-control-compound-17l.png?raw=true,Image Added,,,,,,,,,,,,,,,2b17e5bac75ff9956e7bb4b4c7a7ccac5219438ef0a718b0b09980676c70de66,d5866b3653bd2e6ca2514b93672727ab85fee574ae405d691b26ccc582463e03
simple,Seal-Krete Clear Seal Satin,668,SK-000000669,,"Seal-Krete Clear Seal Satin is a coating formulated for the interior, exterior, specialty or industrial use indicated by its product name and category. Confirm preparation, compatibility, application, coverage and recoat requirements in the current label or technical data sheet. Confirm the exact item and package before ordering.",,Paints > Specialty Paints,"concrete sealer, masonry sealer, clear protective coating, satin floor finish",Seal-Krete,FLE01-S,https://raw.githubusercontent.com/kinggoff/NewSteelesImages/main/review-images/SK-000000669-seal-krete-clear-seal-satin.png?raw=true,Image Added,,,,,,,,,SEAL-KRETE Clear-Seal Clear Satin 3.78 L - 604801=https://raw.githubusercontent.com/kinggoff/NewSteelesImages/main/PDFs/SDS/seal-krete-SEAL-KRETE-Clear-Seal-Satin-604801-SDS.pdf?raw=true,SEAL-KRETE Clear-Seal SLK-14=https://raw.githubusercontent.com/kinggoff/NewSteelesImages/main/PDFs/TDS/seal-krete-SEAL-KRETE-Clear-Seal-SLK-14-TDS.pdf?raw=true,SEAL-KRETE Clear-Seal Clear Satin 3.78 L - 604801=https://raw.githubusercontent.com/kinggoff/NewSteelesImages/main/PDFs/SDS/seal-krete-SEAL-KRETE-Clear-Seal-Satin-604801-SDS.pdf?raw=true,,,SEAL-KRETE Clear-Seal SLK-14=https://raw.githubusercontent.com/kinggoff/NewSteelesImages/main/PDFs/TDS/seal-krete-SEAL-KRETE-Clear-Seal-SLK-14-TDS.pdf?raw=true,4b727ab4a2b941a8cca8ff81b2217b6469ac37aea460751268f9678649e3e755,2fbb55a0c4ccd1bba384db4b8141a7faf75b2cd37c28f6d77e28d683e387a1e0
simple,Rust-Oleum Tub & Tile Refinishing Kit,669,RO-000000670,,"Rust-Oleum Tub & Tile Refinishing Kit is a coating formulated for the interior, exterior, specialty or industrial use indicated by its product name and category. Confirm preparation, compatibility, application, coverage and recoat requirements in the current label or technical data sheet. Confirm the exact item and package before ordering.",,Paints > Specialty Paints,"tub and tile coating, refinishing kit, epoxy coating, specialty coating",Rust-Oleum,FLE01-S,https://raw.githubusercontent.com/kinggoff/NewSteelesImages/main/review-images/45-ro-000000670-rust-oleum-tub-tile-refinishing-kit.png?raw=true,Image Added,,,,,,,,,Rust-Oleum Tub & Tile Refinishing Kit Gloss Coastal Fog - 384166=https://raw.githubusercontent.com/kinggoff/NewSteelesImages/main/PDFs/SDS/rust-oleum-Rust-Oleum-Tub-Tile-Gloss-Coastal-Fog-384166-SDS.pdf?raw=true,Rust-Oleum Tub & Tile Refinishing Kit SPC-15 - includes 384166=https://raw.githubusercontent.com/kinggoff/NewSteelesImages/main/PDFs/TDS/rust-oleum-Rust-Oleum-Tub-Tile-Refinishing-Kit-SPC-15-TDS.pdf?raw=true,Rust-Oleum Tub & Tile Refinishing Kit Gloss Coastal Fog - 384166=https://raw.githubusercontent.com/kinggoff/NewSteelesImages/main/PDFs/SDS/rust-oleum-Rust-Oleum-Tub-Tile-Gloss-Coastal-Fog-384166-SDS.pdf?raw=true,,Rust-Oleum Tub & Tile Refinishing Kit SPC-15 - includes 384166=https://raw.githubusercontent.com/kinggoff/NewSteelesImages/main/PDFs/TDS/rust-oleum-Rust-Oleum-Tub-Tile-Refinishing-Kit-SPC-15-TDS.pdf?raw=true,,5f1c1aafc8d87185b4f8a54309b636d8445c6199c12019c53eb3f7bae0fdc0db,35a908b23ccb0084b24e6e26390217d276e2af396cbfa0af878b9e71d4f6fd8e
simple,Rust-Oleum Self-Etching Primer Spray,670,RO-000000671,,"Rust-Oleum Self-Etching Primer Spray is a preparatory coating for the substrate or problem condition named in the product, helping create a more uniform surface for compatible topcoats. Confirm preparation, compatibility, application, coverage and recoat requirements in the current label or technical data sheet.",,Paints > Specialty Paints,"self-etching primer, spray primer, metal primer, aerosol primer",Rust-Oleum,FLE01-S,https://raw.githubusercontent.com/kinggoff/NewSteelesImages/main/review-images/RO-000000671-rust-oleum-self-etching-primer.png?raw=true,Image Added,,,,,,,,,Rust-Oleum Automotive Self-Etching Primer Grey-Green 340 g - 257736=https://raw.githubusercontent.com/kinggoff/NewSteelesImages/main/PDFs/SDS/rust-oleum-Rust-Oleum-Automotive-Self-Etching-Primer-257736-SDS.pdf?raw=true,Rust-Oleum Automotive Self-Etching Primer ATO-151 Canada=https://raw.githubusercontent.com/kinggoff/NewSteelesImages/main/PDFs/TDS/rust-oleum-Rust-Oleum-Automotive-Self-Etching-Primer-ATO-151-Canada-TDS.pdf?raw=true,Rust-Oleum Automotive Self-Etching Primer Grey-Green 340 g - 257736=https://raw.githubusercontent.com/kinggoff/NewSteelesImages/main/PDFs/SDS/rust-oleum-Rust-Oleum-Automotive-Self-Etching-Primer-257736-SDS.pdf?raw=true,,Rust-Oleum Automotive Self-Etching Primer ATO-151 Canada=https://raw.githubusercontent.com/kinggoff/NewSteelesImages/main/PDFs/TDS/rust-oleum-Rust-Oleum-Automotive-Self-Etching-Primer-ATO-151-Canada-TDS.pdf?raw=true,,5c3f11e42a8f90553e192c068d3ebaa75cebde3cf6323c642140ef33dfe1b65b,7155e59845e0b06ae2c2d6785f45943e73160bd9019ad2bf306a0bfc1ecb479b
simple,Rust-Oleum Mirror Effect Silver,671,RO-000000672,,"Rust-Oleum Mirror Effect Silver is an aerosol coating or treatment for the colour, effect or repair task stated in the product name on a compatible prepared surface. Confirm preparation, compatibility, application, coverage and recoat requirements in the current label or technical data sheet. Confirm the exact item and package before ordering.",,Paints > Aerosols,"mirror-effect spray paint, aerosol paint, reflective metallic coating, specialty finish",Rust-Oleum,FLE01-S,https://raw.githubusercontent.com/kinggoff/NewSteelesImages/main/review-images/RO-000000672-rust-oleum-mirror-effect-silver.png?raw=true,Image Added,,,,,,,,,Rust-Oleum Mirror Effect Silver 170 g - 277903=https://raw.githubusercontent.com/kinggoff/NewSteelesImages/main/PDFs/SDS/rust-oleum-Rust-Oleum-Mirror-Effect-Silver-277903-SDS.pdf?raw=true,Rust-Oleum Mirror Effect SPC-36 Canada=https://raw.githubusercontent.com/kinggoff/NewSteelesImages/main/PDFs/TDS/rust-oleum-Rust-Oleum-Mirror-Effect-SPC-36-Canada-TDS.pdf?raw=true,Rust-Oleum Mirror Effect Silver 170 g - 277903=https://raw.githubusercontent.com/kinggoff/NewSteelesImages/main/PDFs/SDS/rust-oleum-Rust-Oleum-Mirror-Effect-Silver-277903-SDS.pdf?raw=true,,Rust-Oleum Mirror Effect SPC-36 Canada=https://raw.githubusercontent.com/kinggoff/NewSteelesImages/main/PDFs/TDS/rust-oleum-Rust-Oleum-Mirror-Effect-SPC-36-Canada-TDS.pdf?raw=true,,be75f3b23fec97155132850550d00f5cee36cf933d6f8bec17b191dc0a524d75,8fcb5b49851a18c476190ea9c7971228c8b8e8ef0472287e8cbaa0706a1d8c0c
simple,Rust-Oleum Metallic Gold,672,RO-000000673,,"Rust-Oleum Metallic Gold is an aerosol coating or treatment for the colour, effect or repair task stated in the product name on a compatible prepared surface. Confirm preparation, compatibility, application, coverage and recoat requirements in the current label or technical data sheet. Confirm the exact item and package before ordering.",,Paints > Specialty Paints,"metallic spray paint, aerosol paint, decorative metallic coating, specialty finish",Rust-Oleum,FLE01-S,https://raw.githubusercontent.com/kinggoff/NewSteelesImages/main/review-images/RO-000000673-rust-oleum-metallic-gold.png?raw=true,Image Added,,,,,,,,,Rust-Oleum Specialty Metallic Gold 312 g - N1910830=https://raw.githubusercontent.com/kinggoff/NewSteelesImages/main/PDFs/SDS/rust-oleum-Rust-Oleum-Specialty-Metallic-Gold-N1910830-SDS.pdf?raw=true,Rust-Oleum Specialty Metallic Sprays SPC-13 - includes 1910830=https://raw.githubusercontent.com/kinggoff/NewSteelesImages/main/PDFs/TDS/rust-oleum-Rust-Oleum-Specialty-Metallic-SPC-13-TDS.pdf?raw=true,Rust-Oleum Specialty Metallic Gold 312 g - N1910830=https://raw.githubusercontent.com/kinggoff/NewSteelesImages/main/PDFs/SDS/rust-oleum-Rust-Oleum-Specialty-Metallic-Gold-N1910830-SDS.pdf?raw=true,,Rust-Oleum Specialty Metallic Sprays SPC-13 - includes 1910830=https://raw.githubusercontent.com/kinggoff/NewSteelesImages/main/PDFs/TDS/rust-oleum-Rust-Oleum-Specialty-Metallic-SPC-13-TDS.pdf?raw=true,,ff9c979080e48433bde37fc094f9d1b81b8844040e9b9e4f2d9ef9b85d31aaa1,b28033197ca85e7c86cfd87025dda49b5cc8e3c711bc1af393298d939edaf364
simple,Rust-Oleum Leak Seal Clear Aerosol,673,RO-000000674,,"Rust-Oleum Leak Seal Clear Aerosol is an aerosol coating or treatment for the colour, effect or repair task stated in the product name on a compatible prepared surface. Confirm preparation, compatibility, application, coverage and recoat requirements in the current label or technical data sheet. Confirm the exact item and package before ordering.",,Paints > Aerosols,"rubberized sealant coating, leak repair coating, aerosol sealant, waterproof coating",Rust-Oleum,FLE01-S,https://raw.githubusercontent.com/kinggoff/NewSteelesImages/main/review-images/RO-000000674-rust-oleum-leakseal-clear.png?raw=true,Image Added,,,,,,,,,Rust-Oleum LeakSeal Flexible Rubber Sealant Clear 405 g - 266289=https://raw.githubusercontent.com/kinggoff/NewSteelesImages/main/PDFs/SDS/rust-oleum-Rust-Oleum-LeakSeal-Clear-266289-SDS.pdf?raw=true,Rust-Oleum LeakSeal Flexible Rubber Coating SRT-17=https://raw.githubusercontent.com/kinggoff/NewSteelesImages/main/PDFs/TDS/rust-oleum-Rust-Oleum-LeakSeal-Flexible-Rubber-Coating-SRT-17-TDS.pdf?raw=true,Rust-Oleum LeakSeal Flexible Rubber Sealant Clear 405 g - 266289=https://raw.githubusercontent.com/kinggoff/NewSteelesImages/main/PDFs/SDS/rust-oleum-Rust-Oleum-LeakSeal-Clear-266289-SDS.pdf?raw=true,,Rust-Oleum LeakSeal Flexible Rubber Coating SRT-17=https://raw.githubusercontent.com/kinggoff/NewSteelesImages/main/PDFs/TDS/rust-oleum-Rust-Oleum-LeakSeal-Flexible-Rubber-Coating-SRT-17-TDS.pdf?raw=true,,2c166b671585dc3b832e065601845c45960318c1249192c69418f631aef53dde,ab0727a932ae31d0c37d0a47d073be42c95cd750ecea89f72b84bcff96562787
simple,Rust-Oleum Leak Seal Black Aerosol,674,RO-000000675,,"Rust-Oleum Leak Seal Black Aerosol is an aerosol coating or treatment for the colour, effect or repair task stated in the product name on a compatible prepared surface. Confirm preparation, compatibility, application, coverage and recoat requirements in the current label or technical data sheet. Confirm the exact item and package before ordering.",,Paints > Aerosols,"rubberized sealant coating, leak repair coating, aerosol sealant, waterproof coating",Rust-Oleum,FLE01-S,https://raw.githubusercontent.com/kinggoff/NewSteelesImages/main/review-images/RO-000000675-rust-oleum-leakseal-black.png?raw=true,Image Added,,,,,,,,,Rust-Oleum LeakSeal Flexible Rubber Sealant Black 405 g - 266288=https://raw.githubusercontent.com/kinggoff/NewSteelesImages/main/PDFs/SDS/rust-oleum-Rust-Oleum-LeakSeal-Black-266288-SDS.pdf?raw=true,Rust-Oleum LeakSeal Flexible Rubber Coating SRT-17=https://raw.githubusercontent.com/kinggoff/NewSteelesImages/main/PDFs/TDS/rust-oleum-Rust-Oleum-LeakSeal-Flexible-Rubber-Coating-SRT-17-TDS.pdf?raw=true,Rust-Oleum LeakSeal Flexible Rubber Sealant Black 405 g - 266288=https://raw.githubusercontent.com/kinggoff/NewSteelesImages/main/PDFs/SDS/rust-oleum-Rust-Oleum-LeakSeal-Black-266288-SDS.pdf?raw=true,,Rust-Oleum LeakSeal Flexible Rubber Coating SRT-17=https://raw.githubusercontent.com/kinggoff/NewSteelesImages/main/PDFs/TDS/rust-oleum-Rust-Oleum-LeakSeal-Flexible-Rubber-Coating-SRT-17-TDS.pdf?raw=true,,049f66890ceee46b3c69462cd41fc8ce7993ea858fda42dd7c511097cb7a1e09,7cf336f1170032c6bbdda5a785a3011e452d3ed2467077ef829f5add013108ac
simple,Rust-Oleum Appliance Epoxy Spray - Gloss White,675,RO-000000676,,"Rust-Oleum Appliance Epoxy Spray - Gloss White is an aerosol coating or treatment for the colour, effect or repair task stated in the product name on a compatible prepared surface. Prepare both surfaces and follow the label for mixing where required, open or working time, assembly, clamping and cure.",,Paints > Aerosols,"appliance epoxy paint, spray enamel, epoxy coating, specialty coating",Rust-Oleum,FLE01-S,https://raw.githubusercontent.com/kinggoff/NewSteelesImages/main/review-images/RO-000000676-rust-oleum-appliance-epoxy-gloss-white.png?raw=true,Image Added,,,,,,,,,Rust-Oleum Appliance Epoxy Gloss White 340 g - N7881830=https://raw.githubusercontent.com/kinggoff/NewSteelesImages/main/PDFs/SDS/rust-oleum-Rust-Oleum-Appliance-Epoxy-Gloss-White-N7881830-SDS.pdf?raw=true,Rust-Oleum Specialty Appliance Epoxy Sprays SPC-01 - includes 7881830=https://raw.githubusercontent.com/kinggoff/NewSteelesImages/main/PDFs/TDS/rust-oleum-Rust-Oleum-Appliance-Epoxy-Sprays-SPC-01-TDS.pdf?raw=true,Rust-Oleum Appliance Epoxy Gloss White 340 g - N7881830=https://raw.githubusercontent.com/kinggoff/NewSteelesImages/main/PDFs/SDS/rust-oleum-Rust-Oleum-Appliance-Epoxy-Gloss-White-N7881830-SDS.pdf?raw=true,,Rust-Oleum Specialty Appliance Epoxy Sprays SPC-01 - includes 7881830=https://raw.githubusercontent.com/kinggoff/NewSteelesImages/main/PDFs/TDS/rust-oleum-Rust-Oleum-Appliance-Epoxy-Sprays-SPC-01-TDS.pdf?raw=true,,7af0afaf13ad96134ddb288dbe44e93d9741f564e299ffff01c8ea188f4d691c,2fb997212f5f0d2e41a50a621bb0f0bfc6ffee7b024145fa67b342a3db9fc70c
simple,Rust-Oleum Painter's Touch Latex - Black,676,RO-000000677,,"Rust-Oleum Painter's Touch Latex - Black is a coating formulated for the interior, exterior, specialty or industrial use indicated by its product name and category. Confirm preparation, compatibility, application, coverage and recoat requirements in the current label or technical data sheet. Confirm the exact item and package before ordering.",,Paints > Specialty Paints,"latex paint, multi-purpose paint, interior and exterior paint, water-based coating",Rust-Oleum,FLE01-S,https://raw.githubusercontent.com/kinggoff/NewSteelesImages/main/review-images/RO-000000677-rust-oleum-painters-touch-latex-black.png?raw=true,Images for Review,Finishes,Gloss | Flat,1,1,,,,,Rust-Oleum Painter's Touch Multi-Purpose Latex Flat Black 946 mL - 254935=https://raw.githubusercontent.com/kinggoff/NewSteelesImages/main/PDFs/SDS/rust-oleum-Rust-Oleum-Painters-Touch-Latex-Flat-Black-254935-SDS.pdf?raw=true,,Rust-Oleum Painter's Touch Multi-Purpose Latex Flat Black 946 mL - 254935=https://raw.githubusercontent.com/kinggoff/NewSteelesImages/main/PDFs/SDS/rust-oleum-Rust-Oleum-Painters-Touch-Latex-Flat-Black-254935-SDS.pdf?raw=true,,,,5e4fb917f14c4903c1649fc7d68c7dc0de5464d04d40b29b3bf46e654faddde4,2d27483a40fca71569da14ae4f989e29731dd4c145d2459281725cd28b69873d
simple,Tremclad Rust Primer Spray - Red Oxide,677,TR-000000678,,"Tremclad Rust Primer Spray - Red Oxide is a preparatory coating for the substrate or problem condition named in the product, helping create a more uniform surface for compatible topcoats. Confirm preparation, compatibility, application, coverage and recoat requirements in the current label or technical data sheet.",,Paints > Aerosols,"spray primer, aerosol primer, primer, surface preparation coating, primer sealer, basecoat",Tremclad,FLE01-S,https://raw.githubusercontent.com/kinggoff/NewSteelesImages/main/review-images/TR-000000678-tremclad-rust-primer-red-oxide.png?raw=true,Image Added,,,,,,,,,TREMCLAD Rust Primer Spray Red Oxide 340 g - 274102522=https://raw.githubusercontent.com/kinggoff/NewSteelesImages/main/PDFs/SDS/tremclad-TREMCLAD-Rust-Primer-Spray-Red-Oxide-274102522-SDS.pdf?raw=true,,TREMCLAD Rust Primer Spray Red Oxide 340 g - 274102522=https://raw.githubusercontent.com/kinggoff/NewSteelesImages/main/PDFs/SDS/tremclad-TREMCLAD-Rust-Primer-Spray-Red-Oxide-274102522-SDS.pdf?raw=true,,,,b826c5597a73a7464346758cce1fd1d0544f9a482ed57fffd2175c566cd7cee6,0a3f5c92249cea58e1665345d2deb03bd26f37234f5a69e8c4d23b0e3f74f976
simple,Tremclad Rust Paint Spray - Gloss White,678,TR-000000679,,"Tremclad Rust Paint Spray - Gloss White is an aerosol coating or treatment for the colour, effect or repair task stated in the product name on a compatible prepared surface. Confirm preparation, compatibility, application, coverage and recoat requirements in the current label or technical data sheet.",,Paints > Aerosols,"rust-preventive paint, metal paint, protective enamel, anti-corrosion coating, spray paint, aerosol paint, specialty coating, decorative coating",Tremclad,FLE01-S,https://raw.githubusercontent.com/kinggoff/NewSteelesImages/main/review-images/TR-000000679-tremclad-rust-paint-gloss-white.png?raw=true,Image Added,,,,,,,,,TREMCLAD Rust Paint Aerosol Gloss Recreational White 340 g - 27032B522=https://raw.githubusercontent.com/kinggoff/NewSteelesImages/main/PDFs/SDS/tremclad-TREMCLAD-Rust-Paint-Aerosol-Recreational-White-27032B522-SDS.pdf?raw=true,TREMCLAD Rust Paint Aerosol TRM-02 Canada=https://raw.githubusercontent.com/kinggoff/NewSteelesImages/main/PDFs/TDS/tremclad-TRM-02-Tremclad-Rust-Paint-Aerosol-TDS-Canada.pdf?raw=true,TREMCLAD Rust Paint Aerosol Gloss Recreational White 340 g - 27032B522=https://raw.githubusercontent.com/kinggoff/NewSteelesImages/main/PDFs/SDS/tremclad-TREMCLAD-Rust-Paint-Aerosol-Recreational-White-27032B522-SDS.pdf?raw=true,,TREMCLAD Rust Paint Aerosol TRM-02 Canada=https://raw.githubusercontent.com/kinggoff/NewSteelesImages/main/PDFs/TDS/tremclad-TRM-02-Tremclad-Rust-Paint-Aerosol-TDS-Canada.pdf?raw=true,,e4fdc37def1c8c99a1068badcf2e607dcf8634943d8860dec06cb5508327b53d,0bb62eabd3ef899d87beb4bcdafc4ebcc8e30baebdf081a8788dbc630b2a2b5e
simple,Krud Kutter Original,679,KK-000000680,,"Krud Kutter Original is a surface-preparation or cleanup product for removing the residue named in the product from compatible materials before refinishing. Review the listed format and current manufacturer instructions to confirm compatibility, safe use, cleaning and storage for the intended job. Confirm the exact item and package before ordering.",,Painting Tools & Accessories > Cleaners & Removers,"multi-purpose cleaner, degreaser, surface cleaner, cleaning concentrate",Krud Kutter,FLE01-S,https://raw.githubusercontent.com/kinggoff/NewSteelesImages/main/review-images/KK-000000680-krud-kutter-original-946ml.png?raw=true,Image Added,,,,,,,,,,,,,,,b49d71bb41d9770f7cc2fdcf1349fae63144d178dda6878050bf4a98fb864cc2,2615bad58c0144409b8d69a31903940955a811ea73ff406f6a357fd220df295f
simple,Krud Kutter Oil Grabber Stain Remover,680,KK-000000681,,"Krud Kutter Oil Grabber Stain Remover is a surface-preparation or cleanup product for removing the residue named in the product from compatible materials before refinishing. Test first, then follow the label for dilution, dwell time, rinsing, ventilation and protective equipment. Confirm the exact item and package before ordering.",,Painting Tools & Accessories > Cleaners & Removers,"oil stain remover, concrete stain cleaner, liquid stain remover, surface cleaner",Krud Kutter,FLE01-S,https://raw.githubusercontent.com/kinggoff/NewSteelesImages/main/review-images/KK-000000681-krud-kutter-oil-grabber.png?raw=true,Image Added,,,,,,,,,,,,,,,6864978430b8a6fcb75f0ecdb48fd824b86a8de2a760e68944eebb855ba97d0f,4f17fd77f71ae0434e054bb2d6b1c4b88dcd816f3d461853e39126ea201097e8
simple,Concrobium Mold Control Spray,681,CON-000000682,,"Concrobium Mold Control Spray is a treatment for controlling mould on compatible surfaces as part of a complete cleaning and moisture-management process. The final appearance and service performance depend on the substrate, preparation, film build and complete coating system. Test first, then follow the label for dilution, dwell time, rinsing, ventilation and protective equipment.",,Paints > Aerosols,"cleaning treatment, aerosol cleaner, surface preparation chemical, mould control treatment",Concrobium,MUM01,https://raw.githubusercontent.com/kinggoff/NewSteelesImages/main/review-images/CON-000000682-concrobium-mold-control-spray.png?raw=true,Image Added,,,,,,,,,,,,,,,6772c740cf092fa643aff50eb26c22e0d8a36db35b8c5f5bbe6b9070547f25ed,7128f8f266f52d74037ebe6dbe62319d5e592a36f4ee001b89f5aa010838637c
simple,Ready Seal Exterior Stain Natural,682,RS-000000683,,"Ready Seal Exterior Stain Natural is a wood-finishing product for colouring, conditioning or protecting the compatible interior or exterior wood surface named in the product. Confirm preparation, compatibility, application, coverage and recoat requirements in the current label or technical data sheet.",,Paints > Stains & Varnishes,"exterior wood stain, penetrating wood finish, wood stain, exterior wood finish",Ready Seal,FLE01-S,https://raw.githubusercontent.com/kinggoff/NewSteelesImages/main/review-images/RS-000000683-ready-seal-exterior-stain-natural.png?raw=true,Image Added,,,,,,,,,Ready Seal Exterior Wood Stain Natural No. 105 - Canada=https://raw.githubusercontent.com/kinggoff/NewSteelesImages/main/PDFs/SDS/ready-seal-Ready-Seal-Exterior-Wood-Stain-Natural-105-Canada-SDS.pdf?raw=true,Ready Seal Exterior Wood Stain and Sealer=https://raw.githubusercontent.com/kinggoff/NewSteelesImages/main/PDFs/TDS/ready-seal-Ready-Seal-Exterior-Wood-Stain-Sealer-TDS.pdf?raw=true,Ready Seal Exterior Wood Stain Natural No. 105 - Canada=https://raw.githubusercontent.com/kinggoff/NewSteelesImages/main/PDFs/SDS/ready-seal-Ready-Seal-Exterior-Wood-Stain-Natural-105-Canada-SDS.pdf?raw=true,,Ready Seal Exterior Wood Stain and Sealer=https://raw.githubusercontent.com/kinggoff/NewSteelesImages/main/PDFs/TDS/ready-seal-Ready-Seal-Exterior-Wood-Stain-Sealer-TDS.pdf?raw=true,,d9e8c48d460ef392d84e90200f38fd8d4791741d10d54bacbc11f908af9ac68c,1e8d0517ca215abab94e39cd092c604b11910c4bba4c0f4e07f659b25891139d
simple,SamaN Water-Based Clear Finish,683,SA-000000684,,"SamaN Water-Based Clear Finish is a clear or translucent finish for building the sheen and protection appropriate to the compatible surface and coating system. Confirm preparation, compatibility, application, coverage and recoat requirements in the current label or technical data sheet. Confirm the exact item and package before ordering.",,Paints > Stains & Varnishes,"clear finish, protective coating, clear coat, wood finish",SamaN,SAMAN,https://raw.githubusercontent.com/kinggoff/NewSteelesImages/main/review-images/SA-000000684-saman-water-based-clear-finish.png?raw=true,Images for Review,,,,,,,,,SamaN Waterbased Exterior Clear Coat Flat - SAM-805=https://raw.githubusercontent.com/kinggoff/NewSteelesImages/main/PDFs/SDS/saman-SamaN-Waterbased-Exterior-Clear-Coat-SAM-805-SDS.pdf?raw=true,,SamaN Waterbased Exterior Clear Coat Flat - SAM-805=https://raw.githubusercontent.com/kinggoff/NewSteelesImages/main/PDFs/SDS/saman-SamaN-Waterbased-Exterior-Clear-Coat-SAM-805-SDS.pdf?raw=true,,,,a6dbcefcd178a3fa8d8b0e554993eb5b25337cbfb74247f615be8225c7100167,e742cf71dcfc0be3a0c32d6135fd1dcf6f222c612e4d931ba16ccad502475fd6
simple,SamaN Water-Based Wood Floor Stain,684,SA-000000685,,"SamaN Water-Based Wood Floor Stain is a wood-finishing product for colouring, conditioning or protecting the compatible interior or exterior wood surface named in the product. Confirm preparation, compatibility, application, coverage and recoat requirements in the current label or technical data sheet.",,Paints > Stains & Varnishes,"wood floor stain, interior wood stain, wood finish, floor finish",SamaN,SAMAN,https://raw.githubusercontent.com/kinggoff/NewSteelesImages/main/review-images/SA-000000685-saman-water-based-wood-floor-stain.png?raw=true,Images for Review,,,,,,,,,SamaN Water-Based Wood Stain Whole Wheat 010=https://raw.githubusercontent.com/kinggoff/NewSteelesImages/main/PDFs/SDS/saman-SamaN-Water-Based-Wood-Stain-TEW-SDS.pdf?raw=true,SamaN Water-Based Wood Stain TEW=https://raw.githubusercontent.com/kinggoff/NewSteelesImages/main/PDFs/TDS/saman-SamaN-Water-Based-Wood-Stain-TEW-TDS.pdf?raw=true,SamaN Water-Based Wood Stain Whole Wheat 010=https://raw.githubusercontent.com/kinggoff/NewSteelesImages/main/PDFs/SDS/saman-SamaN-Water-Based-Wood-Stain-TEW-SDS.pdf?raw=true,,SamaN Water-Based Wood Stain TEW=https://raw.githubusercontent.com/kinggoff/NewSteelesImages/main/PDFs/TDS/saman-SamaN-Water-Based-Wood-Stain-TEW-TDS.pdf?raw=true,,b3f549cfea7508cd6a6dd7be52acdf0d6b3106131172e8b4a89950cd248c920c,fa23ba0336d6848690adc3db753af85d0112b4800ab94457ac964a74e1768403
simple,SamaN Water-Based Clear Glaze,685,SA-000000686,,"SamaN Water-Based Clear Glaze is a decorative or finishing glaze used to adjust colour, accent detail or create visual depth on a compatible prepared coating system. Confirm preparation, compatibility, application, coverage and recoat requirements in the current label or technical data sheet. Confirm the exact item and package before ordering.",,Paints > Stains & Varnishes,"decorative glaze, wood finishing glaze, toning finish, decorative coating",SamaN,SAMAN,https://raw.githubusercontent.com/kinggoff/NewSteelesImages/main/review-images/SA-000000686-saman-water-based-clear-glaze.png?raw=true,Image Added,,,,,,,,,SamaN Waterbased Glaze Regular - CG-100=https://raw.githubusercontent.com/kinggoff/NewSteelesImages/main/PDFs/SDS/saman-SamaN-Waterbased-Glaze-CG-100-SDS.pdf?raw=true,,SamaN Waterbased Glaze Regular - CG-100=https://raw.githubusercontent.com/kinggoff/NewSteelesImages/main/PDFs/SDS/saman-SamaN-Waterbased-Glaze-CG-100-SDS.pdf?raw=true,,,,bf8a6599ffd744df907c241fd143aa55e171505d0cd035bbd1f6ee4f268adec7,29fb539a052516fa5f41c9e9a435024c7febb78c3654c3e9d2d061ff53e48902
simple,SamaN Tung Oil Natural,686,SA-000000687,,"SamaN Tung Oil Natural is a wood-finishing product for colouring, conditioning or protecting the compatible interior or exterior wood surface named in the product. Confirm preparation, compatibility, application, coverage and recoat requirements in the current label or technical data sheet. Confirm the exact item and package before ordering.",,Paints > Stains & Varnishes,"tung oil finish, drying oil, wood finish, oil-based finish",SamaN,SAMAN,https://raw.githubusercontent.com/kinggoff/NewSteelesImages/main/review-images/SA-000000687-saman-tung-oil-natural.png?raw=true,Image Added,,,,,,,,,SamaN Legend Tung Oil Natural - TOH-000=https://raw.githubusercontent.com/kinggoff/NewSteelesImages/main/PDFs/SDS/saman-SamaN-Legend-Tung-Oil-Natural-TOH-000-SDS.pdf?raw=true,SamaN Legend Tung Oil TOH-000 and TOH-401 to TOH-409=https://raw.githubusercontent.com/kinggoff/NewSteelesImages/main/PDFs/TDS/saman-SamaN-Legend-Tung-Oil-TOH-TDS.pdf?raw=true,SamaN Legend Tung Oil Natural - TOH-000=https://raw.githubusercontent.com/kinggoff/NewSteelesImages/main/PDFs/SDS/saman-SamaN-Legend-Tung-Oil-Natural-TOH-000-SDS.pdf?raw=true,,SamaN Legend Tung Oil TOH-000 and TOH-401 to TOH-409=https://raw.githubusercontent.com/kinggoff/NewSteelesImages/main/PDFs/TDS/saman-SamaN-Legend-Tung-Oil-TOH-TDS.pdf?raw=true,,a540d0cac5d693994586c63164967daa6b6b1314d1d95c13c4d77e1ef92ab359,010cd2cdbb4a500b878cf2752a822deacb90b5945882ad28274a0d8ea7358a7a
simple,SamaN Tabletop Epoxy,687,SA-000000688,,"SamaN Tabletop Epoxy is an epoxy coating or repair system for the compatible floor, concrete, wood or assembly application named in the product. The final appearance and service performance depend on the substrate, preparation, film build and complete coating system. Follow the label for component mixing, pot life, film thickness, application conditions and full cure before service.",,Paints > Epoxy,"casting epoxy, clear epoxy resin, two-part epoxy, decorative resin",SamaN,SAMAN,https://raw.githubusercontent.com/kinggoff/NewSteelesImages/main/review-images/SA-000000688-saman-tabletop-epoxy.png?raw=true,Image Added,,,,,,,,,SamaN EPOX-Y Counter Bar Table Epoxy Part A Resin - EPO-100A-500=https://raw.githubusercontent.com/kinggoff/NewSteelesImages/main/PDFs/SDS/saman-SamaN-EPOX-Y-Tabletop-Epoxy-EPO-100A-500-EN-SDS.pdf?raw=true|SamaN EPOX-Y Counter Bar Table Epoxy Part B Hardener - EPO-100B-500=https://raw.githubusercontent.com/kinggoff/NewSteelesImages/main/PDFs/SDS/saman-SamaN-EPOX-Y-Tabletop-Epoxy-EPO-100B-500-EN-SDS.pdf?raw=true,,SamaN EPOX-Y Counter Bar Table Epoxy Part A Resin - EPO-100A-500=https://raw.githubusercontent.com/kinggoff/NewSteelesImages/main/PDFs/SDS/saman-SamaN-EPOX-Y-Tabletop-Epoxy-EPO-100A-500-EN-SDS.pdf?raw=true|SamaN EPOX-Y Counter Bar Table Epoxy Part B Hardener - EPO-100B-500=https://raw.githubusercontent.com/kinggoff/NewSteelesImages/main/PDFs/SDS/saman-SamaN-EPOX-Y-Tabletop-Epoxy-EPO-100B-500-EN-SDS.pdf?raw=true,,,,88f296a54151a04cc14f7e74194b84cb5dba6777a235d152e4bc4063972af2c3,2b4aa81ae4dbbafe0599bd64e7ba9c8cc2b90e2de87d6127a3b6ee4dee408487
simple,SamaN Retarder Gallon,688,SA-000000689,,"SamaN Retarder Gallon is a coating formulated for the interior, exterior, specialty or industrial use indicated by its product name and category. The final appearance and service performance depend on the substrate, preparation, film build and complete coating system. Confirm preparation, compatibility, application, coverage and recoat requirements in the current label or technical data sheet.",,Paints > Stains & Varnishes,"coating retarder, drying-time additive, finish additive, paint additive",SamaN,SAMAN,https://raw.githubusercontent.com/kinggoff/NewSteelesImages/main/review-images/SA-000000689-saman-retarder-gallon.png?raw=true,Images for Review,,,,,,,,,,,,,,,3b03073191994127d5ef4cc81ae0721a0b4809e721f1fa2a194a8c35c7b45a57,6be832fa56cd6f7d866b330fd504f3985388ff44b83ed3e0aad47d24ba2e85bd
simple,SamaN Casting Epoxy 1.5L,689,SA-000000690,,"SamaN Casting Epoxy 1.5L is an epoxy coating or repair system for the compatible floor, concrete, wood or assembly application named in the product. The final appearance and service performance depend on the substrate, preparation, film build and complete coating system. Follow the label for component mixing, pot life, film thickness, application conditions and full cure before service.",,Paints > Epoxy,"casting epoxy, clear epoxy resin, two-part epoxy, decorative resin",SamaN,SAMAN,https://raw.githubusercontent.com/kinggoff/NewSteelesImages/main/review-images/SA-000000690-saman-casting-epoxy-1-5l.png?raw=true,Image Added,,,,,,,,,,,,,,,f12c8ae71fd496099a9824cc14287ef81b8e72ed769fb5b777d8565bf6962ae1,e2ac32f2cf0459bf963fc280bb0af269f301da43fe1e050fa30336722a19a16f
simple,SamaN Beeswax Wood Finish,690,SA-000000691,,"SamaN Beeswax Wood Finish is a wood-finishing product for colouring, conditioning or protecting the compatible interior or exterior wood surface named in the product. Confirm preparation, compatibility, application, coverage and recoat requirements in the current label or technical data sheet. Confirm the exact item and package before ordering.",,Paints > Stains & Varnishes,"beeswax finish, wood wax, wood finish, protective wax finish",SamaN,SAMAN,https://raw.githubusercontent.com/kinggoff/NewSteelesImages/main/review-images/SA-000000691-saman-beeswax-wood-finish.png?raw=true,Image Added,,,,,,,,,SamaN Natural Beeswax Wood Finish and Conditioner - BWA-000=https://raw.githubusercontent.com/kinggoff/NewSteelesImages/main/PDFs/SDS/saman-SamaN-Natural-Beeswax-BWA-000-SDS.pdf?raw=true,,SamaN Natural Beeswax Wood Finish and Conditioner - BWA-000=https://raw.githubusercontent.com/kinggoff/NewSteelesImages/main/PDFs/SDS/saman-SamaN-Natural-Beeswax-BWA-000-SDS.pdf?raw=true,,,,3bf797637f14774e38da03f89fb89b05d7bbd5712a2199ee6ef8a288022a6466,5473e484a93b296ebba44438957978827d69319e208eca9cd845f388dd787e85
simple,CanPro TSP Eco Spray,691,CAN-000000692,,"CanPro TSP Eco Spray is an aerosol coating or treatment for the colour, effect or repair task stated in the product name on a compatible prepared surface. Confirm preparation, compatibility, application, coverage and recoat requirements in the current label or technical data sheet. Confirm the exact item and package before ordering.",,Paints > Aerosols,"cleaning treatment, aerosol cleaner, surface preparation chemical, tsp substitute cleaner, tsp cleaner, surface preparation cleaner, degreaser, paint preparation chemical",CanPro,SAMAN,https://raw.githubusercontent.com/kinggoff/NewSteelesImages/main/review-images/CAN-000000692-canpro-tsp-eco-spray.png?raw=true,Image Added,,,,,,,,,,,,,,,bc16c91a99a7bafc1d8a92b0307dbf89627b67cddf343a59f1a505be0ecf280a,5d79a9a116bbb5bda0e4ceb26e4bcc12d77fcbaabce3950da1ae6ef0a4963471
simple,Sealking Strip-All,692,SK-000000693,,"Sealking Strip-All from Seal King is a surface-preparation or cleanup product for removing the residue named in the product from compatible materials before refinishing. Confirm preparation, compatibility, application, coverage and recoat requirements in the current label or technical data sheet. Confirm the exact item and package before ordering.",,Paints > Driveway Coatings,"coating remover, paint remover, finish stripper, surface preparation chemical",Seal King,TRITON-,https://raw.githubusercontent.com/kinggoff/NewSteelesImages/main/review-images/SK-000000693-seal-king-strip-all.png?raw=true,Image Added,,,,,,,,,,,,,,,b1442035039de757e4f54399a217be870a0b1586406368cba0aa05c3e8008e52,12baef9f4ed0600ebfa113ae1752e99ef58cc46a7536404583fb8067d7436ca2
simple,Seal King Seal-Grip,693,SK-000000694,,"Seal King Seal-Grip is a sealer or treatment for compatible concrete, asphalt, paving stone or masonry surfaces as indicated by the product name. The final appearance and service performance depend on the substrate, preparation, film build and complete coating system. Confirm preparation, compatibility, application, coverage and recoat requirements in the current label or technical data sheet.",,Paints > Driveway Coatings,"anti-slip additive, coating additive, traction additive, floor coating additive",Seal King,TRITON-,https://raw.githubusercontent.com/kinggoff/NewSteelesImages/main/review-images/SK-000000694-seal-king-seal-grip.png?raw=true,Image Added,,,,,,,,,,,,,,,5936e0eecabd5edf32c3f5c179f532f0cc5b9f385c9fa5187b93bf085436ee31,82952b0e6269d5a11d5f2244684e024f3023ddf75ae2b1b72f246a50c4ca51bd
simple,Seal King Rust Remover,694,SK-000000695,,"Seal King Rust Remover is a surface-preparation or cleanup product for removing the residue named in the product from compatible materials before refinishing. Its role is to leave the surface ready for the next repair or coating step without assuming compatibility with every material. Test first, then follow the label for dilution, dwell time, rinsing, ventilation and protective equipment.",,Paints > Driveway Coatings,"rust remover, metal cleaner, surface preparation chemical, corrosion remover",Seal King,TRITON-,https://raw.githubusercontent.com/kinggoff/NewSteelesImages/main/review-images/SK-000000695-seal-king-rust-remover.png?raw=true,Image Added,,,,,,,,,,,,,,,566aa54967efb9e13d0beca003cec169866e205a8dc0b72d3e57f80bb9cffca7,b734bf0412697d76c0101d51db964b5eb441039e900f62f0f5d769ed6f6fd100
simple,Seal King Paving Stone Sealer Semi,695,SK-000000696,,"Seal King Paving Stone Sealer Semi is a sealer or treatment for compatible concrete, asphalt, paving stone or masonry surfaces as indicated by the product name. Confirm preparation, compatibility, application, coverage and recoat requirements in the current label or technical data sheet. Confirm the exact item and package before ordering.",,Paints > Driveway Coatings,"paver sealer, masonry sealer, protective clear coat, exterior coating",Seal King,TRITON-,https://raw.githubusercontent.com/kinggoff/NewSteelesImages/main/review-images/46-sk-000000696-seal-king-paving-stone-sealer-semi.png?raw=true,Image Added,,,,,,,,,Seal King Paving Stone Sealer Semi Gloss=https://raw.githubusercontent.com/kinggoff/NewSteelesImages/main/PDFs/SDS/seal-king-Seal-King-Paving-Stone-Sealer-Semi-Gloss-SDS.pdf?raw=true,Seal King Paving Stone Sealer - includes Semi Gloss=https://raw.githubusercontent.com/kinggoff/NewSteelesImages/main/PDFs/TDS/seal-king-Seal-King-Paving-Stone-Sealer-TDS.pdf?raw=true,Seal King Paving Stone Sealer Semi Gloss=https://raw.githubusercontent.com/kinggoff/NewSteelesImages/main/PDFs/SDS/seal-king-Seal-King-Paving-Stone-Sealer-Semi-Gloss-SDS.pdf?raw=true,,Seal King Paving Stone Sealer - includes Semi Gloss=https://raw.githubusercontent.com/kinggoff/NewSteelesImages/main/PDFs/TDS/seal-king-Seal-King-Paving-Stone-Sealer-TDS.pdf?raw=true,,fafa2d802d1f835ca2f2f69cd3b404c559e4b749474ee9a832dc4d1ee0cfe138,149310f1ea341c94393d0302b78eba03bb79454c93990aadad2d76ab47aeb20d
simple,Seal King Oil-Off Degreaser,696,SK-000000697,,"Seal King Oil-Off Degreaser is a surface-preparation or cleanup product for removing the residue named in the product from compatible materials before refinishing. Its role is to leave the surface ready for the next repair or coating step without assuming compatibility with every material. Test first, then follow the label for dilution, dwell time, rinsing, ventilation and protective equipment.",,Paints > Driveway Coatings,"degreaser, oil stain remover, masonry cleaner, surface preparation chemical, heavy-duty cleaner, surface preparation cleaner, concentrated cleaner",Seal King,TRITON-,https://raw.githubusercontent.com/kinggoff/NewSteelesImages/main/review-images/SK-000000697-seal-king-oil-off.png?raw=true,Image Added,,,,,,,,,,,,,,,7a000d0e8e6df7ec4e9595e3f12a38691042bf468b7960a415b98fb414166fdb,224caca44cc8ee5a71b6df7768ff873a40e58a4b140ebd9825ef66a04d38d975
simple,Seal King Natural Stone Sealer Natural L,697,SK-000000698,,"Seal King Natural Stone Sealer Natural L is a sealer or treatment for compatible concrete, asphalt, paving stone or masonry surfaces as indicated by the product name. Confirm preparation, compatibility, application, coverage and recoat requirements in the current label or technical data sheet. Confirm the exact item and package before ordering.",,Paints > Driveway Coatings,"natural stone sealer, masonry sealer, protective clear coat, exterior coating",Seal King,TRITON-,https://raw.githubusercontent.com/kinggoff/NewSteelesImages/main/review-images/SK-000000698-seal-king-natural-stone-sealer-natural-look.png?raw=true,Images for Review,,,,,,,,,Seal King Natural Stone Sealer Natural Look - SK/NSSN=https://raw.githubusercontent.com/kinggoff/NewSteelesImages/main/PDFs/SDS/seal-king-Seal-King-Natural-Stone-Sealer-Natural-Look-SDS.pdf?raw=true,Seal King Natural Stone Sealer - Natural Look and Colour Enhancer - French=https://raw.githubusercontent.com/kinggoff/NewSteelesImages/main/PDFs/TDS/seal-king-Seal-King-Natural-Stone-Sealer-TDS.pdf?raw=true,Seal King Natural Stone Sealer Natural Look - SK/NSSN=https://raw.githubusercontent.com/kinggoff/NewSteelesImages/main/PDFs/SDS/seal-king-Seal-King-Natural-Stone-Sealer-Natural-Look-SDS.pdf?raw=true,,Seal King Natural Stone Sealer - Natural Look and Colour Enhancer - French=https://raw.githubusercontent.com/kinggoff/NewSteelesImages/main/PDFs/TDS/seal-king-Seal-King-Natural-Stone-Sealer-TDS.pdf?raw=true,,44ef599b64d3aa7b057e460b1159a749a9f0af6fec9b80e4e5b343b0649b17f6,e3e130daa860cb2618d725234a1c6b0ad17a70c63cdf2cf33b137a2600b122e6
simple,Seal King Natural Stone Sealer Colour En,698,SK-000000699,,"Seal King Natural Stone Sealer Colour En is a sealer or treatment for compatible concrete, asphalt, paving stone or masonry surfaces as indicated by the product name. Confirm preparation, compatibility, application, coverage and recoat requirements in the current label or technical data sheet. Confirm the exact item and package before ordering.",,Paints > Driveway Coatings,"natural stone sealer, masonry sealer, protective clear coat, exterior coating",Seal King,TRITON-,https://raw.githubusercontent.com/kinggoff/NewSteelesImages/main/review-images/SK-000000699-seal-king-natural-stone-sealer-colour-enhancer.png?raw=true,Image Added,,,,,,,,,Seal King Natural Stone Sealer Colour Enhancer - SK/NSSCE=https://raw.githubusercontent.com/kinggoff/NewSteelesImages/main/PDFs/SDS/seal-king-Seal-King-Natural-Stone-Sealer-Colour-Enhancer-SDS.pdf?raw=true,Seal King Natural Stone Sealer - Natural Look and Colour Enhancer - French=https://raw.githubusercontent.com/kinggoff/NewSteelesImages/main/PDFs/TDS/seal-king-Seal-King-Natural-Stone-Sealer-TDS.pdf?raw=true,Seal King Natural Stone Sealer Colour Enhancer - SK/NSSCE=https://raw.githubusercontent.com/kinggoff/NewSteelesImages/main/PDFs/SDS/seal-king-Seal-King-Natural-Stone-Sealer-Colour-Enhancer-SDS.pdf?raw=true,,Seal King Natural Stone Sealer - Natural Look and Colour Enhancer - French=https://raw.githubusercontent.com/kinggoff/NewSteelesImages/main/PDFs/TDS/seal-king-Seal-King-Natural-Stone-Sealer-TDS.pdf?raw=true,,44ef599b64d3aa7b057e460b1159a749a9f0af6fec9b80e4e5b343b0649b17f6,11701cc34b47533036949060d7dac10d0366d623859b97817fc7eca1a3e188ec
simple,Seal King Grease Release,699,SK-000000700,,"Seal King Grease Release is a surface-preparation or cleanup product for removing the residue named in the product from compatible materials before refinishing. Confirm preparation, compatibility, application, coverage and recoat requirements in the current label or technical data sheet. Confirm the exact item and package before ordering.",,Paints > Driveway Coatings,"degreaser, oil stain remover, masonry cleaner, surface preparation chemical",Seal King,TRITON-,https://raw.githubusercontent.com/kinggoff/NewSteelesImages/main/review-images/SK-000000700-seal-king-grease-release.png?raw=true,Image Added,,,,,,,,,,,,,,,0180983701f0d8702fed0ff06bae65f7d92394fa1ac4a5d1d1679030cefd472b,acf85872974bac99444d6e9c9215f07d97a2ff21f85ab3217ff2d7a650b719f7
simple,Seal King Efflorescence Cleane,700,SK-000000701,,"Seal King Efflorescence Cleane is a surface-preparation or cleanup product for removing the residue named in the product from compatible materials before refinishing. Confirm preparation, compatibility, application, coverage and recoat requirements in the current label or technical data sheet. Confirm the exact item and package before ordering.",,Paints > Driveway Coatings,"efflorescence cleaner, masonry cleaner, acidic surface cleaner, surface preparation chemical",Seal King,TRITON-,https://raw.githubusercontent.com/kinggoff/NewSteelesImages/main/review-images/SK-000000701-seal-king-efflorescence-cleaner.png?raw=true,Image Added,,,,,,,,,,,,,,,73f37bda224d7c9b6ec190144b421503f3442a1e513b1800d1b8961ca9a7c1c7,49b04e1f77ef89b721fc52239be4dddc7f2455d280919b644295749905a541e2
simple,Seal King Easy Strip,701,SK-000000702,,"Seal King Easy Strip is a surface-preparation or cleanup product for removing the residue named in the product from compatible materials before refinishing. Confirm preparation, compatibility, application, coverage and recoat requirements in the current label or technical data sheet. Confirm the exact item and package before ordering.",,Paints > Driveway Coatings,"coating remover, paint remover, finish stripper, surface preparation chemical",Seal King,TRITON-,https://raw.githubusercontent.com/kinggoff/NewSteelesImages/main/review-images/SK-000000702-seal-king-easy-strip.png?raw=true,Image Added,,,,,,,,,,,,,,,2eb1d52a1de9bb3e80c8f583f51e730dfedf62e2fa8a24f7b83356c6071fa40a,0e47ef5c3aecf046b16b9251772034c299b2d75b470c7ba1c9711eff677c07ae
simple,Seal King Basement Floor Seale Clear,702,SK-000000703,,"Seal King Basement Floor Seale Clear is a coating formulated for the interior, exterior, specialty or industrial use indicated by its product name and category. Confirm preparation, compatibility, application, coverage and recoat requirements in the current label or technical data sheet. Confirm the exact item and package before ordering.",,Paints > Driveway Coatings,"basement floor sealer, concrete sealer, clear floor coating, protective coating",Seal King,TRITON-,https://raw.githubusercontent.com/kinggoff/NewSteelesImages/main/review-images/47-sk-000000703-seal-king-basement-floor-seale-clear.png?raw=true,Image Added,,,,,,,,,Seal King Basement Floor Sealer Clear - SK/BFS=https://raw.githubusercontent.com/kinggoff/NewSteelesImages/main/PDFs/SDS/seal-king-Seal-King-Basement-Floor-Sealer-Clear-SDS.pdf?raw=true,Seal King Basement Floor Sealer Clear=https://raw.githubusercontent.com/kinggoff/NewSteelesImages/main/PDFs/TDS/seal-king-Seal-King-Basement-Floor-Sealer-Clear-TDS.pdf?raw=true,Seal King Basement Floor Sealer Clear - SK/BFS=https://raw.githubusercontent.com/kinggoff/NewSteelesImages/main/PDFs/SDS/seal-king-Seal-King-Basement-Floor-Sealer-Clear-SDS.pdf?raw=true,,Seal King Basement Floor Sealer Clear=https://raw.githubusercontent.com/kinggoff/NewSteelesImages/main/PDFs/TDS/seal-king-Seal-King-Basement-Floor-Sealer-Clear-TDS.pdf?raw=true,,d10b8b7c6d18c850a069fbcb8005bc6653213381b2598fb23fa31de220e73e93,d1369c6cb4123e28df67e6c08833fdc73e145781003e0c7c60fb268dbf060272
simple,Allpro Spray Can Fire Engine Red,703,AP-000000704,,"Allpro Spray Can Fire Engine Red is an aerosol coating or treatment for the colour, effect or repair task stated in the product name on a compatible prepared surface. Confirm preparation, compatibility, application, coverage and recoat requirements in the current label or technical data sheet. Confirm the exact item and package before ordering.",,Paints > Aerosols,"spray paint, aerosol paint, specialty coating, decorative coating",AllPro,CANPRO,https://raw.githubusercontent.com/kinggoff/NewSteelesImages/main/review-images/AP-000000704-allpro-spray-fire-engine-red.png?raw=true,Image Added,,,,,,,,,ALLPRO Spray Enamel Fire Engine Red - 11051=https://raw.githubusercontent.com/kinggoff/NewSteelesImages/main/PDFs/SDS/allpro-ALLPRO-Spray-Enamel-Fire-Engine-Red-11051-SDS.pdf?raw=true,ALLPRO Spray Enamel 11050-11068 - includes 11051 Fire Engine Red=https://raw.githubusercontent.com/kinggoff/NewSteelesImages/main/PDFs/TDS/allpro-ALLPRO-Spray-Enamel-11050-11068-TDS.pdf?raw=true,ALLPRO Spray Enamel Fire Engine Red - 11051=https://raw.githubusercontent.com/kinggoff/NewSteelesImages/main/PDFs/SDS/allpro-ALLPRO-Spray-Enamel-Fire-Engine-Red-11051-SDS.pdf?raw=true,,ALLPRO Spray Enamel 11050-11068 - includes 11051 Fire Engine Red=https://raw.githubusercontent.com/kinggoff/NewSteelesImages/main/PDFs/TDS/allpro-ALLPRO-Spray-Enamel-11050-11068-TDS.pdf?raw=true,,5352c64fac155cc3b5a832c2eb6ff0c302aee6a399cef5149723b53f893b83ba,3d4d0c6822f2c3bafbbb3fc2285a0bba198689a67495f7bc7c2a3ea00e9e8535
simple,Frog Tape Pro Grade Blue,704,FT-000000705,,"Frog Tape Pro Grade Blue from FrogTape is a masking or project tape for defining paint lines, securing protection or joining compatible materials during preparation and finishing work. Review the listed format and current manufacturer instructions to confirm compatibility, safe use, cleaning and storage for the intended job.",,Painting Tools & Accessories > Tools,"masking tape, painter's tape, pressure-sensitive tape, painting accessory",FrogTape,SHURTAP,https://raw.githubusercontent.com/kinggoff/NewSteelesImages/main/review-images/48-ft-000000705-frog-tape-pro-grade-blue.png?raw=true,Image Added,,,,,,,,,,,,,,,0bd3f36fd1f330eb6b3a948c7bcfe8c965898514fc575295dc3f507a7e3afe84,fbd096e1b6688934da68012dabc44bad451c4b6aead35832b26a7b5f3ed6bc83
simple,"FrogTape Delicate Surface Painter's Tape 1 1/2""",705,FT-000000706,,"FrogTape Delicate Surface Painter's Tape 1 1/2"" is a masking or project tape for defining paint lines, securing protection or joining compatible materials during preparation and finishing work. Review the listed format and current manufacturer instructions to confirm compatibility, safe use, cleaning and storage for the intended job.",,Painting Tools & Accessories > Tools,"masking tape, painter's tape, pressure-sensitive tape, painting accessory, delicate-surface masking tape",FrogTape,SHURTAP,https://raw.githubusercontent.com/kinggoff/NewSteelesImages/main/review-images/FT-000000706-frogtape-delicate-surface-1-5in.png?raw=true,Images for Review,,,,,,,,,,,,,,,463ad5a6e300dc64331d53b740d2a6e195215a359ed664ef993728a36098bed6,8ae3eeb8d3fb283a374e8db273f8f8dc722cf6a6354e04c6362e496f37c01fd4
simple,"FrogTape Advanced Painter's Tape 1 1/2""",706,FT-000000707,,"FrogTape Advanced Painter's Tape 1 1/2"" is a masking or project tape for defining paint lines, securing protection or joining compatible materials during preparation and finishing work. Review the listed format and current manufacturer instructions to confirm compatibility, safe use, cleaning and storage for the intended job.",,Painting Tools & Accessories > Tools,"masking tape, painter's tape, pressure-sensitive tape, painting accessory",FrogTape,SHURTAP,https://raw.githubusercontent.com/kinggoff/NewSteelesImages/main/review-images/FT-000000707-frogtape-advanced-1-5in.png?raw=true,Images for Review,,,,,,,,,,,,,,,79998c6f35f964ec977da62c4e64361053bb95dc5cabee57bdccb182f4c3d462,3ef4e09a78c3e914d2ffa66a7dd96160a3d7e94cbbca6a0520117130eb9d254c
simple,Frog Tape,707,FT-000000708,,"Frog Tape from FrogTape is a masking or project tape for defining paint lines, securing protection or joining compatible materials during preparation and finishing work. Review the listed format and current manufacturer instructions to confirm compatibility, safe use, cleaning and storage for the intended job.",,Painting Tools & Accessories > Tools,"masking tape, painter's tape, pressure-sensitive tape, painting accessory",FrogTape,SHURTAP,https://raw.githubusercontent.com/kinggoff/NewSteelesImages/main/review-images/FT-000000708-frogtape-multi-surface.png?raw=true,Image Added,,,,,,,,,,,,,,,e1e0851696debcefc975fae78b6ef4ccef5c95064aadf3ea7e87a88ab0b55cee,ad44dafc1275bf08869341c8c007abf7e464bfc5b709000c7368c8168402f109
simple,"Shurtape Green Masking Tape 1 1/2""",708,FT-000000709,,"Shurtape Green Masking Tape 1 1/2"" from FrogTape is a masking or project tape for defining paint lines, securing protection or joining compatible materials during preparation and finishing work. Review the listed format and current manufacturer instructions to confirm compatibility, safe use, cleaning and storage for the intended job.",,Painting Tools & Accessories > Tools,"masking tape, painter's tape, pressure-sensitive tape, painting accessory",FrogTape,SHURTAP,https://raw.githubusercontent.com/kinggoff/NewSteelesImages/main/review-images/FT-000000709-shurtape-green-masking-tape.png?raw=true,Images for Review,,,,,,,,,,,,,,,a323c159c625f66316727bd4c09c963cc81838c167491d898d2e8a6ef94cf482,6d4ec0d11d1ad138c1d862b02590dea9b3292cc6cc0c237057ccba174173616a
simple,Siafast Disc 8 Hole 100 Grit,709,SIA-000000710,,"Siafast Disc 8 Hole 100 Grit is an abrasive product for levelling, smoothing or keying surfaces during staged preparation; the stated grit determines how aggressively it cuts. Review the listed format and current manufacturer instructions to confirm compatibility, safe use, cleaning and storage for the intended job.",,Painting Tools & Accessories > Paint Prep & Repairs,"sandpaper, coated abrasive, surface preparation abrasive, sanding material",Sia,SIA,https://raw.githubusercontent.com/kinggoff/NewSteelesImages/main/review-images/SIA-000000710-siafast-8-hole-100-grit.png?raw=true,Images for Review,,,,,,,,,,,,,,,efb99b8d639103854da0531942f1dd11d9d375b8b2fd43abe832104d984f05f6,45173d163f446b5ff3fb11785a90d9a30ac4a5b2f780056f6298139ef41cc70a
simple,"Sia Soft Roll 3 1/2"" x 11 yd - 100 Grit",710,SIA-000000711,,"Sia Soft Roll 3 1/2"" x 11 yd - 100 Grit is an abrasive product for levelling, smoothing or keying surfaces during staged preparation; the stated grit determines how aggressively it cuts. Review the listed format and current manufacturer instructions to confirm compatibility, safe use, cleaning and storage for the intended job.",,Painting Tools & Accessories > Paint Prep & Repairs,"sandpaper, coated abrasive, surface preparation abrasive, sanding material",Sia,SIA,https://raw.githubusercontent.com/kinggoff/NewSteelesImages/main/review-images/SIA-000000711-siasoft-roll-100-grit.png?raw=true,Images for Review,,,,,,,,,,,,,,,b0fcb5c6ce08090e06182dcdc84d509db9e59a511c0bda4783ac5e8393899020,4ead3d44e0442f9ca6b17a894e5b61e8cb40916639aa99dd7ae261d8c073179e
simple,Sikkens Srd 005 Natural Oak,711,SIK-000000712,,"Sikkens Srd 005 Natural Oak is a wood-finishing product for colouring, conditioning or protecting the compatible interior or exterior wood surface named in the product. Confirm preparation, compatibility, application, coverage and recoat requirements in the current label or technical data sheet. Confirm the exact item and package before ordering.",,Paints > Stains & Varnishes,"exterior wood stain, penetrating wood finish, wood stain, exterior wood finish",Sikkens,PAR03-S,https://raw.githubusercontent.com/kinggoff/NewSteelesImages/main/review-images/SIK-000000712-sikkens-srd-005-natural-oak.png?raw=true,Images for Review,,,,,,,,,PPG ProLuxe SRD RE Natural Oak 005 - SIK250-005/01=https://raw.githubusercontent.com/kinggoff/NewSteelesImages/main/PDFs/SDS/sikkens-PPG-ProLuxe-SRD-RE-Natural-Oak-005-SDS.pdf?raw=true,PPG ProLuxe SRD RE Natural Oak 005 - SIK250-005/01=https://raw.githubusercontent.com/kinggoff/NewSteelesImages/main/PDFs/TDS/sikkens-PPG-ProLuxe-SRD-RE-Natural-Oak-005-TDS.pdf?raw=true,PPG ProLuxe SRD RE Natural Oak 005 - SIK250-005/01=https://raw.githubusercontent.com/kinggoff/NewSteelesImages/main/PDFs/SDS/sikkens-PPG-ProLuxe-SRD-RE-Natural-Oak-005-SDS.pdf?raw=true,,PPG ProLuxe SRD RE Natural Oak 005 - SIK250-005/01=https://raw.githubusercontent.com/kinggoff/NewSteelesImages/main/PDFs/TDS/sikkens-PPG-ProLuxe-SRD-RE-Natural-Oak-005-TDS.pdf?raw=true,,8f51db7d8eb0b0c0131c9363f02c10e9377bcc7a908c300ee10fcc794e9aaa8a,781405ded69e91877f2ea2e866f43bdc2fec34bb2679a9d4bcd7c93e3d9f9ae3
simple,Sikkens Cetol Dek Finish Cedar 077,712,SIK-000000713,,"Sikkens Cetol Dek Finish Cedar 077 is a wood-finishing product for colouring, conditioning or protecting the compatible interior or exterior wood surface named in the product. Confirm preparation, compatibility, application, coverage and recoat requirements in the current label or technical data sheet.",,Paints > Stains & Varnishes,"exterior wood stain, penetrating wood finish, wood stain, exterior wood finish",Sikkens,PAR03-S,https://raw.githubusercontent.com/kinggoff/NewSteelesImages/main/review-images/SIK-000000713-sikkens-cetol-dek-cedar-077.png?raw=true,Images for Review,,,,,,,,,PPG ProLuxe Premium Deck Cedar 077 - SIK44077/01=https://raw.githubusercontent.com/kinggoff/NewSteelesImages/main/PDFs/SDS/sikkens-PPG-ProLuxe-Premium-Deck-Cedar-077-SDS.pdf?raw=true,PPG ProLuxe Premium Deck Cedar 077 - SIK44077/01=https://raw.githubusercontent.com/kinggoff/NewSteelesImages/main/PDFs/TDS/sikkens-PPG-ProLuxe-Premium-Deck-Cedar-077-TDS.pdf?raw=true,PPG ProLuxe Premium Deck Cedar 077 - SIK44077/01=https://raw.githubusercontent.com/kinggoff/NewSteelesImages/main/PDFs/SDS/sikkens-PPG-ProLuxe-Premium-Deck-Cedar-077-SDS.pdf?raw=true,,PPG ProLuxe Premium Deck Cedar 077 - SIK44077/01=https://raw.githubusercontent.com/kinggoff/NewSteelesImages/main/PDFs/TDS/sikkens-PPG-ProLuxe-Premium-Deck-Cedar-077-TDS.pdf?raw=true,,04abf5288c3c04a93ac40a181dacc8d0ab53832c090c221f4c659ac004f60659,03f1253423e4627227f229c4dd51abee8e2ac007aa4157e5cdfe4658a87c82a8
simple,Cetol Door+Window Satin Colorless,713,SIK-000000714,,"Cetol Door+Window Satin Colorless from Sikkens is a wood-finishing product for colouring, conditioning or protecting the compatible interior or exterior wood surface named in the product. Confirm preparation, compatibility, application, coverage and recoat requirements in the current label or technical data sheet.",,Paints > Stains & Varnishes,"exterior wood stain, penetrating wood finish, wood stain, exterior wood finish",Sikkens,PAR03-S,https://raw.githubusercontent.com/kinggoff/NewSteelesImages/main/review-images/SIK-000000714-cetol-door-window-satin-colorless.png?raw=true,Image Added,,,,,,,,,PPG ProLuxe Door & Window Satin Colorless - SIK48003/01=https://raw.githubusercontent.com/kinggoff/NewSteelesImages/main/PDFs/SDS/sikkens-PPG-ProLuxe-Door-Window-Satin-Colorless-SDS.pdf?raw=true,PPG ProLuxe Door & Window Satin Colorless - SIK48003/01=https://raw.githubusercontent.com/kinggoff/NewSteelesImages/main/PDFs/TDS/sikkens-PPG-ProLuxe-Door-Window-Satin-Colorless-TDS.pdf?raw=true,PPG ProLuxe Door & Window Satin Colorless - SIK48003/01=https://raw.githubusercontent.com/kinggoff/NewSteelesImages/main/PDFs/SDS/sikkens-PPG-ProLuxe-Door-Window-Satin-Colorless-SDS.pdf?raw=true,,PPG ProLuxe Door & Window Satin Colorless - SIK48003/01=https://raw.githubusercontent.com/kinggoff/NewSteelesImages/main/PDFs/TDS/sikkens-PPG-ProLuxe-Door-Window-Satin-Colorless-TDS.pdf?raw=true,,7d4d769031aba2aeb871fdcf04115b858532591dbc8b5dfef7a796ad627a6125,f3f664bfa5424ec389cf7e6b031eaefa26b2534dc24fd4e7ce3ad1b3cc9f6cad
simple,Cetol 23 005 Natural Oak,714,SIK-000000715,,"Cetol 23 005 Natural Oak from Sikkens is a wood-finishing product for colouring, conditioning or protecting the compatible interior or exterior wood surface named in the product. Confirm preparation, compatibility, application, coverage and recoat requirements in the current label or technical data sheet.",,Paints > Stains & Varnishes,"exterior wood stain, penetrating wood finish, wood stain, exterior wood finish",Sikkens,PAR03-S,https://raw.githubusercontent.com/kinggoff/NewSteelesImages/main/review-images/SIK-000000715-cetol-23-005-natural-oak.png?raw=true,Images for Review,,,,,,,,,PPG ProLuxe 23 Top Coat RE Natural Oak 005 - SIK43005/01=https://raw.githubusercontent.com/kinggoff/NewSteelesImages/main/PDFs/SDS/sikkens-PPG-ProLuxe-23-Top-Coat-RE-Natural-Oak-005-SDS.pdf?raw=true,PPG ProLuxe 23 Top Coat RE Natural Oak 005 - SIK43005/01=https://raw.githubusercontent.com/kinggoff/NewSteelesImages/main/PDFs/TDS/sikkens-PPG-ProLuxe-23-Top-Coat-RE-Natural-Oak-005-TDS.pdf?raw=true,PPG ProLuxe 23 Top Coat RE Natural Oak 005 - SIK43005/01=https://raw.githubusercontent.com/kinggoff/NewSteelesImages/main/PDFs/SDS/sikkens-PPG-ProLuxe-23-Top-Coat-RE-Natural-Oak-005-SDS.pdf?raw=true,,PPG ProLuxe 23 Top Coat RE Natural Oak 005 - SIK43005/01=https://raw.githubusercontent.com/kinggoff/NewSteelesImages/main/PDFs/TDS/sikkens-PPG-ProLuxe-23-Top-Coat-RE-Natural-Oak-005-TDS.pdf?raw=true,,347a43c24c197e68d336d7eddd79f00df04572902ff3be04f05cd8d4160362c3,05187cd6b29c9c69e5b77328daee3e38b648c68374aa1180df991e04a5f6c344
simple,Cetol 1 005 Natural Oak,715,SIK-000000716,,"Cetol 1 005 Natural Oak from Sikkens is a wood-finishing product for colouring, conditioning or protecting the compatible interior or exterior wood surface named in the product. Confirm preparation, compatibility, application, coverage and recoat requirements in the current label or technical data sheet.",,Paints > Stains & Varnishes,"exterior wood stain, penetrating wood finish, wood stain, exterior wood finish",Sikkens,PAR03-S,https://raw.githubusercontent.com/kinggoff/NewSteelesImages/main/review-images/SIK-000000716-cetol-1-005-natural-oak.png?raw=true,Images for Review,,,,,,,,,PPG ProLuxe 1 Primary Coat RE Natural Oak 005 - SIK41005/01=https://raw.githubusercontent.com/kinggoff/NewSteelesImages/main/PDFs/SDS/sikkens-PPG-ProLuxe-1-Primary-Coat-RE-Natural-Oak-005-SDS.pdf?raw=true,PPG ProLuxe 1 Primary Coat RE Natural Oak 005 - SIK41005/01=https://raw.githubusercontent.com/kinggoff/NewSteelesImages/main/PDFs/TDS/sikkens-PPG-ProLuxe-1-Primary-Coat-RE-Natural-Oak-005-TDS.pdf?raw=true,PPG ProLuxe 1 Primary Coat RE Natural Oak 005 - SIK41005/01=https://raw.githubusercontent.com/kinggoff/NewSteelesImages/main/PDFs/SDS/sikkens-PPG-ProLuxe-1-Primary-Coat-RE-Natural-Oak-005-SDS.pdf?raw=true,,PPG ProLuxe 1 Primary Coat RE Natural Oak 005 - SIK41005/01=https://raw.githubusercontent.com/kinggoff/NewSteelesImages/main/PDFs/TDS/sikkens-PPG-ProLuxe-1-Primary-Coat-RE-Natural-Oak-005-TDS.pdf?raw=true,,f3b867df245409dd74f44a8dcef469ce5adc07bcdd765be6c3c5feab2c9be5ae,a9f82e100a2d0b21982ac6cf2d08143e66a5abdf4c1874c8802790b9a274662a
simple,Smark Dry Erase Paint Clear 200 Sq Ft,716,SIM-000000717,,"Smark Dry Erase Paint Clear 200 Sq Ft from Simiron is a coating formulated for the interior, exterior, specialty or industrial use indicated by its product name and category. Confirm preparation, compatibility, application, coverage and recoat requirements in the current label or technical data sheet.",,Paints > Specialty Paints,"dry erase coating, whiteboard paint, clear specialty coating, two-part coating",Simiron,CANPRO,https://raw.githubusercontent.com/kinggoff/NewSteelesImages/main/review-images/SIM-000000717-smark-dry-erase-clear-200sqft.png?raw=true,Image Added,,,,,,,,,Simiron Smark Fill Me Base component=https://raw.githubusercontent.com/kinggoff/NewSteelesImages/main/PDFs/SDS/simiron-Simiron-Smark-Fill-Me-Base-SDS.pdf?raw=true|Simiron Smark Pour Me Activator component=https://raw.githubusercontent.com/kinggoff/NewSteelesImages/main/PDFs/SDS/simiron-Simiron-Smark-Pour-Me-Activator-SDS.pdf?raw=true,Simiron Smark Clear Dry Erase Paint - includes 200 sq. ft. kit 40002930=https://raw.githubusercontent.com/kinggoff/NewSteelesImages/main/PDFs/TDS/simiron-Simiron-Smark-Clear-Dry-Erase-Paint-TDS.pdf?raw=true,Simiron Smark Fill Me Base component=https://raw.githubusercontent.com/kinggoff/NewSteelesImages/main/PDFs/SDS/simiron-Simiron-Smark-Fill-Me-Base-SDS.pdf?raw=true|Simiron Smark Pour Me Activator component=https://raw.githubusercontent.com/kinggoff/NewSteelesImages/main/PDFs/SDS/simiron-Simiron-Smark-Pour-Me-Activator-SDS.pdf?raw=true,,Simiron Smark Clear Dry Erase Paint - includes 200 sq. ft. kit 40002930=https://raw.githubusercontent.com/kinggoff/NewSteelesImages/main/PDFs/TDS/simiron-Simiron-Smark-Clear-Dry-Erase-Paint-TDS.pdf?raw=true,,69062bfb37a38798eb52c34e3cbf1c982b1b5e6017c19b8d3ca84269156018af,fc8be1490b3f6bf228f3bc959e0b0b6d47662cfa625e47de1779c282b9bf3a08
simple,Sioux Orbital Sander Velcro,717,SIO-000000718,,"Sioux Orbital Sander Velcro is a powered sander for controlled surface preparation using the compatible abrasive format and grit specified for the task. Match it to the surface, work progressively, and use suitable eye, hand and respiratory protection for the material being removed. Confirm the exact item and package before ordering.",,Painting Tools & Accessories > Tools,"power sander, orbital sander, surface preparation tool, power tool",Sioux,UFS01,https://raw.githubusercontent.com/kinggoff/NewSteelesImages/main/review-images/SIO-000000718-sioux-orbital-sander-velcro.png?raw=true,Images for Review,,,,,,,,,,,,,,,01c9b7e23c1195433bfde9b1144d5c9c8bf9ce8a91baf3fd1c99ac9ed8fb92b6,56f238dde765e23f77833b433b5972fc299cb9a173cd0191a9a4a462e96a1a88
simple,Sioux Orbital Sander,718,SIO-000000719,,"Sioux Orbital Sander is a powered sander for controlled surface preparation using the compatible abrasive format and grit specified for the task. Match it to the surface, work progressively, and use suitable eye, hand and respiratory protection for the material being removed. Confirm the exact item and package before ordering.",,Painting Tools & Accessories > Tools,"power sander, orbital sander, surface preparation tool, power tool",Sioux,UFS01,https://raw.githubusercontent.com/kinggoff/NewSteelesImages/main/review-images/SIO-000000719-sioux-orbital-sander.png?raw=true,Images for Review,,,,,,,,,,,,,,,f89f6ec128ebb0c2f76a577d9f36bc47e7140facaa29864b59400d5e7da18cd2,9c5c26213ab7aad7d166576614ce3cc9a391f8c3eca7ed20eb00ce3689fe5431
simple,Sunshield C-Tone,719,SUN-000000720,,"Sunshield C-Tone is a wood-finishing product for colouring, conditioning or protecting the compatible interior or exterior wood surface named in the product. Confirm preparation, compatibility, application, coverage and recoat requirements in the current label or technical data sheet. Confirm the exact item and package before ordering.",,Paints > Stains & Varnishes,"exterior wood stain, penetrating wood finish, tinted wood finish, wood preservative",SunShield,SUN01-S,https://raw.githubusercontent.com/kinggoff/NewSteelesImages/main/review-images/SUN-000000720-sunshield-c-tone.png?raw=true,Images for Review,,,,,,,,,,,,,,,b875613adadb3c8829a4fdc04e15c455ac1bd12add74af93923e10051c9255f4,b9d82f6dfd3c64e2c3c272591927ac5ae4d456cd5842a5ad0878b0824ab3a522
simple,Sunshield Clear,720,SUN-000000721,,"Sunshield Clear is a wood-finishing product for colouring, conditioning or protecting the compatible interior or exterior wood surface named in the product. Confirm preparation, compatibility, application, coverage and recoat requirements in the current label or technical data sheet. Confirm the exact item and package before ordering.",,Paints > Stains & Varnishes,"clear wood finish, exterior wood finish, penetrating wood finish, wood preservative",SunShield,SUN01-S,https://raw.githubusercontent.com/kinggoff/NewSteelesImages/main/review-images/SUN-000000721-sunshield-clear.png?raw=true,Images for Review,,,,,,,,,,,,,,,b875613adadb3c8829a4fdc04e15c455ac1bd12add74af93923e10051c9255f4,7341d54a7834dd94607ee8ee631a0cce1cc2aa71b7cf372aa548fd33c53d7cf0
simple,Simms Tray Arm,721,SIM-000000722,,"Simms Tray Arm is a reusable roller frame or handle for mounting a compatible cover and applying paint to the intended surface area. Selection should be based on the specific task, material, working conditions and compatible products in the complete system. Choose the listed size for the surface and coating, then clean or dispose of the applicator according to current product guidance.",,Painting Tools & Accessories > Tools,"paint tray arm, roller tray support, paint tray accessory, painting tool",Simms,SIMMS,https://raw.githubusercontent.com/kinggoff/NewSteelesImages/main/review-images/SIM-000000722-simms-tray-arm.png?raw=true,Image Added,,,,,,,,,,,,,,,72a75e82168ba58ea737f0a8392551be79d96c4ee3a7d6108b5ead8e2f1642b0,1d4fc1ddf8f80b9f87901f10d9b93351e4d944b3be1b4223b196b1c3fb36bbbf
simple,"Gold Leaf 6.5"" x 6.5"" Box of 10,000",722,TGL-000000723,,"Gold Leaf 6.5"" x 6.5"" Box of 10,000 from The Gold Leaf Company is a decorative gilding material or system component for creating metallic leaf finishes on compatible prepared surfaces. Confirm preparation, compatibility, application, coverage and recoat requirements in the current label or technical data sheet.",,Specialty & Decorative Products > Gold Leaf,"gold leaf, metal leaf, gilding material, decorative finish",The Gold Leaf Company,GOLDLEAF,https://raw.githubusercontent.com/kinggoff/NewSteelesImages/main/review-images/TGL-000000723-gold-leaf-box-10000.png?raw=true,Images for Review,,,,,,,,,,,,,,,3c09ea4513c15bd012872b4890c582711441b7432df29d3f6060e2ea698b387c,df893479e7c9881579c7a01b43525f1ea0e8df10dd8247fabd7e34d08b504109
simple,Wagner Furno Heat Gun,723,TIT-000000724,,"Wagner Furno Heat Gun from Titan is an electric heat gun for controlled heating tasks such as softening coatings, removing labels and assisting other compatible repair work. Confirm model compatibility and pressure rating, then follow the equipment manual for setup, flushing, maintenance and safe operation.",,Spray Equipment Sales & Service > Titan,"heat gun, paint stripping tool, power tool, hot-air tool",Titan,TIT01-S,https://raw.githubusercontent.com/kinggoff/NewSteelesImages/main/review-images/TIT-000000724-wagner-furno-heat-gun.png?raw=true,Images for Review,,,,,,,,,,,,,,,f423508714eec9c0ea7440c132d50ea233380e4d335c960a35175cdef7310e35,bdc6fe5553f1e1d8ef7e1611928166a56bf8f869d7f1f443a81d18dd52f05474
simple,Titan Synergy Fine Finish Tip,724,TIT-000000725,,"Titan Synergy Fine Finish Tip is an airless spray tip that controls fan width and material flow; the exact tip size must be matched to the coating, sprayer and desired finish. Confirm model compatibility and pressure rating, then follow the equipment manual for setup, flushing, maintenance and safe operation.",,Spray Equipment Sales & Service > Titan,"airless spray tip, sprayer nozzle, paint sprayer accessory, coating application part",Titan,TIT01-S,https://raw.githubusercontent.com/kinggoff/NewSteelesImages/main/review-images/49-tit-000000725-titan-synergy-fine-finish-tip.png?raw=true,Image Added,,,,,,,,,,,,,,,c1d7fef05a31c8d585e9b96627ed12b322746d566cff01d9fc09d33f982e2275,5e0c80beeec007d87e6036cf853ab77724b4c24e94e24451b4e6fa5ecabbc158
simple,Titan Sc-6 Plus Red Tip,725,TIT-000000726,,"Titan Sc-6 Plus Red Tip is an airless spray tip that controls fan width and material flow; the exact tip size must be matched to the coating, sprayer and desired finish. Confirm model compatibility and pressure rating, then follow the equipment manual for setup, flushing, maintenance and safe operation.",,Spray Equipment Sales & Service > Titan,"airless spray tip, sprayer nozzle, paint sprayer accessory, coating application part",Titan,TIT01-S,https://raw.githubusercontent.com/kinggoff/NewSteelesImages/main/review-images/50-tit-000000726-titan-sc-6-plus-red-tip.png?raw=true,Image Added,,,,,,,,,,,,,,,76650404d604dc95f8d56fc9f09d0877cb66998d69c9416dc0daed772d85ceaa,56e699ee2020d78dc84d959f00161d3eaef4c46ffaf0d108f6827e1cae8cdc14
simple,Titan Rx-80 2 Finger W/Tr2,726,TIT-000000727,,"Titan Rx-80 2 Finger W/Tr2 is a paint-spray gun or gun package for delivering compatible coatings through the specified spray system. Selection should be based on the specific task, material, working conditions and compatible products in the complete system. Confirm model compatibility and pressure rating, then follow the equipment manual for setup, flushing, maintenance and safe operation.",,Spray Equipment Sales & Service > Titan,"airless spray gun, paint spray gun, coating application equipment, professional spray equipment",Titan,TIT01-S,https://raw.githubusercontent.com/kinggoff/NewSteelesImages/main/review-images/TIT-000000727-titan-rx80-2-finger.png?raw=true,Images for Review,,,,,,,,,,,,,,,7d036aea1d87abc4e7df93633f2303b1b1405c9aa8ec54ffd26a3c2ff755b6c4,c27cfee445adb29b99df82bd26b95ba69ad41f9815823549e2e450ebdfb00b0a
simple,Titan Piston Lube Qt,727,TIT-000000728,,"Titan Piston Lube Qt is a maintenance lubricant for compatible airless sprayer piston and packing assemblies. Selection should be based on the specific task, material, working conditions and compatible products in the complete system. Confirm model compatibility and pressure rating, then follow the equipment manual for setup, flushing, maintenance and safe operation.",,Spray Equipment Sales & Service > Titan,"sprayer lubricant, pump lubricant, paint sprayer maintenance product, equipment lubricant",Titan,TIT01-S,https://raw.githubusercontent.com/kinggoff/NewSteelesImages/main/review-images/TIT-000000728-titan-piston-lube-quart.png?raw=true,Image Added,,,,,,,,,,,,,,,7efb9b33c56b2aa085a32919625f9b19332e8da7d087d1242a5a6bcd6e5b59e4,e60c500a2728bcc29cb979af788847260acd6d6aa28a55495d237eb311633482
simple,Titan Piston Lube,728,TIT-000000729,,"Titan Piston Lube is a maintenance lubricant for compatible airless sprayer piston and packing assemblies. Selection should be based on the specific task, material, working conditions and compatible products in the complete system. Confirm model compatibility and pressure rating, then follow the equipment manual for setup, flushing, maintenance and safe operation.",,Spray Equipment Sales & Service > Titan,"sprayer lubricant, pump lubricant, paint sprayer maintenance product, equipment lubricant",Titan,TIT01-S,https://raw.githubusercontent.com/kinggoff/NewSteelesImages/main/review-images/TIT-000000729-titan-piston-lube.png?raw=true,Image Added,,,,,,,,,,,,,,,238404e7450571387ed2a90874e8f9bcb8bcea4171d0a06e0411a324197c918d,9b6363ee0f30fcb1414d1294d99d8686a4fcf342ddc89c787b5c9ffdcd1d095b
simple,Titan Impact X440 Airless,729,TIT-000000730,,"Titan Impact X440 Airless is a professional paint-spray system for applying compatible architectural or finishing coatings; capacity and setup should be matched to the material and project. Confirm model compatibility and pressure rating, then follow the equipment manual for setup, flushing, maintenance and safe operation.",,Spray Equipment Sales & Service > Titan,"paint sprayer, airless paint sprayer, coating application equipment, professional spray equipment",Titan,TIT01-S,https://raw.githubusercontent.com/kinggoff/NewSteelesImages/main/review-images/51-tit-000000730-titan-impact-x440-airless.png?raw=true,Image Added,,,,,,,,,,,,,,,12a49b1c5441ca8651c8c0ec95329b32f00108d3378c98fcd52ac04c738f4a4b,51db6d6c7cff125cb61087cfb6561bca6cefb69211db72cd7561e560a516ab2a
simple,Titan Impact X 120 Backpack,730,TIT-000000731,,"Titan Impact X 120 Backpack is a backpack paint-sprayer system that carries the coating supply for mobile airless application with compatible Titan equipment. Confirm model compatibility and pressure rating, then follow the equipment manual for setup, flushing, maintenance and safe operation. Confirm the exact item and package before ordering.",,Spray Equipment Sales & Service > Titan,"backpack paint sprayer, airless paint sprayer, portable spray system, coating application equipment",Titan,TIT01-S,https://raw.githubusercontent.com/kinggoff/NewSteelesImages/main/review-images/52-tit-000000731-titan-impact-x-120-backpack.png?raw=true,Image Added,,,,,,,,,,,,,,,c5877167fc59280354e45980243c3c5555e63dddff42021bc62d42aa88469a28,67278508581b924612c7c89c7cde01d4ecd46d89625ab964c80ec72de76e69b8
simple,Titan Hea Tips,731,TIT-000000732,,"Titan Hea Tips is an airless spray tip that controls fan width and material flow; the exact tip size must be matched to the coating, sprayer and desired finish. Confirm model compatibility and pressure rating, then follow the equipment manual for setup, flushing, maintenance and safe operation. Confirm the exact item and package before ordering.",,Spray Equipment Sales & Service > Titan,"airless spray tip, sprayer nozzle, paint sprayer accessory, coating application part",Titan,TIT01-S,https://raw.githubusercontent.com/kinggoff/NewSteelesImages/main/review-images/TIT-000000732-titan-hea-tips.png?raw=true,Images for Review,,,,,,,,,,,,,,,a894937d4f7ad7769324d1666434a58038c8384dc4b02ba136b2eff070f0cfa1,1abb212922be7e151c700c7586beb5cdd9ab5ff54fe43c3026b94b23501c19c6
simple,Titan Gun Extension,732,TIT-000000733,,"Titan Gun Extension is a spray-gun extension for reaching ceilings, walls and other elevated or recessed areas with compatible airless equipment. Confirm model compatibility and pressure rating, then follow the equipment manual for setup, flushing, maintenance and safe operation. Confirm the exact item and package before ordering.",,Spray Equipment Sales & Service > Titan,"spray gun extension, paint sprayer accessory, extension wand, coating application part",Titan,TIT01-S,https://raw.githubusercontent.com/kinggoff/NewSteelesImages/main/review-images/53-tit-000000733-titan-gun-extension.png?raw=true,Image Added,,,,,,,,,,,,,,,48277a87ef004039b9559b2842934b7dac01730c7cab30dea9f8d207dd5bbf06,70f859b669f3df0fdd08bc406db3ff071ef14c64a476d399de6b39bb9744bdcb
simple,Titan 640I Impact Skid,733,TIT-000000734,,"Titan 640I Impact Skid is a professional skid-mounted airless paint sprayer for applying compatible architectural coatings. Selection should be based on the specific task, material, working conditions and compatible products in the complete system. Confirm model compatibility and pressure rating, then follow the equipment manual for setup, flushing, maintenance and safe operation.",,Spray Equipment Sales & Service > Titan,"skid-mounted paint sprayer, airless paint sprayer, professional spray system, coating application equipment",Titan,TIT01-S,https://raw.githubusercontent.com/kinggoff/NewSteelesImages/main/review-images/54-tit-000000734-titan-640i-impact-skid.png?raw=true,Image Added,,,,,,,,,,,,,,,78005b7f168547e9c2a761ae3d0e180ddc0c0258765b7bc3ebd194b0e6d96995,66e97c34099e9b0d7ab34a8f0e6e156b5067e8fee2ace52e5aec723f9ef107a3
simple,Titan Airless Hose,734,TIT-000000735,,"Titan Airless Hose is a high-pressure hose for connecting compatible airless spray equipment to the gun while carrying coating material under operating pressure. Confirm model compatibility and pressure rating, then follow the equipment manual for setup, flushing, maintenance and safe operation. Confirm the exact item and package before ordering.",,Spray Equipment Sales & Service > Titan,"airless spray hose, paint sprayer hose, high-pressure hose, spray equipment accessory",Titan,TIT01-S,https://raw.githubusercontent.com/kinggoff/NewSteelesImages/main/review-images/TIT-000000735-titan-airless-hose.png?raw=true,Image Added,,,,,,,,,,,,,,,0f64fe41b3a217e8cc324702f9d274d6dcf1f8cee0777d2769b5e27dc592bfcc,5011b7b72cdf59a316a896d21b6c996599a39c915d161ac2106045777286810c
simple,Titan Hose,735,TIT-000000736,,"Titan Hose is a high-pressure hose for connecting compatible airless spray equipment to the gun while carrying coating material under operating pressure. Confirm model compatibility and pressure rating, then follow the equipment manual for setup, flushing, maintenance and safe operation. Confirm the exact item and package before ordering.",,Spray Equipment Sales & Service > Titan,"airless spray hose, paint sprayer hose, spray equipment accessory, high-pressure hose",Titan,TIT01-S,https://raw.githubusercontent.com/kinggoff/NewSteelesImages/main/review-images/TIT-000000736-titan-hose.png?raw=true,Images for Review,,,,,,,,,,,,,,,996eb0f00e51d87737e7deb03a2d8047bb539d36b2dc34e4083d69961d9a0e5e,c2749275d6b05f7d3b3259360c39031b6f61e551c7aa340ac0f57adbdcb06d37
simple,Gun Filter 60 Mesh,736,TIT-000000737,,"Gun Filter 60 Mesh from Titan is a replacement spray-gun or system filter that helps screen coating debris and reduce tip clogs in compatible equipment. Confirm model compatibility and pressure rating, then follow the equipment manual for setup, flushing, maintenance and safe operation. Confirm the exact item and package before ordering.",,Spray Equipment Sales & Service > Titan,"spray gun filter, paint sprayer filter, spray equipment accessory, replacement filter",Titan,TIT01-S,https://raw.githubusercontent.com/kinggoff/NewSteelesImages/main/review-images/55-tit-000000737-gun-filter-60-mesh.png?raw=true,Image Added,,,,,,,,,,,,,,,6aee968005fabb4cc1bdd67ed00a453e020a017c337ceaa8c0e5953209bc12a3,7526d555fa344b981a63545cd84b5ae84738b159fc3cca70ec88bfa52067f76f
simple,Capspray 106,737,TIT-000000738,,"Capspray 106 from Titan is a professional paint-spray system for applying compatible architectural or finishing coatings; capacity and setup should be matched to the material and project. Confirm model compatibility and pressure rating, then follow the equipment manual for setup, flushing, maintenance and safe operation.",,Spray Equipment Sales & Service > Titan,"hvlp turbine sprayer, paint spray system, coating application equipment, professional spray equipment",Titan,TIT01-S,https://raw.githubusercontent.com/kinggoff/NewSteelesImages/main/review-images/TIT-000000738-titan-capspray-106.png?raw=true,Images for Review,,,,,,,,,,,,,,,b0e1430ee8a0cea3bc55d7a66ee33a049c47882f1ea1689c9af3352475002d6a,5a4d275fafbfb2e7870ee5d6b1822a948e0bb1f90d5834a14c40c7335a5e0d59
simple,Durapro Premium Contact Cement,738,TOO-000000739,,"Durapro Premium Contact Cement from Toolway is an adhesive or repair compound for joining compatible materials; bond strength depends on surface preparation, fit, cure and the specific substrates involved. Prepare both surfaces and follow the label for mixing where required, open or working time, assembly, clamping and cure.",,Painting Tools & Accessories > Paint Prep & Repairs,"contact cement, solvent-based adhesive, construction adhesive, laminate adhesive",Toolway,TOO01,https://raw.githubusercontent.com/kinggoff/NewSteelesImages/main/review-images/TOO-000000739-durapro-premium-contact-cement.png?raw=true,Image Added,,,,,,,,,,,,,,,30812174610fdf120f2257f1bed3b7dda426a78cfeae9f6cce7b10012b41b4a1,5ae5c2098e73699e795ee2fbd34a84c85214195ab411f78236132c06523eb8a3
simple,Wire Brush Set,739,PC-000000740,,"Wire Brush Set from PC Products is a paint or decorative-finish brush whose stated shape, filament and size are intended to provide control for the named application. Choose the listed size for the surface and coating, then clean or dispose of the applicator according to current product guidance. Confirm the exact item and package before ordering.",,Painting Tools & Accessories > Tools,"wire brush, surface preparation brush, rust-removal tool, hand tool",PC Products,TOO01,https://raw.githubusercontent.com/kinggoff/NewSteelesImages/main/review-images/PC-000000740-wire-brush-set.png?raw=true,Images for Review,,,,,Variants,"9"" x 3PC | 7"" x 3PC",1,1,,,,,,,1401ccced0b4f26af487107abef2555fc09f66cf61850d154d3c7d14515a7f34,99191cc2b1fb32babea9549c53228f46ec02fee8be18ef5b3c449d1285bc76fc
simple,Twx Neoprene Knee Pads,740,TOO-000000741,,"Twx Neoprene Knee Pads from Toolway is protective knee pads for painting, flooring and maintenance tasks that require extended kneeling. Selection should be based on the specific task, material, working conditions and compatible products in the complete system. Confirm fit, compatibility and required protection before use, and follow the current safety instructions for the actual workplace hazard.",,Painting Tools & Accessories > Clothing & Safety,"knee pads, knee protection, jobsite safety gear, personal protective equipment",Toolway,TOO01,https://raw.githubusercontent.com/kinggoff/NewSteelesImages/main/review-images/TOO-000000741-twx-neoprene-knee-pads.png?raw=true,Image Added,,,,,,,,,,,,,,,d9cd803a3ba8557e6a6b95cb81f92ee911dc43ad2830baf21748822ab78f2edf,d674b16e22d06f71c50f49bbcb6e875be3fad928e213a03171e13ac7fbb2834d
simple,Toolway Foam Knee Pads,741,TOO-000000742,,"Toolway Foam Knee Pads is protective knee pads for painting, flooring and maintenance tasks that require extended kneeling. Selection should be based on the specific task, material, working conditions and compatible products in the complete system. Confirm fit, compatibility and required protection before use, and follow the current safety instructions for the actual workplace hazard.",,Painting Tools & Accessories > Clothing & Safety,"knee pads, knee protection, jobsite safety gear, personal protective equipment",Toolway,TOO01,https://raw.githubusercontent.com/kinggoff/NewSteelesImages/main/review-images/TOO-000000742-toolway-foam-knee-pads.png?raw=true,Images for Review,,,,,,,,,,,,,,,8ff7340bcdf8356c91bf83be9e1fb03e2330fbe73c26ad6b9781c9a7f6924a32,3f4fe39f14fbdbbd0ffc38e7d56e0ae04c3a853cce0c721fce1a9dd3a488ac1d
simple,Polyfilla Prep,742,TOO-000000743,,"Polyfilla Prep from Toolway is a repair material for filling, patching, glazing, rebuilding or stabilizing the compatible wood, drywall, window or masonry surface indicated by the product name. Review the listed format and current manufacturer instructions to confirm compatibility, safe use, cleaning and storage for the intended job.",,Painting Tools & Accessories > Paint Prep & Repairs,"spackling compound, wall repair filler, patching compound, surface repair product",Toolway,TOO01,https://raw.githubusercontent.com/kinggoff/NewSteelesImages/main/review-images/TOO-000000743-polyfilla-prep.png?raw=true,Image Added,,,,,,,,,,,,,,,03c29a75702204343aaf88d52e45bfc2ecd1c7c9f371adb60803cc92d0456af0,0625fa110398e4bf6e2ed0fab76738bd6cd5745e4b2abc6d3c85ee34b0ac611b
simple,Plastic Mud Pan,743,TOO-000000744,,"Plastic Mud Pan from Toolway is a hand-finishing tool for applying, shaping or smoothing patching compound, joint compound, filler or wallcovering material. Lay it over a clean, dry area, secure the edges safely, and confirm that any adhesive or film suits the underlying finish. Confirm the exact item and package before ordering.",,Painting Tools & Accessories > Tools,"drywall mud pan, joint compound tray, drywall finishing tool, hand tool",Toolway,TOO01,https://raw.githubusercontent.com/kinggoff/NewSteelesImages/main/review-images/TOO-000000744-plastic-mud-pan.png?raw=true,Images for Review,,,,,,,,,,,,,,,3323ab2e4a629d520d60eacb1d1121ae4f5260522074718dad60eceabd997c9e,bdad4415abcaed75f8f4a51a8411bd2c628c9fd9f983119e86a74562534f6731
simple,Pl Premium Construction Adhesive,744,TOO-000000745,,"Pl Premium Construction Adhesive from Toolway is an adhesive or repair compound for joining compatible materials; bond strength depends on surface preparation, fit, cure and the specific substrates involved. Prepare both surfaces and follow the label for mixing where required, open or working time, assembly, clamping and cure.",,Painting Tools & Accessories > Paint Prep & Repairs,"construction adhesive, polyurethane adhesive, heavy-duty adhesive, cartridge adhesive",Toolway,TOO01,https://raw.githubusercontent.com/kinggoff/NewSteelesImages/main/review-images/TOO-000000745-pl-premium-construction-adhesive.png?raw=true,Image Added,,,,,,,,,,,,,,,f67f43a1e4da76f12f556eb70e2a2f0e537dbd2bc4bcf3fc802df6d1faef8004,3aef3d72b91c1667f7be410f1b00973f9212a9b71a6a9d90ff5fb707232512ba
simple,Muriatic Acid,745,TOO-000000746,,"Muriatic Acid from Toolway is a surface-preparation or cleanup product for removing the residue named in the product from compatible materials before refinishing. Selection should be based on the specific task, material, working conditions and compatible products in the complete system. Test first, then follow the label for dilution, dwell time, rinsing, ventilation and protective equipment.",,Painting Tools & Accessories > Paint Prep & Repairs,"muriatic acid, masonry etcher, acid cleaner, surface preparation chemical",Toolway,TOO01,https://raw.githubusercontent.com/kinggoff/NewSteelesImages/main/review-images/TOO-000000746-muriatic-acid.png?raw=true,Image Added,,,,,,,,,,,,,,,eea04b309486f04075fe027149d96beede2bdeaac54a877fc71da391559403b8,d702b0c7dbf15b9301cb7d99b3a2c589480ede178400010a93adb9739a127d53
simple,Measuring Wheel,746,TOO-000000747,,"Measuring Wheel from Toolway is a rolling measuring tool for estimating longer floor, wall and site distances before material takeoffs or layout. Review the listed format and current manufacturer instructions to confirm compatibility, safe use, cleaning and storage for the intended job. Confirm the exact item and package before ordering.",,Painting Tools & Accessories > Tools,"measuring wheel, distance measuring tool, layout tool, hand tool",Toolway,TOO01,https://raw.githubusercontent.com/kinggoff/NewSteelesImages/main/review-images/TOO-000000747-measuring-wheel.png?raw=true,Images for Review,,,,,,,,,,,,,,,32e9b21cc84b9853c7ee23f250adcecd89eabe85e290ed3ca7fadd7017f867ac,9877e4e3fa83e694f19a8ebc7fa303a6695606dd286cf92653140779e9c30c66
simple,Instant Poly Filla Tube,747,TOO-000000748,,"Instant Poly Filla Tube from Toolway is a repair material for filling, patching, glazing, rebuilding or stabilizing the compatible wood, drywall, window or masonry surface indicated by the product name. Review the listed format and current manufacturer instructions to confirm compatibility, safe use, cleaning and storage for the intended job.",,Painting Tools & Accessories > Paint Prep & Repairs,"spackling compound, wall repair filler, patching compound, surface repair product",Toolway,TOO01,https://raw.githubusercontent.com/kinggoff/NewSteelesImages/main/review-images/TOO-000000748-instant-polyfilla-tube.png?raw=true,Image Added,,,,,,,,,,,,,,,dda78a39a311f6659f49b0eeee93bfb9895e1bf93d84f5efb5d93be18e129b4c,7a02055dc3a5cca54c4193086c08bffcd96fc50551aef7b9d29b3d2a26f369db
simple,"Toolway Heavy-Duty Angled Broom 16"" with 48"" Handle",748,TOO-000000749,,"Toolway Heavy-Duty Angled Broom 16"" with 48"" Handle is a heavy-duty angled broom for collecting dust and jobsite debris before coating or cleanup. Review the listed format and current manufacturer instructions to confirm compatibility, safe use, cleaning and storage for the intended job. Confirm the exact item and package before ordering.",,Painting Tools & Accessories > Tools,"push broom, angled broom, cleaning tool, floor cleaning tool",Toolway,TOO01,https://raw.githubusercontent.com/kinggoff/NewSteelesImages/main/review-images/TOO-000000749-heavy-duty-angled-broom.png?raw=true,Images for Review,,,,,,,,,,,,,,,66eed4963cb73ea5b64af9e233c1e296998165e22f3ec8e99feaa1d18aa9ac07,3b4479a991f8bcb5b430e8cac5d15ac4ff729ad5bb49e04dbce68f8a1ac3f371
simple,EZ Clean Black Garbage Bags 15PK 3MIL,749,TOO-000000750,,"EZ Clean Black Garbage Bags 15PK 3MIL from Toolway is heavy-duty refuse bags for collecting painting and renovation waste within the bag's stated capacity and load limits. Review the listed format and current manufacturer instructions to confirm compatibility, safe use, cleaning and storage for the intended job.",,Painting Tools & Accessories > Tools,"contractor garbage bag, heavy-duty waste bag, cleanup supply, jobsite accessory",Toolway,TOO01,https://raw.githubusercontent.com/kinggoff/NewSteelesImages/main/review-images/TOO-000000750-black-garbage-bags-15pk-3mil.png?raw=true,Images for Review,,,,,,,,,,,,,,,d7a19b5fdf5d28c252b84b213cb27068c6e4da6c20fdf08577bc80ce25414385,c687c1ee29b71308d00b4b7afbbde1076cedd5135eabcc51f5394ea097d876a9
simple,Extension Cord 15M Int/Ext,750,TOO-000000751,,"Extension Cord 15M Int/Ext from Toolway is an indoor/outdoor extension cord for supplying compatible jobsite tools within the cord's marked electrical rating. Review the listed format and current manufacturer instructions to confirm compatibility, safe use, cleaning and storage for the intended job.",,Painting Tools & Accessories > Tools,"extension cord, electrical power cord, jobsite power accessory, outdoor extension cord",Toolway,TOO01,https://raw.githubusercontent.com/kinggoff/NewSteelesImages/main/review-images/TOO-000000751-extension-cord-15m-int-ext.png?raw=true,Images for Review,,,,,,,,,,,,,,,ffe5e771120d44a92a946aca20a13fa13a294e82fde24db3765c446ca05997e0,1389473af17a07ee468a13fd4030cbb65d64417d27efc75925db7fb6674f144b
simple,Allpro Pro Stretch Caulking White,751,AP-000000752,,"Allpro Pro Stretch Caulking White is a gap-filling sealant for compatible joints and seams; substrate, movement, moisture exposure and paintability should be checked for the application. Use on clean, compatible joints and follow the label for gap size, tooling, cure, moisture exposure and paintability.",,Painting Tools & Accessories > Paint Prep & Repairs,"sealant, caulk, joint sealant, gap-filling compound, elastomeric sealant, paintable caulk",AllPro,TOWER,https://raw.githubusercontent.com/kinggoff/NewSteelesImages/main/review-images/AP-000000752-allpro-pro-stretch-caulking-white.png?raw=true,Image Added,,,,,,,,,,,,,,,9ded7ca0a194da9e630f9e0e7a512fb3503890c939da6622698486388e3f8249,0e0ce04cc65596464da8b8e1e3d05014d100b4cc50077c69efe8b57999364750
simple,X-Board Surface Protector,752,TRI-000000753,,"X-Board Surface Protector from Trimaco is a temporary surface-protection material for covering floors, furniture or adjacent areas against dust, drips and ordinary painting debris. Lay it over a clean, dry area, secure the edges safely, and confirm that any adhesive or film suits the underlying finish.",,Painting Tools & Accessories > Tools,"floor protection, surface protection material, protective paper, painting accessory",Trimaco,TRIMACO,https://raw.githubusercontent.com/kinggoff/NewSteelesImages/main/review-images/56-tri-000000753-x-board-surface-protector.png?raw=true,Image Added,,,,,,,,,,,,,,,65c3bf7f6cbcbb4baa91959782b3058c0fcf6a6d02a22d0b7e4a04c1512c1e98,dbf2d6b5204e4b6d2d63086d548d60a3ef81abd1c022f018ee1a36d70984a1b5
simple,Trimaco Protective Film For Carpets,753,TRI-000000754,,"Trimaco Protective Film For Carpets is a temporary surface-protection material for covering floors, furniture or adjacent areas against dust, drips and ordinary painting debris. Lay it over a clean, dry area, secure the edges safely, and confirm that any adhesive or film suits the underlying finish.",,Painting Tools & Accessories > Tools,"carpet protection film, self-adhesive protective film, surface protection, painting accessory",Trimaco,TRIMACO,https://raw.githubusercontent.com/kinggoff/NewSteelesImages/main/review-images/TRI-000000754-protective-film-for-carpets.png?raw=true,Image Added,,,,,,,,,,,,,,,6354727cec3c757347a0028a5e748ce7f1c7759ea074c43a6833e0caa8a73acb,32e718f927033cb75b80504ad4ae8802953899b98d27444d2e17410d9ef76723
simple,Trimaco 90 Day Floorsmart Tape,754,TRI-000000755,,"Trimaco 90 Day Floorsmart Tape is a masking or project tape for defining paint lines, securing protection or joining compatible materials during preparation and finishing work. Review the listed format and current manufacturer instructions to confirm compatibility, safe use, cleaning and storage for the intended job.",,Painting Tools & Accessories > Paint Prep & Repairs,"masking tape, painter's tape, pressure-sensitive tape, painting accessory",Trimaco,TRIMACO,https://raw.githubusercontent.com/kinggoff/NewSteelesImages/main/review-images/TRI-000000755-trimaco-90-day-floorsmart-tape.png?raw=true,Image Added,,,,,,,,,,,,,,,f07c1f56d4bfd865de4711ed0ffa096e187c7ffd97d59df4db8b629fd1f87f48,2f886e8f01b28b8385b004a58b765a75b3013ef40fbfab29f9d0ad6fd2fd7cd8
simple,Stay Put Canvas Plus Runner,755,TRI-000000756,,"Stay Put Canvas Plus Runner from Trimaco is a reusable canvas floor-protection runner with a slip-resistant backing for covering traffic paths during painting and renovation work. Review the listed format and current manufacturer instructions to confirm compatibility, safe use, cleaning and storage for the intended job.",,Painting Tools & Accessories > Tools,"drop cloth, surface protection, painting cover, painting accessory",Trimaco,TRIMACO,https://raw.githubusercontent.com/kinggoff/NewSteelesImages/main/review-images/TRI-000000756-stay-put-canvas-plus-runner.png?raw=true,Image Added,,,,,,,,,,,,,,,a446000a00ec51d089f4f0f983fb6d2533a1ed7232a01d89c765b0ea53ab36c3,45dbfb4ffd38575cf02e2c35dea8a662bd9e43fb185e925e32d8522e8f178e89
simple,Protective Film For Hard Surfaces X,756,TRI-000000757,,"Protective Film For Hard Surfaces X from Trimaco is a temporary surface-protection material for covering floors, furniture or adjacent areas against dust, drips and ordinary painting debris. Lay it over a clean, dry area, secure the edges safely, and confirm that any adhesive or film suits the underlying finish.",,Painting Tools & Accessories > Tools,"hard-surface protection film, self-adhesive protective film, surface protection, painting accessory",Trimaco,TRIMACO,https://raw.githubusercontent.com/kinggoff/NewSteelesImages/main/review-images/TRI-000000757-protective-film-hard-surfaces.png?raw=true,Image Added,,,,,,,,,,,,,,,0695681fc73ca0bd691d57fc1007a55a0dbe82d77a82cd377ca56c20adf9501a,07746854d6c3c253bbfb8596b8345e45a4ae81f170616ec89f0d28861802f492
simple,Gallon Nylon Strainer,757,TRI-000000758,,"Gallon Nylon Strainer from Trimaco is a paint strainer for screening dried particles and debris from compatible coatings before application or transfer. Review the listed format and current manufacturer instructions to confirm compatibility, safe use, cleaning and storage for the intended job. Confirm the exact item and package before ordering.",,Painting Tools & Accessories > Paint Prep & Repairs,"paint strainer, coating filter, paint preparation accessory, painting tool",Trimaco,TRIMACO,https://raw.githubusercontent.com/kinggoff/NewSteelesImages/main/review-images/TRI-000000758-gallon-nylon-strainer.png?raw=true,Image Added,,,,,,,,,,,,,,,bc725be67b52c87cfd56dfbae0844031d16ce4710693a6aa81d63c6972febfa2,650e69abdc0c453183917d3518223aec80d2512a55c42bda4be5bae5e773dc83
simple,Floorshell Seam Tape,758,TRI-000000759,,"Floorshell Seam Tape from Trimaco is a temporary surface-protection material for covering floors, furniture or adjacent areas against dust, drips and ordinary painting debris. Lay it over a clean, dry area, secure the edges safely, and confirm that any adhesive or film suits the underlying finish. Confirm the exact item and package before ordering.",,Painting Tools & Accessories > Paint Prep & Repairs,"floor protection seam tape, reinforcement tape, surface protection accessory, heavy-duty tape",Trimaco,TRIMACO,https://raw.githubusercontent.com/kinggoff/NewSteelesImages/main/review-images/TRI-000000759-floorshell-seam-tape.png?raw=true,Image Added,,,,,,,,,,,,,,,e4fb7016df9deb8981f9933c00f7626c70b39a0494251710660b602508840fec,b1991b73e301aae17966b076e8388d1bcce4340edd998c621f4a06f4e5177b06
simple,Easy Mask Tape N Drape,759,TRI-000000760,,"Easy Mask Tape N Drape from Trimaco is a temporary surface-protection material for covering floors, furniture or adjacent areas against dust, drips and ordinary painting debris. Review the listed format and current manufacturer instructions to confirm compatibility, safe use, cleaning and storage for the intended job.",,Painting Tools & Accessories > Tools,"pre-taped masking film, masking drop cloth, surface protection, painting accessory",Trimaco,TRIMACO,https://raw.githubusercontent.com/kinggoff/NewSteelesImages/main/review-images/TRI-000000760-easy-mask-tape-n-drape.png?raw=true,Image Added,,,,,,,,,,,,,,,debc788e36a6bb7f46d9e9bfc36d82945ccbf76bb629314fd30e91a007fcc506,e1e3cb636556950c11fc920db2421d50b39a71beb9586aae875f4080c4b178e4
simple,Cone Strainer Allpro,760,AP-000000761,,"Cone Strainer Allpro from AllPro is a paint strainer for screening dried particles and debris from compatible coatings before application or transfer. Review the listed format and current manufacturer instructions to confirm compatibility, safe use, cleaning and storage for the intended job. Confirm the exact item and package before ordering.",,Painting Tools & Accessories > Paint Prep & Repairs,"paint strainer, coating filter, paint preparation accessory, painting tool",AllPro,TRIMACO,https://raw.githubusercontent.com/kinggoff/NewSteelesImages/main/review-images/AP-000000761-cone-strainer-allpro.png?raw=true,Images for Review,,,,,,,,,,,,,,,2248f3e9a6ced62e37fddcc8aca15215a4ef5dfb695c5c5b8f6e85c457e86470,77bbcf217447ef50f43db400d1eaac7c7df705ea1956516fab3fd8c2506837ae
simple,Cone Strainer,761,TRI-000000762,,"Cone Strainer from Trimaco is a paint strainer for screening dried particles and debris from compatible coatings before application or transfer. Review the listed format and current manufacturer instructions to confirm compatibility, safe use, cleaning and storage for the intended job. Confirm the exact item and package before ordering.",,Painting Tools & Accessories > Paint Prep & Repairs,"paint strainer, coating filter, paint preparation accessory, painting tool",Trimaco,TRIMACO,https://raw.githubusercontent.com/kinggoff/NewSteelesImages/main/review-images/TRI-000000762-cone-strainer.png?raw=true,Image Added,,,,,,,,,,,,,,,7fa5a36d3f42113ef14c84fdffe4b44ecbf8868acd7a5b7ac359b3b506111505,ca3963f587f2aa06d4c3daa5fe6508b4d2fa248a52fa26ea31ea088e39d94c26
simple,Caution Wet Paint,762,TRI-000000763,,"Caution Wet Paint from Trimaco is a reusable warning sign for marking freshly painted areas and helping keep people away while coatings remain vulnerable. Review the listed format and current manufacturer instructions to confirm compatibility, safe use, cleaning and storage for the intended job. Confirm the exact item and package before ordering.",,Painting Tools & Accessories > Tools,"wet paint sign, caution sign, jobsite safety sign, painting accessory",Trimaco,TRIMACO,https://raw.githubusercontent.com/kinggoff/NewSteelesImages/main/review-images/TRI-000000763-caution-wet-paint.png?raw=true,Images for Review,,,,,,,,,,,,,,,06fc22cff5768431fb3b4458725fbdbea87b06366f87b3a3074d670aff912808,cf815ee0f0de4acc6bb3f61cd43828c1160a6f6c3ea04ff907c47cefb244b362
simple,Allpro Tack Cloth,763,AP-000000764,,"Allpro Tack Cloth is a wiping material for removing dust, grime or light jobsite residue during surface preparation and cleanup. Selection should be based on the specific task, material, working conditions and compatible products in the complete system. Review the listed format and current manufacturer instructions to confirm compatibility, safe use, cleaning and storage for the intended job.",,Painting Tools & Accessories > Paint Prep & Repairs,"tack cloth, surface preparation cloth, dust-removal cloth, painting accessory",AllPro,TRIMACO,https://raw.githubusercontent.com/kinggoff/NewSteelesImages/main/review-images/AP-000000764-allpro-tack-cloth.png?raw=true,Image Added,,,,,,,,,,,,,,,f4d5c7bc43a8cda952da16b2edda3afe07983411f6c1b338fec2311d9673389b,777b3897cb69bb82099c55cdeaff111b013bf127511915a008f25ad62e772d37
simple,Allpro Spray Sock,764,AP-000000765,,"Allpro Spray Sock is jobsite clothing or personal protective wear intended to help keep ordinary paint, dust and surface-preparation debris off the user. Review the listed format and current manufacturer instructions to confirm compatibility, safe use, cleaning and storage for the intended job. Confirm the exact item and package before ordering.",,Painting Tools & Accessories > Tools,"spray hood, protective headwear, painting safety gear, disposable protective clothing",AllPro,TRIMACO,https://raw.githubusercontent.com/kinggoff/NewSteelesImages/main/review-images/AP-000000765-allpro-spray-sock.png?raw=true,Image Added,,,,,,,,,,,,,,,e60dc903cd1b1c573e2976cd11bfc0679d264a8812888282ea0d1bcba819636d,458240d1c1b946c3766b1cc7b3640bf4c3b9db221b8fdc59e06e700ad3a33bdb
simple,Allpro Gallon Nylon Strainer,765,AP-000000766,,"Allpro Gallon Nylon Strainer is a paint strainer for screening dried particles and debris from compatible coatings before application or transfer. Review the listed format and current manufacturer instructions to confirm compatibility, safe use, cleaning and storage for the intended job. Confirm the exact item and package before ordering.",,Painting Tools & Accessories > Tools,"paint strainer, coating filter, paint preparation accessory, painting tool",AllPro,TRIMACO,https://raw.githubusercontent.com/kinggoff/NewSteelesImages/main/review-images/AP-000000766-allpro-gallon-nylon-strainer.png?raw=true,Image Added,,,,,,,,,,,,,,,4a4364c5558bab37df68dee9fdd423289f3dd20428b90549db98640f04c2fbf8,461f74f4a250326bad6c02950bd5086cf6f5de2f2bf1f2ab50bed49cb68c9cb6
simple,AllPro 5-Gallon Nylon Paint Strainer 25PK,766,AP-000000767,,"AllPro 5-Gallon Nylon Paint Strainer 25PK is a paint strainer for screening dried particles and debris from compatible coatings before application or transfer. Review the listed format and current manufacturer instructions to confirm compatibility, safe use, cleaning and storage for the intended job.",,Painting Tools & Accessories > Tools,"paint strainer, coating filter, paint preparation accessory, painting tool",AllPro,TRIMACO,https://raw.githubusercontent.com/kinggoff/NewSteelesImages/main/review-images/AP-000000767-allpro-5-gallon-nylon-paint-strainer-25pk.png?raw=true,Image Added,,,,,,,,,,,,,,,4a4364c5558bab37df68dee9fdd423289f3dd20428b90549db98640f04c2fbf8,a3db1f7004aefb7a1d8b10d9333d70259d0eed31aefdc618e9b9e2cb4d01b7da
simple,Nylon Strainers,767,TRI-000000768,,"Nylon Strainers from Trimaco is a paint strainer for screening dried particles and debris from compatible coatings before application or transfer. Review the listed format and current manufacturer instructions to confirm compatibility, safe use, cleaning and storage for the intended job. Confirm the exact item and package before ordering.",,Painting Tools & Accessories > Paint Prep & Repairs,"paint strainer, coating filter, paint preparation accessory, painting tool",Trimaco,TRIMACO,https://raw.githubusercontent.com/kinggoff/NewSteelesImages/main/review-images/TRI-000000768-nylon-strainers.png?raw=true,Images for Review,,,,,,,,,,,,,,,00aaac9073b91d00db383a574240b845be2dbc5139a760b0093c35a2bd8a9d4f,b2cee105a10358d7a051b3a6de8407ad8e1c67e6df3c26a5138160e968b9a741
simple,"Trimaco 12"" Masking Paper",768,TRI-000000769,,"Trimaco 12"" Masking Paper is a temporary surface-protection material for covering floors, furniture or adjacent areas against dust, drips and ordinary painting debris. Lay it over a clean, dry area, secure the edges safely, and confirm that any adhesive or film suits the underlying finish. Confirm the exact item and package before ordering.",,Painting Tools & Accessories > Paint Prep & Repairs,"masking paper, surface protection paper, paint masking material, painting accessory",Trimaco,TRIMACO,https://raw.githubusercontent.com/kinggoff/NewSteelesImages/main/review-images/TRI-000000769-trimaco-12-inch-masking-paper.png?raw=true,Image Added,,,,,,,,,,,,,,,df097fcaf8c707029cdbc3d6017b43d563ca3fb2105769ca5aa1db3b197aa3bb,78967605e7523350c7dbfdb2255ba7622604155dbb3803a705c4f7224a9310d9
simple,Tritech T93R Ultra-Finish Tip 408,769,TRI-000000770,,"Tritech T93R Ultra-Finish Tip 408 is an airless spray tip that controls fan width and material flow; the exact tip size must be matched to the coating, sprayer and desired finish. Confirm model compatibility and pressure rating, then follow the equipment manual for setup, flushing, maintenance and safe operation.",,Spray Equipment Sales & Service > Tritech,"airless spray tip, sprayer nozzle, paint sprayer accessory, coating application part",TriTech,TRITECH,https://raw.githubusercontent.com/kinggoff/NewSteelesImages/main/review-images/TRI-000000770-tritech-t93r-ultra-finish-tip-408.png?raw=true,Image Added,,,,,,,,,,,,,,,7f4828eccbc0bb3e5550afa782f0ce9ef930206b8d849135f3844b8b4857e0d9,c5a8575d4ff75069bb7c970bb42a9ab5542ac7b06c2c82db7c6474c5c08fea60
simple,Tritech T93R Contractor Tip 415,770,TRI-000000771,,"Tritech T93R Contractor Tip 415 is an airless spray tip that controls fan width and material flow; the exact tip size must be matched to the coating, sprayer and desired finish. Confirm model compatibility and pressure rating, then follow the equipment manual for setup, flushing, maintenance and safe operation.",,Spray Equipment Sales & Service > Tritech,"airless spray tip, sprayer nozzle, paint sprayer accessory, coating application part",TriTech,TRITECH,https://raw.githubusercontent.com/kinggoff/NewSteelesImages/main/review-images/TRI-000000771-tritech-t93r-contractor-tip-415.png?raw=true,Images for Review,,,,,,,,,,,,,,,ec7d6819706210c84985a55a986e2ca4bf05d71de571e5b1e442d47ac2c98fd4,0840423cfdea9bf0b31c081f28c0542fd247861183df079ad5387a97e723ad0e
simple,Tritech T9 Hi Cart Complete 110V,771,TRI-000000772,,"Tritech T9 Hi Cart Complete 110V is a professional paint-spray system for applying compatible architectural or finishing coatings; capacity and setup should be matched to the material and project. Confirm model compatibility and pressure rating, then follow the equipment manual for setup, flushing, maintenance and safe operation.",,Spray Equipment Sales & Service > Tritech,"paint sprayer, airless paint sprayer, coating application equipment, professional spray equipment",TriTech,TRITECH,https://raw.githubusercontent.com/kinggoff/NewSteelesImages/main/review-images/TRI-000000772-tritech-t9-hi-cart-110v.png?raw=true,Image Added,,,,,,,,,,,,,,,ee25f3b0c512b1b5e220503b04a8d397f128eb9990312bece766f679d7e6fb29,b03b2d81fdf6a5642178db72622ec92453d3ec50a011ab8c638a1ca2ff95d45a
simple,Tritech T4 110V Stand Complete,772,TRI-000000773,,"Tritech T4 110V Stand Complete is a professional paint-spray system for applying compatible architectural or finishing coatings; capacity and setup should be matched to the material and project. Confirm model compatibility and pressure rating, then follow the equipment manual for setup, flushing, maintenance and safe operation.",,Spray Equipment Sales & Service > Tritech,"paint sprayer, airless paint sprayer, coating application equipment, professional spray equipment",TriTech,TRITECH,https://raw.githubusercontent.com/kinggoff/NewSteelesImages/main/review-images/TRI-000000773-tritech-t4-110v-stand.png?raw=true,Image Added,,,,,,,,,,,,,,,21e4e7f90f2c5aff29c8bbcde2a8ad01f504e9b50c5f741844d11c8e42d33517,81055fa9404d9220c4abb54ee36828f993c23744312cad39da6c04ae047c5aa2
simple,Satin Finish Cleaner For Stainless Steel,773,VC-000000774,,"Satin Finish Cleaner For Stainless Steel from Value Chem is a surface-preparation or cleanup product for removing the residue named in the product from compatible materials before refinishing. Test first, then follow the label for dilution, dwell time, rinsing, ventilation and protective equipment. Confirm the exact item and package before ordering.",,Painting Tools & Accessories > Cleaners & Removers,"stainless steel cleaner, metal cleaner, polishing cleaner, surface cleaning product",Value Chem,VCI01,https://raw.githubusercontent.com/kinggoff/NewSteelesImages/main/review-images/VC-000000774-satin-finish-cleaner-stainless-steel.png?raw=true,Images for Review,,,,,,,,,,,,,,,2140c94ec817f14f7a46faa619ce6d6f2fd8aff23c33e0fc4cbe621551c20939,84afe7fb38c6e2b3a9957aa600844d34ddccd342de6aed17a6d266c73cd700ea
simple,Grease Buster Concentrate Cleaner,774,VC-000000775,,"Grease Buster Concentrate Cleaner from Value Chem is a surface-preparation or cleanup product for removing the residue named in the product from compatible materials before refinishing. Test first, then follow the label for dilution, dwell time, rinsing, ventilation and protective equipment. Confirm the exact item and package before ordering.",,Painting Tools & Accessories > Cleaners & Removers,"degreaser, heavy-duty cleaner, surface preparation cleaner, concentrated cleaner",Value Chem,VCI01,https://raw.githubusercontent.com/kinggoff/NewSteelesImages/main/review-images/VC-000000775-grease-buster-concentrate-cleaner.png?raw=true,Image Added,,,,,,,,,,,,,,,d5dd708cee1db4cecfc83b9ba2a96265ee43990416ddefcfaae85365e3e17e5a,463ef23f58b9b7a38a06c15b09862e25541aa8464bc41ce6864eb443d9adbdb9
simple,Crete & Clean Concrete Etching And Clean,775,VC-000000776,,"Crete & Clean Concrete Etching And Clean from Value Chem is a surface-preparation or cleanup product for removing the residue named in the product from compatible materials before refinishing. Review the listed format and current manufacturer instructions to confirm compatibility, safe use, cleaning and storage for the intended job.",,Painting Tools & Accessories > Cleaners & Removers,"concrete etcher, masonry cleaner, acidic surface cleaner, surface preparation chemical",Value Chem,VCI01,https://raw.githubusercontent.com/kinggoff/NewSteelesImages/main/review-images/VC-000000776-crete-clean-concrete-etching-clean.png?raw=true,Image Added,,,,,,,,,,,,,,,ad9813aa678ebd98e3b98a310c577f5448e938ccc12e0020899c9ce2bc7dfc20,ab15ec35ed60100fd57cdb1d188597b749d3c1a6488880f0e5efdf6fef23ad7c
simple,Acoustical Tile Restorer,776,VC-000000777,,"Acoustical Tile Restorer from Value Chem is an aerosol coating or treatment for the colour, effect or repair task stated in the product name on a compatible prepared surface. Confirm preparation, compatibility, application, coverage and recoat requirements in the current label or technical data sheet.",,Paints > Aerosols,"acoustical tile coating, ceiling tile restorer, aerosol coating, specialty restoration coating",Value Chem,VCI01,https://raw.githubusercontent.com/kinggoff/NewSteelesImages/main/review-images/VC-000000777-acoustical-tile-restorer.png?raw=true,Images for Review,,,,,,,,,Brodi Renew Acoustical Ceiling Tile Restorer=https://raw.githubusercontent.com/kinggoff/NewSteelesImages/main/PDFs/SDS/value-chem-Brodi-Renew-Acoustical-Ceiling-Tile-Restorer-SDS.pdf?raw=true,,Brodi Renew Acoustical Ceiling Tile Restorer=https://raw.githubusercontent.com/kinggoff/NewSteelesImages/main/PDFs/SDS/value-chem-Brodi-Renew-Acoustical-Ceiling-Tile-Restorer-SDS.pdf?raw=true,,,,ed5c6f0ebc8c406b14f09a5b77602ae74e03a80bd772af0035a66aed360ab77b,df5e7c081496b45ba91ad987892341c961b46d3b09c4dc005c0e49d939e8e3f5
simple,Green Rubber Gloves Sol-Vex Large,777,VS-000000778,,"Green Rubber Gloves Sol-Vex Large from Vic Safety is chemical-resistant work gloves for hand protection during compatible painting, cleaning and surface-preparation tasks. Confirm fit, compatibility and required protection before use, and follow the current safety instructions for the actual workplace hazard.",,Painting Tools & Accessories > Clothing & Safety,"protective gloves, chemical-resistant gloves, hand protection, personal protective equipment",Vic Safety,VIC,https://raw.githubusercontent.com/kinggoff/NewSteelesImages/main/review-images/VS-000000778-green-rubber-gloves-sol-vex-large.png?raw=true,Image Added,,,,,,,,,,,,,,,7b8d996fbc979e454ebf58c117e64d82b29e2809b84e6c9b72ff465346d9b42e,4f6cca975f6f5eb7bfe0f8f8898283c78071c96a5c6d90617f2d43e5883f5258
simple,Foot Slip Covers 5 Pairs,778,VS-000000779,,"Foot Slip Covers 5 Pairs from Vic Safety is jobsite clothing or personal protective wear intended to help keep ordinary paint, dust and surface-preparation debris off the user. Confirm fit, compatibility and required protection before use, and follow the current safety instructions for the actual workplace hazard.",,Painting Tools & Accessories > Clothing & Safety,"shoe covers, disposable footwear cover, protective clothing, jobsite cleanliness product",Vic Safety,VIC,https://raw.githubusercontent.com/kinggoff/NewSteelesImages/main/review-images/VS-000000779-foot-slip-covers-5-pairs.png?raw=true,Images for Review,,,,,,,,,,,,,,,04aa25adb0d45bfaf8de4175b62959d9179bb347df3bf8522e980b3f51aa5168,ccfa2ab9dc39bcfe9404631ecffe6eca71f58974e9752b19ba17fd6d7f1baf78
simple,Blackshield Black Nitrile Medium,779,VS-000000780,,"Blackshield Black Nitrile Medium from Vic Safety is chemical-resistant work gloves for hand protection during compatible painting, cleaning and surface-preparation tasks. Review the listed format and current manufacturer instructions to confirm compatibility, safe use, cleaning and storage for the intended job.",,Painting Tools & Accessories > Clothing & Safety,"nitrile gloves, protective gloves, hand protection, personal protective equipment",Vic Safety,VIC,https://raw.githubusercontent.com/kinggoff/NewSteelesImages/main/review-images/VS-000000780-blackshield-black-nitrile-medium.png?raw=true,Image Added,,,,,,,,,,,,,,,83183a299d5489c8f1109e44635e86c636bf8d160989eb00afa5d56bfc2a594b,0e3c7caaf96741bf24bd15e0c8e040030e0a7d943c8c3f248eda90a63744c309
simple,Black Nitrile 8 Mil Gloves Lg 50Bk,780,VS-000000781,,"Black Nitrile 8 Mil Gloves Lg 50Bk from Vic Safety is chemical-resistant work gloves for hand protection during compatible painting, cleaning and surface-preparation tasks. Confirm fit, compatibility and required protection before use, and follow the current safety instructions for the actual workplace hazard.",,Painting Tools & Accessories > Clothing & Safety,"protective gloves, nitrile gloves, hand protection, personal protective equipment",Vic Safety,VIC,https://raw.githubusercontent.com/kinggoff/NewSteelesImages/main/review-images/VS-000000781-black-nitrile-8-mil-gloves-large-50-box.png?raw=true,Images for Review,,,,,,,,,,,,,,,c952f47f0ac2832c991938e7868ec2e109a8e854d81b724759ab324caabf1ba2,70ab1b68f2b9c1ca1a51817de8c75ea1d5741a1532663b531898de0e1fbeceb9
simple,Renner Exterior UV Water-Based Varnish - Matte,781,REN-000000782,,"Renner Exterior UV Water-Based Varnish - Matte is a clear or translucent finish for building the sheen and protection appropriate to the compatible surface and coating system. Confirm preparation, compatibility, application, coverage and recoat requirements in the current label or technical data sheet.",,Paints > Stains & Varnishes,"exterior varnish, water-based varnish, clear wood finish, uv-resistant finish, clear finish, protective coating, clear coat, wood finish",Renner,WALLS,https://raw.githubusercontent.com/kinggoff/NewSteelesImages/main/review-images/REN-000000782-renner-exterior-uv-water-based-varnish-matte.png?raw=true,Images for Review,,,,,,,,,,Renner Larice exterior varnish 30 sheen - YO30.1061.609AUS=https://raw.githubusercontent.com/kinggoff/NewSteelesImages/main/PDFs/TDS/renner-Renner-Larice-YO30-1061-609AUS-TDS.pdf?raw=true,,,,Renner Larice exterior varnish 30 sheen - YO30.1061.609AUS=https://raw.githubusercontent.com/kinggoff/NewSteelesImages/main/PDFs/TDS/renner-Renner-Larice-YO30-1061-609AUS-TDS.pdf?raw=true,4642148cd0369dd269dc3072f034370e071a92111bdcd7fd2f2ee10cf7d97e2d,cdd74eced3680c478f7c2762b65dc7bfa78612ce71078d908e839430c653f55b
simple,Warner Adjustable Spray Shield,782,WAR-000000783,,"Warner Adjustable Spray Shield is an adjustable shield that helps control overspray along edges, ceilings and adjacent surfaces during spray application. Review the listed format and current manufacturer instructions to confirm compatibility, safe use, cleaning and storage for the intended job. Confirm the exact item and package before ordering.",,Painting Tools & Accessories > Tools,"spray shield, overspray guard, paint spraying accessory, painting tool",Warner,CANPRO,https://raw.githubusercontent.com/kinggoff/NewSteelesImages/main/review-images/WAR-000000783-warner-adjustable-spray-shield.png?raw=true,Image Added,,,,,,,,,,,,,,,da31034a395a55f7ced90b612198bdc9d8ba8bc9184ced14559ea8cf0dc891a6,ce3386c1b06231dd5c90039f98e64085c7ee0d42510f2b3785142b3fb1ea34ff
simple,Watco Danish Oil Dark Walnut,783,WAT-000000784,,"Watco Danish Oil Dark Walnut is a wood-finishing product for colouring, conditioning or protecting the compatible interior or exterior wood surface named in the product. Confirm preparation, compatibility, application, coverage and recoat requirements in the current label or technical data sheet. Confirm the exact item and package before ordering.",,Paints > Stains & Varnishes,"danish oil finish, penetrating oil finish, wood finish, oil-based finish",Watco,FLE01-S,https://raw.githubusercontent.com/kinggoff/NewSteelesImages/main/review-images/WAT-000000784-watco-danish-oil-dark-walnut.png?raw=true,Image Added,,,,,,,,,Watco Danish Oil Dark Walnut - Y65841H=https://raw.githubusercontent.com/kinggoff/NewSteelesImages/main/PDFs/SDS/watco-Watco-Danish-Oil-Dark-Walnut-Y65841H-SDS.pdf?raw=true,Watco Danish Oil - includes Dark Walnut=https://raw.githubusercontent.com/kinggoff/NewSteelesImages/main/PDFs/TDS/watco-Watco-Danish-Oil-Dark-Walnut-TDS.pdf?raw=true,Watco Danish Oil Dark Walnut - Y65841H=https://raw.githubusercontent.com/kinggoff/NewSteelesImages/main/PDFs/SDS/watco-Watco-Danish-Oil-Dark-Walnut-Y65841H-SDS.pdf?raw=true,,Watco Danish Oil - includes Dark Walnut=https://raw.githubusercontent.com/kinggoff/NewSteelesImages/main/PDFs/TDS/watco-Watco-Danish-Oil-Dark-Walnut-TDS.pdf?raw=true,,da84c292e5905e73cccb1f075fa66b54c12475702a5ec1e60ae4bb5378845e0c,1273a38615d2b39d622afff4617cfa4ba79dd1b0020bbf5fa1c6d81aa7e567c4
simple,Workeze Coverall Large,784,WIP-000000785,,"Workeze Coverall Large from Wipeco is jobsite clothing or personal protective wear intended to help keep ordinary paint, dust and surface-preparation debris off the user. Confirm fit, compatibility and required protection before use, and follow the current safety instructions for the actual workplace hazard.",,Painting Tools & Accessories > Clothing & Safety,"painter clothing, workwear, protective clothing, coveralls",Wipeco,WIPECO,https://raw.githubusercontent.com/kinggoff/NewSteelesImages/main/review-images/WIP-000000785-workeze-coverall-large.png?raw=true,Images for Review,,,,,,,,,,,,,,,7c8931220a46ba6801dc0afc3dab07df68c89d9295248a9c4c7ace9ba8a7cf47,6145f599967d005702ae7d860a96c8d317b0ff93db6d9a82d7579c18c2c73638
simple,Wipeco Painters Glove Large,785,WIP-000000786,,"Wipeco Painters Glove Large is jobsite clothing or personal protective wear intended to help keep ordinary paint, dust and surface-preparation debris off the user. Review the listed format and current manufacturer instructions to confirm compatibility, safe use, cleaning and storage for the intended job.",,Painting Tools & Accessories > Paint Prep & Repairs,"painting cloth, surface preparation cloth, lint-free wiping cloth, painting accessory",Wipeco,WIPECO,https://raw.githubusercontent.com/kinggoff/NewSteelesImages/main/review-images/WIP-000000786-wipeco-painters-glove-large.png?raw=true,Images for Review,,,,,,,,,,,,,,,3e5b534e681120ec8509e2191dccc4e7f1f0124029c8a2ae01c5ee4f239654a9,28f1c8a6b360848e3412a4fe9ded245f1e87bc2cde1cbce0bb1759c8f0ee0a08
simple,Stainpro Stain Pad,786,WIP-000000787,,"Stainpro Stain Pad from Wipeco is a pad-style applicator for spreading compatible paint, stain or finish across flat surfaces with direct hand control. Review the listed format and current manufacturer instructions to confirm compatibility, safe use, cleaning and storage for the intended job. Confirm the exact item and package before ordering.",,Painting Tools & Accessories > Paint Prep & Repairs,"paint pad, flat paint applicator, painting tool, coating applicator",Wipeco,WIPECO,https://raw.githubusercontent.com/kinggoff/NewSteelesImages/main/review-images/WIP-000000787-stainpro-stain-pad.png?raw=true,Image Added,,,,,,,,,,,,,,,9f0cd69b08d37c490005579212dc45de8c0a7b7e6f2693423ab8c537f43ba9ed,2043c2042366dcfc7141c9717649d7c2086a7bbfe751536fe67c20e01b5c8ddf
simple,Stainpro Leak-Proof Drop Cloth,787,WIP-000000788,,"Stainpro Leak-Proof Drop Cloth from Wipeco is a temporary surface-protection material for covering floors, furniture or adjacent areas against dust, drips and ordinary painting debris. Lay it over a clean, dry area, secure the edges safely, and confirm that any adhesive or film suits the underlying finish.",,Painting Tools & Accessories > Paint Prep & Repairs,"drop cloth, surface protection, painting cover, painting accessory",Wipeco,WIPECO,https://raw.githubusercontent.com/kinggoff/NewSteelesImages/main/review-images/WIP-000000788-stainpro-leak-proof-drop-cloth.png?raw=true,Image Added,,,,,,,,,,,,,,,1ca33d5e6172104e2ad66c749321e30a57e41d42f41e4858343e8f90f36daf5f,2e025021baf6334022814e77d0ab02dc9ecf9caa365986dced8acc2011a408fb
simple,"Wooster Super/Fab Roller Cover 4 1/2"" x 3/8"" 2PK",788,WBC-000000789,,"Wooster Super/Fab Roller Cover 4 1/2"" x 3/8"" 2PK from Wooster Brush Co. is a paint-roller cover or refill for applying compatible coatings; its stated fabric, width and nap help determine finish texture, loading and surface reach. Choose the listed size for the surface and coating, then clean or dispose of the applicator according to current product guidance.",,Painting Tools & Accessories > Tools,"paint roller cover, paint roller refill, paint applicator, painting tool",Wooster Brush Co.,WOOSTER,https://raw.githubusercontent.com/kinggoff/NewSteelesImages/main/review-images/WBC-000000789-wooster-super-fab-roller-cover-4-5-x-3-8-2pk.png?raw=true,Image Added,,,,,,,,,,,,,,,6766389805ff443d66dbca47ed492c2a3147409dc20619798b70d70a6ecd8b63,2299e367cbc57ba03c70258e28ef271d60dc0e31642a41398990dd739b65b05d
simple,Wooster Super Doo-Z Roller Kit,789,WBC-000000790,,"Wooster Super Doo-Z Roller Kit from Wooster Brush Co. is a paint-roller cover or refill for applying compatible coatings; its stated fabric, width and nap help determine finish texture, loading and surface reach. Choose the listed size for the surface and coating, then clean or dispose of the applicator according to current product guidance.",,Painting Tools & Accessories > Tools,"paint roller kit, paint tray set, paint applicator kit, painting tool",Wooster Brush Co.,WOOSTER,https://raw.githubusercontent.com/kinggoff/NewSteelesImages/main/review-images/57-wbc-000000790-wooster-super-doo-z-roller-kit.png?raw=true,Image Added,,,,,,,,,,,,,,,551747329741c686372ea4c057f9597a52a7c57002236b98fb067c53a241836c,28211305d03ab6462b9a48c8525e9ea72446a4e7ced535cc04a3c861c15e713c
simple,"Wooster Silver Tip 2 1/2"" Angle Brush",790,WBC-000000791,,"Wooster Silver Tip 2 1/2"" Angle Brush from Wooster Brush Co. is a purpose-shaped brush for controlled application of compatible paint, stain or decorative coating; its filament style and profile suit the task named in the product. Choose the listed size for the surface and coating, then clean or dispose of the applicator according to current product guidance.",,Painting Tools & Accessories > Tools,"angled paint brush, sash brush, paint applicator, painting tool, paint brush, bristle brush",Wooster Brush Co.,WOOSTER,https://raw.githubusercontent.com/kinggoff/NewSteelesImages/main/review-images/58-wbc-000000791-wooster-silver-tip-2-1-2-angle-brush.png?raw=true,Image Added,,,,,,,,,,,,,,,98b1dcbf0faaddc5067cdc5bc2d483df8a6bd8ff26040ac7deca545f5242f169,9e55e5122b365068dab48b5eab539b0e1959d84a552ca3c4831097a038b194b5
simple,"Wooster Sherlock Roller Frame 9 1/2""",791,WBC-000000792,,"Wooster Sherlock Roller Frame 9 1/2"" from Wooster Brush Co. is a reusable roller frame or handle for mounting a compatible cover and applying paint to the intended surface area. Choose the listed size for the surface and coating, then clean or dispose of the applicator according to current product guidance.",,Painting Tools & Accessories > Tools,"paint roller frame, roller handle, paint applicator, painting tool",Wooster Brush Co.,MUM01,https://raw.githubusercontent.com/kinggoff/NewSteelesImages/main/review-images/WBC-000000792-wooster-sherlock-roller-frame-9-5.png?raw=true,Image Added,,,,,,,,,,,,,,,546c85b17c520c2b6278478fdf58f3e4e9d407b975059864a224f993c91302d3,3f1a97833ea1d57df714859c9e4cfdc02cf2f9fbfacf9c2708e509b3d63d8ba8
simple,"Wooster Pro/Doo-Z Roller Cover 6 1/2"" x 3/8"" 2PK",792,WBC-000000793,,"Wooster Pro/Doo-Z Roller Cover 6 1/2"" x 3/8"" 2PK from Wooster Brush Co. is a paint-roller cover or refill for applying compatible coatings; its stated fabric, width and nap help determine finish texture, loading and surface reach. Choose the listed size for the surface and coating, then clean or dispose of the applicator according to current product guidance.",,Painting Tools & Accessories > Tools,"paint roller cover, paint roller refill, paint applicator, painting tool",Wooster Brush Co.,WOOSTER,https://raw.githubusercontent.com/kinggoff/NewSteelesImages/main/review-images/WBC-000000793-wooster-pro-doo-z-roller-cover-6-5-x-3-8-2pk.png?raw=true,Image Added,,,,,,,,,,,,,,,e77ec6ada68e87bd2bacb43ba99e39c4aea06650d77831ac5332e045392bf043,6c6d5253be86b0b60dcb4244b51322b203b2c9cde29c35c0dc394686cc390a3e
simple,"Wooster Mohair Blend Roller Cover 14"" x 1/4""",793,WBC-000000794,,"Wooster Mohair Blend Roller Cover 14"" x 1/4"" from Wooster Brush Co. is a paint-roller cover or refill for applying compatible coatings; its stated fabric, width and nap help determine finish texture, loading and surface reach. Choose the listed size for the surface and coating, then clean or dispose of the applicator according to current product guidance.",,Painting Tools & Accessories > Tools,"paint roller cover, paint roller refill, paint applicator, painting tool, mohair roller cover",Wooster Brush Co.,WOOSTER,https://raw.githubusercontent.com/kinggoff/NewSteelesImages/main/review-images/WBC-000000794-wooster-mohair-blend-roller-cover-14-x-1-4.png?raw=true,Images for Review,,,,,,,,,,,,,,,964b86b1d1a2c1e2cc2005e3487a1947356cabc9fdecbb4026d3d411b563a622,cbb67264499cb40ea8a7c4067acb94a85796de8abfeb9cd043d60f4dc220baee
simple,Wooster Jumbo-Koter Big Green Flocked Foam Roller,794,WBC-000000795,,"Wooster Jumbo-Koter Big Green Flocked Foam Roller from Wooster Brush Co. is a paint-roller cover or refill for applying compatible coatings; its stated fabric, width and nap help determine finish texture, loading and surface reach. Choose the listed size for the surface and coating, then clean or dispose of the applicator according to current product guidance.",,Painting Tools & Accessories > Tools,"paint roller cover, paint roller refill, paint applicator, painting tool, foam roller cover",Wooster Brush Co.,WOOSTER,https://raw.githubusercontent.com/kinggoff/NewSteelesImages/main/review-images/WBC-000000795-wooster-jumbo-koter-big-green-flocked-foam-roller.png?raw=true,Image Added,,,,,,,,,,,,,,,2e0148278a036e1307b15d1680afca0a5cbe2d5defe7a0dad7fb6c000cddc9cf,36feb6238401cce9173ba8d7ac3abaee7ed642e127a18cb03d8ff42b2d063039
simple,"Wooster Jumbo-Koter 14"" Roller Frame",795,WBC-000000796,,"Wooster Jumbo-Koter 14"" Roller Frame from Wooster Brush Co. is a paint-roller cover or refill for applying compatible coatings; its stated fabric, width and nap help determine finish texture, loading and surface reach. Choose the listed size for the surface and coating, then clean or dispose of the applicator according to current product guidance.",,Painting Tools & Accessories > Tools,"paint roller frame, roller handle, paint applicator, painting tool",Wooster Brush Co.,MUM01,https://raw.githubusercontent.com/kinggoff/NewSteelesImages/main/review-images/WBC-000000796-wooster-jumbo-koter-14-inch-roller-frame.png?raw=true,Image Added,,,,,,,,,,,,,,,c32c75087e31d631d6ef8a100aa078bcfa1926e57f1aa5a74d8b302ef8377865,0c54de0dccf0cecea6e618fb4ca66ce7ec8256892bbdf92900ec8fd2d6843eb6
simple,"Wooster Jumbo-Koter Microfiber Roller 4 1/2"" x 3/8"" 2PK",796,WBC-000000797,,"Wooster Jumbo-Koter Microfiber Roller 4 1/2"" x 3/8"" 2PK from Wooster Brush Co. is a paint-roller cover or refill for applying compatible coatings; its stated fabric, width and nap help determine finish texture, loading and surface reach. Choose the listed size for the surface and coating, then clean or dispose of the applicator according to current product guidance.",,Painting Tools & Accessories > Tools,"paint roller cover, paint roller refill, paint applicator, painting tool, microfiber roller cover",Wooster Brush Co.,WOOSTER,https://raw.githubusercontent.com/kinggoff/NewSteelesImages/main/review-images/WBC-000000797-wooster-jumbo-koter-microfiber-4-5-x-3-8-2pk.png?raw=true,Image Added,,,,,,,,,,,,,,,adc1b9bc49045023f8171e5d2b93ce186558d6fd6aad9c4e9d4eaf0928eeccfe,622f9d58423332f5a4f67a468dbc601c14804057c5f7a328b783c30d35d87e38
simple,Wooster Dust Eater,797,WBC-000000798,,"Wooster Dust Eater from Wooster Brush Co. is a dusting tool for removing sanding residue and loose particles from walls, trim and other surfaces before coating. Review the listed format and current manufacturer instructions to confirm compatibility, safe use, cleaning and storage for the intended job.",,Painting Tools & Accessories > Paint Prep & Repairs,"dusting tool, surface preparation brush, sanding dust remover, painting preparation tool",Wooster Brush Co.,MUM01,https://raw.githubusercontent.com/kinggoff/NewSteelesImages/main/review-images/59-wbc-000000798-wooster-dust-eater.png?raw=true,Image Added,,,,,,,,,,,,,,,0946bd9968b9944988e38654c3237fbfb72a35a98adf2484f123f02e63aad596,94bf63558409e5b1a4e51681bc1773ba270a004eb6128cfaaec80f670eaca589
simple,Wooster Wide Boy 5-Gallon Bucket,798,WBC-000000799,,"Wooster Wide Boy 5-Gallon Bucket from Wooster Brush Co. is a reusable work container for holding, measuring or mixing compatible paint and finishing materials during preparation and application. Review the listed format and current manufacturer instructions to confirm compatibility, safe use, cleaning and storage for the intended job.",,Painting Tools & Accessories > Tools,"paint pail, paint container, mixing container, painting accessory",Wooster Brush Co.,WOOSTER,https://raw.githubusercontent.com/kinggoff/NewSteelesImages/main/review-images/WBC-000000799-wooster-wide-boy-5-gallon-bucket.png?raw=true,Image Added,,,,,,,,,,,,,,,2c6a47df436d72d56923d374b69c0ad4a47fea548ba302ec46e1045f788ef2bc,588ef8c332a01a2ad351725a4b76c414c2ad4217353ad2d2a66854e6371286de
simple,Wooster Sherlock Extension Pole 4–8 ft,799,WO-000000800,,"Wooster Sherlock Extension Pole 4–8 ft is an extension pole for increasing the reach of compatible rollers, sanding heads or other threaded painting tools. Choose the listed size for the surface and coating, then clean or dispose of the applicator according to current product guidance. Confirm the exact item and package before ordering.",,Painting Tools & Accessories > Tools,"paint roller extension pole, telescoping pole, paint applicator accessory, painting tool",Wooster,WOOSTER,https://raw.githubusercontent.com/kinggoff/NewSteelesImages/main/review-images/WO-000000800-wooster-sherlock-extension-pole-4-8-ft.png?raw=true,Image Added,,,,,,,,,,,,,,,7fa5dd8d2500428d21b005699198ee3eb2d22205ba37a26073dd919b57df247b,8ac3c5e6beabe3c8b017531e28bda4ebf81035e76509c6af4451db7845a3c96c
simple,"Wooster Shortcut 2"" Angle Brush",800,WBC-000000801,,"Wooster Shortcut 2"" Angle Brush from Wooster Brush Co. is a purpose-shaped brush for controlled application of compatible paint, stain or decorative coating; its filament style and profile suit the task named in the product. Choose the listed size for the surface and coating, then clean or dispose of the applicator according to current product guidance.",,Painting Tools & Accessories > Tools,"angled paint brush, sash brush, paint applicator, painting tool, paint brush, bristle brush",Wooster Brush Co.,WOOSTER,https://raw.githubusercontent.com/kinggoff/NewSteelesImages/main/review-images/60-wbc-000000801-wooster-shortcut-2-angle-brush.png?raw=true,Image Added,,,,,,,,,,,,,,,3e595db1175f9a2a6335d3870a53e7300b2f28f58098e05f471aaa0e4eb76879,12efbb43294a548ec7fc7efd6cb2145818400a8996a3717fc13c07ff9544907d
simple,XIM UMA Acrylic Primer,801,XIM-000000802,,"XIM UMA Acrylic Primer is a preparatory coating for the substrate or problem condition named in the product, helping create a more uniform surface for compatible topcoats. Confirm preparation, compatibility, application, coverage and recoat requirements in the current label or technical data sheet. Confirm the exact item and package before ordering.",,Paints > Primers,"primer, primer sealer, surface preparation coating, basecoat",XIM,FLE01-S,https://raw.githubusercontent.com/kinggoff/NewSteelesImages/main/review-images/XIM-000000802-xim-uma-acrylic-primer.png?raw=true,Image Added,,,,,,,,,X-I-M UMA Advanced Technology White 1-Gallon - 11051=https://raw.githubusercontent.com/kinggoff/NewSteelesImages/main/PDFs/SDS/xim-XIM-UMA-Advanced-Technology-White-11051-SDS.pdf?raw=true,X-I-M UMA Advanced Technology Primer Sealer Bonder White - includes 1-Gallon 11051=https://raw.githubusercontent.com/kinggoff/NewSteelesImages/main/PDFs/TDS/xim-XIM-UMA-Advanced-Technology-White-TDS.pdf?raw=true,X-I-M UMA Advanced Technology White 1-Gallon - 11051=https://raw.githubusercontent.com/kinggoff/NewSteelesImages/main/PDFs/SDS/xim-XIM-UMA-Advanced-Technology-White-11051-SDS.pdf?raw=true,,X-I-M UMA Advanced Technology Primer Sealer Bonder White - includes 1-Gallon 11051=https://raw.githubusercontent.com/kinggoff/NewSteelesImages/main/PDFs/TDS/xim-XIM-UMA-Advanced-Technology-White-TDS.pdf?raw=true,,61e2c94543e9c3ff5ff156e48c68253a60ae92b0602b7a0d5ef9fc8e091ecd43,de243623fb6c40a38b2093c3f939d7c8120cd8c6b318264c20fa20a588479942
simple,Restor-A-Finish Walnut,802,HOW-000000803,,"Restor-A-Finish Walnut from Howard is a wood-finishing product for colouring, conditioning or protecting the compatible interior or exterior wood surface named in the product. Confirm preparation, compatibility, application, coverage and recoat requirements in the current label or technical data sheet.",,Paints > Stains & Varnishes,"wood finish restorer, furniture refinisher, colour-restoring finish, wood care product",Howard,YHD01,https://raw.githubusercontent.com/kinggoff/NewSteelesImages/main/review-images/HOW-000000803-howard-restor-a-finish-walnut.png?raw=true,Image Added,,,,,,,,,Howard Restor-A-Finish - includes Walnut=https://raw.githubusercontent.com/kinggoff/NewSteelesImages/main/PDFs/SDS/howard-Howard-Restor-A-Finish-Walnut-SDS.pdf?raw=true,Howard Restor-A-Finish Fact Sheet - includes Walnut=https://raw.githubusercontent.com/kinggoff/NewSteelesImages/main/PDFs/TDS/howard-Howard-Restor-A-Finish-Walnut-Fact-Sheet-TDS.pdf?raw=true,Howard Restor-A-Finish - includes Walnut=https://raw.githubusercontent.com/kinggoff/NewSteelesImages/main/PDFs/SDS/howard-Howard-Restor-A-Finish-Walnut-SDS.pdf?raw=true,,Howard Restor-A-Finish Fact Sheet - includes Walnut=https://raw.githubusercontent.com/kinggoff/NewSteelesImages/main/PDFs/TDS/howard-Howard-Restor-A-Finish-Walnut-Fact-Sheet-TDS.pdf?raw=true,,a183f4624119d0b26cab05c91ae714ddaaa1d5026b9ece598ae5447217b2bec7,a3415ad2e3be6a3c6fe92971ad08fb919ef01807a42b3a8373c065976236b854
simple,Floetrol Gallon - Flood,803,FLO-000000804,,"Floetrol Gallon - Flood from Flood is a latex-paint conditioner used to improve flow and application properties in compatible water-based coatings without functioning as a thinner. Review the listed format and current manufacturer instructions to confirm compatibility, safe use, cleaning and storage for the intended job.",,Painting Tools & Accessories > Paint Prep & Repairs,"paint additive, paint conditioner, latex paint additive, flow and levelling additive",Flood,YHD01,https://raw.githubusercontent.com/kinggoff/NewSteelesImages/main/review-images/FLO-000000804-floetrol-gallon-flood.png?raw=true,Image Added,,,,,,,,,,,,,,,7919a8558a845a04c6ebbd0acb74df5183cc89a57bce45a7cf82de1938b923fc,874b6f0d30ba7513eda8cbd4b4b2889de2a01e521659d2d60ab02220495cb302
simple,Zinsser Odor Killing Primer,804,ZI-000000805,,"Zinsser Odor Killing Primer is a preparatory coating for the substrate or problem condition named in the product, helping create a more uniform surface for compatible topcoats. Confirm preparation, compatibility, application, coverage and recoat requirements in the current label or technical data sheet.",,Paints > Primers,"stain-blocking primer, odour-blocking primer, primer sealer, surface preparation coating, primer, basecoat",Zinsser,FLE01-S,https://raw.githubusercontent.com/kinggoff/NewSteelesImages/main/review-images/ZI-000000805-zinsser-odor-killing-primer.png?raw=true,Image Added,,,,,,,,,Zinsser Odor Killing Primer Clear 1-Gallon - 305928=https://raw.githubusercontent.com/kinggoff/NewSteelesImages/main/PDFs/SDS/zinsser-Zinsser-Odor-Killing-Primer-305928-SDS.pdf?raw=true,Zinsser Odor Killing Primer - includes 1-Gallon 305928=https://raw.githubusercontent.com/kinggoff/NewSteelesImages/main/PDFs/TDS/zinsser-Zinsser-Odor-Killing-Primer-TDS.pdf?raw=true,Zinsser Odor Killing Primer Clear 1-Gallon - 305928=https://raw.githubusercontent.com/kinggoff/NewSteelesImages/main/PDFs/SDS/zinsser-Zinsser-Odor-Killing-Primer-305928-SDS.pdf?raw=true,,Zinsser Odor Killing Primer - includes 1-Gallon 305928=https://raw.githubusercontent.com/kinggoff/NewSteelesImages/main/PDFs/TDS/zinsser-Zinsser-Odor-Killing-Primer-TDS.pdf?raw=true,,561321e755c8f92be6d7f3b17138e1d22bb33aab6199500556a2b94bfa8371f4,c77a0fa164bfefd5a45d24e2189ae9bf48d0be676a48ac09166ec80a073d49c1
simple,Zinsser Covers Up Ceiling Paint & Primer Spray,805,ZI-000000806,,"Zinsser Covers Up Ceiling Paint & Primer Spray is a preparatory coating for the substrate or problem condition named in the product, helping create a more uniform surface for compatible topcoats. Confirm preparation, compatibility, application, coverage and recoat requirements in the current label or technical data sheet.",,Paints > Primers,"ceiling paint, interior paint, flat paint, architectural coating, spray primer, aerosol primer, primer, surface preparation coating",Zinsser,FLE01-S,https://raw.githubusercontent.com/kinggoff/NewSteelesImages/main/review-images/61-zi-000000806-zinsser-covers-up-ceiling-paint-primer-spray.png?raw=true,Image Added,,,,,,,,,Zinsser Covers Up Ceiling Paint & Primer White 454 g Aerosol - Z03696=https://raw.githubusercontent.com/kinggoff/NewSteelesImages/main/PDFs/SDS/zinsser-Zinsser-Covers-Up-Z03696-SDS.pdf?raw=true,Zinsser Covers Up Ceiling Paint & Primer - includes Z03696=https://raw.githubusercontent.com/kinggoff/NewSteelesImages/main/PDFs/TDS/zinsser-Zinsser-Covers-Up-Ceiling-Paint-Primer-TDS.pdf?raw=true,Zinsser Covers Up Ceiling Paint & Primer White 454 g Aerosol - Z03696=https://raw.githubusercontent.com/kinggoff/NewSteelesImages/main/PDFs/SDS/zinsser-Zinsser-Covers-Up-Z03696-SDS.pdf?raw=true,,Zinsser Covers Up Ceiling Paint & Primer - includes Z03696=https://raw.githubusercontent.com/kinggoff/NewSteelesImages/main/PDFs/TDS/zinsser-Zinsser-Covers-Up-Ceiling-Paint-Primer-TDS.pdf?raw=true,,9e4b1fe67261af79923d22a8f24fea0eef86bf063a20f0ddd601632285d996b5,72a36b6b4e586107726c57b776d4ad6df0b1e1a76b7e8f20ff5290dab3f76177
simple,Zinsser Bulls Eye Shellac,806,ZI-000000807,,"Zinsser Bulls Eye Shellac is a coating formulated for the interior, exterior, specialty or industrial use indicated by its product name and category. The final appearance and service performance depend on the substrate, preparation, film build and complete coating system. Confirm preparation, compatibility, application, coverage and recoat requirements in the current label or technical data sheet.",,Paints > Primers,"shellac finish, clear wood finish, natural resin finish, sealing finish",Zinsser,FLE01-S,https://raw.githubusercontent.com/kinggoff/NewSteelesImages/main/review-images/62-zi-000000807-zinsser-bulls-eye-shellac.png?raw=true,Image Added,Finishes,Amber | Clear,1,1,Variants,Pint | Gallon,1,1,Zinsser Bulls Eye Shellac Amber 473 mL - Z00718=https://raw.githubusercontent.com/kinggoff/NewSteelesImages/main/PDFs/SDS/zinsser-Zinsser-Bulls-Eye-Shellac-Amber-Z00718-SDS.pdf?raw=true,Zinsser Bulls Eye Shellac - Amber and Clear brush formats=https://raw.githubusercontent.com/kinggoff/NewSteelesImages/main/PDFs/TDS/zinsser-Zinsser-Bulls-Eye-Shellac-TDS.pdf?raw=true,Zinsser Bulls Eye Shellac Amber 473 mL - Z00718=https://raw.githubusercontent.com/kinggoff/NewSteelesImages/main/PDFs/SDS/zinsser-Zinsser-Bulls-Eye-Shellac-Amber-Z00718-SDS.pdf?raw=true,,Zinsser Bulls Eye Shellac - Amber and Clear brush formats=https://raw.githubusercontent.com/kinggoff/NewSteelesImages/main/PDFs/TDS/zinsser-Zinsser-Bulls-Eye-Shellac-TDS.pdf?raw=true,,ece5a7d858c764344a6155e1097c6075a297aec206df30b0e1ce75659c8a8fe8,47e2fafa0aef3602e83c4bc55a4fbe66402fee57fd5d2a534ba20f0309be6de7
simple,Zinsser WaterTite Hydraulic Cement,807,ZI-000000808,,"Zinsser WaterTite Hydraulic Cement is a repair material for filling, patching, glazing, rebuilding or stabilizing the compatible wood, drywall, window or masonry surface indicated by the product name. Apply to a clean, sound surface and follow the label for mixing, layer depth, drying or cure, sanding and topcoating.",,Painting Tools & Accessories > Paint Prep & Repairs,"hydraulic cement, waterproof repair cement, masonry patch, rapid-setting cement",Zinsser,FLE01-S,https://raw.githubusercontent.com/kinggoff/NewSteelesImages/main/review-images/ZI-000000808-zinsser-watertite-hydraulic-cement.png?raw=true,Image Added,,,,,,,,,,,,,,,f6768254b3ad0bbd60f65defe519f6ca9e73c6d27bf2a76edba7361071441298,dc7c9723739a3cc63a3e224f647bdf446ea363459954f389be898589cf8b500c
simple,Zinsser Shieldz Universal Wallcovering Primer,808,ZI-000000809,,"Zinsser Shieldz Universal Wallcovering Primer is a preparatory coating for the substrate or problem condition named in the product, helping create a more uniform surface for compatible topcoats. Confirm preparation, compatibility, application, coverage and recoat requirements in the current label or technical data sheet.",,Paints > Primers,"wallcovering primer, primer sealer, wall preparation coating, interior primer, primer, surface preparation coating, basecoat",Zinsser,FLE01-S,https://raw.githubusercontent.com/kinggoff/NewSteelesImages/main/review-images/ZI-000000809-zinsser-shieldz-universal-wallcovering-primer.png?raw=true,Image Added,,,,,,,,,Zinsser Shieldz Universal Wallcovering Primer White 1-Gallon - 2501=https://raw.githubusercontent.com/kinggoff/NewSteelesImages/main/PDFs/SDS/zinsser-Zinsser-Shieldz-Universal-Wallcovering-Primer-2501-SDS.pdf?raw=true,Zinsser Shieldz Universal Wallcovering Primer - SHZ-02=https://raw.githubusercontent.com/kinggoff/NewSteelesImages/main/PDFs/TDS/zinsser-Zinsser-Shieldz-Universal-Wallcovering-Primer-TDS.pdf?raw=true,Zinsser Shieldz Universal Wallcovering Primer White 1-Gallon - 2501=https://raw.githubusercontent.com/kinggoff/NewSteelesImages/main/PDFs/SDS/zinsser-Zinsser-Shieldz-Universal-Wallcovering-Primer-2501-SDS.pdf?raw=true,,Zinsser Shieldz Universal Wallcovering Primer - SHZ-02=https://raw.githubusercontent.com/kinggoff/NewSteelesImages/main/PDFs/TDS/zinsser-Zinsser-Shieldz-Universal-Wallcovering-Primer-TDS.pdf?raw=true,,a448c7ee145ad9f44bc65edcd19f76cb41000bbcfb7a1ad7b12a1a299e14ad5c,02d32b35e10a7508aff3a6d961ca1163bb99e7f7fe3f431aa47faec9bdbf98a3
simple,Zinsser Peel Stop Plus High Build Binding Primer,809,ZI-000000810,,"Zinsser Peel Stop Plus High Build Binding Primer is a preparatory coating for the substrate or problem condition named in the product, helping create a more uniform surface for compatible topcoats. Confirm preparation, compatibility, application, coverage and recoat requirements in the current label or technical data sheet.",,Paints > Primers,"binding primer, high-build primer, problem-surface primer, primer sealer, primer, surface preparation coating, basecoat",Zinsser,FLE01-S,https://raw.githubusercontent.com/kinggoff/NewSteelesImages/main/review-images/ZI-000000810-zinsser-peel-stop-plus-high-build-binding-primer.png?raw=true,Image Added,,,,,,,,,Zinsser Peel Stop Plus High Build Binding Primer 946 mL - 266847=https://raw.githubusercontent.com/kinggoff/NewSteelesImages/main/PDFs/SDS/zinsser-Zinsser-Peel-Stop-Plus-266847-SDS.pdf?raw=true,Zinsser Peel Stop Plus High Build Binding Primer - includes 946 mL 266847=https://raw.githubusercontent.com/kinggoff/NewSteelesImages/main/PDFs/TDS/zinsser-Zinsser-Peel-Stop-Plus-High-Build-Binding-Primer-TDS.pdf?raw=true,Zinsser Peel Stop Plus High Build Binding Primer 946 mL - 266847=https://raw.githubusercontent.com/kinggoff/NewSteelesImages/main/PDFs/SDS/zinsser-Zinsser-Peel-Stop-Plus-266847-SDS.pdf?raw=true,,Zinsser Peel Stop Plus High Build Binding Primer - includes 946 mL 266847=https://raw.githubusercontent.com/kinggoff/NewSteelesImages/main/PDFs/TDS/zinsser-Zinsser-Peel-Stop-Plus-High-Build-Binding-Primer-TDS.pdf?raw=true,,d30483a3e3fe03935cbcd25cd33105960d3e51f6b159cc185986614bb6adcc0f,ad6d521d90f23d5c586ee609d0d6ce2d79f24a4689e4bc1a09ee676a7538c79c
simple,Zinsser DIF Wallpaper Stripper Gel,810,ZI-000000811,,"Zinsser DIF Wallpaper Stripper Gel is a surface-preparation or cleanup product for removing the residue named in the product from compatible materials before refinishing. Test first, then follow the label for dilution, dwell time, rinsing, ventilation and protective equipment. Confirm the exact item and package before ordering.",,Painting Tools & Accessories > Cleaners & Removers,"wallpaper remover, wallpaper stripping gel, wallcovering remover, surface preparation chemical",Zinsser,FLE01-S,https://raw.githubusercontent.com/kinggoff/NewSteelesImages/main/review-images/ZI-000000811-zinsser-dif-wallpaper-stripper-gel.png?raw=true,Image Added,,,,,,,,,,,,,,,e69bb2156a9808c25ff5bcefbcad304d215aea89436f6313549b3559715050f5,ea9f7c610ef1af2628e50b7b8a9752c9a105566fdad0171328a8ad7e0558563f
simple,Zipwall Zippole10,811,ZIP-000000812,,"Zipwall Zippole10 is a telescoping, spring-loaded pole for quickly supporting compatible plastic sheeting as a temporary dust barrier up to the height stated in the product name. Choose the listed size for the surface and coating, then clean or dispose of the applicator according to current product guidance.",,Painting Tools & Accessories > Tools,"dust barrier pole, telescoping support pole, plastic sheeting support, renovation containment system",ZipWall,ZIPWALL,https://raw.githubusercontent.com/kinggoff/NewSteelesImages/main/review-images/ZIP-000000812-zipwall-zippole10.png?raw=true,Image Added,,,,,,,,,,,,,,,4a4580098a28c41322b2015a9b8c669ee24d7a7a1742e944c72dd70b8931d5fd,9065ab505bf7c34f6d6b70caaf3178cf9a8b8f5fc697bcd6aa4e6cf344d784e6
simple,Zipwall Heavy Duty Zipper,812,ZIP-000000813,,"Zipwall Heavy Duty Zipper is an adhesive-backed zipper for creating a reusable entry in compatible plastic-sheet dust barriers during renovation, repair and painting work. Review the listed format and current manufacturer instructions to confirm compatibility, safe use, cleaning and storage for the intended job.",,Painting Tools & Accessories > Tools,"dust barrier zipper, adhesive zipper, plastic sheeting access door, renovation containment accessory",ZipWall,ZIPWALL,https://raw.githubusercontent.com/kinggoff/NewSteelesImages/main/review-images/ZIP-000000813-zipwall-heavy-duty-zipper-package-front.png?raw=true,Image Added,,,,,,,,,,,,,,,f6a56ce4fe6de76038fbae87dd6659fb8476515b13abe17fcc52b2a18395ea17,c47874a2d6a31f51b183f35ad6b9586a8e77586646c923eabf096405588efe6e
